,date,datatype,station,attributes,value
0,1990-01-01T00:00:00,PRCP,GHCND:USC00335188,"T,,6,",0
1,1990-01-02T00:00:00,SNOW,GHCND:USC00335188,"T,,6,",0
2,1990-01-02T00:00:00,SNWD,GHCND:USC00335188,"T,,6,",0
3,1990-01-03T00:00:00,PRCP,GHCND:USC00335188,",,6,",64
4,1990-01-04T00:00:00,PRCP,GHCND:USC00335188,"P,,6,",0
5,1990-01-05T00:00:00,PRCP,GHCND:USC00335188,"P,,6,",0
6,1990-01-05T00:00:00,SNWD,GHCND:USC00335188,"T,,6,",0
7,1990-01-06T00:00:00,PRCP,GHCND:USC00335188,"P,,6,",0
8,1990-01-07T00:00:00,PRCP,GHCND:USC00335188,"P,,6,",0
9,1990-01-08T00:00:00,PRCP,GHCND:USC00335188,"P,,6,",0
10,1990-01-09T00:00:00,PRCP,GHCND:USC00335188,",,6,",18
11,1990-01-10T00:00:00,PRCP,GHCND:USC00335188,"P,,6,",0
12,1990-01-11T00:00:00,PRCP,GHCND:USC00335188,"P,,6,",0
13,1990-01-12T00:00:00,PRCP,GHCND:USC00335188,"P,,6,",0
14,1990-01-13T00:00:00,PRCP,GHCND:USC00335188,"P,,6,",0
15,1990-01-14T00:00:00,PRCP,GHCND:USC00335188,"P,,6,",0
16,1990-01-15T00:00:00,PRCP,GHCND:USC00335188,"T,,6,",0
17,1990-01-16T00:00:00,PRCP,GHCND:USC00335188,"T,,6,",0
18,1990-01-17T00:00:00,PRCP,GHCND:USC00335188,",,6,",142
19,1990-01-18T00:00:00,PRCP,GHCND:USC00335188,"P,,6,",0
20,1990-01-19T00:00:00,PRCP,GHCND:USC00335188,",,6,",109
21,1990-01-20T00:00:00,PRCP,GHCND:USC00335188,",,6,",165
22,1990-01-21T00:00:00,PRCP,GHCND:USC00335188,",,6,",8
23,1990-01-22T00:00:00,PRCP,GHCND:USC00335188,"P,,6,",0
24,1990-01-23T00:00:00,PRCP,GHCND:USC00335188,"P,,6,",0
25,1990-01-24T00:00:00,PRCP,GHCND:USC00335188,"P,,6,",0
26,1990-01-25T00:00:00,PRCP,GHCND:USC00335188,"P,,6,",0
27,1990-01-26T00:00:00,PRCP,GHCND:USC00335188,"P,,6,",0
28,1990-01-27T00:00:00,PRCP,GHCND:USC00335188,"P,,6,",0
29,1990-01-28T00:00:00,PRCP,GHCND:USC00335188,",,6,",8
30,1990-01-28T00:00:00,SNOW,GHCND:USC00335188,"T,,6,",0
31,1990-01-28T00:00:00,SNWD,GHCND:USC00335188,"T,,6,",0
32,1990-01-29T00:00:00,PRCP,GHCND:USC00335188,"P,,6,",0
33,1990-01-30T00:00:00,PRCP,GHCND:USC00335188,",,6,",175
34,1990-01-30T00:00:00,SNOW,GHCND:USC00335188,"T,,6,",0
35,1990-01-31T00:00:00,PRCP,GHCND:USC00335188,"P,,6,",0
36,1990-02-01T00:00:00,PRCP,GHCND:USC00335188,",,6,",58
37,1990-02-02T00:00:00,PRCP,GHCND:USC00335188,",,6,",58
38,1990-02-03T00:00:00,PRCP,GHCND:USC00335188,",,6,",94
39,1990-02-04T00:00:00,PRCP,GHCND:USC00335188,",,6,",140
40,1990-02-06T00:00:00,PRCP,GHCND:USC00335188,",,6,",33
41,1990-02-07T00:00:00,PRCP,GHCND:USC00335188,",,6,",25
42,1990-02-09T00:00:00,PRCP,GHCND:USC00335188,",,6,",94
43,1990-02-11T00:00:00,PRCP,GHCND:USC00335188,",,6,",18
44,1990-02-14T00:00:00,PRCP,GHCND:USC00335188,",,6,",13
45,1990-02-15T00:00:00,PRCP,GHCND:USC00335188,",,6,",612
46,1990-02-22T00:00:00,PRCP,GHCND:USC00335188,",,6,",30
47,1990-02-23T00:00:00,PRCP,GHCND:USC00335188,",,6,",23
48,1990-02-24T00:00:00,SNOW,GHCND:USC00335188,",,6,",53
49,1990-02-24T00:00:00,SNWD,GHCND:USC00335188,"T,,6,",0
50,1990-02-27T00:00:00,PRCP,GHCND:USC00335188,",,6,",94
51,1990-03-01T00:00:00,PRCP,GHCND:USC00335188,"P,,6,",0
52,1990-03-02T00:00:00,PRCP,GHCND:USC00335188,"P,,6,",0
53,1990-03-03T00:00:00,PRCP,GHCND:USC00335188,"P,,6,",0
54,1990-03-04T00:00:00,PRCP,GHCND:USC00335188,"P,,6,",0
55,1990-03-05T00:00:00,PRCP,GHCND:USC00335188,"P,,6,",0
56,1990-03-06T00:00:00,PRCP,GHCND:USC00335188,"P,,6,",0
57,1990-03-07T00:00:00,PRCP,GHCND:USC00335188,"P,,6,",0
58,1990-03-08T00:00:00,PRCP,GHCND:USC00335188,",,6,",41
59,1990-03-09T00:00:00,PRCP,GHCND:USC00335188,",,6,",8
60,1990-03-10T00:00:00,PRCP,GHCND:USC00335188,",,6,",249
61,1990-03-11T00:00:00,PRCP,GHCND:USC00335188,"P,,6,",0
62,1990-03-12T00:00:00,PRCP,GHCND:USC00335188,"P,,6,",0
63,1990-03-13T00:00:00,PRCP,GHCND:USC00335188,"P,,6,",0
64,1990-03-14T00:00:00,PRCP,GHCND:USC00335188,"P,,6,",0
65,1990-03-15T00:00:00,PRCP,GHCND:USC00335188,",,6,",130
66,1990-03-16T00:00:00,PRCP,GHCND:USC00335188,",,6,",97
67,1990-03-17T00:00:00,PRCP,GHCND:USC00335188,",,6,",5
68,1990-03-18T00:00:00,PRCP,GHCND:USC00335188,"P,,6,",0
69,1990-03-19T00:00:00,PRCP,GHCND:USC00335188,"P,,6,",0
70,1990-03-20T00:00:00,PRCP,GHCND:USC00335188,",,6,",20
71,1990-03-21T00:00:00,PRCP,GHCND:USC00335188,"P,,6,",0
72,1990-03-22T00:00:00,PRCP,GHCND:USC00335188,",,6,",5
73,1990-03-23T00:00:00,PRCP,GHCND:USC00335188,",,6,",53
74,1990-03-23T00:00:00,SNWD,GHCND:USC00335188,",,6,",102
75,1990-03-24T00:00:00,PRCP,GHCND:USC00335188,"P,,6,",0
76,1990-03-25T00:00:00,PRCP,GHCND:USC00335188,"P,,6,",0
77,1990-03-26T00:00:00,PRCP,GHCND:USC00335188,"P,,6,",0
78,1990-03-27T00:00:00,PRCP,GHCND:USC00335188,"P,,6,",0
79,1990-03-28T00:00:00,PRCP,GHCND:USC00335188,"P,,6,",0
80,1990-03-29T00:00:00,PRCP,GHCND:USC00335188,",,6,",36
81,1990-03-30T00:00:00,PRCP,GHCND:USC00335188,",,6,",81
82,1990-03-31T00:00:00,PRCP,GHCND:USC00335188,",,6,",18
83,1990-04-01T00:00:00,PRCP,GHCND:USC00335188,",,6,",74
84,1990-04-02T00:00:00,PRCP,GHCND:USC00335188,",,6,",10
85,1990-04-04T00:00:00,PRCP,GHCND:USC00335188,",,6,",10
86,1990-04-10T00:00:00,PRCP,GHCND:USC00335188,",,6,",422
87,1990-04-11T00:00:00,PRCP,GHCND:USC00335188,",,6,",10
88,1990-04-14T00:00:00,PRCP,GHCND:USC00335188,",,6,",20
89,1990-04-17T00:00:00,PRCP,GHCND:USC00335188,",,6,",23
90,1990-04-19T00:00:00,PRCP,GHCND:USC00335188,"T,,6,",0
91,1990-04-20T00:00:00,PRCP,GHCND:USC00335188,",,6,",30
92,1990-04-21T00:00:00,PRCP,GHCND:USC00335188,",,6,",127
93,1990-04-28T00:00:00,PRCP,GHCND:USC00335188,",,6,",130
94,1990-05-01T00:00:00,PRCP,GHCND:USC00335188,",,6,",147
95,1990-05-02T00:00:00,PRCP,GHCND:USC00335188,"P,,6,",0
96,1990-05-03T00:00:00,PRCP,GHCND:USC00335188,",,6,",94
97,1990-05-04T00:00:00,PRCP,GHCND:USC00335188,",,6,",378
98,1990-05-05T00:00:00,PRCP,GHCND:USC00335188,",,6,",30
99,1990-05-06T00:00:00,PRCP,GHCND:USC00335188,",,6,",58
100,1990-05-07T00:00:00,PRCP,GHCND:USC00335188,"P,,6,",0
101,1990-05-08T00:00:00,PRCP,GHCND:USC00335188,"P,,6,",0
102,1990-05-09T00:00:00,PRCP,GHCND:USC00335188,"P,,6,",0
103,1990-05-10T00:00:00,PRCP,GHCND:USC00335188,",,6,",33
104,1990-05-11T00:00:00,PRCP,GHCND:USC00335188,"P,,6,",0
105,1990-05-12T00:00:00,PRCP,GHCND:USC00335188,",,6,",185
106,1990-05-13T00:00:00,PRCP,GHCND:USC00335188,",,6,",295
107,1990-05-14T00:00:00,PRCP,GHCND:USC00335188,"P,,6,",0
108,1990-05-15T00:00:00,PRCP,GHCND:USC00335188,",,6,",396
109,1990-05-16T00:00:00,PRCP,GHCND:USC00335188,",,6,",460
110,1990-05-17T00:00:00,PRCP,GHCND:USC00335188,",,6,",84
111,1990-05-18T00:00:00,PRCP,GHCND:USC00335188,"P,,6,",0
112,1990-05-19T00:00:00,PRCP,GHCND:USC00335188,"P,,6,",0
113,1990-05-20T00:00:00,PRCP,GHCND:USC00335188,",,6,",38
114,1990-05-21T00:00:00,PRCP,GHCND:USC00335188,",,6,",81
115,1990-05-22T00:00:00,PRCP,GHCND:USC00335188,",,6,",10
116,1990-05-23T00:00:00,PRCP,GHCND:USC00335188,"P,,6,",0
117,1990-05-24T00:00:00,PRCP,GHCND:USC00335188,"P,,6,",0
118,1990-05-25T00:00:00,PRCP,GHCND:USC00335188,",,6,",66
119,1990-05-26T00:00:00,PRCP,GHCND:USC00335188,",,6,",46
120,1990-05-27T00:00:00,PRCP,GHCND:USC00335188,"P,,6,",0
121,1990-05-28T00:00:00,PRCP,GHCND:USC00335188,",,6,",239
122,1990-05-29T00:00:00,PRCP,GHCND:USC00335188,",,6,",30
123,1990-05-30T00:00:00,PRCP,GHCND:USC00335188,"P,,6,",0
124,1990-05-31T00:00:00,PRCP,GHCND:USC00335188,"P,,6,",0
125,1990-06-01T00:00:00,PRCP,GHCND:USC00335188,"P,,6,",0
126,1990-06-02T00:00:00,PRCP,GHCND:USC00335188,",,6,",30
127,1990-06-03T00:00:00,PRCP,GHCND:USC00335188,",,6,",46
128,1990-06-04T00:00:00,PRCP,GHCND:USC00335188,"P,,6,",0
129,1990-06-05T00:00:00,PRCP,GHCND:USC00335188,"P,,6,",0
130,1990-06-06T00:00:00,PRCP,GHCND:USC00335188,",,6,",249
131,1990-06-07T00:00:00,PRCP,GHCND:USC00335188,",,6,",91
132,1990-06-08T00:00:00,PRCP,GHCND:USC00335188,"P,,6,",0
133,1990-06-09T00:00:00,PRCP,GHCND:USC00335188,"P,,6,",0
134,1990-06-10T00:00:00,PRCP,GHCND:USC00335188,"P,,6,",0
135,1990-06-11T00:00:00,PRCP,GHCND:USC00335188,"P,,6,",0
136,1990-06-12T00:00:00,PRCP,GHCND:USC00335188,"P,,6,",0
137,1990-06-13T00:00:00,PRCP,GHCND:USC00335188,"P,,6,",0
138,1990-06-14T00:00:00,PRCP,GHCND:USC00335188,",,6,",130
139,1990-06-15T00:00:00,PRCP,GHCND:USC00335188,"P,,6,",0
140,1990-06-16T00:00:00,PRCP,GHCND:USC00335188,"P,,6,",0
141,1990-06-17T00:00:00,PRCP,GHCND:USC00335188,"P,,6,",0
142,1990-06-18T00:00:00,PRCP,GHCND:USC00335188,"P,,6,",0
143,1990-06-19T00:00:00,PRCP,GHCND:USC00335188,"P,,6,",0
144,1990-06-20T00:00:00,PRCP,GHCND:USC00335188,",,6,",178
145,1990-06-21T00:00:00,PRCP,GHCND:USC00335188,"P,,6,",0
146,1990-06-22T00:00:00,PRCP,GHCND:USC00335188,",,6,",155
147,1990-06-23T00:00:00,PRCP,GHCND:USC00335188,",,6,",89
148,1990-06-24T00:00:00,PRCP,GHCND:USC00335188,"P,,6,",0
149,1990-06-25T00:00:00,PRCP,GHCND:USC00335188,"P,,6,",0
150,1990-06-26T00:00:00,PRCP,GHCND:USC00335188,"P,,6,",0
151,1990-06-27T00:00:00,PRCP,GHCND:USC00335188,"P,,6,",0
152,1990-06-28T00:00:00,PRCP,GHCND:USC00335188,"P,,6,",0
153,1990-06-29T00:00:00,PRCP,GHCND:USC00335188,"P,,6,",0
154,1990-06-30T00:00:00,PRCP,GHCND:USC00335188,",,6,",36
155,1990-07-01T00:00:00,PRCP,GHCND:USC00335188,"P,,6,",0
156,1990-07-02T00:00:00,PRCP,GHCND:USC00335188,"P,,6,",0
157,1990-07-03T00:00:00,PRCP,GHCND:USC00335188,"P,,6,",0
158,1990-07-04T00:00:00,PRCP,GHCND:USC00335188,"P,,6,",0
159,1990-07-05T00:00:00,PRCP,GHCND:USC00335188,",,6,",10
160,1990-07-06T00:00:00,PRCP,GHCND:USC00335188,"P,,6,",0
161,1990-07-07T00:00:00,PRCP,GHCND:USC00335188,"P,,6,",0
162,1990-07-08T00:00:00,PRCP,GHCND:USC00335188,"P,,6,",0
163,1990-07-09T00:00:00,PRCP,GHCND:USC00335188,"P,,6,",0
164,1990-07-10T00:00:00,PRCP,GHCND:USC00335188,"P,,6,",0
165,1990-07-11T00:00:00,PRCP,GHCND:USC00335188,",,6,",772
166,1990-07-12T00:00:00,PRCP,GHCND:USC00335188,",,6,",18
167,1990-07-13T00:00:00,PRCP,GHCND:USC00335188,",,6,",119
168,1990-07-14T00:00:00,PRCP,GHCND:USC00335188,",,6,",216
169,1990-07-15T00:00:00,PRCP,GHCND:USC00335188,",,6,",5
170,1990-07-16T00:00:00,PRCP,GHCND:USC00335188,"P,,6,",0
171,1990-07-17T00:00:00,PRCP,GHCND:USC00335188,"P,,6,",0
172,1990-07-18T00:00:00,PRCP,GHCND:USC00335188,"P,,6,",0
173,1990-07-19T00:00:00,PRCP,GHCND:USC00335188,"P,,6,",0
174,1990-07-20T00:00:00,PRCP,GHCND:USC00335188,",,6,",137
175,1990-07-21T00:00:00,PRCP,GHCND:USC00335188,",,6,",79
176,1990-07-22T00:00:00,PRCP,GHCND:USC00335188,",,6,",163
177,1990-07-23T00:00:00,PRCP,GHCND:USC00335188,",,6,",15
178,1990-07-24T00:00:00,PRCP,GHCND:USC00335188,"P,,6,",0
179,1990-07-25T00:00:00,PRCP,GHCND:USC00335188,"P,,6,",0
180,1990-07-26T00:00:00,PRCP,GHCND:USC00335188,"P,,6,",0
181,1990-07-27T00:00:00,PRCP,GHCND:USC00335188,"P,,6,",0
182,1990-07-28T00:00:00,PRCP,GHCND:USC00335188,"P,,6,",0
183,1990-07-29T00:00:00,PRCP,GHCND:USC00335188,"P,,6,",0
184,1990-07-30T00:00:00,PRCP,GHCND:USC00335188,",,6,",20
185,1990-07-31T00:00:00,PRCP,GHCND:USC00335188,"P,,6,",0
186,1990-08-01T00:00:00,PRCP,GHCND:USC00335188,"P,,6,",0
187,1990-08-02T00:00:00,PRCP,GHCND:USC00335188,"P,,6,",0
188,1990-08-03T00:00:00,PRCP,GHCND:USC00335188,"P,,6,",0
189,1990-08-04T00:00:00,PRCP,GHCND:USC00335188,",,6,",178
190,1990-08-05T00:00:00,PRCP,GHCND:USC00335188,",,6,",10
191,1990-08-06T00:00:00,PRCP,GHCND:USC00335188,"P,,6,",0
192,1990-08-07T00:00:00,PRCP,GHCND:USC00335188,"P,,6,",0
193,1990-08-08T00:00:00,PRCP,GHCND:USC00335188,"P,,6,",0
194,1990-08-09T00:00:00,PRCP,GHCND:USC00335188,"P,,6,",0
195,1990-08-10T00:00:00,PRCP,GHCND:USC00335188,"P,,6,",0
196,1990-08-11T00:00:00,PRCP,GHCND:USC00335188,"P,,6,",0
197,1990-08-12T00:00:00,PRCP,GHCND:USC00335188,"P,,6,",0
198,1990-08-13T00:00:00,PRCP,GHCND:USC00335188,",,6,",86
199,1990-08-14T00:00:00,PRCP,GHCND:USC00335188,"P,,6,",0
200,1990-08-15T00:00:00,PRCP,GHCND:USC00335188,"P,,6,",0
201,1990-08-16T00:00:00,PRCP,GHCND:USC00335188,"P,,6,",0
202,1990-08-17T00:00:00,PRCP,GHCND:USC00335188,"P,,6,",0
203,1990-08-18T00:00:00,PRCP,GHCND:USC00335188,",,6,",64
204,1990-08-19T00:00:00,PRCP,GHCND:USC00335188,"P,,6,",0
205,1990-08-20T00:00:00,PRCP,GHCND:USC00335188,",,6,",241
206,1990-08-21T00:00:00,PRCP,GHCND:USC00335188,",,6,",150
207,1990-08-22T00:00:00,PRCP,GHCND:USC00335188,"P,,6,",0
208,1990-08-23T00:00:00,PRCP,GHCND:USC00335188,"P,,6,",0
209,1990-08-24T00:00:00,PRCP,GHCND:USC00335188,"P,,6,",0
210,1990-08-25T00:00:00,PRCP,GHCND:USC00335188,"P,,6,",0
211,1990-08-26T00:00:00,PRCP,GHCND:USC00335188,"P,,6,",0
212,1990-08-27T00:00:00,PRCP,GHCND:USC00335188,"P,,6,",0
213,1990-08-28T00:00:00,PRCP,GHCND:USC00335188,",,6,",203
214,1990-08-29T00:00:00,PRCP,GHCND:USC00335188,",,6,",498
215,1990-08-30T00:00:00,PRCP,GHCND:USC00335188,"P,,6,",0
216,1990-08-31T00:00:00,PRCP,GHCND:USC00335188,"P,,6,",0
217,1990-09-01T00:00:00,PRCP,GHCND:USC00335188,"P,,6,",0
218,1990-09-02T00:00:00,PRCP,GHCND:USC00335188,"P,,6,",0
219,1990-09-03T00:00:00,PRCP,GHCND:USC00335188,"P,,6,",0
220,1990-09-04T00:00:00,PRCP,GHCND:USC00335188,"P,,6,",0
221,1990-09-05T00:00:00,PRCP,GHCND:USC00335188,"P,,6,",0
222,1990-09-06T00:00:00,PRCP,GHCND:USC00335188,"P,,6,",0
223,1990-09-07T00:00:00,PRCP,GHCND:USC00335188,"T,,6,",0
224,1990-09-08T00:00:00,PRCP,GHCND:USC00335188,",,6,",127
225,1990-09-09T00:00:00,PRCP,GHCND:USC00335188,"P,,6,",0
226,1990-09-10T00:00:00,PRCP,GHCND:USC00335188,"P,,6,",0
227,1990-09-11T00:00:00,PRCP,GHCND:USC00335188,"P,,6,",0
228,1990-09-12T00:00:00,PRCP,GHCND:USC00335188,",,6,",302
229,1990-09-12T00:00:00,WT03,GHCND:USC00335188,",,6,",1
230,1990-09-13T00:00:00,PRCP,GHCND:USC00335188,"P,,6,",0
231,1990-09-14T00:00:00,PRCP,GHCND:USC00335188,"P,,6,",0
232,1990-09-15T00:00:00,PRCP,GHCND:USC00335188,",,6,",109
233,1990-09-16T00:00:00,PRCP,GHCND:USC00335188,"P,,6,",0
234,1990-09-17T00:00:00,PRCP,GHCND:USC00335188,"P,,6,",0
235,1990-09-18T00:00:00,PRCP,GHCND:USC00335188,",,6,",13
236,1990-09-19T00:00:00,PRCP,GHCND:USC00335188,",,6,",457
237,1990-09-20T00:00:00,PRCP,GHCND:USC00335188,"P,,6,",0
238,1990-09-21T00:00:00,PRCP,GHCND:USC00335188,",,6,",58
239,1990-09-22T00:00:00,PRCP,GHCND:USC00335188,"P,,6,",0
240,1990-09-23T00:00:00,PRCP,GHCND:USC00335188,"P,,6,",0
241,1990-09-24T00:00:00,PRCP,GHCND:USC00335188,"P,,6,",0
242,1990-09-25T00:00:00,PRCP,GHCND:USC00335188,"P,,6,",0
243,1990-09-26T00:00:00,PRCP,GHCND:USC00335188,"P,,6,",0
244,1990-09-27T00:00:00,PRCP,GHCND:USC00335188,"P,,6,",0
245,1990-09-28T00:00:00,PRCP,GHCND:USC00335188,"P,,6,",0
246,1990-09-29T00:00:00,PRCP,GHCND:USC00335188,",,6,",282
247,1990-09-29T00:00:00,WT05,GHCND:USC00335188,",,6,",1
248,1990-09-30T00:00:00,PRCP,GHCND:USC00335188,"P,,6,",0
249,1990-10-01T00:00:00,PRCP,GHCND:USC00335188,"P,,6,",0
250,1990-10-02T00:00:00,PRCP,GHCND:USC00335188,"P,,6,",0
251,1990-10-03T00:00:00,PRCP,GHCND:USC00335188,"P,,6,",0
252,1990-10-04T00:00:00,PRCP,GHCND:USC00335188,",,6,",427
253,1990-10-05T00:00:00,PRCP,GHCND:USC00335188,",,6,",5
254,1990-10-06T00:00:00,PRCP,GHCND:USC00335188,"P,,6,",0
255,1990-10-07T00:00:00,PRCP,GHCND:USC00335188,"T,,6,",0
256,1990-10-08T00:00:00,PRCP,GHCND:USC00335188,"T,,6,",0
257,1990-10-09T00:00:00,PRCP,GHCND:USC00335188,",,6,",516
258,1990-10-10T00:00:00,PRCP,GHCND:USC00335188,",,6,",41
259,1990-10-11T00:00:00,PRCP,GHCND:USC00335188,"P,,6,",0
260,1990-10-12T00:00:00,PRCP,GHCND:USC00335188,"P,,6,",0
261,1990-10-13T00:00:00,PRCP,GHCND:USC00335188,"P,,6,",0
262,1990-10-14T00:00:00,PRCP,GHCND:USC00335188,"P,,6,",0
263,1990-10-15T00:00:00,PRCP,GHCND:USC00335188,"P,,6,",0
264,1990-10-16T00:00:00,PRCP,GHCND:USC00335188,"P,,6,",0
265,1990-10-17T00:00:00,PRCP,GHCND:USC00335188,"P,,6,",0
266,1990-10-18T00:00:00,PRCP,GHCND:USC00335188,",,6,",579
267,1990-10-19T00:00:00,PRCP,GHCND:USC00335188,"P,,6,",0
268,1990-10-20T00:00:00,PRCP,GHCND:USC00335188,"P,,6,",0
269,1990-10-21T00:00:00,PRCP,GHCND:USC00335188,",,6,",8
270,1990-10-22T00:00:00,PRCP,GHCND:USC00335188,",,6,",157
271,1990-10-23T00:00:00,PRCP,GHCND:USC00335188,"P,,6,",0
272,1990-10-24T00:00:00,PRCP,GHCND:USC00335188,",,6,",10
273,1990-10-25T00:00:00,PRCP,GHCND:USC00335188,",,6,",8
274,1990-10-26T00:00:00,PRCP,GHCND:USC00335188,"P,,6,",0
275,1990-10-27T00:00:00,PRCP,GHCND:USC00335188,"P,,6,",0
276,1990-10-28T00:00:00,PRCP,GHCND:USC00335188,"P,,6,",0
277,1990-10-29T00:00:00,PRCP,GHCND:USC00335188,"P,,6,",0
278,1990-10-30T00:00:00,PRCP,GHCND:USC00335188,"P,,6,",0
279,1990-10-31T00:00:00,PRCP,GHCND:USC00335188,"P,,6,",0
280,1990-11-01T00:00:00,PRCP,GHCND:USC00335188,"P,,6,",0
281,1990-11-02T00:00:00,PRCP,GHCND:USC00335188,"P,,6,",0
282,1990-11-03T00:00:00,PRCP,GHCND:USC00335188,"P,,6,",0
283,1990-11-04T00:00:00,PRCP,GHCND:USC00335188,"P,,6,",0
284,1990-11-05T00:00:00,PRCP,GHCND:USC00335188,",,6,",86
285,1990-11-06T00:00:00,PRCP,GHCND:USC00335188,"P,,6,",0
286,1990-11-07T00:00:00,PRCP,GHCND:USC00335188,"P,,6,",0
287,1990-11-08T00:00:00,PRCP,GHCND:USC00335188,"P,,6,",0
288,1990-11-09T00:00:00,PRCP,GHCND:USC00335188,",,6,",180
289,1990-11-10T00:00:00,PRCP,GHCND:USC00335188,"P,,6,",0
290,1990-11-11T00:00:00,PRCP,GHCND:USC00335188,"P,,6,",0
291,1990-11-12T00:00:00,PRCP,GHCND:USC00335188,"P,,6,",0
292,1990-11-13T00:00:00,PRCP,GHCND:USC00335188,"P,,6,",0
293,1990-11-14T00:00:00,PRCP,GHCND:USC00335188,"P,,6,",0
294,1990-11-15T00:00:00,PRCP,GHCND:USC00335188,"P,,6,",0
295,1990-11-16T00:00:00,PRCP,GHCND:USC00335188,",,6,",36
296,1990-11-17T00:00:00,PRCP,GHCND:USC00335188,"P,,6,",0
297,1990-11-18T00:00:00,PRCP,GHCND:USC00335188,"P,,6,",0
298,1990-11-19T00:00:00,PRCP,GHCND:USC00335188,"P,,6,",0
299,1990-11-20T00:00:00,PRCP,GHCND:USC00335188,"P,,6,",0
300,1990-11-21T00:00:00,PRCP,GHCND:USC00335188,"P,,6,",0
301,1990-11-22T00:00:00,PRCP,GHCND:USC00335188,",,6,",178
302,1990-11-23T00:00:00,PRCP,GHCND:USC00335188,",,6,",8
303,1990-11-24T00:00:00,PRCP,GHCND:USC00335188,"P,,6,",0
304,1990-11-25T00:00:00,PRCP,GHCND:USC00335188,"P,,6,",0
305,1990-11-26T00:00:00,PRCP,GHCND:USC00335188,",,6,",81
306,1990-11-27T00:00:00,PRCP,GHCND:USC00335188,"P,,6,",0
307,1990-11-28T00:00:00,PRCP,GHCND:USC00335188,"P,,6,",0
308,1990-11-29T00:00:00,PRCP,GHCND:USC00335188,"P,,6,",0
309,1990-11-30T00:00:00,PRCP,GHCND:USC00335188,"P,,6,",0
310,1990-12-02T00:00:00,PRCP,GHCND:USC00335188,",,6,",112
311,1990-12-03T00:00:00,PRCP,GHCND:USC00335188,",,6,",218
312,1990-12-04T00:00:00,PRCP,GHCND:USC00335188,",,6,",8
313,1990-12-12T00:00:00,PRCP,GHCND:USC00335188,"T,,6,",0
314,1990-12-14T00:00:00,PRCP,GHCND:USC00335188,",,6,",8
315,1990-12-15T00:00:00,PRCP,GHCND:USC00335188,",,6,",259
316,1990-12-17T00:00:00,PRCP,GHCND:USC00335188,",,6,",191
317,1990-12-18T00:00:00,PRCP,GHCND:USC00335188,",,6,",465
318,1990-12-19T00:00:00,PRCP,GHCND:USC00335188,",,6,",8
319,1990-12-21T00:00:00,PRCP,GHCND:USC00335188,",,6,",185
320,1990-12-22T00:00:00,PRCP,GHCND:USC00335188,",,6,",48
321,1990-12-23T00:00:00,PRCP,GHCND:USC00335188,",,6,",140
322,1990-12-27T00:00:00,PRCP,GHCND:USC00335188,",,6,",277
323,1990-12-27T00:00:00,SNOW,GHCND:USC00335188,",,6,",165
324,1990-12-27T00:00:00,SNWD,GHCND:USC00335188,"T,,6,",0
325,1990-12-28T00:00:00,PRCP,GHCND:USC00335188,",,6,",20
326,1990-12-30T00:00:00,PRCP,GHCND:USC00335188,",,6,",409
327,1991-01-01T00:00:00,PRCP,GHCND:USC00335188,"P,,6,",0
328,1991-01-02T00:00:00,PRCP,GHCND:USC00335188,"P,,6,",0
329,1991-01-03T00:00:00,PRCP,GHCND:USC00335188,"P,,6,",0
330,1991-01-04T00:00:00,PRCP,GHCND:USC00335188,"P,,6,",0
331,1991-01-05T00:00:00,PRCP,GHCND:USC00335188,",,6,",36
332,1991-01-06T00:00:00,PRCP,GHCND:USC00335188,",,6,",127
333,1991-01-07T00:00:00,PRCP,GHCND:USC00335188,"P,,6,",0
334,1991-01-08T00:00:00,PRCP,GHCND:USC00335188,"P,,6,",0
335,1991-01-09T00:00:00,PRCP,GHCND:USC00335188,"P,,6,",0
336,1991-01-10T00:00:00,PRCP,GHCND:USC00335188,",,6,",74
337,1991-01-11T00:00:00,PRCP,GHCND:USC00335188,",,6,",97
338,1991-01-12T00:00:00,PRCP,GHCND:USC00335188,",,6,",10
339,1991-01-13T00:00:00,PRCP,GHCND:USC00335188,",,6,",20
340,1991-01-14T00:00:00,PRCP,GHCND:USC00335188,"P,,6,",0
341,1991-01-15T00:00:00,PRCP,GHCND:USC00335188,",,6,",41
342,1991-01-16T00:00:00,PRCP,GHCND:USC00335188,",,6,",13
343,1991-01-17T00:00:00,PRCP,GHCND:USC00335188,"P,,6,",0
344,1991-01-18T00:00:00,PRCP,GHCND:USC00335188,"P,,6,",0
345,1991-01-19T00:00:00,PRCP,GHCND:USC00335188,"P,,6,",0
346,1991-01-20T00:00:00,PRCP,GHCND:USC00335188,",,6,",20
347,1991-01-21T00:00:00,PRCP,GHCND:USC00335188,"P,,6,",0
348,1991-01-22T00:00:00,PRCP,GHCND:USC00335188,"P,,6,",0
349,1991-01-23T00:00:00,PRCP,GHCND:USC00335188,"P,,6,",0
350,1991-01-24T00:00:00,PRCP,GHCND:USC00335188,"P,,6,",0
351,1991-01-25T00:00:00,PRCP,GHCND:USC00335188,"P,,6,",0
352,1991-01-26T00:00:00,PRCP,GHCND:USC00335188,",,6,",56
353,1991-01-26T00:00:00,SNWD,GHCND:USC00335188,",,6,",25
354,1991-01-27T00:00:00,PRCP,GHCND:USC00335188,",,6,",61
355,1991-01-28T00:00:00,PRCP,GHCND:USC00335188,"T,,6,",0
356,1991-01-29T00:00:00,PRCP,GHCND:USC00335188,",,6,",33
357,1991-01-30T00:00:00,PRCP,GHCND:USC00335188,",,6,",81
358,1991-01-31T00:00:00,PRCP,GHCND:USC00335188,"P,,6,",0
359,1991-02-01T00:00:00,PRCP,GHCND:USC00335188,"P,,6,",0
360,1991-02-02T00:00:00,PRCP,GHCND:USC00335188,"P,,6,",0
361,1991-02-03T00:00:00,PRCP,GHCND:USC00335188,"P,,6,",0
362,1991-02-04T00:00:00,PRCP,GHCND:USC00335188,"P,,6,",0
363,1991-02-05T00:00:00,PRCP,GHCND:USC00335188,",,6,",102
364,1991-02-06T00:00:00,PRCP,GHCND:USC00335188,",,6,",312
365,1991-02-07T00:00:00,PRCP,GHCND:USC00335188,",,6,",20
366,1991-02-08T00:00:00,PRCP,GHCND:USC00335188,"P,,6,",0
367,1991-02-09T00:00:00,PRCP,GHCND:USC00335188,"P,,6,",0
368,1991-02-10T00:00:00,PRCP,GHCND:USC00335188,"P,,6,",0
369,1991-02-11T00:00:00,PRCP,GHCND:USC00335188,"P,,6,",0
370,1991-02-12T00:00:00,PRCP,GHCND:USC00335188,"P,,6,",0
371,1991-02-13T00:00:00,PRCP,GHCND:USC00335188,",,6,",127
372,1991-02-14T00:00:00,PRCP,GHCND:USC00335188,",,6,",38
373,1991-02-15T00:00:00,PRCP,GHCND:USC00335188,"P,,6,",0
374,1991-02-16T00:00:00,PRCP,GHCND:USC00335188,"P,,6,",0
375,1991-02-17T00:00:00,PRCP,GHCND:USC00335188,"T,,6,",0
376,1991-02-18T00:00:00,PRCP,GHCND:USC00335188,",,6,",157
377,1991-02-19T00:00:00,PRCP,GHCND:USC00335188,",,6,",13
378,1991-02-20T00:00:00,PRCP,GHCND:USC00335188,",,6,",5
379,1991-02-21T00:00:00,PRCP,GHCND:USC00335188,"P,,6,",0
380,1991-02-22T00:00:00,PRCP,GHCND:USC00335188,"P,,6,",0
381,1991-02-23T00:00:00,PRCP,GHCND:USC00335188,"P,,6,",0
382,1991-02-24T00:00:00,PRCP,GHCND:USC00335188,"P,,6,",0
383,1991-02-25T00:00:00,PRCP,GHCND:USC00335188,"P,,6,",0
384,1991-02-26T00:00:00,PRCP,GHCND:USC00335188,"P,,6,",0
385,1991-02-27T00:00:00,PRCP,GHCND:USC00335188,",,6,",8
386,1991-02-28T00:00:00,PRCP,GHCND:USC00335188,"P,,6,",0
387,1991-03-01T00:00:00,PRCP,GHCND:USC00335188,"P,,6,",0
388,1991-03-02T00:00:00,PRCP,GHCND:USC00335188,",,6,",25
389,1991-03-03T00:00:00,PRCP,GHCND:USC00335188,"P,,6,",0
390,1991-03-04T00:00:00,PRCP,GHCND:USC00335188,"P,,6,",0
391,1991-03-05T00:00:00,PRCP,GHCND:USC00335188,"P,,6,",0
392,1991-03-06T00:00:00,PRCP,GHCND:USC00335188,",,6,",112
393,1991-03-07T00:00:00,PRCP,GHCND:USC00335188,"P,,6,",0
394,1991-03-08T00:00:00,PRCP,GHCND:USC00335188,"P,,6,",0
395,1991-03-09T00:00:00,PRCP,GHCND:USC00335188,"P,,6,",0
396,1991-03-10T00:00:00,PRCP,GHCND:USC00335188,"P,,6,",0
397,1991-03-11T00:00:00,PRCP,GHCND:USC00335188,"P,,6,",0
398,1991-03-12T00:00:00,PRCP,GHCND:USC00335188,",,6,",231
399,1991-03-13T00:00:00,PRCP,GHCND:USC00335188,",,6,",218
400,1991-03-14T00:00:00,PRCP,GHCND:USC00335188,"T,,6,",0
401,1991-03-15T00:00:00,PRCP,GHCND:USC00335188,"P,,6,",0
402,1991-03-16T00:00:00,PRCP,GHCND:USC00335188,"P,,6,",0
403,1991-03-17T00:00:00,PRCP,GHCND:USC00335188,",,6,",165
404,1991-03-18T00:00:00,PRCP,GHCND:USC00335188,",,6,",43
405,1991-03-19T00:00:00,PRCP,GHCND:USC00335188,",,6,",10
406,1991-03-20T00:00:00,PRCP,GHCND:USC00335188,"P,,6,",0
407,1991-03-21T00:00:00,PRCP,GHCND:USC00335188,"P,,6,",0
408,1991-03-22T00:00:00,PRCP,GHCND:USC00335188,",,6,",417
409,1991-03-23T00:00:00,PRCP,GHCND:USC00335188,"P,,6,",0
410,1991-03-24T00:00:00,PRCP,GHCND:USC00335188,"P,,6,",0
411,1991-03-25T00:00:00,PRCP,GHCND:USC00335188,"P,,6,",0
412,1991-03-26T00:00:00,PRCP,GHCND:USC00335188,",,6,",224
413,1991-03-27T00:00:00,PRCP,GHCND:USC00335188,",,6,",41
414,1991-03-28T00:00:00,PRCP,GHCND:USC00335188,"P,,6,",0
415,1991-03-29T00:00:00,PRCP,GHCND:USC00335188,"P,,6,",0
416,1991-03-30T00:00:00,PRCP,GHCND:USC00335188,"P,,6,",0
417,1991-03-31T00:00:00,PRCP,GHCND:USC00335188,",,6,",10
418,1991-04-01T00:00:00,PRCP,GHCND:USC00335188,"P,,6,",0
419,1991-04-02T00:00:00,PRCP,GHCND:USC00335188,"P,,6,",0
420,1991-04-03T00:00:00,PRCP,GHCND:USC00335188,"P,,6,",0
421,1991-04-04T00:00:00,PRCP,GHCND:USC00335188,",,6,",58
422,1991-04-05T00:00:00,PRCP,GHCND:USC00335188,"P,,6,",0
423,1991-04-06T00:00:00,PRCP,GHCND:USC00335188,"P,,6,",0
424,1991-04-07T00:00:00,PRCP,GHCND:USC00335188,"P,,6,",0
425,1991-04-08T00:00:00,PRCP,GHCND:USC00335188,",,6,",28
426,1991-04-09T00:00:00,PRCP,GHCND:USC00335188,",,6,",104
427,1991-04-10T00:00:00,PRCP,GHCND:USC00335188,"P,,6,",0
428,1991-04-11T00:00:00,PRCP,GHCND:USC00335188,"P,,6,",0
429,1991-04-12T00:00:00,PRCP,GHCND:USC00335188,",,6,",71
430,1991-04-13T00:00:00,PRCP,GHCND:USC00335188,",,6,",378
431,1991-04-14T00:00:00,PRCP,GHCND:USC00335188,",,6,",58
432,1991-04-15T00:00:00,PRCP,GHCND:USC00335188,",,6,",66
433,1991-04-16T00:00:00,PRCP,GHCND:USC00335188,"P,,6,",0
434,1991-04-17T00:00:00,PRCP,GHCND:USC00335188,"P,,6,",0
435,1991-04-18T00:00:00,PRCP,GHCND:USC00335188,"P,,6,",0
436,1991-04-19T00:00:00,PRCP,GHCND:USC00335188,",,6,",147
437,1991-04-20T00:00:00,PRCP,GHCND:USC00335188,"P,,6,",0
438,1991-04-21T00:00:00,PRCP,GHCND:USC00335188,"P,,6,",0
439,1991-04-22T00:00:00,PRCP,GHCND:USC00335188,"P,,6,",0
440,1991-04-23T00:00:00,PRCP,GHCND:USC00335188,",,6,",25
441,1991-04-24T00:00:00,PRCP,GHCND:USC00335188,",,6,",13
442,1991-04-25T00:00:00,PRCP,GHCND:USC00335188,",,6,",8
443,1991-04-26T00:00:00,PRCP,GHCND:USC00335188,",,6,",3
444,1991-04-27T00:00:00,PRCP,GHCND:USC00335188,",,6,",10
445,1991-04-28T00:00:00,PRCP,GHCND:USC00335188,"P,,6,",0
446,1991-04-29T00:00:00,PRCP,GHCND:USC00335188,",,6,",10
447,1991-04-30T00:00:00,PRCP,GHCND:USC00335188,"P,,6,",0
448,1991-05-01T00:00:00,PRCP,GHCND:USC00335188,"P,,6,",0
449,1991-05-02T00:00:00,PRCP,GHCND:USC00335188,"P,,6,",0
450,1991-05-03T00:00:00,PRCP,GHCND:USC00335188,"P,,6,",0
451,1991-05-04T00:00:00,PRCP,GHCND:USC00335188,",,6,",13
452,1991-05-05T00:00:00,PRCP,GHCND:USC00335188,",,6,",58
453,1991-05-06T00:00:00,PRCP,GHCND:USC00335188,"P,,6,",0
454,1991-05-07T00:00:00,PRCP,GHCND:USC00335188,"P,,6,",0
455,1991-05-08T00:00:00,PRCP,GHCND:USC00335188,",,6,",10
456,1991-05-09T00:00:00,PRCP,GHCND:USC00335188,",,6,",53
457,1991-05-10T00:00:00,PRCP,GHCND:USC00335188,"P,,6,",0
458,1991-05-11T00:00:00,PRCP,GHCND:USC00335188,"P,,6,",0
459,1991-05-12T00:00:00,PRCP,GHCND:USC00335188,",,6,",10
460,1991-05-13T00:00:00,PRCP,GHCND:USC00335188,"P,,6,",0
461,1991-05-14T00:00:00,PRCP,GHCND:USC00335188,",,6,",30
462,1991-05-15T00:00:00,PRCP,GHCND:USC00335188,"P,,6,",0
463,1991-05-16T00:00:00,PRCP,GHCND:USC00335188,",,6,",20
464,1991-05-17T00:00:00,PRCP,GHCND:USC00335188,",,6,",64
465,1991-05-18T00:00:00,PRCP,GHCND:USC00335188,",,6,",323
466,1991-05-19T00:00:00,PRCP,GHCND:USC00335188,"P,,6,",0
467,1991-05-20T00:00:00,PRCP,GHCND:USC00335188,"P,,6,",0
468,1991-05-21T00:00:00,PRCP,GHCND:USC00335188,"P,,6,",0
469,1991-05-22T00:00:00,PRCP,GHCND:USC00335188,"P,,6,",0
470,1991-05-23T00:00:00,PRCP,GHCND:USC00335188,",,6,",142
471,1991-05-24T00:00:00,PRCP,GHCND:USC00335188,",,6,",5
472,1991-05-25T00:00:00,PRCP,GHCND:USC00335188,",,6,",23
473,1991-05-26T00:00:00,PRCP,GHCND:USC00335188,",,6,",46
474,1991-05-27T00:00:00,PRCP,GHCND:USC00335188,",,6,",170
475,1991-05-28T00:00:00,PRCP,GHCND:USC00335188,",,6,",8
476,1991-05-29T00:00:00,PRCP,GHCND:USC00335188,",,6,",127
477,1991-05-30T00:00:00,PRCP,GHCND:USC00335188,"P,,6,",0
478,1991-05-31T00:00:00,PRCP,GHCND:USC00335188,"P,,6,",0
479,1991-06-01T00:00:00,PRCP,GHCND:USC00335188,"P,,6,",0
480,1991-06-02T00:00:00,PRCP,GHCND:USC00335188,",,6,",53
481,1991-06-03T00:00:00,PRCP,GHCND:USC00335188,"P,,6,",0
482,1991-06-04T00:00:00,PRCP,GHCND:USC00335188,"P,,6,",0
483,1991-06-05T00:00:00,PRCP,GHCND:USC00335188,"P,,6,",0
484,1991-06-06T00:00:00,PRCP,GHCND:USC00335188,"P,,6,",0
485,1991-06-07T00:00:00,PRCP,GHCND:USC00335188,"P,,6,",0
486,1991-06-08T00:00:00,PRCP,GHCND:USC00335188,"P,,6,",0
487,1991-06-09T00:00:00,PRCP,GHCND:USC00335188,"P,,6,",0
488,1991-06-10T00:00:00,PRCP,GHCND:USC00335188,"P,,6,",0
489,1991-06-11T00:00:00,PRCP,GHCND:USC00335188,"P,,6,",0
490,1991-06-12T00:00:00,PRCP,GHCND:USC00335188,"P,,6,",0
491,1991-06-13T00:00:00,PRCP,GHCND:USC00335188,"P,,6,",0
492,1991-06-14T00:00:00,PRCP,GHCND:USC00335188,"P,,6,",0
493,1991-06-15T00:00:00,PRCP,GHCND:USC00335188,",,6,",38
494,1991-06-16T00:00:00,PRCP,GHCND:USC00335188,"P,,6,",0
495,1991-06-17T00:00:00,PRCP,GHCND:USC00335188,"P,,6,",0
496,1991-06-18T00:00:00,PRCP,GHCND:USC00335188,"P,,6,",0
497,1991-06-19T00:00:00,PRCP,GHCND:USC00335188,"P,,6,",0
498,1991-06-20T00:00:00,PRCP,GHCND:USC00335188,"P,,6,",0
499,1991-06-21T00:00:00,PRCP,GHCND:USC00335188,"P,,6,",0
500,1991-06-22T00:00:00,PRCP,GHCND:USC00335188,"P,,6,",0
501,1991-06-23T00:00:00,PRCP,GHCND:USC00335188,"P,,6,",0
502,1991-06-24T00:00:00,PRCP,GHCND:USC00335188,"P,,6,",0
503,1991-06-25T00:00:00,PRCP,GHCND:USC00335188,",,6,",152
504,1991-06-26T00:00:00,PRCP,GHCND:USC00335188,"P,,6,",0
505,1991-06-27T00:00:00,PRCP,GHCND:USC00335188,"P,,6,",0
506,1991-06-28T00:00:00,PRCP,GHCND:USC00335188,"P,,6,",0
507,1991-06-29T00:00:00,PRCP,GHCND:USC00335188,"P,,6,",0
508,1991-06-30T00:00:00,PRCP,GHCND:USC00335188,"P,,6,",0
509,1991-07-01T00:00:00,PRCP,GHCND:USC00335188,"P,,6,",0
510,1991-07-02T00:00:00,PRCP,GHCND:USC00335188,",,6,",13
511,1991-07-03T00:00:00,PRCP,GHCND:USC00335188,"P,,6,",0
512,1991-07-04T00:00:00,PRCP,GHCND:USC00335188,"P,,6,",0
513,1991-07-05T00:00:00,PRCP,GHCND:USC00335188,"P,,6,",0
514,1991-07-06T00:00:00,PRCP,GHCND:USC00335188,",,6,",254
515,1991-07-07T00:00:00,PRCP,GHCND:USC00335188,"P,,6,",0
516,1991-07-08T00:00:00,PRCP,GHCND:USC00335188,",,6,",152
517,1991-07-09T00:00:00,PRCP,GHCND:USC00335188,",,6,",175
518,1991-07-10T00:00:00,PRCP,GHCND:USC00335188,",,6,",231
519,1991-07-11T00:00:00,PRCP,GHCND:USC00335188,"P,,6,",0
520,1991-07-12T00:00:00,PRCP,GHCND:USC00335188,"P,,6,",0
521,1991-07-13T00:00:00,PRCP,GHCND:USC00335188,"P,,6,",0
522,1991-07-14T00:00:00,PRCP,GHCND:USC00335188,"P,,6,",0
523,1991-07-15T00:00:00,PRCP,GHCND:USC00335188,"P,,6,",0
524,1991-07-16T00:00:00,PRCP,GHCND:USC00335188,"P,,6,",0
525,1991-07-17T00:00:00,PRCP,GHCND:USC00335188,"P,,6,",0
526,1991-07-18T00:00:00,PRCP,GHCND:USC00335188,"P,,6,",0
527,1991-07-19T00:00:00,PRCP,GHCND:USC00335188,"P,,6,",0
528,1991-07-20T00:00:00,PRCP,GHCND:USC00335188,"P,,6,",0
529,1991-07-21T00:00:00,PRCP,GHCND:USC00335188,"P,,6,",0
530,1991-07-22T00:00:00,PRCP,GHCND:USC00335188,"P,,6,",0
531,1991-07-23T00:00:00,PRCP,GHCND:USC00335188,"P,,6,",0
532,1991-07-24T00:00:00,PRCP,GHCND:USC00335188,"P,,6,",0
533,1991-07-25T00:00:00,PRCP,GHCND:USC00335188,"P,,6,",0
534,1991-07-26T00:00:00,PRCP,GHCND:USC00335188,"P,,6,",0
535,1991-07-27T00:00:00,PRCP,GHCND:USC00335188,"P,,6,",0
536,1991-07-28T00:00:00,PRCP,GHCND:USC00335188,"P,,6,",0
537,1991-07-29T00:00:00,PRCP,GHCND:USC00335188,"P,,6,",0
538,1991-07-30T00:00:00,PRCP,GHCND:USC00335188,"P,,6,",0
539,1991-07-31T00:00:00,PRCP,GHCND:USC00335188,"P,,6,",0
540,1991-08-01T00:00:00,PRCP,GHCND:USC00335188,"P,,6,",0
541,1991-08-02T00:00:00,PRCP,GHCND:USC00335188,"P,,6,",0
542,1991-08-03T00:00:00,PRCP,GHCND:USC00335188,",,6,",183
543,1991-08-04T00:00:00,PRCP,GHCND:USC00335188,"P,,6,",0
544,1991-08-05T00:00:00,PRCP,GHCND:USC00335188,"P,,6,",0
545,1991-08-06T00:00:00,PRCP,GHCND:USC00335188,",,6,",269
546,1991-08-07T00:00:00,PRCP,GHCND:USC00335188,"P,,6,",0
547,1991-08-08T00:00:00,PRCP,GHCND:USC00335188,"P,,6,",0
548,1991-08-09T00:00:00,PRCP,GHCND:USC00335188,",,6,",198
549,1991-08-10T00:00:00,PRCP,GHCND:USC00335188,"P,,6,",0
550,1991-08-11T00:00:00,PRCP,GHCND:USC00335188,"P,,6,",0
551,1991-08-12T00:00:00,PRCP,GHCND:USC00335188,"P,,6,",0
552,1991-08-13T00:00:00,PRCP,GHCND:USC00335188,"P,,6,",0
553,1991-08-14T00:00:00,PRCP,GHCND:USC00335188,"P,,6,",0
554,1991-08-15T00:00:00,PRCP,GHCND:USC00335188,",,6,",84
555,1991-08-16T00:00:00,PRCP,GHCND:USC00335188,"P,,6,",0
556,1991-08-17T00:00:00,PRCP,GHCND:USC00335188,",,6,",180
557,1991-08-18T00:00:00,PRCP,GHCND:USC00335188,",,6,",198
558,1991-08-19T00:00:00,PRCP,GHCND:USC00335188,",,6,",160
559,1991-08-20T00:00:00,PRCP,GHCND:USC00335188,",,6,",23
560,1991-08-21T00:00:00,PRCP,GHCND:USC00335188,"P,,6,",0
561,1991-08-22T00:00:00,PRCP,GHCND:USC00335188,"P,,6,",0
562,1991-08-23T00:00:00,PRCP,GHCND:USC00335188,"P,,6,",0
563,1991-08-24T00:00:00,PRCP,GHCND:USC00335188,"P,,6,",0
564,1991-08-25T00:00:00,PRCP,GHCND:USC00335188,"P,,6,",0
565,1991-08-26T00:00:00,PRCP,GHCND:USC00335188,"P,,6,",0
566,1991-08-27T00:00:00,PRCP,GHCND:USC00335188,",,6,",10
567,1991-08-28T00:00:00,PRCP,GHCND:USC00335188,"P,,6,",0
568,1991-08-29T00:00:00,PRCP,GHCND:USC00335188,"P,,6,",0
569,1991-08-30T00:00:00,PRCP,GHCND:USC00335188,",,6,",46
570,1991-08-31T00:00:00,PRCP,GHCND:USC00335188,"P,,6,",0
571,1991-09-01T00:00:00,PRCP,GHCND:USC00335188,",,6,",33
572,1991-09-02T00:00:00,PRCP,GHCND:USC00335188,"P,,6,",0
573,1991-09-03T00:00:00,PRCP,GHCND:USC00335188,"P,,6,",0
574,1991-09-04T00:00:00,PRCP,GHCND:USC00335188,",,6,",328
575,1991-09-05T00:00:00,PRCP,GHCND:USC00335188,",,6,",30
576,1991-09-06T00:00:00,PRCP,GHCND:USC00335188,"P,,6,",0
577,1991-09-07T00:00:00,PRCP,GHCND:USC00335188,"P,,6,",0
578,1991-09-08T00:00:00,PRCP,GHCND:USC00335188,"P,,6,",0
579,1991-09-09T00:00:00,PRCP,GHCND:USC00335188,"P,,6,",0
580,1991-09-10T00:00:00,PRCP,GHCND:USC00335188,"P,,6,",0
581,1991-09-11T00:00:00,PRCP,GHCND:USC00335188,"P,,6,",0
582,1991-09-12T00:00:00,PRCP,GHCND:USC00335188,"P,,6,",0
583,1991-09-13T00:00:00,PRCP,GHCND:USC00335188,"P,,6,",0
584,1991-09-14T00:00:00,PRCP,GHCND:USC00335188,"P,,6,",0
585,1991-09-15T00:00:00,PRCP,GHCND:USC00335188,"P,,6,",0
586,1991-09-16T00:00:00,PRCP,GHCND:USC00335188,",,6,",30
587,1991-09-17T00:00:00,PRCP,GHCND:USC00335188,"P,,6,",0
588,1991-09-18T00:00:00,PRCP,GHCND:USC00335188,"P,,6,",0
589,1991-09-19T00:00:00,PRCP,GHCND:USC00335188,",,6,",48
590,1991-09-20T00:00:00,PRCP,GHCND:USC00335188,"P,,6,",0
591,1991-09-21T00:00:00,PRCP,GHCND:USC00335188,"P,,6,",0
592,1991-09-22T00:00:00,PRCP,GHCND:USC00335188,"P,,6,",0
593,1991-09-23T00:00:00,PRCP,GHCND:USC00335188,",,6,",58
594,1991-09-24T00:00:00,PRCP,GHCND:USC00335188,"P,,6,",0
595,1991-09-25T00:00:00,PRCP,GHCND:USC00335188,"P,,6,",0
596,1991-09-26T00:00:00,PRCP,GHCND:USC00335188,"P,,6,",0
597,1991-09-27T00:00:00,PRCP,GHCND:USC00335188,"P,,6,",0
598,1991-09-28T00:00:00,PRCP,GHCND:USC00335188,"P,,6,",0
599,1991-09-29T00:00:00,PRCP,GHCND:USC00335188,"P,,6,",0
600,1991-09-30T00:00:00,PRCP,GHCND:USC00335188,"P,,6,",0
601,1991-10-01T00:00:00,PRCP,GHCND:USC00335188,",,6,",0
602,1991-10-02T00:00:00,PRCP,GHCND:USC00335188,",,6,",0
603,1991-10-03T00:00:00,PRCP,GHCND:USC00335188,",,6,",0
604,1991-10-04T00:00:00,PRCP,GHCND:USC00335188,",,6,",0
605,1991-10-05T00:00:00,PRCP,GHCND:USC00335188,",,6,",53
606,1991-10-06T00:00:00,PRCP,GHCND:USC00335188,",,6,",0
607,1991-10-07T00:00:00,PRCP,GHCND:USC00335188,",,6,",0
608,1991-10-08T00:00:00,PRCP,GHCND:USC00335188,",,6,",0
609,1991-10-09T00:00:00,PRCP,GHCND:USC00335188,",,6,",0
610,1991-10-10T00:00:00,PRCP,GHCND:USC00335188,",,6,",152
611,1991-10-11T00:00:00,PRCP,GHCND:USC00335188,",,6,",15
612,1991-10-12T00:00:00,PRCP,GHCND:USC00335188,",,6,",0
613,1991-10-13T00:00:00,PRCP,GHCND:USC00335188,",,6,",0
614,1991-10-14T00:00:00,PRCP,GHCND:USC00335188,",,6,",0
615,1991-10-15T00:00:00,PRCP,GHCND:USC00335188,",,6,",91
616,1991-10-16T00:00:00,PRCP,GHCND:USC00335188,",,6,",0
617,1991-10-17T00:00:00,PRCP,GHCND:USC00335188,",,6,",0
618,1991-10-18T00:00:00,PRCP,GHCND:USC00335188,",,6,",0
619,1991-10-19T00:00:00,PRCP,GHCND:USC00335188,",,6,",10
620,1991-10-20T00:00:00,PRCP,GHCND:USC00335188,",,6,",0
621,1991-10-21T00:00:00,PRCP,GHCND:USC00335188,",,6,",0
622,1991-10-22T00:00:00,PRCP,GHCND:USC00335188,",,6,",0
623,1991-10-23T00:00:00,PRCP,GHCND:USC00335188,",,6,",0
624,1991-10-24T00:00:00,PRCP,GHCND:USC00335188,",,6,",0
625,1991-10-25T00:00:00,PRCP,GHCND:USC00335188,",,6,",0
626,1991-10-26T00:00:00,PRCP,GHCND:USC00335188,",,6,",130
627,1991-10-27T00:00:00,PRCP,GHCND:USC00335188,",,6,",0
628,1991-10-28T00:00:00,PRCP,GHCND:USC00335188,",,6,",53
629,1991-10-29T00:00:00,PRCP,GHCND:USC00335188,",,6,",0
630,1991-10-30T00:00:00,PRCP,GHCND:USC00335188,",,6,",0
631,1991-10-31T00:00:00,PRCP,GHCND:USC00335188,",,6,",0
632,1991-11-01T00:00:00,PRCP,GHCND:USC00335188,",,6,",48
633,1991-11-02T00:00:00,PRCP,GHCND:USC00335188,"P,,6,",0
634,1991-11-03T00:00:00,PRCP,GHCND:USC00335188,"P,,6,",0
635,1991-11-04T00:00:00,PRCP,GHCND:USC00335188,"P,,6,",0
636,1991-11-05T00:00:00,PRCP,GHCND:USC00335188,"P,,6,",0
637,1991-11-06T00:00:00,PRCP,GHCND:USC00335188,"P,,6,",0
638,1991-11-07T00:00:00,PRCP,GHCND:USC00335188,",,6,",36
639,1991-11-08T00:00:00,PRCP,GHCND:USC00335188,"P,,6,",0
640,1991-11-09T00:00:00,PRCP,GHCND:USC00335188,"P,,6,",0
641,1991-11-10T00:00:00,PRCP,GHCND:USC00335188,"P,,6,",0
642,1991-11-11T00:00:00,PRCP,GHCND:USC00335188,"P,,6,",0
643,1991-11-12T00:00:00,PRCP,GHCND:USC00335188,"P,,6,",0
644,1991-11-13T00:00:00,PRCP,GHCND:USC00335188,",,6,",20
645,1991-11-14T00:00:00,PRCP,GHCND:USC00335188,"P,,6,",0
646,1991-11-15T00:00:00,PRCP,GHCND:USC00335188,",,6,",5
647,1991-11-16T00:00:00,PRCP,GHCND:USC00335188,",,6,",5
648,1991-11-17T00:00:00,PRCP,GHCND:USC00335188,"P,,6,",0
649,1991-11-18T00:00:00,PRCP,GHCND:USC00335188,"P,,6,",0
650,1991-11-19T00:00:00,PRCP,GHCND:USC00335188,",,6,",13
651,1991-11-20T00:00:00,PRCP,GHCND:USC00335188,",,6,",18
652,1991-11-21T00:00:00,PRCP,GHCND:USC00335188,",,6,",5
653,1991-11-22T00:00:00,PRCP,GHCND:USC00335188,"P,,6,",0
654,1991-11-23T00:00:00,PRCP,GHCND:USC00335188,"P,,6,",0
655,1991-11-24T00:00:00,PRCP,GHCND:USC00335188,"P,,6,",0
656,1991-11-25T00:00:00,PRCP,GHCND:USC00335188,"P,,6,",0
657,1991-11-26T00:00:00,PRCP,GHCND:USC00335188,"P,,6,",0
658,1991-11-27T00:00:00,PRCP,GHCND:USC00335188,"P,,6,",0
659,1991-11-28T00:00:00,PRCP,GHCND:USC00335188,",,6,",46
660,1991-11-29T00:00:00,PRCP,GHCND:USC00335188,"P,,6,",0
661,1991-11-30T00:00:00,PRCP,GHCND:USC00335188,",,6,",325
662,1991-12-01T00:00:00,PRCP,GHCND:USC00335188,",,6,",20
663,1991-12-02T00:00:00,PRCP,GHCND:USC00335188,",,6,",69
664,1991-12-03T00:00:00,PRCP,GHCND:USC00335188,",,6,",490
665,1991-12-04T00:00:00,PRCP,GHCND:USC00335188,"P,,6,",0
666,1991-12-05T00:00:00,PRCP,GHCND:USC00335188,"P,,6,",0
667,1991-12-06T00:00:00,PRCP,GHCND:USC00335188,"P,,6,",0
668,1991-12-07T00:00:00,PRCP,GHCND:USC00335188,"P,,6,",0
669,1991-12-08T00:00:00,PRCP,GHCND:USC00335188,"P,,6,",0
670,1991-12-09T00:00:00,PRCP,GHCND:USC00335188,",,6,",25
671,1991-12-10T00:00:00,PRCP,GHCND:USC00335188,"P,,6,",0
672,1991-12-11T00:00:00,PRCP,GHCND:USC00335188,"P,,6,",0
673,1991-12-12T00:00:00,PRCP,GHCND:USC00335188,"P,,6,",0
674,1991-12-13T00:00:00,PRCP,GHCND:USC00335188,",,6,",201
675,1991-12-14T00:00:00,PRCP,GHCND:USC00335188,",,6,",48
676,1991-12-15T00:00:00,PRCP,GHCND:USC00335188,"P,,6,",0
677,1991-12-16T00:00:00,PRCP,GHCND:USC00335188,"P,,6,",0
678,1991-12-17T00:00:00,PRCP,GHCND:USC00335188,"P,,6,",0
679,1991-12-18T00:00:00,PRCP,GHCND:USC00335188,"P,,6,",0
680,1991-12-19T00:00:00,PRCP,GHCND:USC00335188,"P,,6,",0
681,1991-12-20T00:00:00,PRCP,GHCND:USC00335188,"P,,6,",0
682,1991-12-21T00:00:00,PRCP,GHCND:USC00335188,",,6,",64
683,1991-12-22T00:00:00,PRCP,GHCND:USC00335188,"P,,6,",0
684,1991-12-23T00:00:00,PRCP,GHCND:USC00335188,",,6,",152
685,1991-12-24T00:00:00,PRCP,GHCND:USC00335188,",,6,",13
686,1991-12-25T00:00:00,PRCP,GHCND:USC00335188,"P,,6,",0
687,1991-12-26T00:00:00,PRCP,GHCND:USC00335188,"P,,6,",0
688,1991-12-27T00:00:00,PRCP,GHCND:USC00335188,"P,,6,",0
689,1991-12-28T00:00:00,PRCP,GHCND:USC00335188,",,6,",15
690,1991-12-29T00:00:00,PRCP,GHCND:USC00335188,",,6,",104
691,1991-12-30T00:00:00,PRCP,GHCND:USC00335188,"P,,6,",0
692,1991-12-31T00:00:00,PRCP,GHCND:USC00335188,"P,,6,",0
693,1992-01-01T00:00:00,PRCP,GHCND:USC00335188,"P,,6,",0
694,1992-01-02T00:00:00,PRCP,GHCND:USC00335188,",,6,",33
695,1992-01-03T00:00:00,PRCP,GHCND:USC00335188,",,6,",307
696,1992-01-04T00:00:00,PRCP,GHCND:USC00335188,",,6,",8
697,1992-01-05T00:00:00,PRCP,GHCND:USC00335188,"P,,6,",0
698,1992-01-06T00:00:00,PRCP,GHCND:USC00335188,"P,,6,",0
699,1992-01-07T00:00:00,PRCP,GHCND:USC00335188,"P,,6,",0
700,1992-01-08T00:00:00,PRCP,GHCND:USC00335188,"P,,6,",0
701,1992-01-09T00:00:00,PRCP,GHCND:USC00335188,"P,,6,",0
702,1992-01-10T00:00:00,PRCP,GHCND:USC00335188,",,6,",10
703,1992-01-11T00:00:00,PRCP,GHCND:USC00335188,"P,,6,",0
704,1992-01-12T00:00:00,PRCP,GHCND:USC00335188,"P,,6,",0
705,1992-01-13T00:00:00,PRCP,GHCND:USC00335188,",,6,",53
706,1992-01-14T00:00:00,PRCP,GHCND:USC00335188,",,6,",282
707,1992-01-15T00:00:00,PRCP,GHCND:USC00335188,",,6,",8
708,1992-01-16T00:00:00,PRCP,GHCND:USC00335188,"P,,6,",0
709,1992-01-17T00:00:00,PRCP,GHCND:USC00335188,"P,,6,",0
710,1992-01-18T00:00:00,PRCP,GHCND:USC00335188,"P,,6,",0
711,1992-01-19T00:00:00,PRCP,GHCND:USC00335188,"P,,6,",0
712,1992-01-20T00:00:00,PRCP,GHCND:USC00335188,"P,,6,",0
713,1992-01-21T00:00:00,PRCP,GHCND:USC00335188,"P,,6,",0
714,1992-01-22T00:00:00,PRCP,GHCND:USC00335188,"P,,6,",0
715,1992-01-23T00:00:00,PRCP,GHCND:USC00335188,",,6,",43
716,1992-01-24T00:00:00,PRCP,GHCND:USC00335188,",,6,",18
717,1992-01-25T00:00:00,PRCP,GHCND:USC00335188,",,6,",10
718,1992-01-26T00:00:00,PRCP,GHCND:USC00335188,"P,,6,",0
719,1992-01-27T00:00:00,PRCP,GHCND:USC00335188,"P,,6,",0
720,1992-01-28T00:00:00,PRCP,GHCND:USC00335188,"P,,6,",0
721,1992-01-29T00:00:00,PRCP,GHCND:USC00335188,"P,,6,",0
722,1992-01-30T00:00:00,PRCP,GHCND:USC00335188,"P,,6,",0
723,1992-01-31T00:00:00,PRCP,GHCND:USC00335188,"P,,6,",0
724,1992-02-01T00:00:00,PRCP,GHCND:USC00335188,",,6,",0
725,1992-02-02T00:00:00,PRCP,GHCND:USC00335188,",,6,",0
726,1992-02-03T00:00:00,PRCP,GHCND:USC00335188,",,6,",0
727,1992-02-04T00:00:00,PRCP,GHCND:USC00335188,",,6,",0
728,1992-02-05T00:00:00,PRCP,GHCND:USC00335188,",,6,",0
729,1992-02-06T00:00:00,PRCP,GHCND:USC00335188,",,6,",0
730,1992-02-07T00:00:00,PRCP,GHCND:USC00335188,",,6,",0
731,1992-02-08T00:00:00,PRCP,GHCND:USC00335188,",,6,",13
732,1992-02-09T00:00:00,PRCP,GHCND:USC00335188,",,6,",0
733,1992-02-10T00:00:00,PRCP,GHCND:USC00335188,",,6,",0
734,1992-02-11T00:00:00,PRCP,GHCND:USC00335188,",,6,",0
735,1992-02-12T00:00:00,PRCP,GHCND:USC00335188,",,6,",0
736,1992-02-13T00:00:00,PRCP,GHCND:USC00335188,",,6,",48
737,1992-02-14T00:00:00,PRCP,GHCND:USC00335188,",,6,",0
738,1992-02-15T00:00:00,PRCP,GHCND:USC00335188,",,6,",112
739,1992-02-16T00:00:00,PRCP,GHCND:USC00335188,",,6,",0
740,1992-02-17T00:00:00,PRCP,GHCND:USC00335188,",,6,",0
741,1992-02-18T00:00:00,PRCP,GHCND:USC00335188,",,6,",18
742,1992-02-19T00:00:00,PRCP,GHCND:USC00335188,",,6,",36
743,1992-02-20T00:00:00,PRCP,GHCND:USC00335188,",,6,",0
744,1992-02-21T00:00:00,PRCP,GHCND:USC00335188,",,6,",0
745,1992-02-22T00:00:00,PRCP,GHCND:USC00335188,",,6,",0
746,1992-02-23T00:00:00,PRCP,GHCND:USC00335188,",,6,",0
747,1992-02-24T00:00:00,PRCP,GHCND:USC00335188,",,6,",0
748,1992-02-25T00:00:00,PRCP,GHCND:USC00335188,",,6,",0
749,1992-02-26T00:00:00,PRCP,GHCND:USC00335188,",,6,",0
750,1992-02-27T00:00:00,PRCP,GHCND:USC00335188,",,6,",0
751,1992-02-28T00:00:00,PRCP,GHCND:USC00335188,",,6,",0
752,1992-02-29T00:00:00,PRCP,GHCND:USC00335188,",,6,",0
753,1992-03-01T00:00:00,PRCP,GHCND:USC00335188,"P,,6,",0
754,1992-03-02T00:00:00,PRCP,GHCND:USC00335188,"P,,6,",0
755,1992-03-03T00:00:00,PRCP,GHCND:USC00335188,"P,,6,",0
756,1992-03-04T00:00:00,PRCP,GHCND:USC00335188,"P,,6,",0
757,1992-03-05T00:00:00,PRCP,GHCND:USC00335188,"P,,6,",0
758,1992-03-06T00:00:00,PRCP,GHCND:USC00335188,",,6,",48
759,1992-03-07T00:00:00,PRCP,GHCND:USC00335188,",,6,",122
760,1992-03-08T00:00:00,PRCP,GHCND:USC00335188,",,6,",28
761,1992-03-09T00:00:00,PRCP,GHCND:USC00335188,"P,,6,",0
762,1992-03-10T00:00:00,PRCP,GHCND:USC00335188,",,6,",114
763,1992-03-11T00:00:00,PRCP,GHCND:USC00335188,",,6,",33
764,1992-03-12T00:00:00,PRCP,GHCND:USC00335188,",,6,",15
765,1992-03-13T00:00:00,PRCP,GHCND:USC00335188,"P,,6,",0
766,1992-03-14T00:00:00,PRCP,GHCND:USC00335188,",,6,",5
767,1992-03-15T00:00:00,PRCP,GHCND:USC00335188,"P,,6,",0
768,1992-03-16T00:00:00,PRCP,GHCND:USC00335188,"P,,6,",0
769,1992-03-17T00:00:00,PRCP,GHCND:USC00335188,"P,,6,",0
770,1992-03-18T00:00:00,PRCP,GHCND:USC00335188,",,6,",213
771,1992-03-19T00:00:00,PRCP,GHCND:USC00335188,"P,,6,",0
772,1992-03-20T00:00:00,PRCP,GHCND:USC00335188,"P,,6,",0
773,1992-03-21T00:00:00,PRCP,GHCND:USC00335188,",,6,",10
774,1992-03-22T00:00:00,PRCP,GHCND:USC00335188,",,6,",20
775,1992-03-23T00:00:00,PRCP,GHCND:USC00335188,"P,,6,",0
776,1992-03-24T00:00:00,PRCP,GHCND:USC00335188,"P,,6,",0
777,1992-03-25T00:00:00,PRCP,GHCND:USC00335188,",,6,",56
778,1992-03-26T00:00:00,PRCP,GHCND:USC00335188,",,6,",23
779,1992-03-27T00:00:00,PRCP,GHCND:USC00335188,",,6,",46
780,1992-03-28T00:00:00,PRCP,GHCND:USC00335188,"P,,6,",0
781,1992-03-29T00:00:00,PRCP,GHCND:USC00335188,",,6,",3
782,1992-03-30T00:00:00,PRCP,GHCND:USC00335188,",,6,",127
783,1992-03-31T00:00:00,PRCP,GHCND:USC00335188,"P,,6,",0
784,1992-04-01T00:00:00,PRCP,GHCND:USC00335188,",,6,",10
785,1992-04-02T00:00:00,PRCP,GHCND:USC00335188,"P,,6,",0
786,1992-04-03T00:00:00,PRCP,GHCND:USC00335188,",,6,",3
787,1992-04-04T00:00:00,PRCP,GHCND:USC00335188,"P,,6,",0
788,1992-04-05T00:00:00,PRCP,GHCND:USC00335188,"P,,6,",0
789,1992-04-06T00:00:00,PRCP,GHCND:USC00335188,",,6,",64
790,1992-04-07T00:00:00,PRCP,GHCND:USC00335188,"P,,6,",0
791,1992-04-08T00:00:00,PRCP,GHCND:USC00335188,"P,,6,",0
792,1992-04-09T00:00:00,PRCP,GHCND:USC00335188,",,6,",71
793,1992-04-10T00:00:00,PRCP,GHCND:USC00335188,",,6,",94
794,1992-04-11T00:00:00,PRCP,GHCND:USC00335188,",,6,",89
795,1992-04-12T00:00:00,PRCP,GHCND:USC00335188,"P,,6,",0
796,1992-04-13T00:00:00,PRCP,GHCND:USC00335188,"P,,6,",0
797,1992-04-14T00:00:00,PRCP,GHCND:USC00335188,",,6,",5
798,1992-04-15T00:00:00,PRCP,GHCND:USC00335188,"P,,6,",0
799,1992-04-16T00:00:00,PRCP,GHCND:USC00335188,"P,,6,",0
800,1992-04-17T00:00:00,PRCP,GHCND:USC00335188,",,6,",18
801,1992-04-18T00:00:00,PRCP,GHCND:USC00335188,",,6,",163
802,1992-04-19T00:00:00,PRCP,GHCND:USC00335188,"P,,6,",0
803,1992-04-20T00:00:00,PRCP,GHCND:USC00335188,",,6,",48
804,1992-04-21T00:00:00,PRCP,GHCND:USC00335188,",,6,",130
805,1992-04-22T00:00:00,PRCP,GHCND:USC00335188,"P,,6,",0
806,1992-04-23T00:00:00,PRCP,GHCND:USC00335188,"P,,6,",0
807,1992-04-24T00:00:00,PRCP,GHCND:USC00335188,"P,,6,",0
808,1992-04-25T00:00:00,PRCP,GHCND:USC00335188,",,6,",8
809,1992-04-26T00:00:00,PRCP,GHCND:USC00335188,"P,,6,",0
810,1992-04-27T00:00:00,PRCP,GHCND:USC00335188,",,6,",20
811,1992-04-28T00:00:00,PRCP,GHCND:USC00335188,"P,,6,",0
812,1992-04-29T00:00:00,PRCP,GHCND:USC00335188,",,6,",5
813,1992-04-30T00:00:00,PRCP,GHCND:USC00335188,"P,,6,",0
814,1992-05-01T00:00:00,PRCP,GHCND:USC00335188,"P,,6,",0
815,1992-05-02T00:00:00,PRCP,GHCND:USC00335188,"P,,6,",0
816,1992-05-03T00:00:00,PRCP,GHCND:USC00335188,"P,,6,",0
817,1992-05-04T00:00:00,PRCP,GHCND:USC00335188,"P,,6,",0
818,1992-05-05T00:00:00,PRCP,GHCND:USC00335188,",,6,",71
819,1992-05-06T00:00:00,PRCP,GHCND:USC00335188,"P,,6,",0
820,1992-05-07T00:00:00,PRCP,GHCND:USC00335188,"P,,6,",0
821,1992-05-08T00:00:00,PRCP,GHCND:USC00335188,",,6,",135
822,1992-05-09T00:00:00,PRCP,GHCND:USC00335188,",,6,",79
823,1992-05-10T00:00:00,PRCP,GHCND:USC00335188,"P,,6,",0
824,1992-05-11T00:00:00,PRCP,GHCND:USC00335188,"P,,6,",0
825,1992-05-12T00:00:00,PRCP,GHCND:USC00335188,"P,,6,",0
826,1992-05-13T00:00:00,PRCP,GHCND:USC00335188,",,6,",269
827,1992-05-14T00:00:00,PRCP,GHCND:USC00335188,"P,,6,",0
828,1992-05-15T00:00:00,PRCP,GHCND:USC00335188,"P,,6,",0
829,1992-05-16T00:00:00,PRCP,GHCND:USC00335188,"P,,6,",0
830,1992-05-17T00:00:00,PRCP,GHCND:USC00335188,",,6,",86
831,1992-05-18T00:00:00,PRCP,GHCND:USC00335188,",,6,",46
832,1992-05-19T00:00:00,PRCP,GHCND:USC00335188,"P,,6,",0
833,1992-05-20T00:00:00,PRCP,GHCND:USC00335188,"P,,6,",0
834,1992-05-21T00:00:00,PRCP,GHCND:USC00335188,"P,,6,",0
835,1992-05-22T00:00:00,PRCP,GHCND:USC00335188,"P,,6,",0
836,1992-05-23T00:00:00,PRCP,GHCND:USC00335188,"P,,6,",0
837,1992-05-24T00:00:00,PRCP,GHCND:USC00335188,",,6,",112
838,1992-05-25T00:00:00,PRCP,GHCND:USC00335188,"P,,6,",0
839,1992-05-26T00:00:00,PRCP,GHCND:USC00335188,"P,,6,",0
840,1992-05-27T00:00:00,PRCP,GHCND:USC00335188,",,6,",142
841,1992-05-28T00:00:00,PRCP,GHCND:USC00335188,"P,,6,",0
842,1992-05-29T00:00:00,PRCP,GHCND:USC00335188,"P,,6,",0
843,1992-05-30T00:00:00,PRCP,GHCND:USC00335188,",,6,",33
844,1992-05-31T00:00:00,PRCP,GHCND:USC00335188,"P,,6,",0
845,1992-06-01T00:00:00,PRCP,GHCND:USC00335188,",,6,",0
846,1992-06-02T00:00:00,PRCP,GHCND:USC00335188,",,6,",0
847,1992-06-03T00:00:00,PRCP,GHCND:USC00335188,",,6,",0
848,1992-06-04T00:00:00,PRCP,GHCND:USC00335188,",,6,",97
849,1992-06-05T00:00:00,PRCP,GHCND:USC00335188,",,6,",5
850,1992-06-06T00:00:00,PRCP,GHCND:USC00335188,",,6,",0
851,1992-06-07T00:00:00,PRCP,GHCND:USC00335188,",,6,",140
852,1992-06-08T00:00:00,PRCP,GHCND:USC00335188,",,6,",0
853,1992-06-09T00:00:00,PRCP,GHCND:USC00335188,",,6,",0
854,1992-06-10T00:00:00,PRCP,GHCND:USC00335188,",,6,",0
855,1992-06-11T00:00:00,PRCP,GHCND:USC00335188,",,6,",0
856,1992-06-12T00:00:00,PRCP,GHCND:USC00335188,",,6,",0
857,1992-06-13T00:00:00,PRCP,GHCND:USC00335188,",,6,",0
858,1992-06-14T00:00:00,PRCP,GHCND:USC00335188,",,6,",152
859,1992-06-15T00:00:00,PRCP,GHCND:USC00335188,",,6,",0
860,1992-06-16T00:00:00,PRCP,GHCND:USC00335188,",,6,",0
861,1992-06-17T00:00:00,PRCP,GHCND:USC00335188,",,6,",0
862,1992-06-18T00:00:00,PRCP,GHCND:USC00335188,",,6,",475
863,1992-06-19T00:00:00,PRCP,GHCND:USC00335188,",,6,",23
864,1992-06-20T00:00:00,PRCP,GHCND:USC00335188,",,6,",0
865,1992-06-21T00:00:00,PRCP,GHCND:USC00335188,",,6,",0
866,1992-06-22T00:00:00,PRCP,GHCND:USC00335188,",,6,",0
867,1992-06-23T00:00:00,PRCP,GHCND:USC00335188,",,6,",15
868,1992-06-24T00:00:00,PRCP,GHCND:USC00335188,",,6,",0
869,1992-06-25T00:00:00,PRCP,GHCND:USC00335188,",,6,",0
870,1992-06-26T00:00:00,PRCP,GHCND:USC00335188,",,6,",0
871,1992-06-27T00:00:00,PRCP,GHCND:USC00335188,",,6,",0
872,1992-06-28T00:00:00,PRCP,GHCND:USC00335188,",,6,",0
873,1992-06-29T00:00:00,PRCP,GHCND:USC00335188,",,6,",0
874,1992-06-30T00:00:00,PRCP,GHCND:USC00335188,",,6,",20
875,1994-05-01T00:00:00,TOBS,GHCND:USC00335188,",,6,",56
876,1994-05-04T00:00:00,TOBS,GHCND:USC00335188,",,6,",156
877,1994-05-05T00:00:00,TOBS,GHCND:USC00335188,",,6,",89
878,1994-05-07T00:00:00,TOBS,GHCND:USC00335188,",,6,",156
879,1994-05-09T00:00:00,TOBS,GHCND:USC00335188,",,6,",100
880,1994-05-11T00:00:00,TOBS,GHCND:USC00335188,",,6,",44
881,1994-05-13T00:00:00,TOBS,GHCND:USC00335188,",,6,",83
882,1994-05-16T00:00:00,TOBS,GHCND:USC00335188,",,6,",244
883,1994-05-17T00:00:00,TOBS,GHCND:USC00335188,",,6,",94
884,1994-05-19T00:00:00,TOBS,GHCND:USC00335188,",,6,",83
885,1994-05-22T00:00:00,TOBS,GHCND:USC00335188,",,6,",156
886,1994-05-25T00:00:00,TOBS,GHCND:USC00335188,",,6,",178
887,1994-05-27T00:00:00,TOBS,GHCND:USC00335188,",,6,",100
888,1994-05-31T00:00:00,TOBS,GHCND:USC00335188,",,6,",211
889,1994-07-01T00:00:00,TOBS,GHCND:USC00335188,",,6,",178
890,1994-07-03T00:00:00,TOBS,GHCND:USC00335188,",,6,",222
891,1994-07-06T00:00:00,TOBS,GHCND:USC00335188,",,6,",256
892,1994-07-08T00:00:00,TOBS,GHCND:USC00335188,",,6,",256
893,1994-07-11T00:00:00,TOBS,GHCND:USC00335188,",,6,",167
894,1994-07-15T00:00:00,TOBS,GHCND:USC00335188,",,6,",244
895,1994-07-18T00:00:00,TOBS,GHCND:USC00335188,",,6,",222
896,1994-07-21T00:00:00,TOBS,GHCND:USC00335188,",,6,",233
897,1994-07-24T00:00:00,TOBS,GHCND:USC00335188,",,6,",233
898,1994-07-27T00:00:00,TOBS,GHCND:USC00335188,",,6,",189
899,1994-07-30T00:00:00,TOBS,GHCND:USC00335188,",,6,",200
900,1994-11-02T00:00:00,TOBS,GHCND:USC00335188,",,6,",0
901,1994-11-04T00:00:00,TOBS,GHCND:USC00335188,",,6,",156
902,1994-11-09T00:00:00,TOBS,GHCND:USC00335188,",,6,",156
903,1994-11-11T00:00:00,TOBS,GHCND:USC00335188,",,6,",156
904,1994-11-14T00:00:00,TOBS,GHCND:USC00335188,",,6,",139
905,1994-11-17T00:00:00,TOBS,GHCND:USC00335188,",,6,",83
906,1994-11-20T00:00:00,TOBS,GHCND:USC00335188,",,6,",156
907,1994-11-23T00:00:00,TOBS,GHCND:USC00335188,",,6,",-39
908,1994-11-28T00:00:00,TOBS,GHCND:USC00335188,",,6,",50
909,1994-11-30T00:00:00,TOBS,GHCND:USC00335188,",,6,",-33
910,1994-12-05T00:00:00,TOBS,GHCND:USC00335188,",,6,",111
911,1994-12-08T00:00:00,TOBS,GHCND:USC00335188,",,6,",11
912,1994-12-11T00:00:00,TOBS,GHCND:USC00335188,",,6,",-11
913,1994-12-14T00:00:00,TOBS,GHCND:USC00335188,",,6,",-61
914,1994-12-16T00:00:00,TOBS,GHCND:USC00335188,",,6,",33
915,1994-12-20T00:00:00,TOBS,GHCND:USC00335188,",,6,",-61
916,1994-12-23T00:00:00,TOBS,GHCND:USC00335188,",,6,",-6
917,1994-12-26T00:00:00,TOBS,GHCND:USC00335188,",,6,",72
918,1994-12-30T00:00:00,TOBS,GHCND:USC00335188,",,6,",144
919,2011-01-03T00:00:00,DAPR,GHCND:USC00335188,",,7,",4
920,2011-01-03T00:00:00,MDPR,GHCND:USC00335188,",,7,",112
921,2011-01-03T00:00:00,TOBS,GHCND:USC00335188,",,7,",-89
922,2011-01-04T00:00:00,PRCP,GHCND:USC00335188,",,7,",0
923,2011-01-04T00:00:00,TMAX,GHCND:USC00335188,",,7,",61
924,2011-01-04T00:00:00,TMIN,GHCND:USC00335188,",,7,",-89
925,2011-01-04T00:00:00,TOBS,GHCND:USC00335188,",,7,",0
926,2011-01-05T00:00:00,PRCP,GHCND:USC00335188,",,7,",0
927,2011-01-05T00:00:00,TMAX,GHCND:USC00335188,",,7,",61
928,2011-01-05T00:00:00,TMIN,GHCND:USC00335188,",,7,",-78
929,2011-01-05T00:00:00,TOBS,GHCND:USC00335188,",,7,",-72
930,2011-01-06T00:00:00,PRCP,GHCND:USC00335188,",,7,",0
931,2011-01-06T00:00:00,TMAX,GHCND:USC00335188,",,7,",22
932,2011-01-06T00:00:00,TMIN,GHCND:USC00335188,",,7,",-150
933,2011-01-06T00:00:00,TOBS,GHCND:USC00335188,",,7,",-28
934,2011-01-07T00:00:00,PRCP,GHCND:USC00335188,"T,,7,",0
935,2011-01-07T00:00:00,TMAX,GHCND:USC00335188,",,7,",33
936,2011-01-07T00:00:00,TMIN,GHCND:USC00335188,",,7,",-50
937,2011-01-07T00:00:00,TOBS,GHCND:USC00335188,",,7,",-44
938,2011-01-10T00:00:00,DAPR,GHCND:USC00335188,",,7,",3
939,2011-01-10T00:00:00,MDPR,GHCND:USC00335188,",,7,",5
940,2011-01-10T00:00:00,TOBS,GHCND:USC00335188,",,7,",-61
941,2011-01-11T00:00:00,PRCP,GHCND:USC00335188,",,7,",0
942,2011-01-11T00:00:00,TMAX,GHCND:USC00335188,",,7,",-17
943,2011-01-11T00:00:00,TMIN,GHCND:USC00335188,",,7,",-61
944,2011-01-11T00:00:00,TOBS,GHCND:USC00335188,",,7,",-33
945,2011-01-12T00:00:00,PRCP,GHCND:USC00335188,",,7,",66
946,2011-01-12T00:00:00,TMAX,GHCND:USC00335188,",,7,",-17
947,2011-01-12T00:00:00,TMIN,GHCND:USC00335188,",,7,",-50
948,2011-01-12T00:00:00,TOBS,GHCND:USC00335188,",,7,",-44
949,2011-01-13T00:00:00,PRCP,GHCND:USC00335188,",,7,",0
950,2011-01-13T00:00:00,TMAX,GHCND:USC00335188,",,7,",-33
951,2011-01-13T00:00:00,TMIN,GHCND:USC00335188,",,7,",-61
952,2011-01-13T00:00:00,TOBS,GHCND:USC00335188,",,7,",-61
953,2011-01-14T00:00:00,PRCP,GHCND:USC00335188,",,7,",0
954,2011-01-14T00:00:00,TMAX,GHCND:USC00335188,",,7,",-22
955,2011-01-14T00:00:00,TMIN,GHCND:USC00335188,",,7,",-78
956,2011-01-14T00:00:00,TOBS,GHCND:USC00335188,",,7,",-56
957,2011-01-17T00:00:00,DAPR,GHCND:USC00335188,",,7,",3
958,2011-01-17T00:00:00,MDPR,GHCND:USC00335188,",,7,",0
959,2011-01-17T00:00:00,TOBS,GHCND:USC00335188,",,7,",-94
960,2011-01-18T00:00:00,PRCP,GHCND:USC00335188,",,7,",3
961,2011-01-18T00:00:00,TMAX,GHCND:USC00335188,",,7,",44
962,2011-01-18T00:00:00,TMIN,GHCND:USC00335188,",,7,",-94
963,2011-01-18T00:00:00,TOBS,GHCND:USC00335188,",,7,",39
964,2011-01-19T00:00:00,PRCP,GHCND:USC00335188,",,7,",51
965,2011-01-19T00:00:00,TMAX,GHCND:USC00335188,",,7,",61
966,2011-01-19T00:00:00,TMIN,GHCND:USC00335188,",,7,",11
967,2011-01-19T00:00:00,TOBS,GHCND:USC00335188,",,7,",11
968,2011-01-20T00:00:00,PRCP,GHCND:USC00335188,",,7,",5
969,2011-01-20T00:00:00,TMAX,GHCND:USC00335188,",,7,",17
970,2011-01-20T00:00:00,TMIN,GHCND:USC00335188,",,7,",-17
971,2011-01-20T00:00:00,TOBS,GHCND:USC00335188,",,7,",-11
972,2011-01-21T00:00:00,PRCP,GHCND:USC00335188,",,7,",119
973,2011-01-21T00:00:00,TMAX,GHCND:USC00335188,",,7,",-11
974,2011-01-21T00:00:00,TMIN,GHCND:USC00335188,",,7,",-128
975,2011-01-21T00:00:00,TOBS,GHCND:USC00335188,",,7,",-128
976,2011-01-24T00:00:00,PRCP,GHCND:USC00335188,",,7,",5
977,2011-01-24T00:00:00,TOBS,GHCND:USC00335188,",,7,",-72
978,2011-01-25T00:00:00,PRCP,GHCND:USC00335188,",,7,",3
979,2011-01-25T00:00:00,TMAX,GHCND:USC00335188,",,7,",22
980,2011-01-25T00:00:00,TMIN,GHCND:USC00335188,",,7,",-72
981,2011-01-25T00:00:00,TOBS,GHCND:USC00335188,",,7,",6
982,2011-01-26T00:00:00,PRCP,GHCND:USC00335188,",,7,",0
983,2011-01-26T00:00:00,TMAX,GHCND:USC00335188,",,7,",50
984,2011-01-26T00:00:00,TMIN,GHCND:USC00335188,",,7,",-22
985,2011-01-26T00:00:00,TOBS,GHCND:USC00335188,",,7,",-22
986,2011-01-27T00:00:00,PRCP,GHCND:USC00335188,",,7,",0
987,2011-01-27T00:00:00,TMAX,GHCND:USC00335188,",,7,",-11
988,2011-01-27T00:00:00,TMIN,GHCND:USC00335188,",,7,",-33
989,2011-01-27T00:00:00,TOBS,GHCND:USC00335188,",,7,",-22
990,2011-01-28T00:00:00,PRCP,GHCND:USC00335188,",,7,",25
991,2011-01-28T00:00:00,TMAX,GHCND:USC00335188,",,7,",11
992,2011-01-28T00:00:00,TMIN,GHCND:USC00335188,",,7,",-22
993,2011-01-28T00:00:00,TOBS,GHCND:USC00335188,",,7,",-17
994,2011-01-31T00:00:00,DAPR,GHCND:USC00335188,",,7,",3
995,2011-01-31T00:00:00,MDPR,GHCND:USC00335188,",,7,",0
996,2011-01-31T00:00:00,TOBS,GHCND:USC00335188,",,7,",-56
997,2011-02-01T00:00:00,PRCP,GHCND:USC00335188,",,7,",8
998,2011-02-01T00:00:00,TMAX,GHCND:USC00335188,",,7,",6
999,2011-02-01T00:00:00,TMIN,GHCND:USC00335188,",,7,",-89
1000,2011-02-01T00:00:00,TOBS,GHCND:USC00335188,",,7,",-11
1001,2011-02-02T00:00:00,PRCP,GHCND:USC00335188,",,7,",122
1002,2011-02-02T00:00:00,TMAX,GHCND:USC00335188,",,7,",44
1003,2011-02-02T00:00:00,TMIN,GHCND:USC00335188,",,7,",-22
1004,2011-02-02T00:00:00,TOBS,GHCND:USC00335188,",,7,",-22
1005,2011-02-03T00:00:00,PRCP,GHCND:USC00335188,",,7,",3
1006,2011-02-03T00:00:00,TMAX,GHCND:USC00335188,",,7,",-22
1007,2011-02-03T00:00:00,TMIN,GHCND:USC00335188,",,7,",-111
1008,2011-02-03T00:00:00,TOBS,GHCND:USC00335188,",,7,",-111
1009,2011-02-04T00:00:00,PRCP,GHCND:USC00335188,",,7,",0
1010,2011-02-04T00:00:00,TMAX,GHCND:USC00335188,",,7,",-6
1011,2011-02-04T00:00:00,TMIN,GHCND:USC00335188,",,7,",-117
1012,2011-02-04T00:00:00,TOBS,GHCND:USC00335188,",,7,",-106
1013,2011-02-07T00:00:00,DAPR,GHCND:USC00335188,",,7,",3
1014,2011-02-07T00:00:00,MDPR,GHCND:USC00335188,",,7,",56
1015,2011-02-07T00:00:00,TOBS,GHCND:USC00335188,",,7,",17
1016,2011-02-08T00:00:00,PRCP,GHCND:USC00335188,",,7,",0
1017,2011-02-08T00:00:00,TMAX,GHCND:USC00335188,",,7,",28
1018,2011-02-08T00:00:00,TMIN,GHCND:USC00335188,",,7,",-22
1019,2011-02-08T00:00:00,TOBS,GHCND:USC00335188,",,7,",-22
1020,2011-02-09T00:00:00,PRCP,GHCND:USC00335188,",,7,",0
1021,2011-02-09T00:00:00,TMAX,GHCND:USC00335188,",,7,",-22
1022,2011-02-09T00:00:00,TMIN,GHCND:USC00335188,",,7,",-111
1023,2011-02-09T00:00:00,TOBS,GHCND:USC00335188,",,7,",-106
1024,2011-02-10T00:00:00,PRCP,GHCND:USC00335188,",,7,",0
1025,2011-02-10T00:00:00,TMAX,GHCND:USC00335188,",,7,",-56
1026,2011-02-10T00:00:00,TMIN,GHCND:USC00335188,",,7,",-144
1027,2011-02-10T00:00:00,TOBS,GHCND:USC00335188,",,7,",-144
1028,2011-02-11T00:00:00,PRCP,GHCND:USC00335188,",,7,",0
1029,2011-02-11T00:00:00,TMAX,GHCND:USC00335188,",,7,",-11
1030,2011-02-11T00:00:00,TMIN,GHCND:USC00335188,",,7,",-156
1031,2011-02-11T00:00:00,TOBS,GHCND:USC00335188,",,7,",-100
1032,2011-02-14T00:00:00,DAPR,GHCND:USC00335188,",,7,",3
1033,2011-02-14T00:00:00,MDPR,GHCND:USC00335188,",,7,",0
1034,2011-02-14T00:00:00,TOBS,GHCND:USC00335188,",,7,",89
1035,2011-02-15T00:00:00,PRCP,GHCND:USC00335188,",,7,",0
1036,2011-02-15T00:00:00,TMAX,GHCND:USC00335188,",,7,",89
1037,2011-02-15T00:00:00,TMIN,GHCND:USC00335188,",,7,",-61
1038,2011-02-15T00:00:00,TOBS,GHCND:USC00335188,",,7,",-61
1039,2011-02-16T00:00:00,PRCP,GHCND:USC00335188,",,7,",0
1040,2011-02-16T00:00:00,TMAX,GHCND:USC00335188,",,7,",83
1041,2011-02-16T00:00:00,TMIN,GHCND:USC00335188,",,7,",-61
1042,2011-02-16T00:00:00,TOBS,GHCND:USC00335188,",,7,",0
1043,2011-02-17T00:00:00,PRCP,GHCND:USC00335188,",,7,",0
1044,2011-02-17T00:00:00,TMAX,GHCND:USC00335188,",,7,",206
1045,2011-02-17T00:00:00,TMIN,GHCND:USC00335188,",,7,",0
1046,2011-02-17T00:00:00,TOBS,GHCND:USC00335188,",,7,",111
1047,2011-02-18T00:00:00,PRCP,GHCND:USC00335188,",,7,",0
1048,2011-02-18T00:00:00,TMAX,GHCND:USC00335188,",,7,",183
1049,2011-02-18T00:00:00,TMIN,GHCND:USC00335188,",,7,",106
1050,2011-02-18T00:00:00,TOBS,GHCND:USC00335188,",,7,",161
1051,2011-02-21T00:00:00,DAPR,GHCND:USC00335188,",,7,",3
1052,2011-02-21T00:00:00,MDPR,GHCND:USC00335188,",,7,",10
1053,2011-02-21T00:00:00,TOBS,GHCND:USC00335188,",,7,",156
1054,2011-02-22T00:00:00,PRCP,GHCND:USC00335188,",,7,",571
1055,2011-02-22T00:00:00,TMAX,GHCND:USC00335188,",,7,",161
1056,2011-02-22T00:00:00,TMIN,GHCND:USC00335188,",,7,",-22
1057,2011-02-22T00:00:00,TOBS,GHCND:USC00335188,",,7,",-22
1058,2011-02-24T00:00:00,PRCP,GHCND:USC00335188,",,7,",0
1059,2011-02-24T00:00:00,TMAX,GHCND:USC00335188,",,7,",61
1060,2011-02-24T00:00:00,TMIN,GHCND:USC00335188,",,7,",-33
1061,2011-02-24T00:00:00,TOBS,GHCND:USC00335188,",,7,",44
1062,2011-02-25T00:00:00,PRCP,GHCND:USC00335188,",,7,",411
1063,2011-02-25T00:00:00,TMAX,GHCND:USC00335188,",,7,",78
1064,2011-02-25T00:00:00,TMIN,GHCND:USC00335188,",,7,",0
1065,2011-02-25T00:00:00,TOBS,GHCND:USC00335188,",,7,",0
1066,2011-02-28T00:00:00,PRCP,GHCND:USC00335188,",,7,",132
1067,2011-02-28T00:00:00,TOBS,GHCND:USC00335188,",,7,",144
1068,2011-03-01T00:00:00,PRCP,GHCND:USC00335188,",,7,",0
1069,2011-03-01T00:00:00,TMAX,GHCND:USC00335188,",,7,",144
1070,2011-03-01T00:00:00,TMIN,GHCND:USC00335188,",,7,",-44
1071,2011-03-01T00:00:00,TOBS,GHCND:USC00335188,",,7,",-44
1072,2011-03-02T00:00:00,PRCP,GHCND:USC00335188,",,7,",0
1073,2011-03-02T00:00:00,TMAX,GHCND:USC00335188,",,7,",106
1074,2011-03-02T00:00:00,TMIN,GHCND:USC00335188,",,7,",-44
1075,2011-03-02T00:00:00,TOBS,GHCND:USC00335188,",,7,",-28
1076,2011-03-03T00:00:00,PRCP,GHCND:USC00335188,",,7,",0
1077,2011-03-03T00:00:00,TMAX,GHCND:USC00335188,",,7,",117
1078,2011-03-03T00:00:00,TMIN,GHCND:USC00335188,",,7,",-33
1079,2011-03-03T00:00:00,TOBS,GHCND:USC00335188,",,7,",-17
1080,2011-03-04T00:00:00,PRCP,GHCND:USC00335188,",,7,",18
1081,2011-03-04T00:00:00,TMAX,GHCND:USC00335188,",,7,",111
1082,2011-03-04T00:00:00,TMIN,GHCND:USC00335188,",,7,",-17
1083,2011-03-04T00:00:00,TOBS,GHCND:USC00335188,",,7,",61
1084,2011-03-05T00:00:00,PRCP,GHCND:USC00335188,",,7,",475
1085,2011-03-05T00:00:00,TMAX,GHCND:USC00335188,",,7,",133
1086,2011-03-05T00:00:00,TMIN,GHCND:USC00335188,",,7,",28
1087,2011-03-05T00:00:00,TOBS,GHCND:USC00335188,",,7,",28
1088,2011-03-07T00:00:00,PRCP,GHCND:USC00335188,",,7,",76
1089,2011-03-07T00:00:00,TOBS,GHCND:USC00335188,",,7,",-17
1090,2011-03-08T00:00:00,PRCP,GHCND:USC00335188,",,7,",0
1091,2011-03-08T00:00:00,TMAX,GHCND:USC00335188,",,7,",11
1092,2011-03-08T00:00:00,TMIN,GHCND:USC00335188,",,7,",-17
1093,2011-03-08T00:00:00,TOBS,GHCND:USC00335188,",,7,",11
1094,2011-03-09T00:00:00,PRCP,GHCND:USC00335188,",,7,",196
1095,2011-03-09T00:00:00,TMAX,GHCND:USC00335188,",,7,",133
1096,2011-03-09T00:00:00,TMIN,GHCND:USC00335188,",,7,",11
1097,2011-03-09T00:00:00,TOBS,GHCND:USC00335188,",,7,",61
1098,2011-03-10T00:00:00,PRCP,GHCND:USC00335188,",,7,",155
1099,2011-03-10T00:00:00,TMAX,GHCND:USC00335188,",,7,",122
1100,2011-03-10T00:00:00,TMIN,GHCND:USC00335188,",,7,",56
1101,2011-03-10T00:00:00,TOBS,GHCND:USC00335188,",,7,",56
1102,2011-03-11T00:00:00,PRCP,GHCND:USC00335188,",,7,",33
1103,2011-03-11T00:00:00,TMAX,GHCND:USC00335188,",,7,",56
1104,2011-03-11T00:00:00,TMIN,GHCND:USC00335188,",,7,",6
1105,2011-03-11T00:00:00,TOBS,GHCND:USC00335188,",,7,",6
1106,2011-03-14T00:00:00,PRCP,GHCND:USC00335188,",,7,",0
1107,2011-03-14T00:00:00,TOBS,GHCND:USC00335188,",,7,",28
1108,2011-03-16T00:00:00,PRCP,GHCND:USC00335188,",,7,",46
1109,2011-03-16T00:00:00,TMAX,GHCND:USC00335188,",,7,",117
1110,2011-03-16T00:00:00,TMIN,GHCND:USC00335188,",,7,",56
1111,2011-03-16T00:00:00,TOBS,GHCND:USC00335188,",,7,",56
1112,2011-03-17T00:00:00,PRCP,GHCND:USC00335188,",,7,",0
1113,2011-03-17T00:00:00,TMAX,GHCND:USC00335188,",,7,",161
1114,2011-03-17T00:00:00,TMIN,GHCND:USC00335188,",,7,",33
1115,2011-03-17T00:00:00,TOBS,GHCND:USC00335188,",,7,",39
1116,2011-03-18T00:00:00,PRCP,GHCND:USC00335188,",,7,",0
1117,2011-03-18T00:00:00,TMAX,GHCND:USC00335188,",,7,",233
1118,2011-03-18T00:00:00,TMIN,GHCND:USC00335188,",,7,",33
1119,2011-03-18T00:00:00,TOBS,GHCND:USC00335188,",,7,",178
1120,2011-03-21T00:00:00,PRCP,GHCND:USC00335188,",,7,",175
1121,2011-03-21T00:00:00,TOBS,GHCND:USC00335188,",,7,",189
1122,2011-03-22T00:00:00,PRCP,GHCND:USC00335188,",,7,",0
1123,2011-03-22T00:00:00,TMAX,GHCND:USC00335188,",,7,",267
1124,2011-03-22T00:00:00,TMIN,GHCND:USC00335188,",,7,",122
1125,2011-03-22T00:00:00,TOBS,GHCND:USC00335188,",,7,",122
1126,2011-03-23T00:00:00,PRCP,GHCND:USC00335188,",,7,",0
1127,2011-03-23T00:00:00,TMAX,GHCND:USC00335188,",,7,",250
1128,2011-03-23T00:00:00,TMIN,GHCND:USC00335188,",,7,",111
1129,2011-03-23T00:00:00,TOBS,GHCND:USC00335188,",,7,",200
1130,2011-03-24T00:00:00,PRCP,GHCND:USC00335188,",,7,",51
1131,2011-03-24T00:00:00,TMAX,GHCND:USC00335188,",,7,",233
1132,2011-03-24T00:00:00,TMIN,GHCND:USC00335188,",,7,",-22
1133,2011-03-24T00:00:00,TOBS,GHCND:USC00335188,",,7,",28
1134,2011-03-25T00:00:00,PRCP,GHCND:USC00335188,",,7,",0
1135,2011-03-25T00:00:00,TMAX,GHCND:USC00335188,",,7,",28
1136,2011-03-25T00:00:00,TMIN,GHCND:USC00335188,",,7,",-50
1137,2011-03-25T00:00:00,TOBS,GHCND:USC00335188,",,7,",-6
1138,2011-03-28T00:00:00,DAPR,GHCND:USC00335188,",,7,",3
1139,2011-03-28T00:00:00,MDPR,GHCND:USC00335188,",,7,",0
1140,2011-03-28T00:00:00,TOBS,GHCND:USC00335188,",,7,",-17
1141,2011-03-29T00:00:00,PRCP,GHCND:USC00335188,",,7,",0
1142,2011-03-29T00:00:00,TMAX,GHCND:USC00335188,",,7,",72
1143,2011-03-29T00:00:00,TMIN,GHCND:USC00335188,",,7,",-33
1144,2011-03-29T00:00:00,TOBS,GHCND:USC00335188,",,7,",-11
1145,2011-03-30T00:00:00,PRCP,GHCND:USC00335188,",,7,",0
1146,2011-03-30T00:00:00,TMAX,GHCND:USC00335188,",,7,",72
1147,2011-03-30T00:00:00,TMIN,GHCND:USC00335188,",,7,",-11
1148,2011-03-30T00:00:00,TOBS,GHCND:USC00335188,",,7,",33
1149,2011-03-31T00:00:00,PRCP,GHCND:USC00335188,",,7,",0
1150,2011-03-31T00:00:00,TMAX,GHCND:USC00335188,",,7,",50
1151,2011-03-31T00:00:00,TMIN,GHCND:USC00335188,",,7,",-22
1152,2011-03-31T00:00:00,TOBS,GHCND:USC00335188,",,7,",-22
1153,2011-04-01T00:00:00,PRCP,GHCND:USC00335188,",,7,",0
1154,2011-04-01T00:00:00,TMAX,GHCND:USC00335188,",,7,",78
1155,2011-04-01T00:00:00,TMIN,GHCND:USC00335188,",,7,",-33
1156,2011-04-01T00:00:00,TOBS,GHCND:USC00335188,",,7,",-33
1157,2011-04-04T00:00:00,PRCP,GHCND:USC00335188,",,7,",36
1158,2011-04-04T00:00:00,TOBS,GHCND:USC00335188,",,7,",222
1159,2011-04-05T00:00:00,PRCP,GHCND:USC00335188,",,7,",320
1160,2011-04-05T00:00:00,TMAX,GHCND:USC00335188,",,7,",222
1161,2011-04-05T00:00:00,TMIN,GHCND:USC00335188,",,7,",61
1162,2011-04-05T00:00:00,TOBS,GHCND:USC00335188,",,7,",61
1163,2011-04-07T00:00:00,PRCP,GHCND:USC00335188,",,7,",0
1164,2011-04-07T00:00:00,TMAX,GHCND:USC00335188,",,7,",222
1165,2011-04-07T00:00:00,TMIN,GHCND:USC00335188,",,7,",56
1166,2011-04-07T00:00:00,TOBS,GHCND:USC00335188,",,7,",61
1167,2011-04-08T00:00:00,PRCP,GHCND:USC00335188,",,7,",3
1168,2011-04-08T00:00:00,TMAX,GHCND:USC00335188,",,7,",217
1169,2011-04-08T00:00:00,TMIN,GHCND:USC00335188,",,7,",56
1170,2011-04-08T00:00:00,TOBS,GHCND:USC00335188,",,7,",128
1171,2011-04-11T00:00:00,DAPR,GHCND:USC00335188,",,7,",3
1172,2011-04-11T00:00:00,MDPR,GHCND:USC00335188,",,7,",119
1173,2011-04-11T00:00:00,TOBS,GHCND:USC00335188,",,7,",222
1174,2011-04-12T00:00:00,PRCP,GHCND:USC00335188,",,7,",457
1175,2011-04-12T00:00:00,TMAX,GHCND:USC00335188,",,7,",222
1176,2011-04-12T00:00:00,TMIN,GHCND:USC00335188,",,7,",72
1177,2011-04-12T00:00:00,TOBS,GHCND:USC00335188,",,7,",72
1178,2011-04-13T00:00:00,PRCP,GHCND:USC00335188,",,7,",18
1179,2011-04-13T00:00:00,TMAX,GHCND:USC00335188,",,7,",150
1180,2011-04-13T00:00:00,TMIN,GHCND:USC00335188,",,7,",11
1181,2011-04-13T00:00:00,TOBS,GHCND:USC00335188,",,7,",11
1182,2011-04-14T00:00:00,PRCP,GHCND:USC00335188,",,7,",0
1183,2011-04-14T00:00:00,TMAX,GHCND:USC00335188,",,7,",206
1184,2011-04-14T00:00:00,TMIN,GHCND:USC00335188,",,7,",6
1185,2011-04-14T00:00:00,TOBS,GHCND:USC00335188,",,7,",33
1186,2011-04-15T00:00:00,PRCP,GHCND:USC00335188,",,7,",0
1187,2011-04-15T00:00:00,TMAX,GHCND:USC00335188,",,7,",222
1188,2011-04-15T00:00:00,TMIN,GHCND:USC00335188,",,7,",28
1189,2011-04-15T00:00:00,TOBS,GHCND:USC00335188,",,7,",83
1190,2011-04-18T00:00:00,PRCP,GHCND:USC00335188,",,7,",335
1191,2011-04-18T00:00:00,TOBS,GHCND:USC00335188,",,7,",144
1192,2011-04-19T00:00:00,PRCP,GHCND:USC00335188,",,7,",203
1193,2011-04-19T00:00:00,TMAX,GHCND:USC00335188,",,7,",244
1194,2011-04-19T00:00:00,TMIN,GHCND:USC00335188,",,7,",100
1195,2011-04-19T00:00:00,TOBS,GHCND:USC00335188,",,7,",106
1196,2011-04-20T00:00:00,PRCP,GHCND:USC00335188,",,7,",447
1197,2011-04-20T00:00:00,TOBS,GHCND:USC00335188,",,7,",161
1198,2011-04-21T00:00:00,PRCP,GHCND:USC00335188,",,7,",25
1199,2011-04-21T00:00:00,TMAX,GHCND:USC00335188,",,7,",167
1200,2011-04-21T00:00:00,TMIN,GHCND:USC00335188,",,7,",44
1201,2011-04-21T00:00:00,TOBS,GHCND:USC00335188,",,7,",44
1202,2011-04-22T00:00:00,PRCP,GHCND:USC00335188,",,7,",5
1203,2011-04-22T00:00:00,TMAX,GHCND:USC00335188,",,7,",150
1204,2011-04-22T00:00:00,TMIN,GHCND:USC00335188,",,7,",39
1205,2011-04-22T00:00:00,TOBS,GHCND:USC00335188,",,7,",89
1206,2011-04-25T00:00:00,DAPR,GHCND:USC00335188,",,7,",3
1207,2011-04-25T00:00:00,MDPR,GHCND:USC00335188,",,7,",1097
1208,2011-04-25T00:00:00,TOBS,GHCND:USC00335188,",,7,",161
1209,2011-04-26T00:00:00,PRCP,GHCND:USC00335188,",,7,",76
1210,2011-04-26T00:00:00,TMAX,GHCND:USC00335188,",,7,",233
1211,2011-04-26T00:00:00,TMIN,GHCND:USC00335188,",,7,",156
1212,2011-04-26T00:00:00,TOBS,GHCND:USC00335188,",,7,",206
1213,2011-04-27T00:00:00,PRCP,GHCND:USC00335188,",,7,",287
1214,2011-04-27T00:00:00,TMAX,GHCND:USC00335188,",,7,",217
1215,2011-04-27T00:00:00,TMIN,GHCND:USC00335188,",,7,",167
1216,2011-04-27T00:00:00,TOBS,GHCND:USC00335188,",,7,",167
1217,2011-04-28T00:00:00,PRCP,GHCND:USC00335188,",,7,",140
1218,2011-04-28T00:00:00,TMAX,GHCND:USC00335188,",,7,",211
1219,2011-04-28T00:00:00,TMIN,GHCND:USC00335188,",,7,",78
1220,2011-04-28T00:00:00,TOBS,GHCND:USC00335188,",,7,",78
1221,2011-04-29T00:00:00,PRCP,GHCND:USC00335188,",,7,",69
1222,2011-04-29T00:00:00,TMAX,GHCND:USC00335188,",,7,",189
1223,2011-04-29T00:00:00,TMIN,GHCND:USC00335188,",,7,",61
1224,2011-04-29T00:00:00,TOBS,GHCND:USC00335188,",,7,",61
1225,2011-04-30T00:00:00,PRCP,GHCND:USC00335188,",,7,",0
1226,2011-04-30T00:00:00,TMAX,GHCND:USC00335188,",,7,",172
1227,2011-04-30T00:00:00,TMIN,GHCND:USC00335188,",,7,",61
1228,2011-04-30T00:00:00,TOBS,GHCND:USC00335188,",,7,",61
1229,2011-05-02T00:00:00,DAPR,GHCND:USC00335188,",,7,",2
1230,2011-05-02T00:00:00,MDPR,GHCND:USC00335188,",,7,",325
1231,2011-05-02T00:00:00,TOBS,GHCND:USC00335188,",,7,",111
1232,2011-05-03T00:00:00,PRCP,GHCND:USC00335188,",,7,",335
1233,2011-05-03T00:00:00,TMAX,GHCND:USC00335188,",,7,",122
1234,2011-05-03T00:00:00,TMIN,GHCND:USC00335188,",,7,",78
1235,2011-05-03T00:00:00,TOBS,GHCND:USC00335188,",,7,",78
1236,2011-05-04T00:00:00,PRCP,GHCND:USC00335188,",,7,",63
1237,2011-05-04T00:00:00,TMAX,GHCND:USC00335188,",,7,",117
1238,2011-05-04T00:00:00,TMIN,GHCND:USC00335188,",,7,",33
1239,2011-05-04T00:00:00,TOBS,GHCND:USC00335188,",,7,",44
1240,2011-05-05T00:00:00,PRCP,GHCND:USC00335188,",,7,",48
1241,2011-05-05T00:00:00,TMAX,GHCND:USC00335188,",,7,",122
1242,2011-05-05T00:00:00,TMIN,GHCND:USC00335188,",,7,",17
1243,2011-05-05T00:00:00,TOBS,GHCND:USC00335188,",,7,",17
1244,2011-05-06T00:00:00,PRCP,GHCND:USC00335188,",,7,",0
1245,2011-05-06T00:00:00,TMAX,GHCND:USC00335188,",,7,",183
1246,2011-05-06T00:00:00,TMIN,GHCND:USC00335188,",,7,",6
1247,2011-05-06T00:00:00,TOBS,GHCND:USC00335188,",,7,",72
1248,2011-05-09T00:00:00,DAPR,GHCND:USC00335188,",,7,",3
1249,2011-05-09T00:00:00,MDPR,GHCND:USC00335188,",,7,",61
1250,2011-05-09T00:00:00,TOBS,GHCND:USC00335188,",,7,",83
1251,2011-05-10T00:00:00,PRCP,GHCND:USC00335188,",,7,",0
1252,2011-05-10T00:00:00,TMAX,GHCND:USC00335188,",,7,",261
1253,2011-05-10T00:00:00,TMIN,GHCND:USC00335188,",,7,",61
1254,2011-05-10T00:00:00,TOBS,GHCND:USC00335188,",,7,",144
1255,2011-05-11T00:00:00,PRCP,GHCND:USC00335188,",,7,",0
1256,2011-05-11T00:00:00,TMAX,GHCND:USC00335188,",,7,",283
1257,2011-05-11T00:00:00,TMIN,GHCND:USC00335188,",,7,",100
1258,2011-05-11T00:00:00,TOBS,GHCND:USC00335188,",,7,",183
1259,2011-05-12T00:00:00,PRCP,GHCND:USC00335188,",,7,",0
1260,2011-05-12T00:00:00,TMAX,GHCND:USC00335188,",,7,",322
1261,2011-05-12T00:00:00,TMIN,GHCND:USC00335188,",,7,",178
1262,2011-05-12T00:00:00,TOBS,GHCND:USC00335188,",,7,",183
1263,2011-05-16T00:00:00,PRCP,GHCND:USC00335188,",,7,",119
1264,2011-05-16T00:00:00,TOBS,GHCND:USC00335188,",,7,",78
1265,2011-05-17T00:00:00,PRCP,GHCND:USC00335188,",,7,",0
1266,2011-05-17T00:00:00,TMAX,GHCND:USC00335188,",,7,",117
1267,2011-05-17T00:00:00,TMIN,GHCND:USC00335188,",,7,",-22
1268,2011-05-17T00:00:00,TOBS,GHCND:USC00335188,",,7,",78
1269,2011-05-18T00:00:00,PRCP,GHCND:USC00335188,",,7,",56
1270,2011-05-18T00:00:00,TMAX,GHCND:USC00335188,",,7,",111
1271,2011-05-18T00:00:00,TMIN,GHCND:USC00335188,",,7,",0
1272,2011-05-18T00:00:00,TOBS,GHCND:USC00335188,",,7,",106
1273,2011-05-19T00:00:00,PRCP,GHCND:USC00335188,",,7,",5
1274,2011-05-19T00:00:00,TMAX,GHCND:USC00335188,",,7,",133
1275,2011-05-19T00:00:00,TMIN,GHCND:USC00335188,",,7,",106
1276,2011-05-19T00:00:00,TOBS,GHCND:USC00335188,",,7,",133
1277,2011-05-20T00:00:00,PRCP,GHCND:USC00335188,",,7,",5
1278,2011-05-20T00:00:00,TMAX,GHCND:USC00335188,",,7,",222
1279,2011-05-20T00:00:00,TMIN,GHCND:USC00335188,",,7,",106
1280,2011-05-20T00:00:00,TOBS,GHCND:USC00335188,",,7,",106
1281,2011-05-23T00:00:00,DAPR,GHCND:USC00335188,",,7,",3
1282,2011-05-23T00:00:00,MDPR,GHCND:USC00335188,",,7,",424
1283,2011-05-23T00:00:00,TOBS,GHCND:USC00335188,",,7,",189
1284,2011-05-24T00:00:00,PRCP,GHCND:USC00335188,",,7,",137
1285,2011-05-24T00:00:00,TOBS,GHCND:USC00335188,",,7,",178
1286,2011-05-25T00:00:00,PRCP,GHCND:USC00335188,",,7,",0
1287,2011-05-25T00:00:00,TMAX,GHCND:USC00335188,",,7,",294
1288,2011-05-25T00:00:00,TMIN,GHCND:USC00335188,",,7,",156
1289,2011-05-25T00:00:00,TOBS,GHCND:USC00335188,",,7,",161
1290,2011-05-26T00:00:00,PRCP,GHCND:USC00335188,",,7,",173
1291,2011-05-26T00:00:00,TMAX,GHCND:USC00335188,",,7,",306
1292,2011-05-26T00:00:00,TMIN,GHCND:USC00335188,",,7,",161
1293,2011-05-26T00:00:00,TOBS,GHCND:USC00335188,",,7,",178
1294,2011-05-27T00:00:00,PRCP,GHCND:USC00335188,",,7,",107
1295,2011-05-27T00:00:00,TMAX,GHCND:USC00335188,",,7,",222
1296,2011-05-27T00:00:00,TMIN,GHCND:USC00335188,",,7,",128
1297,2011-05-27T00:00:00,TOBS,GHCND:USC00335188,",,7,",128
1298,2011-05-31T00:00:00,DAPR,GHCND:USC00335188,",,7,",4
1299,2011-05-31T00:00:00,MDPR,GHCND:USC00335188,",,7,",0
1300,2011-05-31T00:00:00,TOBS,GHCND:USC00335188,",,7,",206
1301,2011-06-01T00:00:00,PRCP,GHCND:USC00335188,",,7,",0
1302,2011-06-01T00:00:00,TMAX,GHCND:USC00335188,",,7,",344
1303,2011-06-01T00:00:00,TMIN,GHCND:USC00335188,",,7,",206
1304,2011-06-01T00:00:00,TOBS,GHCND:USC00335188,",,7,",217
1305,2011-06-02T00:00:00,PRCP,GHCND:USC00335188,",,7,",0
1306,2011-06-02T00:00:00,TMAX,GHCND:USC00335188,",,7,",328
1307,2011-06-02T00:00:00,TMIN,GHCND:USC00335188,",,7,",144
1308,2011-06-02T00:00:00,TOBS,GHCND:USC00335188,",,7,",144
1309,2011-06-03T00:00:00,PRCP,GHCND:USC00335188,",,7,",0
1310,2011-06-03T00:00:00,TMAX,GHCND:USC00335188,",,7,",267
1311,2011-06-03T00:00:00,TMIN,GHCND:USC00335188,",,7,",144
1312,2011-06-03T00:00:00,TOBS,GHCND:USC00335188,",,7,",167
1313,2011-06-06T00:00:00,DAPR,GHCND:USC00335188,",,7,",3
1314,2011-06-06T00:00:00,MDPR,GHCND:USC00335188,",,7,",0
1315,2011-06-06T00:00:00,TOBS,GHCND:USC00335188,",,7,",178
1316,2011-06-07T00:00:00,PRCP,GHCND:USC00335188,",,7,",0
1317,2011-06-07T00:00:00,TMAX,GHCND:USC00335188,",,7,",333
1318,2011-06-07T00:00:00,TMIN,GHCND:USC00335188,",,7,",172
1319,2011-06-07T00:00:00,TOBS,GHCND:USC00335188,",,7,",189
1320,2011-06-08T00:00:00,PRCP,GHCND:USC00335188,",,7,",0
1321,2011-06-08T00:00:00,TMAX,GHCND:USC00335188,",,7,",356
1322,2011-06-08T00:00:00,TMIN,GHCND:USC00335188,",,7,",189
1323,2011-06-08T00:00:00,TOBS,GHCND:USC00335188,",,7,",206
1324,2011-06-09T00:00:00,PRCP,GHCND:USC00335188,",,7,",0
1325,2011-06-09T00:00:00,TMAX,GHCND:USC00335188,",,7,",356
1326,2011-06-09T00:00:00,TMIN,GHCND:USC00335188,",,7,",189
1327,2011-06-09T00:00:00,TOBS,GHCND:USC00335188,",,7,",222
1328,2011-06-13T00:00:00,DAPR,GHCND:USC00335188,",,7,",3
1329,2011-06-13T00:00:00,MDPR,GHCND:USC00335188,",,7,",960
1330,2011-06-13T00:00:00,TOBS,GHCND:USC00335188,",,7,",156
1331,2011-06-14T00:00:00,PRCP,GHCND:USC00335188,",,7,",0
1332,2011-06-14T00:00:00,TMAX,GHCND:USC00335188,",,7,",250
1333,2011-06-14T00:00:00,TMIN,GHCND:USC00335188,",,7,",128
1334,2011-06-14T00:00:00,TOBS,GHCND:USC00335188,",,7,",128
1335,2011-06-15T00:00:00,PRCP,GHCND:USC00335188,",,7,",0
1336,2011-06-15T00:00:00,TMAX,GHCND:USC00335188,",,7,",267
1337,2011-06-15T00:00:00,TMIN,GHCND:USC00335188,",,7,",128
1338,2011-06-15T00:00:00,TOBS,GHCND:USC00335188,",,7,",144
1339,2011-06-16T00:00:00,PRCP,GHCND:USC00335188,",,7,",188
1340,2011-06-16T00:00:00,TMAX,GHCND:USC00335188,",,7,",194
1341,2011-06-16T00:00:00,TMIN,GHCND:USC00335188,",,7,",144
1342,2011-06-16T00:00:00,TOBS,GHCND:USC00335188,",,7,",167
1343,2011-06-17T00:00:00,PRCP,GHCND:USC00335188,",,7,",0
1344,2011-06-17T00:00:00,TMAX,GHCND:USC00335188,",,7,",294
1345,2011-06-17T00:00:00,TMIN,GHCND:USC00335188,",,7,",167
1346,2011-06-17T00:00:00,TOBS,GHCND:USC00335188,",,7,",178
1347,2011-06-20T00:00:00,DAPR,GHCND:USC00335188,",,7,",3
1348,2011-06-20T00:00:00,MDPR,GHCND:USC00335188,",,7,",94
1349,2011-06-20T00:00:00,TOBS,GHCND:USC00335188,",,7,",178
1350,2011-06-21T00:00:00,PRCP,GHCND:USC00335188,",,7,",229
1351,2011-06-21T00:00:00,TOBS,GHCND:USC00335188,",,7,",200
1352,2011-06-22T00:00:00,PRCP,GHCND:USC00335188,",,7,",51
1353,2011-06-22T00:00:00,TMAX,GHCND:USC00335188,",,7,",317
1354,2011-06-22T00:00:00,TMIN,GHCND:USC00335188,",,7,",200
1355,2011-06-22T00:00:00,TOBS,GHCND:USC00335188,",,7,",217
1356,2011-06-23T00:00:00,PRCP,GHCND:USC00335188,",,7,",467
1357,2011-06-23T00:00:00,TMAX,GHCND:USC00335188,",,7,",278
1358,2011-06-23T00:00:00,TMIN,GHCND:USC00335188,",,7,",189
1359,2011-06-23T00:00:00,TOBS,GHCND:USC00335188,",,7,",189
1360,2011-06-24T00:00:00,PRCP,GHCND:USC00335188,",,7,",0
1361,2011-06-24T00:00:00,TOBS,GHCND:USC00335188,",,7,",189
1362,2011-06-27T00:00:00,DAPR,GHCND:USC00335188,",,7,",3
1363,2011-06-27T00:00:00,MDPR,GHCND:USC00335188,",,7,",236
1364,2011-06-27T00:00:00,TOBS,GHCND:USC00335188,",,7,",167
1365,2011-06-28T00:00:00,PRCP,GHCND:USC00335188,",,7,",51
1366,2011-06-28T00:00:00,TMAX,GHCND:USC00335188,",,7,",283
1367,2011-06-28T00:00:00,TMIN,GHCND:USC00335188,",,7,",167
1368,2011-06-28T00:00:00,TOBS,GHCND:USC00335188,",,7,",211
1369,2011-06-29T00:00:00,PRCP,GHCND:USC00335188,",,7,",0
1370,2011-06-29T00:00:00,TMAX,GHCND:USC00335188,",,7,",294
1371,2011-06-29T00:00:00,TMIN,GHCND:USC00335188,",,7,",139
1372,2011-06-29T00:00:00,TOBS,GHCND:USC00335188,",,7,",139
1373,2011-06-30T00:00:00,PRCP,GHCND:USC00335188,",,7,",0
1374,2011-06-30T00:00:00,TMAX,GHCND:USC00335188,",,7,",294
1375,2011-06-30T00:00:00,TMIN,GHCND:USC00335188,",,7,",133
1376,2011-06-30T00:00:00,TOBS,GHCND:USC00335188,",,7,",156
1377,2011-07-01T00:00:00,PRCP,GHCND:USC00335188,",,7,",0
1378,2011-07-01T00:00:00,TMAX,GHCND:USC00335188,",,7,",311
1379,2011-07-01T00:00:00,TMIN,GHCND:USC00335188,",,7,",156
1380,2011-07-01T00:00:00,TOBS,GHCND:USC00335188,",,7,",200
1381,2011-07-05T00:00:00,DAPR,GHCND:USC00335188,",,7,",4
1382,2011-07-05T00:00:00,MDPR,GHCND:USC00335188,",,7,",5
1383,2011-07-05T00:00:00,TOBS,GHCND:USC00335188,",,7,",200
1384,2011-07-06T00:00:00,PRCP,GHCND:USC00335188,",,7,",0
1385,2011-07-06T00:00:00,TMAX,GHCND:USC00335188,",,7,",339
1386,2011-07-06T00:00:00,TMIN,GHCND:USC00335188,",,7,",194
1387,2011-07-06T00:00:00,TOBS,GHCND:USC00335188,",,7,",200
1388,2011-07-07T00:00:00,PRCP,GHCND:USC00335188,",,7,",0
1389,2011-07-07T00:00:00,TMAX,GHCND:USC00335188,",,7,",333
1390,2011-07-07T00:00:00,TMIN,GHCND:USC00335188,",,7,",200
1391,2011-07-07T00:00:00,TOBS,GHCND:USC00335188,",,7,",206
1392,2011-07-08T00:00:00,PRCP,GHCND:USC00335188,",,7,",239
1393,2011-07-08T00:00:00,TMAX,GHCND:USC00335188,",,7,",328
1394,2011-07-08T00:00:00,TMIN,GHCND:USC00335188,",,7,",200
1395,2011-07-08T00:00:00,TOBS,GHCND:USC00335188,",,7,",206
1396,2011-07-11T00:00:00,DAPR,GHCND:USC00335188,",,7,",3
1397,2011-07-11T00:00:00,MDPR,GHCND:USC00335188,",,7,",152
1398,2011-07-11T00:00:00,TOBS,GHCND:USC00335188,",,7,",211
1399,2011-07-12T00:00:00,PRCP,GHCND:USC00335188,",,7,",0
1400,2011-07-12T00:00:00,TMAX,GHCND:USC00335188,",,7,",372
1401,2011-07-12T00:00:00,TMIN,GHCND:USC00335188,",,7,",211
1402,2011-07-12T00:00:00,TOBS,GHCND:USC00335188,",,7,",244
1403,2011-07-13T00:00:00,PRCP,GHCND:USC00335188,",,7,",0
1404,2011-07-13T00:00:00,TMAX,GHCND:USC00335188,",,7,",356
1405,2011-07-13T00:00:00,TMIN,GHCND:USC00335188,",,7,",228
1406,2011-07-13T00:00:00,TOBS,GHCND:USC00335188,",,7,",228
1407,2011-07-14T00:00:00,PRCP,GHCND:USC00335188,",,7,",0
1408,2011-07-14T00:00:00,TMAX,GHCND:USC00335188,",,7,",300
1409,2011-07-14T00:00:00,TMIN,GHCND:USC00335188,",,7,",167
1410,2011-07-14T00:00:00,TOBS,GHCND:USC00335188,",,7,",167
1411,2011-07-15T00:00:00,PRCP,GHCND:USC00335188,",,7,",0
1412,2011-07-15T00:00:00,TMAX,GHCND:USC00335188,",,7,",294
1413,2011-07-15T00:00:00,TMIN,GHCND:USC00335188,",,7,",161
1414,2011-07-15T00:00:00,TOBS,GHCND:USC00335188,",,7,",178
1415,2011-07-18T00:00:00,DAPR,GHCND:USC00335188,",,7,",3
1416,2011-07-18T00:00:00,MDPR,GHCND:USC00335188,",,7,",18
1417,2011-07-18T00:00:00,TOBS,GHCND:USC00335188,",,7,",233
1418,2011-07-19T00:00:00,PRCP,GHCND:USC00335188,",,7,",0
1419,2011-07-19T00:00:00,TMAX,GHCND:USC00335188,",,7,",350
1420,2011-07-19T00:00:00,TMIN,GHCND:USC00335188,",,7,",233
1421,2011-07-19T00:00:00,TOBS,GHCND:USC00335188,",,7,",261
1422,2011-07-20T00:00:00,PRCP,GHCND:USC00335188,",,7,",0
1423,2011-07-20T00:00:00,TMAX,GHCND:USC00335188,",,7,",361
1424,2011-07-20T00:00:00,TMIN,GHCND:USC00335188,",,7,",233
1425,2011-07-20T00:00:00,TOBS,GHCND:USC00335188,",,7,",239
1426,2011-07-21T00:00:00,PRCP,GHCND:USC00335188,",,7,",0
1427,2011-07-21T00:00:00,TMAX,GHCND:USC00335188,",,7,",378
1428,2011-07-21T00:00:00,TMIN,GHCND:USC00335188,",,7,",233
1429,2011-07-21T00:00:00,TOBS,GHCND:USC00335188,",,7,",244
1430,2011-07-22T00:00:00,PRCP,GHCND:USC00335188,",,7,",0
1431,2011-07-22T00:00:00,TMAX,GHCND:USC00335188,",,7,",383
1432,2011-07-22T00:00:00,TMIN,GHCND:USC00335188,",,7,",244
1433,2011-07-22T00:00:00,TOBS,GHCND:USC00335188,",,7,",256
1434,2011-07-25T00:00:00,DAPR,GHCND:USC00335188,",,7,",3
1435,2011-07-25T00:00:00,MDPR,GHCND:USC00335188,",,7,",3
1436,2011-07-25T00:00:00,TOBS,GHCND:USC00335188,",,7,",233
1437,2011-07-26T00:00:00,PRCP,GHCND:USC00335188,",,7,",0
1438,2011-07-26T00:00:00,TMAX,GHCND:USC00335188,",,7,",339
1439,2011-07-26T00:00:00,TMIN,GHCND:USC00335188,",,7,",211
1440,2011-07-26T00:00:00,TOBS,GHCND:USC00335188,",,7,",211
1441,2011-07-27T00:00:00,PRCP,GHCND:USC00335188,",,7,",0
1442,2011-07-27T00:00:00,TMAX,GHCND:USC00335188,",,7,",350
1443,2011-07-27T00:00:00,TMIN,GHCND:USC00335188,",,7,",211
1444,2011-07-27T00:00:00,TOBS,GHCND:USC00335188,",,7,",222
1445,2011-07-28T00:00:00,PRCP,GHCND:USC00335188,",,7,",0
1446,2011-07-28T00:00:00,TMAX,GHCND:USC00335188,",,7,",361
1447,2011-07-28T00:00:00,TMIN,GHCND:USC00335188,",,7,",217
1448,2011-07-28T00:00:00,TOBS,GHCND:USC00335188,",,7,",239
1449,2011-07-29T00:00:00,PRCP,GHCND:USC00335188,",,7,",0
1450,2011-07-29T00:00:00,TOBS,GHCND:USC00335188,",,7,",233
1451,2011-08-01T00:00:00,DAPR,GHCND:USC00335188,",,7,",3
1452,2011-08-01T00:00:00,MDPR,GHCND:USC00335188,",,7,",15
1453,2011-08-01T00:00:00,TOBS,GHCND:USC00335188,",,7,",194
1454,2011-08-02T00:00:00,PRCP,GHCND:USC00335188,",,7,",0
1455,2011-08-02T00:00:00,TMAX,GHCND:USC00335188,",,7,",372
1456,2011-08-02T00:00:00,TMIN,GHCND:USC00335188,",,7,",189
1457,2011-08-02T00:00:00,TOBS,GHCND:USC00335188,",,7,",222
1458,2011-08-03T00:00:00,PRCP,GHCND:USC00335188,",,7,",25
1459,2011-08-03T00:00:00,TMAX,GHCND:USC00335188,",,7,",367
1460,2011-08-03T00:00:00,TMIN,GHCND:USC00335188,",,7,",222
1461,2011-08-03T00:00:00,TOBS,GHCND:USC00335188,",,7,",244
1462,2011-08-04T00:00:00,PRCP,GHCND:USC00335188,",,7,",196
1463,2011-08-04T00:00:00,TOBS,GHCND:USC00335188,",,7,",211
1464,2011-08-05T00:00:00,PRCP,GHCND:USC00335188,",,7,",0
1465,2011-08-05T00:00:00,TMAX,GHCND:USC00335188,",,7,",333
1466,2011-08-05T00:00:00,TMIN,GHCND:USC00335188,",,7,",206
1467,2011-08-05T00:00:00,TOBS,GHCND:USC00335188,",,7,",217
1468,2011-08-08T00:00:00,DAPR,GHCND:USC00335188,",,7,",3
1469,2011-08-08T00:00:00,MDPR,GHCND:USC00335188,",,7,",472
1470,2011-08-08T00:00:00,TOBS,GHCND:USC00335188,",,7,",211
1471,2011-08-09T00:00:00,PRCP,GHCND:USC00335188,",,7,",18
1472,2011-08-09T00:00:00,TMAX,GHCND:USC00335188,",,7,",333
1473,2011-08-09T00:00:00,TMIN,GHCND:USC00335188,",,7,",206
1474,2011-08-09T00:00:00,TOBS,GHCND:USC00335188,",,7,",228
1475,2011-08-10T00:00:00,PRCP,GHCND:USC00335188,",,7,",0
1476,2011-08-10T00:00:00,TMAX,GHCND:USC00335188,",,7,",311
1477,2011-08-10T00:00:00,TMIN,GHCND:USC00335188,",,7,",194
1478,2011-08-10T00:00:00,TOBS,GHCND:USC00335188,",,7,",194
1479,2011-08-11T00:00:00,PRCP,GHCND:USC00335188,",,7,",0
1480,2011-08-11T00:00:00,TMAX,GHCND:USC00335188,",,7,",294
1481,2011-08-11T00:00:00,TMIN,GHCND:USC00335188,",,7,",144
1482,2011-08-11T00:00:00,TOBS,GHCND:USC00335188,",,7,",144
1483,2011-08-12T00:00:00,PRCP,GHCND:USC00335188,",,7,",0
1484,2011-08-12T00:00:00,TMAX,GHCND:USC00335188,",,7,",272
1485,2011-08-12T00:00:00,TMIN,GHCND:USC00335188,",,7,",133
1486,2011-08-12T00:00:00,TOBS,GHCND:USC00335188,",,7,",133
1487,2011-08-15T00:00:00,DAPR,GHCND:USC00335188,",,7,",3
1488,2011-08-15T00:00:00,MDPR,GHCND:USC00335188,",,7,",43
1489,2011-08-15T00:00:00,TOBS,GHCND:USC00335188,",,7,",183
1490,2011-08-16T00:00:00,PRCP,GHCND:USC00335188,",,7,",0
1491,2011-08-16T00:00:00,TMAX,GHCND:USC00335188,",,7,",278
1492,2011-08-16T00:00:00,TMIN,GHCND:USC00335188,",,7,",150
1493,2011-08-16T00:00:00,TOBS,GHCND:USC00335188,",,7,",150
1494,2011-08-17T00:00:00,PRCP,GHCND:USC00335188,",,7,",0
1495,2011-08-17T00:00:00,TMAX,GHCND:USC00335188,",,7,",300
1496,2011-08-17T00:00:00,TMIN,GHCND:USC00335188,",,7,",144
1497,2011-08-17T00:00:00,TOBS,GHCND:USC00335188,",,7,",156
1498,2011-08-18T00:00:00,PRCP,GHCND:USC00335188,",,7,",0
1499,2011-08-18T00:00:00,TMAX,GHCND:USC00335188,",,7,",311
1500,2011-08-18T00:00:00,TMIN,GHCND:USC00335188,",,7,",150
1501,2011-08-18T00:00:00,TOBS,GHCND:USC00335188,",,7,",183
1502,2011-08-19T00:00:00,PRCP,GHCND:USC00335188,",,7,",3
1503,2011-08-19T00:00:00,TMAX,GHCND:USC00335188,",,7,",333
1504,2011-08-19T00:00:00,TMIN,GHCND:USC00335188,",,7,",183
1505,2011-08-19T00:00:00,TOBS,GHCND:USC00335188,",,7,",189
1506,2011-08-22T00:00:00,DAPR,GHCND:USC00335188,",,7,",3
1507,2011-08-22T00:00:00,MDPR,GHCND:USC00335188,",,7,",69
1508,2011-08-22T00:00:00,TOBS,GHCND:USC00335188,",,7,",161
1509,2011-08-23T00:00:00,PRCP,GHCND:USC00335188,",,7,",0
1510,2011-08-23T00:00:00,TMAX,GHCND:USC00335188,",,7,",289
1511,2011-08-23T00:00:00,TMIN,GHCND:USC00335188,",,7,",156
1512,2011-08-23T00:00:00,TOBS,GHCND:USC00335188,",,7,",167
1513,2011-08-24T00:00:00,PRCP,GHCND:USC00335188,",,7,",0
1514,2011-08-24T00:00:00,TMAX,GHCND:USC00335188,",,7,",311
1515,2011-08-24T00:00:00,TMIN,GHCND:USC00335188,",,7,",161
1516,2011-08-24T00:00:00,TOBS,GHCND:USC00335188,",,7,",222
1517,2011-08-25T00:00:00,PRCP,GHCND:USC00335188,",,7,",0
1518,2011-08-25T00:00:00,TMAX,GHCND:USC00335188,",,7,",356
1519,2011-08-25T00:00:00,TMIN,GHCND:USC00335188,",,7,",217
1520,2011-08-25T00:00:00,TOBS,GHCND:USC00335188,",,7,",256
1521,2011-08-26T00:00:00,PRCP,GHCND:USC00335188,",,7,",3
1522,2011-08-26T00:00:00,TMAX,GHCND:USC00335188,",,7,",311
1523,2011-08-26T00:00:00,TMIN,GHCND:USC00335188,",,7,",172
1524,2011-08-26T00:00:00,TOBS,GHCND:USC00335188,",,7,",172
1525,2011-08-29T00:00:00,DAPR,GHCND:USC00335188,",,7,",3
1526,2011-08-29T00:00:00,MDPR,GHCND:USC00335188,",,7,",0
1527,2011-08-29T00:00:00,TOBS,GHCND:USC00335188,",,7,",172
1528,2011-08-30T00:00:00,PRCP,GHCND:USC00335188,",,7,",0
1529,2011-08-30T00:00:00,TMAX,GHCND:USC00335188,",,7,",283
1530,2011-08-30T00:00:00,TMIN,GHCND:USC00335188,",,7,",117
1531,2011-08-30T00:00:00,TOBS,GHCND:USC00335188,",,7,",117
1532,2011-08-31T00:00:00,PRCP,GHCND:USC00335188,",,7,",0
1533,2011-08-31T00:00:00,TMAX,GHCND:USC00335188,",,7,",294
1534,2011-08-31T00:00:00,TMIN,GHCND:USC00335188,",,7,",117
1535,2011-08-31T00:00:00,TOBS,GHCND:USC00335188,",,7,",161
1536,2011-09-01T00:00:00,PRCP,GHCND:USC00335188,",,7,",0
1537,2011-09-01T00:00:00,TMAX,GHCND:USC00335188,",,7,",333
1538,2011-09-01T00:00:00,TMIN,GHCND:USC00335188,",,7,",122
1539,2011-09-01T00:00:00,TOBS,GHCND:USC00335188,",,7,",211
1540,2011-09-02T00:00:00,PRCP,GHCND:USC00335188,"T,,7,",0
1541,2011-09-02T00:00:00,TMAX,GHCND:USC00335188,",,7,",372
1542,2011-09-02T00:00:00,TMIN,GHCND:USC00335188,",,7,",161
1543,2011-09-02T00:00:00,TOBS,GHCND:USC00335188,",,7,",217
1544,2011-09-06T00:00:00,DAPR,GHCND:USC00335188,",,7,",4
1545,2011-09-06T00:00:00,MDPR,GHCND:USC00335188,",,7,",404
1546,2011-09-06T00:00:00,TOBS,GHCND:USC00335188,",,7,",133
1547,2011-09-07T00:00:00,PRCP,GHCND:USC00335188,",,7,",28
1548,2011-09-07T00:00:00,TMAX,GHCND:USC00335188,",,7,",211
1549,2011-09-07T00:00:00,TMIN,GHCND:USC00335188,",,7,",128
1550,2011-09-07T00:00:00,TOBS,GHCND:USC00335188,",,7,",144
1551,2011-09-08T00:00:00,PRCP,GHCND:USC00335188,",,7,",147
1552,2011-09-08T00:00:00,TMAX,GHCND:USC00335188,",,7,",167
1553,2011-09-08T00:00:00,TMIN,GHCND:USC00335188,",,7,",144
1554,2011-09-08T00:00:00,TOBS,GHCND:USC00335188,",,7,",144
1555,2011-09-09T00:00:00,PRCP,GHCND:USC00335188,",,7,",20
1556,2011-09-09T00:00:00,TMAX,GHCND:USC00335188,",,7,",178
1557,2011-09-09T00:00:00,TMIN,GHCND:USC00335188,",,7,",144
1558,2011-09-09T00:00:00,TOBS,GHCND:USC00335188,",,7,",161
1559,2011-09-12T00:00:00,DAPR,GHCND:USC00335188,",,7,",3
1560,2011-09-12T00:00:00,MDPR,GHCND:USC00335188,",,7,",43
1561,2011-09-12T00:00:00,TOBS,GHCND:USC00335188,",,7,",144
1562,2011-09-13T00:00:00,PRCP,GHCND:USC00335188,",,7,",0
1563,2011-09-13T00:00:00,TMAX,GHCND:USC00335188,",,7,",289
1564,2011-09-13T00:00:00,TOBS,GHCND:USC00335188,",,7,",156
1565,2011-09-14T00:00:00,PRCP,GHCND:USC00335188,",,7,",0
1566,2011-09-14T00:00:00,TMAX,GHCND:USC00335188,",,7,",322
1567,2011-09-14T00:00:00,TMIN,GHCND:USC00335188,",,7,",156
1568,2011-09-14T00:00:00,TOBS,GHCND:USC00335188,",,7,",172
1569,2011-09-15T00:00:00,PRCP,GHCND:USC00335188,",,7,",107
1570,2011-09-15T00:00:00,TMAX,GHCND:USC00335188,",,7,",233
1571,2011-09-15T00:00:00,TOBS,GHCND:USC00335188,",,7,",83
1572,2011-09-16T00:00:00,PRCP,GHCND:USC00335188,",,7,",0
1573,2011-09-16T00:00:00,TMAX,GHCND:USC00335188,",,7,",178
1574,2011-09-16T00:00:00,TMIN,GHCND:USC00335188,",,7,",56
1575,2011-09-16T00:00:00,TOBS,GHCND:USC00335188,",,7,",61
1576,2011-09-19T00:00:00,DAPR,GHCND:USC00335188,",,7,",3
1577,2011-09-19T00:00:00,MDPR,GHCND:USC00335188,",,7,",15
1578,2011-09-19T00:00:00,TOBS,GHCND:USC00335188,",,7,",183
1579,2011-09-20T00:00:00,PRCP,GHCND:USC00335188,",,7,",109
1580,2011-09-20T00:00:00,TMAX,GHCND:USC00335188,",,7,",194
1581,2011-09-20T00:00:00,TMIN,GHCND:USC00335188,",,7,",178
1582,2011-09-20T00:00:00,TOBS,GHCND:USC00335188,",,7,",183
1583,2011-09-21T00:00:00,PRCP,GHCND:USC00335188,",,7,",56
1584,2011-09-21T00:00:00,TMAX,GHCND:USC00335188,",,7,",239
1585,2011-09-21T00:00:00,TMIN,GHCND:USC00335188,",,7,",183
1586,2011-09-21T00:00:00,TOBS,GHCND:USC00335188,",,7,",200
1587,2011-09-22T00:00:00,PRCP,GHCND:USC00335188,",,7,",48
1588,2011-09-22T00:00:00,TMAX,GHCND:USC00335188,",,7,",244
1589,2011-09-22T00:00:00,TMIN,GHCND:USC00335188,",,7,",150
1590,2011-09-22T00:00:00,TOBS,GHCND:USC00335188,",,7,",156
1591,2011-09-23T00:00:00,PRCP,GHCND:USC00335188,",,7,",119
1592,2011-09-23T00:00:00,TMAX,GHCND:USC00335188,",,7,",244
1593,2011-09-23T00:00:00,TMIN,GHCND:USC00335188,",,7,",128
1594,2011-09-23T00:00:00,TOBS,GHCND:USC00335188,",,7,",128
1595,2011-09-26T00:00:00,DAPR,GHCND:USC00335188,",,7,",3
1596,2011-09-26T00:00:00,MDPR,GHCND:USC00335188,",,7,",940
1597,2011-09-26T00:00:00,TOBS,GHCND:USC00335188,",,7,",183
1598,2011-09-27T00:00:00,PRCP,GHCND:USC00335188,",,7,",114
1599,2011-09-27T00:00:00,TMAX,GHCND:USC00335188,",,7,",222
1600,2011-09-27T00:00:00,TMIN,GHCND:USC00335188,",,7,",100
1601,2011-09-27T00:00:00,TOBS,GHCND:USC00335188,",,7,",117
1602,2011-09-28T00:00:00,PRCP,GHCND:USC00335188,",,7,",3
1603,2011-09-28T00:00:00,TMAX,GHCND:USC00335188,",,7,",206
1604,2011-09-28T00:00:00,TMIN,GHCND:USC00335188,",,7,",117
1605,2011-09-28T00:00:00,TOBS,GHCND:USC00335188,",,7,",128
1606,2011-09-29T00:00:00,PRCP,GHCND:USC00335188,",,7,",76
1607,2011-09-29T00:00:00,TMAX,GHCND:USC00335188,",,7,",178
1608,2011-09-29T00:00:00,TMIN,GHCND:USC00335188,",,7,",117
1609,2011-09-29T00:00:00,TOBS,GHCND:USC00335188,",,7,",117
1610,2011-09-30T00:00:00,PRCP,GHCND:USC00335188,",,7,",76
1611,2011-09-30T00:00:00,TMAX,GHCND:USC00335188,",,7,",250
1612,2011-09-30T00:00:00,TMIN,GHCND:USC00335188,",,7,",111
1613,2011-09-30T00:00:00,TOBS,GHCND:USC00335188,",,7,",128
1614,2011-10-03T00:00:00,DAPR,GHCND:USC00335188,",,7,",3
1615,2011-10-03T00:00:00,MDPR,GHCND:USC00335188,",,7,",0
1616,2011-10-03T00:00:00,TOBS,GHCND:USC00335188,",,7,",56
1617,2011-10-04T00:00:00,PRCP,GHCND:USC00335188,",,7,",0
1618,2011-10-04T00:00:00,TMAX,GHCND:USC00335188,",,7,",228
1619,2011-10-04T00:00:00,TMIN,GHCND:USC00335188,",,7,",56
1620,2011-10-04T00:00:00,TOBS,GHCND:USC00335188,",,7,",61
1621,2011-10-05T00:00:00,PRCP,GHCND:USC00335188,",,7,",0
1622,2011-10-05T00:00:00,TMAX,GHCND:USC00335188,",,7,",244
1623,2011-10-05T00:00:00,TMIN,GHCND:USC00335188,",,7,",56
1624,2011-10-05T00:00:00,TOBS,GHCND:USC00335188,",,7,",89
1625,2011-10-06T00:00:00,PRCP,GHCND:USC00335188,",,7,",0
1626,2011-10-06T00:00:00,TMAX,GHCND:USC00335188,",,7,",267
1627,2011-10-06T00:00:00,TMIN,GHCND:USC00335188,",,7,",83
1628,2011-10-06T00:00:00,TOBS,GHCND:USC00335188,",,7,",94
1629,2011-10-07T00:00:00,PRCP,GHCND:USC00335188,",,7,",0
1630,2011-10-07T00:00:00,TMAX,GHCND:USC00335188,",,7,",272
1631,2011-10-07T00:00:00,TMIN,GHCND:USC00335188,",,7,",94
1632,2011-10-07T00:00:00,TOBS,GHCND:USC00335188,",,7,",100
1633,2011-10-10T00:00:00,DAPR,GHCND:USC00335188,",,7,",3
1634,2011-10-10T00:00:00,MDPR,GHCND:USC00335188,",,7,",0
1635,2011-10-10T00:00:00,TOBS,GHCND:USC00335188,",,7,",117
1636,2011-10-11T00:00:00,PRCP,GHCND:USC00335188,",,7,",0
1637,2011-10-11T00:00:00,TMAX,GHCND:USC00335188,",,7,",272
1638,2011-10-11T00:00:00,TMIN,GHCND:USC00335188,",,7,",100
1639,2011-10-11T00:00:00,TOBS,GHCND:USC00335188,",,7,",100
1640,2011-10-12T00:00:00,PRCP,GHCND:USC00335188,",,7,",0
1641,2011-10-12T00:00:00,TMAX,GHCND:USC00335188,",,7,",250
1642,2011-10-12T00:00:00,TMIN,GHCND:USC00335188,",,7,",94
1643,2011-10-12T00:00:00,TOBS,GHCND:USC00335188,",,7,",161
1644,2011-10-13T00:00:00,PRCP,GHCND:USC00335188,",,7,",0
1645,2011-10-13T00:00:00,TMAX,GHCND:USC00335188,",,7,",183
1646,2011-10-13T00:00:00,TMIN,GHCND:USC00335188,",,7,",128
1647,2011-10-13T00:00:00,TOBS,GHCND:USC00335188,",,7,",128
1648,2011-10-14T00:00:00,PRCP,GHCND:USC00335188,",,7,",66
1649,2011-10-14T00:00:00,TMAX,GHCND:USC00335188,",,7,",172
1650,2011-10-14T00:00:00,TMIN,GHCND:USC00335188,",,7,",111
1651,2011-10-14T00:00:00,TOBS,GHCND:USC00335188,",,7,",111
1652,2011-10-17T00:00:00,DAPR,GHCND:USC00335188,",,7,",3
1653,2011-10-17T00:00:00,MDPR,GHCND:USC00335188,",,7,",0
1654,2011-10-17T00:00:00,TOBS,GHCND:USC00335188,",,7,",100
1655,2011-10-18T00:00:00,PRCP,GHCND:USC00335188,",,7,",0
1656,2011-10-18T00:00:00,TMAX,GHCND:USC00335188,",,7,",200
1657,2011-10-18T00:00:00,TMIN,GHCND:USC00335188,",,7,",67
1658,2011-10-18T00:00:00,TOBS,GHCND:USC00335188,",,7,",100
1659,2011-10-19T00:00:00,PRCP,GHCND:USC00335188,",,7,",117
1660,2011-10-19T00:00:00,TMAX,GHCND:USC00335188,",,7,",139
1661,2011-10-19T00:00:00,TMIN,GHCND:USC00335188,",,7,",78
1662,2011-10-19T00:00:00,TOBS,GHCND:USC00335188,",,7,",83
1663,2011-10-20T00:00:00,PRCP,GHCND:USC00335188,",,7,",554
1664,2011-10-20T00:00:00,TMAX,GHCND:USC00335188,",,7,",106
1665,2011-10-20T00:00:00,TMIN,GHCND:USC00335188,",,7,",61
1666,2011-10-20T00:00:00,TOBS,GHCND:USC00335188,",,7,",61
1667,2011-10-21T00:00:00,PRCP,GHCND:USC00335188,",,7,",51
1668,2011-10-21T00:00:00,TMAX,GHCND:USC00335188,",,7,",72
1669,2011-10-21T00:00:00,TMIN,GHCND:USC00335188,",,7,",44
1670,2011-10-21T00:00:00,TOBS,GHCND:USC00335188,",,7,",50
1671,2011-10-22T00:00:00,PRCP,GHCND:USC00335188,",,7,",0
1672,2011-10-22T00:00:00,TMAX,GHCND:USC00335188,",,7,",161
1673,2011-10-22T00:00:00,TMIN,GHCND:USC00335188,",,7,",11
1674,2011-10-22T00:00:00,TOBS,GHCND:USC00335188,",,7,",11
1675,2011-10-24T00:00:00,DAPR,GHCND:USC00335188,",,7,",2
1676,2011-10-24T00:00:00,MDPR,GHCND:USC00335188,",,7,",0
1677,2011-10-24T00:00:00,TOBS,GHCND:USC00335188,",,7,",78
1678,2011-10-25T00:00:00,PRCP,GHCND:USC00335188,",,7,",18
1679,2011-10-25T00:00:00,TMAX,GHCND:USC00335188,",,7,",206
1680,2011-10-25T00:00:00,TMIN,GHCND:USC00335188,",,7,",33
1681,2011-10-25T00:00:00,TOBS,GHCND:USC00335188,",,7,",33
1682,2011-10-26T00:00:00,PRCP,GHCND:USC00335188,",,7,",0
1683,2011-10-26T00:00:00,TMAX,GHCND:USC00335188,",,7,",228
1684,2011-10-26T00:00:00,TMIN,GHCND:USC00335188,",,7,",28
1685,2011-10-26T00:00:00,TOBS,GHCND:USC00335188,",,7,",172
1686,2011-10-27T00:00:00,PRCP,GHCND:USC00335188,",,7,",234
1687,2011-10-27T00:00:00,TMAX,GHCND:USC00335188,",,7,",233
1688,2011-10-27T00:00:00,TMIN,GHCND:USC00335188,",,7,",106
1689,2011-10-27T00:00:00,TOBS,GHCND:USC00335188,",,7,",106
1690,2011-10-28T00:00:00,PRCP,GHCND:USC00335188,",,7,",8
1691,2011-10-28T00:00:00,TMAX,GHCND:USC00335188,",,7,",111
1692,2011-10-28T00:00:00,TMIN,GHCND:USC00335188,",,7,",17
1693,2011-10-28T00:00:00,TOBS,GHCND:USC00335188,",,7,",67
1694,2011-10-31T00:00:00,DAPR,GHCND:USC00335188,",,7,",3
1695,2011-10-31T00:00:00,MDPR,GHCND:USC00335188,",,7,",0
1696,2011-10-31T00:00:00,TOBS,GHCND:USC00335188,",,7,",89
1697,2011-11-01T00:00:00,PRCP,GHCND:USC00335188,",,7,",13
1698,2011-11-01T00:00:00,TMAX,GHCND:USC00335188,",,7,",172
1699,2011-11-01T00:00:00,TMIN,GHCND:USC00335188,",,7,",0
1700,2011-11-01T00:00:00,TOBS,GHCND:USC00335188,",,7,",0
1701,2011-11-02T00:00:00,PRCP,GHCND:USC00335188,",,7,",0
1702,2011-11-02T00:00:00,TMAX,GHCND:USC00335188,",,7,",189
1703,2011-11-02T00:00:00,TMIN,GHCND:USC00335188,",,7,",-6
1704,2011-11-02T00:00:00,TOBS,GHCND:USC00335188,",,7,",22
1705,2011-11-03T00:00:00,PRCP,GHCND:USC00335188,",,7,",0
1706,2011-11-03T00:00:00,TMAX,GHCND:USC00335188,",,7,",206
1707,2011-11-03T00:00:00,TMIN,GHCND:USC00335188,",,7,",22
1708,2011-11-03T00:00:00,TOBS,GHCND:USC00335188,",,7,",56
1709,2011-11-04T00:00:00,PRCP,GHCND:USC00335188,",,7,",381
1710,2011-11-04T00:00:00,TOBS,GHCND:USC00335188,",,7,",83
1711,2011-11-07T00:00:00,DAPR,GHCND:USC00335188,",,7,",3
1712,2011-11-07T00:00:00,MDPR,GHCND:USC00335188,",,7,",5
1713,2011-11-07T00:00:00,TOBS,GHCND:USC00335188,",,7,",94
1714,2011-11-08T00:00:00,PRCP,GHCND:USC00335188,",,7,",0
1715,2011-11-08T00:00:00,TMAX,GHCND:USC00335188,",,7,",222
1716,2011-11-08T00:00:00,TMIN,GHCND:USC00335188,",,7,",67
1717,2011-11-08T00:00:00,TOBS,GHCND:USC00335188,",,7,",67
1718,2011-11-09T00:00:00,PRCP,GHCND:USC00335188,",,7,",0
1719,2011-11-09T00:00:00,TMAX,GHCND:USC00335188,",,7,",228
1720,2011-11-09T00:00:00,TMIN,GHCND:USC00335188,",,7,",61
1721,2011-11-09T00:00:00,TOBS,GHCND:USC00335188,",,7,",150
1722,2011-11-10T00:00:00,PRCP,GHCND:USC00335188,",,7,",41
1723,2011-11-10T00:00:00,TMAX,GHCND:USC00335188,",,7,",178
1724,2011-11-10T00:00:00,TMIN,GHCND:USC00335188,",,7,",28
1725,2011-11-10T00:00:00,TOBS,GHCND:USC00335188,",,7,",33
1726,2011-11-14T00:00:00,DAPR,GHCND:USC00335188,",,7,",4
1727,2011-11-14T00:00:00,MDPR,GHCND:USC00335188,",,7,",13
1728,2011-11-14T00:00:00,TOBS,GHCND:USC00335188,",,7,",189
1729,2011-11-15T00:00:00,PRCP,GHCND:USC00335188,",,7,",444
1730,2011-11-15T00:00:00,TMAX,GHCND:USC00335188,",,7,",233
1731,2011-11-15T00:00:00,TMIN,GHCND:USC00335188,",,7,",117
1732,2011-11-15T00:00:00,TOBS,GHCND:USC00335188,",,7,",117
1733,2011-11-16T00:00:00,PRCP,GHCND:USC00335188,",,7,",23
1734,2011-11-16T00:00:00,TMAX,GHCND:USC00335188,",,7,",139
1735,2011-11-16T00:00:00,TMIN,GHCND:USC00335188,",,7,",111
1736,2011-11-16T00:00:00,TOBS,GHCND:USC00335188,",,7,",128
1737,2011-11-17T00:00:00,PRCP,GHCND:USC00335188,",,7,",81
1738,2011-11-17T00:00:00,TMAX,GHCND:USC00335188,",,7,",128
1739,2011-11-17T00:00:00,TMIN,GHCND:USC00335188,",,7,",22
1740,2011-11-17T00:00:00,TOBS,GHCND:USC00335188,",,7,",28
1741,2011-11-18T00:00:00,PRCP,GHCND:USC00335188,",,7,",0
1742,2011-11-18T00:00:00,TMAX,GHCND:USC00335188,",,7,",78
1743,2011-11-18T00:00:00,TMIN,GHCND:USC00335188,",,7,",-44
1744,2011-11-18T00:00:00,TOBS,GHCND:USC00335188,",,7,",-44
1745,2011-11-19T00:00:00,PRCP,GHCND:USC00335188,",,7,",0
1746,2011-11-19T00:00:00,TMAX,GHCND:USC00335188,",,7,",100
1747,2011-11-19T00:00:00,TMIN,GHCND:USC00335188,",,7,",-44
1748,2011-11-19T00:00:00,TOBS,GHCND:USC00335188,",,7,",61
1749,2011-11-21T00:00:00,DAPR,GHCND:USC00335188,",,7,",2
1750,2011-11-21T00:00:00,MDPR,GHCND:USC00335188,",,7,",56
1751,2011-11-21T00:00:00,TOBS,GHCND:USC00335188,",,7,",83
1752,2011-11-22T00:00:00,PRCP,GHCND:USC00335188,",,7,",63
1753,2011-11-22T00:00:00,TOBS,GHCND:USC00335188,",,7,",83
1754,2011-11-23T00:00:00,PRCP,GHCND:USC00335188,",,7,",178
1755,2011-11-23T00:00:00,TMAX,GHCND:USC00335188,",,7,",178
1756,2011-11-23T00:00:00,TMIN,GHCND:USC00335188,",,7,",61
1757,2011-11-23T00:00:00,TOBS,GHCND:USC00335188,",,7,",72
1758,2011-11-28T00:00:00,DAPR,GHCND:USC00335188,",,7,",5
1759,2011-11-28T00:00:00,MDPR,GHCND:USC00335188,",,7,",335
1760,2011-11-28T00:00:00,TOBS,GHCND:USC00335188,",,7,",61
1761,2011-11-29T00:00:00,PRCP,GHCND:USC00335188,",,7,",312
1762,2011-11-29T00:00:00,TMAX,GHCND:USC00335188,",,7,",117
1763,2011-11-29T00:00:00,TMIN,GHCND:USC00335188,",,7,",61
1764,2011-11-29T00:00:00,TOBS,GHCND:USC00335188,",,7,",61
1765,2011-11-30T00:00:00,PRCP,GHCND:USC00335188,",,7,",46
1766,2011-11-30T00:00:00,TMAX,GHCND:USC00335188,",,7,",61
1767,2011-11-30T00:00:00,TMIN,GHCND:USC00335188,",,7,",6
1768,2011-11-30T00:00:00,TOBS,GHCND:USC00335188,",,7,",17
1769,2011-12-01T00:00:00,PRCP,GHCND:USC00335188,",,7,",0
1770,2011-12-01T00:00:00,TMAX,GHCND:USC00335188,",,7,",61
1771,2011-12-01T00:00:00,TMIN,GHCND:USC00335188,",,7,",-44
1772,2011-12-01T00:00:00,TOBS,GHCND:USC00335188,",,7,",-44
1773,2011-12-02T00:00:00,PRCP,GHCND:USC00335188,",,7,",0
1774,2011-12-02T00:00:00,SNOW,GHCND:USC00335188,",,7,",0
1775,2011-12-02T00:00:00,SNWD,GHCND:USC00335188,",,7,",0
1776,2011-12-02T00:00:00,TMAX,GHCND:USC00335188,",,7,",94
1777,2011-12-02T00:00:00,TMIN,GHCND:USC00335188,",,7,",-44
1778,2011-12-02T00:00:00,TOBS,GHCND:USC00335188,",,7,",-22
1779,2011-12-05T00:00:00,PRCP,GHCND:USC00335188,",,7,",424
1780,2011-12-05T00:00:00,TOBS,GHCND:USC00335188,",,7,",100
1781,2011-12-06T00:00:00,PRCP,GHCND:USC00335188,",,7,",528
1782,2011-12-06T00:00:00,TMAX,GHCND:USC00335188,",,7,",106
1783,2011-12-06T00:00:00,TMIN,GHCND:USC00335188,",,7,",28
1784,2011-12-06T00:00:00,TOBS,GHCND:USC00335188,",,7,",33
1785,2011-12-07T00:00:00,PRCP,GHCND:USC00335188,",,7,",10
1786,2011-12-07T00:00:00,TMAX,GHCND:USC00335188,",,7,",33
1787,2011-12-07T00:00:00,TMIN,GHCND:USC00335188,",,7,",11
1788,2011-12-07T00:00:00,TOBS,GHCND:USC00335188,",,7,",11
1789,2011-12-08T00:00:00,PRCP,GHCND:USC00335188,",,7,",0
1790,2011-12-08T00:00:00,TMAX,GHCND:USC00335188,",,7,",22
1791,2011-12-08T00:00:00,TMIN,GHCND:USC00335188,",,7,",-22
1792,2011-12-08T00:00:00,TOBS,GHCND:USC00335188,",,7,",-22
1793,2011-12-09T00:00:00,PRCP,GHCND:USC00335188,",,7,",0
1794,2011-12-09T00:00:00,TMAX,GHCND:USC00335188,",,7,",67
1795,2011-12-09T00:00:00,TMIN,GHCND:USC00335188,",,7,",-33
1796,2011-12-09T00:00:00,TOBS,GHCND:USC00335188,",,7,",-22
1797,2011-12-12T00:00:00,DAPR,GHCND:USC00335188,",,7,",3
1798,2011-12-12T00:00:00,MDPR,GHCND:USC00335188,",,7,",0
1799,2011-12-12T00:00:00,TOBS,GHCND:USC00335188,",,7,",-78
1800,2011-12-13T00:00:00,PRCP,GHCND:USC00335188,",,7,",0
1801,2011-12-13T00:00:00,TMAX,GHCND:USC00335188,",,7,",100
1802,2011-12-13T00:00:00,TMIN,GHCND:USC00335188,",,7,",-78
1803,2011-12-13T00:00:00,TOBS,GHCND:USC00335188,",,7,",-22
1804,2011-12-14T00:00:00,PRCP,GHCND:USC00335188,",,7,",30
1805,2011-12-14T00:00:00,TMAX,GHCND:USC00335188,",,7,",78
1806,2011-12-14T00:00:00,TMIN,GHCND:USC00335188,",,7,",-22
1807,2011-12-14T00:00:00,TOBS,GHCND:USC00335188,",,7,",56
1808,2011-12-15T00:00:00,PRCP,GHCND:USC00335188,",,7,",69
1809,2011-12-15T00:00:00,TMAX,GHCND:USC00335188,",,7,",156
1810,2011-12-15T00:00:00,TMIN,GHCND:USC00335188,",,7,",56
1811,2011-12-15T00:00:00,TOBS,GHCND:USC00335188,",,7,",128
1812,2011-12-16T00:00:00,PRCP,GHCND:USC00335188,",,7,",28
1813,2011-12-16T00:00:00,TMAX,GHCND:USC00335188,",,7,",178
1814,2011-12-16T00:00:00,TMIN,GHCND:USC00335188,",,7,",6
1815,2011-12-16T00:00:00,TOBS,GHCND:USC00335188,",,7,",6
1816,2011-12-19T00:00:00,DAPR,GHCND:USC00335188,",,7,",3
1817,2011-12-19T00:00:00,MDPR,GHCND:USC00335188,",,7,",0
1818,2011-12-19T00:00:00,TOBS,GHCND:USC00335188,",,7,",67
1819,2011-12-20T00:00:00,PRCP,GHCND:USC00335188,",,7,",63
1820,2011-12-20T00:00:00,TMAX,GHCND:USC00335188,",,7,",111
1821,2011-12-20T00:00:00,TMIN,GHCND:USC00335188,",,7,",67
1822,2011-12-20T00:00:00,TOBS,GHCND:USC00335188,",,7,",67
1823,2011-12-21T00:00:00,PRCP,GHCND:USC00335188,",,7,",178
1824,2011-12-21T00:00:00,TMAX,GHCND:USC00335188,",,7,",139
1825,2011-12-21T00:00:00,TMIN,GHCND:USC00335188,",,7,",67
1826,2011-12-21T00:00:00,TOBS,GHCND:USC00335188,",,7,",139
1827,2011-12-22T00:00:00,PRCP,GHCND:USC00335188,",,7,",66
1828,2011-12-22T00:00:00,TMAX,GHCND:USC00335188,",,7,",161
1829,2011-12-22T00:00:00,TMIN,GHCND:USC00335188,",,7,",72
1830,2011-12-22T00:00:00,TOBS,GHCND:USC00335188,",,7,",72
1831,2011-12-23T00:00:00,PRCP,GHCND:USC00335188,",,7,",132
1832,2011-12-23T00:00:00,TMAX,GHCND:USC00335188,",,7,",83
1833,2011-12-23T00:00:00,TMIN,GHCND:USC00335188,",,7,",39
1834,2011-12-23T00:00:00,TOBS,GHCND:USC00335188,",,7,",44
1835,2011-12-27T00:00:00,DAPR,GHCND:USC00335188,",,7,",4
1836,2011-12-27T00:00:00,MDPR,GHCND:USC00335188,",,7,",112
1837,2011-12-27T00:00:00,TOBS,GHCND:USC00335188,",,7,",28
1838,2011-12-28T00:00:00,PRCP,GHCND:USC00335188,",,7,",79
1839,2011-12-28T00:00:00,TMAX,GHCND:USC00335188,",,7,",44
1840,2011-12-28T00:00:00,TMIN,GHCND:USC00335188,",,7,",11
1841,2011-12-28T00:00:00,TOBS,GHCND:USC00335188,",,7,",11
1842,2011-12-29T00:00:00,PRCP,GHCND:USC00335188,",,7,",5
1843,2011-12-29T00:00:00,TMAX,GHCND:USC00335188,",,7,",44
1844,2011-12-29T00:00:00,TMIN,GHCND:USC00335188,",,7,",-17
1845,2011-12-29T00:00:00,TOBS,GHCND:USC00335188,",,7,",17
1846,2011-12-30T00:00:00,PRCP,GHCND:USC00335188,",,7,",3
1847,2011-12-30T00:00:00,TMAX,GHCND:USC00335188,",,7,",122
1848,2011-12-30T00:00:00,TMIN,GHCND:USC00335188,",,7,",17
1849,2011-12-30T00:00:00,TOBS,GHCND:USC00335188,",,7,",78
1850,2012-01-03T00:00:00,DAPR,GHCND:USC00335188,",,7,",4
1851,2012-01-03T00:00:00,MDPR,GHCND:USC00335188,",,7,",66
1852,2012-01-03T00:00:00,TOBS,GHCND:USC00335188,",,7,",-72
1853,2012-01-04T00:00:00,PRCP,GHCND:USC00335188,",,7,",0
1854,2012-01-04T00:00:00,TMAX,GHCND:USC00335188,",,7,",-17
1855,2012-01-04T00:00:00,TMIN,GHCND:USC00335188,",,7,",-83
1856,2012-01-04T00:00:00,TOBS,GHCND:USC00335188,",,7,",-39
1857,2012-01-05T00:00:00,PRCP,GHCND:USC00335188,",,7,",0
1858,2012-01-05T00:00:00,TMAX,GHCND:USC00335188,",,7,",56
1859,2012-01-05T00:00:00,TMIN,GHCND:USC00335188,",,7,",-39
1860,2012-01-05T00:00:00,TOBS,GHCND:USC00335188,",,7,",-39
1861,2012-01-06T00:00:00,PRCP,GHCND:USC00335188,",,7,",0
1862,2012-01-06T00:00:00,TOBS,GHCND:USC00335188,",,7,",61
1863,2012-01-09T00:00:00,DAPR,GHCND:USC00335188,",,7,",3
1864,2012-01-09T00:00:00,MDPR,GHCND:USC00335188,",,7,",0
1865,2012-01-09T00:00:00,TOBS,GHCND:USC00335188,",,7,",11
1866,2012-01-10T00:00:00,PRCP,GHCND:USC00335188,",,7,",0
1867,2012-01-10T00:00:00,TMAX,GHCND:USC00335188,",,7,",111
1868,2012-01-10T00:00:00,TMIN,GHCND:USC00335188,",,7,",-28
1869,2012-01-10T00:00:00,TOBS,GHCND:USC00335188,",,7,",-28
1870,2012-01-11T00:00:00,PRCP,GHCND:USC00335188,",,7,",0
1871,2012-01-11T00:00:00,TMAX,GHCND:USC00335188,",,7,",133
1872,2012-01-11T00:00:00,TMIN,GHCND:USC00335188,",,7,",-33
1873,2012-01-11T00:00:00,TOBS,GHCND:USC00335188,",,7,",22
1874,2012-01-12T00:00:00,PRCP,GHCND:USC00335188,",,7,",165
1875,2012-01-12T00:00:00,TMAX,GHCND:USC00335188,",,7,",89
1876,2012-01-12T00:00:00,TMIN,GHCND:USC00335188,",,7,",22
1877,2012-01-12T00:00:00,TOBS,GHCND:USC00335188,",,7,",56
1878,2012-01-13T00:00:00,PRCP,GHCND:USC00335188,",L,7,",0
1879,2012-01-13T00:00:00,TMAX,GHCND:USC00335188,",,7,",72
1880,2012-01-13T00:00:00,TMIN,GHCND:USC00335188,",,7,",-89
1881,2012-01-13T00:00:00,TOBS,GHCND:USC00335188,",,7,",-78
1882,2012-01-17T00:00:00,DAPR,GHCND:USC00335188,",L,7,",5
1883,2012-01-17T00:00:00,MDPR,GHCND:USC00335188,",L,7,",157
1884,2012-01-17T00:00:00,TOBS,GHCND:USC00335188,",,7,",111
1885,2012-01-18T00:00:00,PRCP,GHCND:USC00335188,",,7,",483
1886,2012-01-18T00:00:00,TMAX,GHCND:USC00335188,",,7,",139
1887,2012-01-18T00:00:00,TMIN,GHCND:USC00335188,",,7,",-22
1888,2012-01-18T00:00:00,TOBS,GHCND:USC00335188,",,7,",-22
1889,2012-01-19T00:00:00,PRCP,GHCND:USC00335188,",,7,",0
1890,2012-01-19T00:00:00,TMAX,GHCND:USC00335188,",,7,",6
1891,2012-01-19T00:00:00,TMIN,GHCND:USC00335188,",,7,",-56
1892,2012-01-19T00:00:00,TOBS,GHCND:USC00335188,",,7,",-28
1893,2012-01-23T00:00:00,DAPR,GHCND:USC00335188,",,7,",3
1894,2012-01-23T00:00:00,MDPR,GHCND:USC00335188,",,7,",259
1895,2012-01-23T00:00:00,TOBS,GHCND:USC00335188,",,7,",106
1896,2012-01-24T00:00:00,PRCP,GHCND:USC00335188,",,7,",13
1897,2012-01-24T00:00:00,TMAX,GHCND:USC00335188,",,7,",144
1898,2012-01-24T00:00:00,TMIN,GHCND:USC00335188,",,7,",17
1899,2012-01-24T00:00:00,TOBS,GHCND:USC00335188,",,7,",17
1900,2012-01-25T00:00:00,PRCP,GHCND:USC00335188,",,7,",0
1901,2012-01-25T00:00:00,TMAX,GHCND:USC00335188,",,7,",22
1902,2012-01-25T00:00:00,TMIN,GHCND:USC00335188,",,7,",-17
1903,2012-01-25T00:00:00,TOBS,GHCND:USC00335188,",,7,",-17
1904,2012-01-26T00:00:00,PRCP,GHCND:USC00335188,",,7,",89
1905,2012-01-26T00:00:00,TMAX,GHCND:USC00335188,",,7,",28
1906,2012-01-26T00:00:00,TMIN,GHCND:USC00335188,",,7,",-17
1907,2012-01-26T00:00:00,TOBS,GHCND:USC00335188,",,7,",22
1908,2012-01-27T00:00:00,PRCP,GHCND:USC00335188,",,7,",356
1909,2012-01-27T00:00:00,TMAX,GHCND:USC00335188,",,7,",72
1910,2012-01-27T00:00:00,TMIN,GHCND:USC00335188,",,7,",22
1911,2012-01-27T00:00:00,TOBS,GHCND:USC00335188,",,7,",22
1912,2012-01-30T00:00:00,DAPR,GHCND:USC00335188,",,7,",3
1913,2012-01-30T00:00:00,MDPR,GHCND:USC00335188,",,7,",0
1914,2012-01-30T00:00:00,TOBS,GHCND:USC00335188,",,7,",-28
1915,2012-01-31T00:00:00,PRCP,GHCND:USC00335188,",,7,",0
1916,2012-01-31T00:00:00,TMAX,GHCND:USC00335188,",,7,",150
1917,2012-01-31T00:00:00,TMIN,GHCND:USC00335188,",,7,",-28
1918,2012-01-31T00:00:00,TOBS,GHCND:USC00335188,",,7,",89
1919,2012-02-01T00:00:00,PRCP,GHCND:USC00335188,",,7,",81
1920,2012-02-01T00:00:00,TMAX,GHCND:USC00335188,",,7,",167
1921,2012-02-01T00:00:00,TMIN,GHCND:USC00335188,",,7,",89
1922,2012-02-01T00:00:00,TOBS,GHCND:USC00335188,",,7,",89
1923,2012-02-02T00:00:00,PRCP,GHCND:USC00335188,",,7,",0
1924,2012-02-02T00:00:00,TMAX,GHCND:USC00335188,",,7,",178
1925,2012-02-02T00:00:00,TMIN,GHCND:USC00335188,",,7,",39
1926,2012-02-02T00:00:00,TOBS,GHCND:USC00335188,",,7,",39
1927,2012-02-03T00:00:00,PRCP,GHCND:USC00335188,",,7,",0
1928,2012-02-03T00:00:00,TMAX,GHCND:USC00335188,",,7,",128
1929,2012-02-03T00:00:00,TMIN,GHCND:USC00335188,",,7,",-22
1930,2012-02-03T00:00:00,TOBS,GHCND:USC00335188,",,7,",-17
1931,2012-02-06T00:00:00,DAPR,GHCND:USC00335188,",,7,",3
1932,2012-02-06T00:00:00,MDPR,GHCND:USC00335188,",,7,",89
1933,2012-02-06T00:00:00,TOBS,GHCND:USC00335188,",,7,",-44
1934,2012-02-07T00:00:00,PRCP,GHCND:USC00335188,",,7,",0
1935,2012-02-07T00:00:00,TMAX,GHCND:USC00335188,",,7,",111
1936,2012-02-07T00:00:00,TMIN,GHCND:USC00335188,",,7,",-44
1937,2012-02-07T00:00:00,TOBS,GHCND:USC00335188,",,7,",0
1938,2012-02-08T00:00:00,PRCP,GHCND:USC00335188,",,7,",0
1939,2012-02-08T00:00:00,TMAX,GHCND:USC00335188,",,7,",33
1940,2012-02-08T00:00:00,TMIN,GHCND:USC00335188,",,7,",0
1941,2012-02-08T00:00:00,TOBS,GHCND:USC00335188,",,7,",6
1942,2012-02-09T00:00:00,PRCP,GHCND:USC00335188,",,7,",15
1943,2012-02-09T00:00:00,TMAX,GHCND:USC00335188,",,7,",22
1944,2012-02-09T00:00:00,TMIN,GHCND:USC00335188,",,7,",-22
1945,2012-02-09T00:00:00,TOBS,GHCND:USC00335188,",,7,",-17
1946,2012-02-10T00:00:00,PRCP,GHCND:USC00335188,",,7,",0
1947,2012-02-10T00:00:00,TMAX,GHCND:USC00335188,",,7,",22
1948,2012-02-10T00:00:00,TMIN,GHCND:USC00335188,",,7,",-22
1949,2012-02-10T00:00:00,TOBS,GHCND:USC00335188,",,7,",-11
1950,2012-02-13T00:00:00,DAPR,GHCND:USC00335188,",,7,",3
1951,2012-02-13T00:00:00,MDPR,GHCND:USC00335188,",,7,",0
1952,2012-02-13T00:00:00,TOBS,GHCND:USC00335188,",,7,",-72
1953,2012-02-14T00:00:00,PRCP,GHCND:USC00335188,",,7,",15
1954,2012-02-14T00:00:00,TMAX,GHCND:USC00335188,",,7,",28
1955,2012-02-14T00:00:00,TMIN,GHCND:USC00335188,",,7,",-78
1956,2012-02-14T00:00:00,TOBS,GHCND:USC00335188,",,7,",0
1957,2012-02-15T00:00:00,PRCP,GHCND:USC00335188,",,7,",10
1958,2012-02-15T00:00:00,TMAX,GHCND:USC00335188,",,7,",33
1959,2012-02-15T00:00:00,TMIN,GHCND:USC00335188,",,7,",0
1960,2012-02-15T00:00:00,TOBS,GHCND:USC00335188,",,7,",22
1961,2012-02-16T00:00:00,PRCP,GHCND:USC00335188,",,7,",33
1962,2012-02-16T00:00:00,TMAX,GHCND:USC00335188,",,7,",100
1963,2012-02-16T00:00:00,TMIN,GHCND:USC00335188,",,7,",17
1964,2012-02-16T00:00:00,TOBS,GHCND:USC00335188,",,7,",61
1965,2012-02-17T00:00:00,PRCP,GHCND:USC00335188,",,7,",15
1966,2012-02-17T00:00:00,TMAX,GHCND:USC00335188,",,7,",94
1967,2012-02-17T00:00:00,TMIN,GHCND:USC00335188,",,7,",-17
1968,2012-02-17T00:00:00,TOBS,GHCND:USC00335188,",,7,",-17
1969,2012-02-21T00:00:00,DAPR,GHCND:USC00335188,",,7,",4
1970,2012-02-21T00:00:00,MDPR,GHCND:USC00335188,",,7,",3
1971,2012-02-21T00:00:00,TOBS,GHCND:USC00335188,",,7,",50
1972,2012-02-22T00:00:00,PRCP,GHCND:USC00335188,",,7,",58
1973,2012-02-22T00:00:00,TMAX,GHCND:USC00335188,",,7,",94
1974,2012-02-22T00:00:00,TMIN,GHCND:USC00335188,",,7,",33
1975,2012-02-22T00:00:00,TOBS,GHCND:USC00335188,",,7,",56
1976,2012-02-23T00:00:00,PRCP,GHCND:USC00335188,",,7,",0
1977,2012-02-23T00:00:00,TMAX,GHCND:USC00335188,",,7,",144
1978,2012-02-23T00:00:00,TMIN,GHCND:USC00335188,",,7,",22
1979,2012-02-23T00:00:00,TOBS,GHCND:USC00335188,",,7,",22
1980,2012-02-24T00:00:00,PRCP,GHCND:USC00335188,",,7,",0
1981,2012-02-24T00:00:00,TMAX,GHCND:USC00335188,",,7,",128
1982,2012-02-24T00:00:00,TMIN,GHCND:USC00335188,",,7,",17
1983,2012-02-24T00:00:00,TOBS,GHCND:USC00335188,",,7,",78
1984,2012-02-27T00:00:00,DAPR,GHCND:USC00335188,",,7,",3
1985,2012-02-27T00:00:00,MDPR,GHCND:USC00335188,",,7,",3
1986,2012-02-27T00:00:00,TOBS,GHCND:USC00335188,",,7,",28
1987,2012-02-28T00:00:00,PRCP,GHCND:USC00335188,",,7,",0
1988,2012-02-28T00:00:00,TMAX,GHCND:USC00335188,",,7,",156
1989,2012-02-28T00:00:00,TMIN,GHCND:USC00335188,",,7,",-33
1990,2012-02-28T00:00:00,TOBS,GHCND:USC00335188,",,7,",-33
1991,2012-02-29T00:00:00,PRCP,GHCND:USC00335188,",,7,",56
1992,2012-02-29T00:00:00,TMAX,GHCND:USC00335188,",,7,",150
1993,2012-02-29T00:00:00,TMIN,GHCND:USC00335188,",,7,",-39
1994,2012-02-29T00:00:00,TOBS,GHCND:USC00335188,",,7,",139
1995,2012-03-01T00:00:00,PRCP,GHCND:USC00335188,",,7,",25
1996,2012-03-01T00:00:00,TMAX,GHCND:USC00335188,",,7,",206
1997,2012-03-01T00:00:00,TMIN,GHCND:USC00335188,",,7,",56
1998,2012-03-01T00:00:00,TOBS,GHCND:USC00335188,",,7,",56
1999,2012-03-02T00:00:00,PRCP,GHCND:USC00335188,",,7,",0
2000,2012-03-02T00:00:00,TMAX,GHCND:USC00335188,",,7,",139
2001,2012-03-02T00:00:00,TMIN,GHCND:USC00335188,",,7,",0
2002,2012-03-02T00:00:00,TOBS,GHCND:USC00335188,",,7,",11
2003,2012-03-05T00:00:00,DAPR,GHCND:USC00335188,",,7,",3
2004,2012-03-05T00:00:00,MDPR,GHCND:USC00335188,",,7,",165
2005,2012-03-05T00:00:00,TOBS,GHCND:USC00335188,",,7,",-11
2006,2012-03-06T00:00:00,PRCP,GHCND:USC00335188,",,7,",0
2007,2012-03-06T00:00:00,TMIN,GHCND:USC00335188,",,7,",-33
2008,2012-03-06T00:00:00,TOBS,GHCND:USC00335188,",,7,",-17
2009,2012-03-07T00:00:00,PRCP,GHCND:USC00335188,",,7,",0
2010,2012-03-07T00:00:00,TMAX,GHCND:USC00335188,",,7,",183
2011,2012-03-07T00:00:00,TMIN,GHCND:USC00335188,",,7,",-17
2012,2012-03-07T00:00:00,TOBS,GHCND:USC00335188,",,7,",106
2013,2012-03-08T00:00:00,PRCP,GHCND:USC00335188,",,7,",3
2014,2012-03-08T00:00:00,TMAX,GHCND:USC00335188,",,7,",217
2015,2012-03-08T00:00:00,TMIN,GHCND:USC00335188,",,7,",89
2016,2012-03-08T00:00:00,TOBS,GHCND:USC00335188,",,7,",150
2017,2012-03-09T00:00:00,PRCP,GHCND:USC00335188,",,7,",231
2018,2012-03-09T00:00:00,TMAX,GHCND:USC00335188,",,7,",150
2019,2012-03-09T00:00:00,TMIN,GHCND:USC00335188,",,7,",-6
2020,2012-03-09T00:00:00,TOBS,GHCND:USC00335188,",,7,",22
2021,2012-03-12T00:00:00,DAPR,GHCND:USC00335188,",,7,",3
2022,2012-03-12T00:00:00,MDPR,GHCND:USC00335188,",,7,",13
2023,2012-03-12T00:00:00,TOBS,GHCND:USC00335188,",,7,",128
2024,2012-03-13T00:00:00,PRCP,GHCND:USC00335188,",,7,",43
2025,2012-03-13T00:00:00,TMAX,GHCND:USC00335188,",,7,",178
2026,2012-03-13T00:00:00,TMIN,GHCND:USC00335188,",,7,",122
2027,2012-03-13T00:00:00,TOBS,GHCND:USC00335188,",,7,",178
2028,2012-03-14T00:00:00,PRCP,GHCND:USC00335188,",,7,",0
2029,2012-03-14T00:00:00,TMAX,GHCND:USC00335188,",,7,",250
2030,2012-03-14T00:00:00,TMIN,GHCND:USC00335188,",,7,",83
2031,2012-03-14T00:00:00,TOBS,GHCND:USC00335188,",,7,",83
2032,2012-03-15T00:00:00,PRCP,GHCND:USC00335188,",,7,",0
2033,2012-03-15T00:00:00,TMAX,GHCND:USC00335188,",,7,",272
2034,2012-03-15T00:00:00,TMIN,GHCND:USC00335188,",,7,",78
2035,2012-03-15T00:00:00,TOBS,GHCND:USC00335188,",,7,",144
2036,2012-03-16T00:00:00,PRCP,GHCND:USC00335188,",,7,",38
2037,2012-03-16T00:00:00,TMAX,GHCND:USC00335188,",,7,",250
2038,2012-03-16T00:00:00,TMIN,GHCND:USC00335188,",,7,",139
2039,2012-03-16T00:00:00,TOBS,GHCND:USC00335188,",,7,",139
2040,2012-03-19T00:00:00,DAPR,GHCND:USC00335188,",,7,",3
2041,2012-03-19T00:00:00,MDPR,GHCND:USC00335188,",,7,",3
2042,2012-03-19T00:00:00,TOBS,GHCND:USC00335188,",,7,",156
2043,2012-03-20T00:00:00,PRCP,GHCND:USC00335188,",,7,",0
2044,2012-03-20T00:00:00,TMAX,GHCND:USC00335188,",,7,",289
2045,2012-03-20T00:00:00,TMIN,GHCND:USC00335188,",,7,",150
2046,2012-03-20T00:00:00,TOBS,GHCND:USC00335188,",,7,",156
2047,2012-03-21T00:00:00,PRCP,GHCND:USC00335188,",,7,",0
2048,2012-03-21T00:00:00,TMAX,GHCND:USC00335188,",,7,",300
2049,2012-03-21T00:00:00,TMIN,GHCND:USC00335188,",,7,",139
2050,2012-03-21T00:00:00,TOBS,GHCND:USC00335188,",,7,",139
2051,2012-03-22T00:00:00,PRCP,GHCND:USC00335188,",,7,",0
2052,2012-03-22T00:00:00,TMAX,GHCND:USC00335188,",,7,",306
2053,2012-03-22T00:00:00,TMIN,GHCND:USC00335188,",,7,",133
2054,2012-03-22T00:00:00,TOBS,GHCND:USC00335188,",,7,",167
2055,2012-03-23T00:00:00,PRCP,GHCND:USC00335188,",,7,",3
2056,2012-03-23T00:00:00,TMAX,GHCND:USC00335188,",,7,",294
2057,2012-03-23T00:00:00,TMIN,GHCND:USC00335188,",,7,",156
2058,2012-03-23T00:00:00,TOBS,GHCND:USC00335188,",,7,",178
2059,2012-03-26T00:00:00,DAPR,GHCND:USC00335188,",,7,",3
2060,2012-03-26T00:00:00,MDPR,GHCND:USC00335188,",,7,",284
2061,2012-03-26T00:00:00,TOBS,GHCND:USC00335188,",,7,",100
2062,2012-03-27T00:00:00,PRCP,GHCND:USC00335188,",,7,",0
2063,2012-03-27T00:00:00,TMAX,GHCND:USC00335188,",,7,",128
2064,2012-03-27T00:00:00,TMIN,GHCND:USC00335188,",,7,",17
2065,2012-03-27T00:00:00,TOBS,GHCND:USC00335188,",,7,",22
2066,2012-03-28T00:00:00,PRCP,GHCND:USC00335188,",,7,",0
2067,2012-03-28T00:00:00,TMAX,GHCND:USC00335188,",,7,",200
2068,2012-03-28T00:00:00,TMIN,GHCND:USC00335188,",,7,",17
2069,2012-03-28T00:00:00,TOBS,GHCND:USC00335188,",,7,",128
2070,2012-04-02T00:00:00,DAPR,GHCND:USC00335188,",,7,",5
2071,2012-04-02T00:00:00,MDPR,GHCND:USC00335188,",,7,",236
2072,2012-04-02T00:00:00,TOBS,GHCND:USC00335188,",,7,",100
2073,2012-04-03T00:00:00,PRCP,GHCND:USC00335188,",,7,",0
2074,2012-04-03T00:00:00,TMAX,GHCND:USC00335188,",,7,",206
2075,2012-04-03T00:00:00,TMIN,GHCND:USC00335188,",,7,",89
2076,2012-04-03T00:00:00,TOBS,GHCND:USC00335188,",,7,",94
2077,2012-04-04T00:00:00,PRCP,GHCND:USC00335188,",,7,",0
2078,2012-04-04T00:00:00,TMAX,GHCND:USC00335188,",,7,",294
2079,2012-04-04T00:00:00,TMIN,GHCND:USC00335188,",,7,",94
2080,2012-04-04T00:00:00,TOBS,GHCND:USC00335188,",,7,",161
2081,2012-04-05T00:00:00,PRCP,GHCND:USC00335188,",,7,",5
2082,2012-04-05T00:00:00,TMAX,GHCND:USC00335188,",,7,",206
2083,2012-04-05T00:00:00,TMIN,GHCND:USC00335188,",,7,",94
2084,2012-04-05T00:00:00,TOBS,GHCND:USC00335188,",,7,",94
2085,2012-04-06T00:00:00,PRCP,GHCND:USC00335188,",,7,",0
2086,2012-04-06T00:00:00,TMAX,GHCND:USC00335188,",,7,",156
2087,2012-04-06T00:00:00,TMIN,GHCND:USC00335188,",,7,",17
2088,2012-04-06T00:00:00,TOBS,GHCND:USC00335188,",,7,",17
2089,2012-04-09T00:00:00,DAPR,GHCND:USC00335188,",,7,",3
2090,2012-04-09T00:00:00,MDPR,GHCND:USC00335188,",,7,",0
2091,2012-04-09T00:00:00,TOBS,GHCND:USC00335188,",,7,",39
2092,2012-04-10T00:00:00,PRCP,GHCND:USC00335188,",,7,",0
2093,2012-04-10T00:00:00,TOBS,GHCND:USC00335188,",,7,",22
2094,2012-04-11T00:00:00,PRCP,GHCND:USC00335188,",,7,",0
2095,2012-04-11T00:00:00,TMAX,GHCND:USC00335188,",,7,",139
2096,2012-04-11T00:00:00,TMIN,GHCND:USC00335188,",,7,",-11
2097,2012-04-11T00:00:00,TOBS,GHCND:USC00335188,",,7,",-11
2098,2012-04-12T00:00:00,PRCP,GHCND:USC00335188,",,7,",0
2099,2012-04-12T00:00:00,TMAX,GHCND:USC00335188,",,7,",117
2100,2012-04-12T00:00:00,TMIN,GHCND:USC00335188,",,7,",-11
2101,2012-04-12T00:00:00,TOBS,GHCND:USC00335188,",,7,",-11
2102,2012-04-16T00:00:00,DAPR,GHCND:USC00335188,",,7,",3
2103,2012-04-16T00:00:00,MDPR,GHCND:USC00335188,",,7,",399
2104,2012-04-16T00:00:00,TOBS,GHCND:USC00335188,",,7,",217
2105,2012-04-17T00:00:00,PRCP,GHCND:USC00335188,",,7,",38
2106,2012-04-17T00:00:00,TMAX,GHCND:USC00335188,",,7,",272
2107,2012-04-17T00:00:00,TMIN,GHCND:USC00335188,",,7,",44
2108,2012-04-17T00:00:00,TOBS,GHCND:USC00335188,",,7,",72
2109,2012-04-18T00:00:00,PRCP,GHCND:USC00335188,",,7,",0
2110,2012-04-18T00:00:00,TMAX,GHCND:USC00335188,",,7,",172
2111,2012-04-18T00:00:00,TMIN,GHCND:USC00335188,",,7,",67
2112,2012-04-18T00:00:00,TOBS,GHCND:USC00335188,",,7,",67
2113,2012-04-19T00:00:00,PRCP,GHCND:USC00335188,",,7,",0
2114,2012-04-19T00:00:00,TMAX,GHCND:USC00335188,",,7,",217
2115,2012-04-19T00:00:00,TMIN,GHCND:USC00335188,",,7,",61
2116,2012-04-19T00:00:00,TOBS,GHCND:USC00335188,",,7,",61
2117,2012-04-23T00:00:00,DAPR,GHCND:USC00335188,",,7,",3
2118,2012-04-23T00:00:00,MDPR,GHCND:USC00335188,",,7,",66
2119,2012-04-23T00:00:00,TOBS,GHCND:USC00335188,",,7,",39
2120,2012-04-24T00:00:00,PRCP,GHCND:USC00335188,",,7,",0
2121,2012-04-24T00:00:00,TMAX,GHCND:USC00335188,",,7,",167
2122,2012-04-24T00:00:00,TMIN,GHCND:USC00335188,",,7,",6
2123,2012-04-24T00:00:00,TOBS,GHCND:USC00335188,",,7,",6
2124,2012-04-25T00:00:00,PRCP,GHCND:USC00335188,",,7,",0
2125,2012-04-25T00:00:00,TMAX,GHCND:USC00335188,",,7,",194
2126,2012-04-25T00:00:00,TMIN,GHCND:USC00335188,",,7,",6
2127,2012-04-25T00:00:00,TOBS,GHCND:USC00335188,",,7,",111
2128,2012-04-26T00:00:00,PRCP,GHCND:USC00335188,",,7,",53
2129,2012-04-26T00:00:00,TMAX,GHCND:USC00335188,",,7,",222
2130,2012-04-26T00:00:00,TMIN,GHCND:USC00335188,",,7,",111
2131,2012-04-26T00:00:00,TOBS,GHCND:USC00335188,",,7,",133
2132,2012-04-27T00:00:00,PRCP,GHCND:USC00335188,",,7,",0
2133,2012-04-27T00:00:00,TMAX,GHCND:USC00335188,",,7,",228
2134,2012-04-27T00:00:00,TMIN,GHCND:USC00335188,",,7,",33
2135,2012-04-27T00:00:00,TOBS,GHCND:USC00335188,",,7,",39
2136,2012-04-30T00:00:00,DAPR,GHCND:USC00335188,",,7,",3
2137,2012-04-30T00:00:00,MDPR,GHCND:USC00335188,",,7,",163
2138,2012-04-30T00:00:00,TOBS,GHCND:USC00335188,",,7,",122
2139,2012-05-01T00:00:00,PRCP,GHCND:USC00335188,",,7,",213
2140,2012-05-01T00:00:00,TMAX,GHCND:USC00335188,",,7,",289
2141,2012-05-01T00:00:00,TMIN,GHCND:USC00335188,",,7,",117
2142,2012-05-01T00:00:00,TOBS,GHCND:USC00335188,",,7,",161
2143,2012-05-02T00:00:00,PRCP,GHCND:USC00335188,",,7,",409
2144,2012-05-02T00:00:00,TOBS,GHCND:USC00335188,",,7,",167
2145,2012-05-03T00:00:00,PRCP,GHCND:USC00335188,",,7,",0
2146,2012-05-03T00:00:00,TMAX,GHCND:USC00335188,",,7,",317
2147,2012-05-03T00:00:00,TMIN,GHCND:USC00335188,",,7,",161
2148,2012-05-03T00:00:00,TOBS,GHCND:USC00335188,",,7,",172
2149,2012-05-04T00:00:00,PRCP,GHCND:USC00335188,",,7,",0
2150,2012-05-04T00:00:00,TMAX,GHCND:USC00335188,",,7,",311
2151,2012-05-04T00:00:00,TMIN,GHCND:USC00335188,",,7,",167
2152,2012-05-04T00:00:00,TOBS,GHCND:USC00335188,",,7,",178
2153,2012-05-05T00:00:00,PRCP,GHCND:USC00335188,",,7,",102
2154,2012-05-05T00:00:00,TMAX,GHCND:USC00335188,",,7,",283
2155,2012-05-05T00:00:00,TMIN,GHCND:USC00335188,",,7,",178
2156,2012-05-05T00:00:00,TOBS,GHCND:USC00335188,",,7,",206
2157,2012-05-07T00:00:00,DAPR,GHCND:USC00335188,",,7,",2
2158,2012-05-07T00:00:00,MDPR,GHCND:USC00335188,",,7,",0
2159,2012-05-07T00:00:00,TOBS,GHCND:USC00335188,",,7,",167
2160,2012-05-08T00:00:00,PRCP,GHCND:USC00335188,",,7,",264
2161,2012-05-08T00:00:00,TMAX,GHCND:USC00335188,",,7,",300
2162,2012-05-08T00:00:00,TMIN,GHCND:USC00335188,",,7,",167
2163,2012-05-08T00:00:00,TOBS,GHCND:USC00335188,",,7,",183
2164,2012-05-09T00:00:00,PRCP,GHCND:USC00335188,",,7,",107
2165,2012-05-09T00:00:00,TMAX,GHCND:USC00335188,",,7,",239
2166,2012-05-09T00:00:00,TMIN,GHCND:USC00335188,",,7,",117
2167,2012-05-09T00:00:00,TOBS,GHCND:USC00335188,",,7,",117
2168,2012-05-10T00:00:00,PRCP,GHCND:USC00335188,",,7,",0
2169,2012-05-10T00:00:00,TMAX,GHCND:USC00335188,",,7,",222
2170,2012-05-10T00:00:00,TMIN,GHCND:USC00335188,",,7,",72
2171,2012-05-10T00:00:00,TOBS,GHCND:USC00335188,",,7,",72
2172,2012-05-11T00:00:00,PRCP,GHCND:USC00335188,",,7,",0
2173,2012-05-11T00:00:00,TMAX,GHCND:USC00335188,",,7,",217
2174,2012-05-11T00:00:00,TMIN,GHCND:USC00335188,",,7,",61
2175,2012-05-11T00:00:00,TOBS,GHCND:USC00335188,",,7,",61
2176,2012-05-14T00:00:00,DAPR,GHCND:USC00335188,",,7,",3
2177,2012-05-14T00:00:00,MDPR,GHCND:USC00335188,",,7,",229
2178,2012-05-14T00:00:00,TOBS,GHCND:USC00335188,",,7,",150
2179,2012-05-15T00:00:00,PRCP,GHCND:USC00335188,",,7,",0
2180,2012-05-15T00:00:00,TMAX,GHCND:USC00335188,",,7,",244
2181,2012-05-15T00:00:00,TMIN,GHCND:USC00335188,",,7,",117
2182,2012-05-15T00:00:00,TOBS,GHCND:USC00335188,",,7,",117
2183,2012-05-16T00:00:00,PRCP,GHCND:USC00335188,",,7,",0
2184,2012-05-16T00:00:00,TMAX,GHCND:USC00335188,",,7,",283
2185,2012-05-16T00:00:00,TMIN,GHCND:USC00335188,",,7,",117
2186,2012-05-16T00:00:00,TOBS,GHCND:USC00335188,",,7,",128
2187,2012-05-17T00:00:00,PRCP,GHCND:USC00335188,",,7,",0
2188,2012-05-17T00:00:00,TMAX,GHCND:USC00335188,",,7,",283
2189,2012-05-17T00:00:00,TMIN,GHCND:USC00335188,",,7,",111
2190,2012-05-17T00:00:00,TOBS,GHCND:USC00335188,",,7,",111
2191,2012-05-18T00:00:00,PRCP,GHCND:USC00335188,",,7,",0
2192,2012-05-18T00:00:00,TMAX,GHCND:USC00335188,",,7,",233
2193,2012-05-18T00:00:00,TMIN,GHCND:USC00335188,",,7,",78
2194,2012-05-18T00:00:00,TOBS,GHCND:USC00335188,",,7,",78
2195,2012-05-19T00:00:00,PRCP,GHCND:USC00335188,",,7,",0
2196,2012-05-19T00:00:00,TMAX,GHCND:USC00335188,",,7,",272
2197,2012-05-19T00:00:00,TMIN,GHCND:USC00335188,",,7,",72
2198,2012-05-19T00:00:00,TOBS,GHCND:USC00335188,",,7,",111
2199,2012-05-20T00:00:00,PRCP,GHCND:USC00335188,",,7,",0
2200,2012-05-20T00:00:00,TMAX,GHCND:USC00335188,",,7,",306
2201,2012-05-20T00:00:00,TMIN,GHCND:USC00335188,",,7,",106
2202,2012-05-20T00:00:00,TOBS,GHCND:USC00335188,",,7,",150
2203,2012-05-21T00:00:00,PRCP,GHCND:USC00335188,",,7,",0
2204,2012-05-21T00:00:00,TMAX,GHCND:USC00335188,",,7,",311
2205,2012-05-21T00:00:00,TMIN,GHCND:USC00335188,",,7,",144
2206,2012-05-21T00:00:00,TOBS,GHCND:USC00335188,",,7,",156
2207,2012-05-22T00:00:00,PRCP,GHCND:USC00335188,",,7,",0
2208,2012-05-22T00:00:00,TMAX,GHCND:USC00335188,",,7,",289
2209,2012-05-22T00:00:00,TMIN,GHCND:USC00335188,",,7,",150
2210,2012-05-22T00:00:00,TOBS,GHCND:USC00335188,",,7,",150
2211,2012-05-23T00:00:00,PRCP,GHCND:USC00335188,",,7,",0
2212,2012-05-23T00:00:00,TMAX,GHCND:USC00335188,",,7,",244
2213,2012-05-23T00:00:00,TMIN,GHCND:USC00335188,",,7,",133
2214,2012-05-23T00:00:00,TOBS,GHCND:USC00335188,",,7,",133
2215,2012-05-24T00:00:00,PRCP,GHCND:USC00335188,",,7,",0
2216,2012-05-24T00:00:00,TMAX,GHCND:USC00335188,",,7,",261
2217,2012-05-24T00:00:00,TMIN,GHCND:USC00335188,",,7,",133
2218,2012-05-24T00:00:00,TOBS,GHCND:USC00335188,",,7,",150
2219,2012-05-25T00:00:00,PRCP,GHCND:USC00335188,",,7,",0
2220,2012-05-25T00:00:00,TMAX,GHCND:USC00335188,",,7,",311
2221,2012-05-25T00:00:00,TMIN,GHCND:USC00335188,",,7,",144
2222,2012-05-25T00:00:00,TOBS,GHCND:USC00335188,",,7,",211
2223,2012-05-26T00:00:00,PRCP,GHCND:USC00335188,",,7,",0
2224,2012-05-26T00:00:00,TMAX,GHCND:USC00335188,",,7,",322
2225,2012-05-26T00:00:00,TMIN,GHCND:USC00335188,",,7,",194
2226,2012-05-26T00:00:00,TOBS,GHCND:USC00335188,",,7,",194
2227,2012-05-27T00:00:00,PRCP,GHCND:USC00335188,",,7,",0
2228,2012-05-27T00:00:00,TMAX,GHCND:USC00335188,",,7,",344
2229,2012-05-27T00:00:00,TMIN,GHCND:USC00335188,",,7,",189
2230,2012-05-27T00:00:00,TOBS,GHCND:USC00335188,",,7,",200
2231,2012-05-28T00:00:00,PRCP,GHCND:USC00335188,",,7,",0
2232,2012-05-28T00:00:00,TMAX,GHCND:USC00335188,",,7,",344
2233,2012-05-28T00:00:00,TMIN,GHCND:USC00335188,",,7,",189
2234,2012-05-28T00:00:00,TOBS,GHCND:USC00335188,",,7,",200
2235,2012-05-29T00:00:00,PRCP,GHCND:USC00335188,",,7,",0
2236,2012-05-29T00:00:00,TMAX,GHCND:USC00335188,",,7,",339
2237,2012-05-29T00:00:00,TMIN,GHCND:USC00335188,",,7,",200
2238,2012-05-29T00:00:00,TOBS,GHCND:USC00335188,",,7,",233
2239,2012-05-30T00:00:00,PRCP,GHCND:USC00335188,",,7,",137
2240,2012-05-30T00:00:00,TMAX,GHCND:USC00335188,",,7,",278
2241,2012-05-30T00:00:00,TMIN,GHCND:USC00335188,",,7,",167
2242,2012-05-30T00:00:00,TOBS,GHCND:USC00335188,",,7,",172
2243,2012-05-31T00:00:00,PRCP,GHCND:USC00335188,",,7,",0
2244,2012-05-31T00:00:00,TMAX,GHCND:USC00335188,",,7,",289
2245,2012-05-31T00:00:00,TMIN,GHCND:USC00335188,",,7,",117
2246,2012-05-31T00:00:00,TOBS,GHCND:USC00335188,",,7,",117
2247,2012-06-01T00:00:00,PRCP,GHCND:USC00335188,",,7,",389
2248,2012-06-01T00:00:00,TMAX,GHCND:USC00335188,",,7,",272
2249,2012-06-01T00:00:00,TMIN,GHCND:USC00335188,",,7,",111
2250,2012-06-01T00:00:00,TOBS,GHCND:USC00335188,",,7,",178
2251,2012-06-02T00:00:00,PRCP,GHCND:USC00335188,",,7,",246
2252,2012-06-02T00:00:00,TMAX,GHCND:USC00335188,",,7,",183
2253,2012-06-02T00:00:00,TMIN,GHCND:USC00335188,",,7,",106
2254,2012-06-02T00:00:00,TOBS,GHCND:USC00335188,",,7,",178
2255,2012-06-03T00:00:00,PRCP,GHCND:USC00335188,",,7,",0
2256,2012-06-03T00:00:00,TMAX,GHCND:USC00335188,",,7,",228
2257,2012-06-03T00:00:00,TMIN,GHCND:USC00335188,",,7,",122
2258,2012-06-03T00:00:00,TOBS,GHCND:USC00335188,",,7,",122
2259,2012-06-04T00:00:00,PRCP,GHCND:USC00335188,",,7,",0
2260,2012-06-04T00:00:00,TMAX,GHCND:USC00335188,",,7,",278
2261,2012-06-04T00:00:00,TMIN,GHCND:USC00335188,",,7,",117
2262,2012-06-04T00:00:00,TOBS,GHCND:USC00335188,",,7,",144
2263,2012-06-05T00:00:00,PRCP,GHCND:USC00335188,",,7,",0
2264,2012-06-05T00:00:00,TMAX,GHCND:USC00335188,",,7,",283
2265,2012-06-05T00:00:00,TMIN,GHCND:USC00335188,",,7,",122
2266,2012-06-05T00:00:00,TOBS,GHCND:USC00335188,",,7,",122
2267,2012-06-06T00:00:00,PRCP,GHCND:USC00335188,",,7,",0
2268,2012-06-06T00:00:00,TMAX,GHCND:USC00335188,",,7,",222
2269,2012-06-06T00:00:00,TMIN,GHCND:USC00335188,",,7,",111
2270,2012-06-06T00:00:00,TOBS,GHCND:USC00335188,",,7,",111
2271,2012-06-07T00:00:00,PRCP,GHCND:USC00335188,",,7,",0
2272,2012-06-07T00:00:00,TMAX,GHCND:USC00335188,",,7,",244
2273,2012-06-07T00:00:00,TMIN,GHCND:USC00335188,",,7,",100
2274,2012-06-07T00:00:00,TOBS,GHCND:USC00335188,",,7,",100
2275,2012-06-08T00:00:00,PRCP,GHCND:USC00335188,",,7,",0
2276,2012-06-08T00:00:00,TMAX,GHCND:USC00335188,",,7,",283
2277,2012-06-08T00:00:00,TMIN,GHCND:USC00335188,",,7,",100
2278,2012-06-08T00:00:00,TOBS,GHCND:USC00335188,",,7,",122
2279,2012-06-11T00:00:00,DAPR,GHCND:USC00335188,",,7,",3
2280,2012-06-11T00:00:00,MDPR,GHCND:USC00335188,",,7,",0
2281,2012-06-11T00:00:00,TOBS,GHCND:USC00335188,",,7,",211
2282,2012-06-12T00:00:00,PRCP,GHCND:USC00335188,",,7,",132
2283,2012-06-12T00:00:00,TMAX,GHCND:USC00335188,",,7,",267
2284,2012-06-12T00:00:00,TMIN,GHCND:USC00335188,",,7,",194
2285,2012-06-12T00:00:00,TOBS,GHCND:USC00335188,",,7,",194
2286,2012-06-13T00:00:00,PRCP,GHCND:USC00335188,",,7,",0
2287,2012-06-13T00:00:00,TMAX,GHCND:USC00335188,",,7,",306
2288,2012-06-13T00:00:00,TMIN,GHCND:USC00335188,",,7,",122
2289,2012-06-13T00:00:00,TOBS,GHCND:USC00335188,",,7,",122
2290,2012-06-14T00:00:00,PRCP,GHCND:USC00335188,",,7,",0
2291,2012-06-14T00:00:00,TMAX,GHCND:USC00335188,",,7,",261
2292,2012-06-14T00:00:00,TMIN,GHCND:USC00335188,",,7,",111
2293,2012-06-14T00:00:00,TOBS,GHCND:USC00335188,",,7,",111
2294,2012-06-15T00:00:00,PRCP,GHCND:USC00335188,",,7,",0
2295,2012-06-15T00:00:00,TMAX,GHCND:USC00335188,",,7,",283
2296,2012-06-15T00:00:00,TMIN,GHCND:USC00335188,",,7,",106
2297,2012-06-15T00:00:00,TOBS,GHCND:USC00335188,",,7,",133
2298,2012-06-18T00:00:00,PRCP,GHCND:USC00335188,",,7,",3
2299,2012-06-18T00:00:00,TOBS,GHCND:USC00335188,",,7,",217
2300,2012-06-19T00:00:00,PRCP,GHCND:USC00335188,",,7,",0
2301,2012-06-19T00:00:00,TMAX,GHCND:USC00335188,",,7,",322
2302,2012-06-19T00:00:00,TMIN,GHCND:USC00335188,",,7,",200
2303,2012-06-19T00:00:00,TOBS,GHCND:USC00335188,",,7,",200
2304,2012-06-20T00:00:00,PRCP,GHCND:USC00335188,",,7,",0
2305,2012-06-20T00:00:00,TMAX,GHCND:USC00335188,",,7,",339
2306,2012-06-20T00:00:00,TMIN,GHCND:USC00335188,",,7,",194
2307,2012-06-20T00:00:00,TOBS,GHCND:USC00335188,",,7,",194
2308,2012-06-21T00:00:00,PRCP,GHCND:USC00335188,",,7,",0
2309,2012-06-21T00:00:00,TMAX,GHCND:USC00335188,",,7,",344
2310,2012-06-21T00:00:00,TMIN,GHCND:USC00335188,",,7,",194
2311,2012-06-21T00:00:00,TOBS,GHCND:USC00335188,",,7,",333
2312,2012-06-22T00:00:00,PRCP,GHCND:USC00335188,",,7,",28
2313,2012-06-22T00:00:00,TMAX,GHCND:USC00335188,",,7,",344
2314,2012-06-22T00:00:00,TMIN,GHCND:USC00335188,",,7,",211
2315,2012-06-22T00:00:00,TOBS,GHCND:USC00335188,",,7,",211
2316,2012-06-25T00:00:00,DAPR,GHCND:USC00335188,",,7,",3
2317,2012-06-25T00:00:00,MDPR,GHCND:USC00335188,",,7,",0
2318,2012-06-25T00:00:00,TOBS,GHCND:USC00335188,",,7,",200
2319,2012-06-26T00:00:00,PRCP,GHCND:USC00335188,",,7,",0
2320,2012-06-26T00:00:00,TMAX,GHCND:USC00335188,",,7,",294
2321,2012-06-26T00:00:00,TMIN,GHCND:USC00335188,",,7,",128
2322,2012-06-26T00:00:00,TOBS,GHCND:USC00335188,",,7,",128
2323,2012-06-27T00:00:00,PRCP,GHCND:USC00335188,",,7,",0
2324,2012-06-27T00:00:00,TMAX,GHCND:USC00335188,",,7,",278
2325,2012-06-27T00:00:00,TMIN,GHCND:USC00335188,",,7,",122
2326,2012-06-27T00:00:00,TOBS,GHCND:USC00335188,",,7,",122
2327,2012-06-28T00:00:00,PRCP,GHCND:USC00335188,",,7,",0
2328,2012-06-28T00:00:00,TMAX,GHCND:USC00335188,",,7,",322
2329,2012-06-28T00:00:00,TMIN,GHCND:USC00335188,",,7,",122
2330,2012-06-28T00:00:00,TOBS,GHCND:USC00335188,",,7,",172
2331,2012-06-29T00:00:00,PRCP,GHCND:USC00335188,",,7,",0
2332,2012-06-29T00:00:00,TMAX,GHCND:USC00335188,",,7,",400
2333,2012-06-29T00:00:00,TMIN,GHCND:USC00335188,",,7,",172
2334,2012-06-29T00:00:00,TOBS,GHCND:USC00335188,",,7,",228
2335,2012-06-30T00:00:00,PRCP,GHCND:USC00335188,",,7,",81
2336,2012-06-30T00:00:00,TOBS,GHCND:USC00335188,",,7,",267
2337,2012-07-02T00:00:00,DAPR,GHCND:USC00335188,",,7,",2
2338,2012-07-02T00:00:00,MDPR,GHCND:USC00335188,",,7,",3
2339,2012-07-02T00:00:00,TOBS,GHCND:USC00335188,",,7,",194
2340,2012-07-03T00:00:00,PRCP,GHCND:USC00335188,",,7,",0
2341,2012-07-03T00:00:00,TMAX,GHCND:USC00335188,",,7,",361
2342,2012-07-03T00:00:00,TMIN,GHCND:USC00335188,",,7,",189
2343,2012-07-03T00:00:00,TOBS,GHCND:USC00335188,",,7,",228
2344,2012-07-04T00:00:00,PRCP,GHCND:USC00335188,",,7,",0
2345,2012-07-04T00:00:00,TMAX,GHCND:USC00335188,",,7,",361
2346,2012-07-04T00:00:00,TMIN,GHCND:USC00335188,",,7,",222
2347,2012-07-04T00:00:00,TOBS,GHCND:USC00335188,",,7,",233
2348,2012-07-05T00:00:00,PRCP,GHCND:USC00335188,",,7,",0
2349,2012-07-05T00:00:00,TMAX,GHCND:USC00335188,",,7,",383
2350,2012-07-05T00:00:00,TMIN,GHCND:USC00335188,",,7,",228
2351,2012-07-05T00:00:00,TOBS,GHCND:USC00335188,",,7,",244
2352,2012-07-06T00:00:00,PRCP,GHCND:USC00335188,",,7,",0
2353,2012-07-06T00:00:00,TMAX,GHCND:USC00335188,",,7,",372
2354,2012-07-06T00:00:00,TMIN,GHCND:USC00335188,",,7,",228
2355,2012-07-06T00:00:00,TOBS,GHCND:USC00335188,",,7,",228
2356,2012-07-09T00:00:00,PRCP,GHCND:USC00335188,",,7,",3
2357,2012-07-09T00:00:00,TOBS,GHCND:USC00335188,",,7,",239
2358,2012-07-10T00:00:00,PRCP,GHCND:USC00335188,",,7,",0
2359,2012-07-10T00:00:00,TMAX,GHCND:USC00335188,",,7,",328
2360,2012-07-10T00:00:00,TMIN,GHCND:USC00335188,",,7,",178
2361,2012-07-10T00:00:00,TOBS,GHCND:USC00335188,",,7,",178
2362,2012-07-11T00:00:00,PRCP,GHCND:USC00335188,",,7,",0
2363,2012-07-11T00:00:00,TMAX,GHCND:USC00335188,",,7,",356
2364,2012-07-11T00:00:00,TMIN,GHCND:USC00335188,",,7,",172
2365,2012-07-11T00:00:00,TOBS,GHCND:USC00335188,",,7,",189
2366,2012-07-12T00:00:00,PRCP,GHCND:USC00335188,",,7,",0
2367,2012-07-12T00:00:00,TMAX,GHCND:USC00335188,",,7,",344
2368,2012-07-12T00:00:00,TMIN,GHCND:USC00335188,",,7,",183
2369,2012-07-12T00:00:00,TOBS,GHCND:USC00335188,",,7,",194
2370,2012-07-13T00:00:00,PRCP,GHCND:USC00335188,",,7,",0
2371,2012-07-13T00:00:00,TMAX,GHCND:USC00335188,",,7,",322
2372,2012-07-13T00:00:00,TMIN,GHCND:USC00335188,",,7,",194
2373,2012-07-13T00:00:00,TOBS,GHCND:USC00335188,",,7,",217
2374,2012-07-16T00:00:00,DAPR,GHCND:USC00335188,",,7,",3
2375,2012-07-16T00:00:00,MDPR,GHCND:USC00335188,",,7,",183
2376,2012-07-16T00:00:00,TOBS,GHCND:USC00335188,",,7,",233
2377,2012-07-17T00:00:00,PRCP,GHCND:USC00335188,",,7,",0
2378,2012-07-17T00:00:00,TMAX,GHCND:USC00335188,",,7,",372
2379,2012-07-17T00:00:00,TMIN,GHCND:USC00335188,",,7,",228
2380,2012-07-17T00:00:00,TOBS,GHCND:USC00335188,",,7,",250
2381,2012-07-18T00:00:00,PRCP,GHCND:USC00335188,",,7,",0
2382,2012-07-18T00:00:00,TMAX,GHCND:USC00335188,",,7,",372
2383,2012-07-18T00:00:00,TMIN,GHCND:USC00335188,",,7,",244
2384,2012-07-18T00:00:00,TOBS,GHCND:USC00335188,",,7,",261
2385,2012-07-19T00:00:00,PRCP,GHCND:USC00335188,",,7,",411
2386,2012-07-19T00:00:00,TOBS,GHCND:USC00335188,",,7,",228
2387,2012-07-20T00:00:00,PRCP,GHCND:USC00335188,",,7,",38
2388,2012-07-20T00:00:00,TMAX,GHCND:USC00335188,",,7,",317
2389,2012-07-20T00:00:00,TMIN,GHCND:USC00335188,",,7,",228
2390,2012-07-20T00:00:00,TOBS,GHCND:USC00335188,",,7,",233
2391,2012-07-23T00:00:00,DAPR,GHCND:USC00335188,",,7,",3
2392,2012-07-23T00:00:00,MDPR,GHCND:USC00335188,",,7,",18
2393,2012-07-23T00:00:00,TOBS,GHCND:USC00335188,",,7,",222
2394,2012-07-24T00:00:00,PRCP,GHCND:USC00335188,",,7,",0
2395,2012-07-24T00:00:00,TMAX,GHCND:USC00335188,",,7,",367
2396,2012-07-24T00:00:00,TMIN,GHCND:USC00335188,",,7,",222
2397,2012-07-24T00:00:00,TOBS,GHCND:USC00335188,",,7,",289
2398,2012-07-25T00:00:00,PRCP,GHCND:USC00335188,",,7,",18
2399,2012-07-25T00:00:00,TMAX,GHCND:USC00335188,",,7,",317
2400,2012-07-25T00:00:00,TMIN,GHCND:USC00335188,",,7,",228
2401,2012-07-25T00:00:00,TOBS,GHCND:USC00335188,",,7,",228
2402,2012-07-26T00:00:00,PRCP,GHCND:USC00335188,",,7,",0
2403,2012-07-26T00:00:00,TMAX,GHCND:USC00335188,",,7,",378
2404,2012-07-26T00:00:00,TMIN,GHCND:USC00335188,",,7,",217
2405,2012-07-26T00:00:00,TOBS,GHCND:USC00335188,",,7,",278
2406,2012-07-27T00:00:00,PRCP,GHCND:USC00335188,",,7,",43
2407,2012-07-27T00:00:00,TMAX,GHCND:USC00335188,",,7,",361
2408,2012-07-27T00:00:00,TMIN,GHCND:USC00335188,",,7,",239
2409,2012-07-27T00:00:00,TOBS,GHCND:USC00335188,",,7,",244
2410,2012-07-30T00:00:00,DAPR,GHCND:USC00335188,",,7,",3
2411,2012-07-30T00:00:00,MDPR,GHCND:USC00335188,",,7,",86
2412,2012-07-30T00:00:00,TOBS,GHCND:USC00335188,",,7,",183
2413,2012-07-31T00:00:00,PRCP,GHCND:USC00335188,",,7,",0
2414,2012-07-31T00:00:00,TMAX,GHCND:USC00335188,",,7,",322
2415,2012-07-31T00:00:00,TMIN,GHCND:USC00335188,",,7,",178
2416,2012-07-31T00:00:00,TOBS,GHCND:USC00335188,",,7,",189
2417,2012-08-01T00:00:00,PRCP,GHCND:USC00335188,",,7,",0
2418,2012-08-01T00:00:00,TMAX,GHCND:USC00335188,",,7,",344
2419,2012-08-01T00:00:00,TMIN,GHCND:USC00335188,",,7,",183
2420,2012-08-01T00:00:00,TOBS,GHCND:USC00335188,",,7,",206
2421,2012-08-02T00:00:00,PRCP,GHCND:USC00335188,",,7,",0
2422,2012-08-02T00:00:00,TMAX,GHCND:USC00335188,",,7,",344
2423,2012-08-02T00:00:00,TMIN,GHCND:USC00335188,",,7,",178
2424,2012-08-02T00:00:00,TOBS,GHCND:USC00335188,",,7,",178
2425,2012-08-03T00:00:00,PRCP,GHCND:USC00335188,",,7,",0
2426,2012-08-03T00:00:00,TMAX,GHCND:USC00335188,",,7,",367
2427,2012-08-03T00:00:00,TMIN,GHCND:USC00335188,",,7,",178
2428,2012-08-03T00:00:00,TOBS,GHCND:USC00335188,",,7,",228
2429,2012-08-06T00:00:00,DAPR,GHCND:USC00335188,",,7,",3
2430,2012-08-06T00:00:00,MDPR,GHCND:USC00335188,",,7,",15
2431,2012-08-06T00:00:00,TOBS,GHCND:USC00335188,",,7,",183
2432,2012-08-07T00:00:00,PRCP,GHCND:USC00335188,",,7,",0
2433,2012-08-07T00:00:00,TMAX,GHCND:USC00335188,",,7,",322
2434,2012-08-07T00:00:00,TMIN,GHCND:USC00335188,",,7,",161
2435,2012-08-07T00:00:00,TOBS,GHCND:USC00335188,",,7,",161
2436,2012-08-08T00:00:00,PRCP,GHCND:USC00335188,",,7,",0
2437,2012-08-08T00:00:00,TMAX,GHCND:USC00335188,",,7,",350
2438,2012-08-08T00:00:00,TMIN,GHCND:USC00335188,",,7,",161
2439,2012-08-08T00:00:00,TOBS,GHCND:USC00335188,",,7,",183
2440,2012-08-09T00:00:00,PRCP,GHCND:USC00335188,",,7,",0
2441,2012-08-09T00:00:00,TMAX,GHCND:USC00335188,",,7,",378
2442,2012-08-09T00:00:00,TMIN,GHCND:USC00335188,",,7,",183
2443,2012-08-09T00:00:00,TOBS,GHCND:USC00335188,",,7,",222
2444,2012-08-10T00:00:00,PRCP,GHCND:USC00335188,",,7,",127
2445,2012-08-10T00:00:00,TMAX,GHCND:USC00335188,",,7,",333
2446,2012-08-10T00:00:00,TMIN,GHCND:USC00335188,",,7,",206
2447,2012-08-10T00:00:00,TOBS,GHCND:USC00335188,",,7,",206
2448,2012-08-13T00:00:00,DAPR,GHCND:USC00335188,",,7,",3
2449,2012-08-13T00:00:00,MDPR,GHCND:USC00335188,",,7,",0
2450,2012-08-13T00:00:00,TOBS,GHCND:USC00335188,",,7,",194
2451,2012-08-14T00:00:00,PRCP,GHCND:USC00335188,",,7,",0
2452,2012-08-14T00:00:00,TMAX,GHCND:USC00335188,",,7,",272
2453,2012-08-14T00:00:00,TMIN,GHCND:USC00335188,",,7,",194
2454,2012-08-14T00:00:00,TOBS,GHCND:USC00335188,",,7,",200
2455,2012-08-15T00:00:00,PRCP,GHCND:USC00335188,",,7,",0
2456,2012-08-15T00:00:00,TMAX,GHCND:USC00335188,",,7,",261
2457,2012-08-15T00:00:00,TMIN,GHCND:USC00335188,",,7,",178
2458,2012-08-15T00:00:00,TOBS,GHCND:USC00335188,",,7,",178
2459,2012-08-16T00:00:00,PRCP,GHCND:USC00335188,",,7,",0
2460,2012-08-16T00:00:00,TMAX,GHCND:USC00335188,",,7,",294
2461,2012-08-16T00:00:00,TMIN,GHCND:USC00335188,",,7,",139
2462,2012-08-16T00:00:00,TOBS,GHCND:USC00335188,",,7,",167
2463,2012-08-17T00:00:00,PRCP,GHCND:USC00335188,",,7,",30
2464,2012-08-17T00:00:00,TMAX,GHCND:USC00335188,",,7,",322
2465,2012-08-17T00:00:00,TMIN,GHCND:USC00335188,",,7,",156
2466,2012-08-17T00:00:00,TOBS,GHCND:USC00335188,",,7,",200
2467,2012-08-20T00:00:00,DAPR,GHCND:USC00335188,",,7,",3
2468,2012-08-20T00:00:00,MDPR,GHCND:USC00335188,",,7,",5
2469,2012-08-20T00:00:00,TOBS,GHCND:USC00335188,",,7,",117
2470,2012-08-21T00:00:00,PRCP,GHCND:USC00335188,",,7,",3
2471,2012-08-21T00:00:00,TMAX,GHCND:USC00335188,",,7,",289
2472,2012-08-21T00:00:00,TMIN,GHCND:USC00335188,",,7,",83
2473,2012-08-21T00:00:00,TOBS,GHCND:USC00335188,",,7,",156
2474,2012-08-22T00:00:00,PRCP,GHCND:USC00335188,",,7,",0
2475,2012-08-22T00:00:00,TMAX,GHCND:USC00335188,",,7,",278
2476,2012-08-22T00:00:00,TMIN,GHCND:USC00335188,",,7,",133
2477,2012-08-22T00:00:00,TOBS,GHCND:USC00335188,",,7,",133
2478,2012-08-23T00:00:00,PRCP,GHCND:USC00335188,",,7,",0
2479,2012-08-23T00:00:00,TMAX,GHCND:USC00335188,",,7,",300
2480,2012-08-23T00:00:00,TMIN,GHCND:USC00335188,",,7,",122
2481,2012-08-23T00:00:00,TOBS,GHCND:USC00335188,",,7,",139
2482,2012-08-24T00:00:00,PRCP,GHCND:USC00335188,",,7,",0
2483,2012-08-24T00:00:00,TMAX,GHCND:USC00335188,",,7,",328
2484,2012-08-24T00:00:00,TMIN,GHCND:USC00335188,",,7,",61
2485,2012-08-24T00:00:00,TOBS,GHCND:USC00335188,",,7,",156
2486,2012-08-27T00:00:00,DAPR,GHCND:USC00335188,",,7,",3
2487,2012-08-27T00:00:00,MDPR,GHCND:USC00335188,",,7,",0
2488,2012-08-27T00:00:00,TOBS,GHCND:USC00335188,",,7,",228
2489,2012-08-28T00:00:00,PRCP,GHCND:USC00335188,",,7,",46
2490,2012-08-28T00:00:00,TMAX,GHCND:USC00335188,",,7,",306
2491,2012-08-28T00:00:00,TMIN,GHCND:USC00335188,",,7,",183
2492,2012-08-28T00:00:00,TOBS,GHCND:USC00335188,",,7,",183
2493,2012-08-29T00:00:00,PRCP,GHCND:USC00335188,",,7,",0
2494,2012-08-29T00:00:00,TMAX,GHCND:USC00335188,",,7,",328
2495,2012-08-29T00:00:00,TMIN,GHCND:USC00335188,",,7,",156
2496,2012-08-29T00:00:00,TOBS,GHCND:USC00335188,",,7,",156
2497,2012-08-30T00:00:00,PRCP,GHCND:USC00335188,",,7,",0
2498,2012-08-30T00:00:00,TMAX,GHCND:USC00335188,",,7,",311
2499,2012-08-30T00:00:00,TMIN,GHCND:USC00335188,",,7,",144
2500,2012-08-30T00:00:00,TOBS,GHCND:USC00335188,",,7,",144
2501,2012-08-31T00:00:00,PRCP,GHCND:USC00335188,",,7,",0
2502,2012-08-31T00:00:00,TMAX,GHCND:USC00335188,",,7,",333
2503,2012-08-31T00:00:00,TMIN,GHCND:USC00335188,",,7,",139
2504,2012-08-31T00:00:00,TOBS,GHCND:USC00335188,",,7,",189
2505,2012-09-03T00:00:00,PRCP,GHCND:USC00335188,",,7,",363
2506,2012-09-03T00:00:00,TOBS,GHCND:USC00335188,",,7,",222
2507,2012-09-04T00:00:00,PRCP,GHCND:USC00335188,",,7,",112
2508,2012-09-04T00:00:00,TMAX,GHCND:USC00335188,",,7,",261
2509,2012-09-04T00:00:00,TMIN,GHCND:USC00335188,",,7,",222
2510,2012-09-04T00:00:00,TOBS,GHCND:USC00335188,",,7,",233
2511,2012-09-05T00:00:00,PRCP,GHCND:USC00335188,",,7,",3
2512,2012-09-05T00:00:00,TMAX,GHCND:USC00335188,",,7,",311
2513,2012-09-05T00:00:00,TMIN,GHCND:USC00335188,",,7,",206
2514,2012-09-05T00:00:00,TOBS,GHCND:USC00335188,",,7,",206
2515,2012-09-06T00:00:00,PRCP,GHCND:USC00335188,",,7,",368
2516,2012-09-06T00:00:00,TMAX,GHCND:USC00335188,",,7,",322
2517,2012-09-06T00:00:00,TMIN,GHCND:USC00335188,",,7,",183
2518,2012-09-06T00:00:00,TOBS,GHCND:USC00335188,",,7,",189
2519,2012-09-07T00:00:00,PRCP,GHCND:USC00335188,",,7,",0
2520,2012-09-07T00:00:00,TMAX,GHCND:USC00335188,",,7,",300
2521,2012-09-07T00:00:00,TMIN,GHCND:USC00335188,",,7,",189
2522,2012-09-07T00:00:00,TOBS,GHCND:USC00335188,",,7,",194
2523,2012-09-08T00:00:00,PRCP,GHCND:USC00335188,",L,7,",597
2524,2012-09-10T00:00:00,DAPR,GHCND:USC00335188,",L,7,",3
2525,2012-09-10T00:00:00,MDPR,GHCND:USC00335188,",L,7,",0
2526,2012-09-10T00:00:00,TOBS,GHCND:USC00335188,",,7,",122
2527,2012-09-11T00:00:00,PRCP,GHCND:USC00335188,",,7,",0
2528,2012-09-11T00:00:00,TMAX,GHCND:USC00335188,",,7,",250
2529,2012-09-11T00:00:00,TMIN,GHCND:USC00335188,",,7,",111
2530,2012-09-11T00:00:00,TOBS,GHCND:USC00335188,",,7,",111
2531,2012-09-12T00:00:00,PRCP,GHCND:USC00335188,",,7,",0
2532,2012-09-12T00:00:00,TMAX,GHCND:USC00335188,",,7,",272
2533,2012-09-12T00:00:00,TOBS,GHCND:USC00335188,",,7,",122
2534,2012-09-13T00:00:00,PRCP,GHCND:USC00335188,",,7,",0
2535,2012-09-13T00:00:00,TMAX,GHCND:USC00335188,",,7,",300
2536,2012-09-13T00:00:00,TMIN,GHCND:USC00335188,",,7,",100
2537,2012-09-13T00:00:00,TOBS,GHCND:USC00335188,",,7,",189
2538,2012-09-14T00:00:00,PRCP,GHCND:USC00335188,",,7,",0
2539,2012-09-14T00:00:00,TMAX,GHCND:USC00335188,",,7,",283
2540,2012-09-14T00:00:00,TMIN,GHCND:USC00335188,",,7,",44
2541,2012-09-14T00:00:00,TOBS,GHCND:USC00335188,",,7,",150
2542,2012-09-17T00:00:00,DAPR,GHCND:USC00335188,",,7,",3
2543,2012-09-17T00:00:00,MDPR,GHCND:USC00335188,",,7,",0
2544,2012-09-17T00:00:00,TOBS,GHCND:USC00335188,",,7,",144
2545,2012-09-18T00:00:00,PRCP,GHCND:USC00335188,",,7,",18
2546,2012-09-18T00:00:00,TMAX,GHCND:USC00335188,",,7,",233
2547,2012-09-18T00:00:00,TMIN,GHCND:USC00335188,",,7,",144
2548,2012-09-18T00:00:00,TOBS,GHCND:USC00335188,",,7,",189
2549,2012-09-19T00:00:00,PRCP,GHCND:USC00335188,",,7,",0
2550,2012-09-19T00:00:00,TMAX,GHCND:USC00335188,",,7,",211
2551,2012-09-19T00:00:00,TMIN,GHCND:USC00335188,",,7,",56
2552,2012-09-19T00:00:00,TOBS,GHCND:USC00335188,",,7,",56
2553,2012-09-20T00:00:00,PRCP,GHCND:USC00335188,",,7,",0
2554,2012-09-20T00:00:00,TMAX,GHCND:USC00335188,",,7,",217
2555,2012-09-20T00:00:00,TMIN,GHCND:USC00335188,",,7,",33
2556,2012-09-20T00:00:00,TOBS,GHCND:USC00335188,",,7,",72
2557,2012-09-21T00:00:00,PRCP,GHCND:USC00335188,",,7,",0
2558,2012-09-21T00:00:00,TMAX,GHCND:USC00335188,",,7,",228
2559,2012-09-21T00:00:00,TMIN,GHCND:USC00335188,",,7,",72
2560,2012-09-21T00:00:00,TOBS,GHCND:USC00335188,",,7,",128
2561,2012-09-24T00:00:00,DAPR,GHCND:USC00335188,",,7,",3
2562,2012-09-24T00:00:00,MDPR,GHCND:USC00335188,",,7,",188
2563,2012-09-24T00:00:00,TOBS,GHCND:USC00335188,",,7,",33
2564,2012-09-25T00:00:00,PRCP,GHCND:USC00335188,",,7,",0
2565,2012-09-25T00:00:00,TMAX,GHCND:USC00335188,",,7,",217
2566,2012-09-25T00:00:00,TMIN,GHCND:USC00335188,",,7,",28
2567,2012-09-25T00:00:00,TOBS,GHCND:USC00335188,",,7,",133
2568,2012-09-26T00:00:00,PRCP,GHCND:USC00335188,",,7,",18
2569,2012-09-26T00:00:00,TMAX,GHCND:USC00335188,",,7,",194
2570,2012-09-26T00:00:00,TMIN,GHCND:USC00335188,",,7,",133
2571,2012-09-26T00:00:00,TOBS,GHCND:USC00335188,",,7,",172
2572,2012-09-27T00:00:00,PRCP,GHCND:USC00335188,",,7,",46
2573,2012-09-27T00:00:00,TMAX,GHCND:USC00335188,",,7,",244
2574,2012-09-27T00:00:00,TMIN,GHCND:USC00335188,",,7,",172
2575,2012-09-27T00:00:00,TOBS,GHCND:USC00335188,",,7,",183
2576,2012-09-28T00:00:00,PRCP,GHCND:USC00335188,",,7,",18
2577,2012-09-28T00:00:00,TMAX,GHCND:USC00335188,",,7,",239
2578,2012-09-28T00:00:00,TMIN,GHCND:USC00335188,",,7,",156
2579,2012-09-28T00:00:00,TOBS,GHCND:USC00335188,",,7,",156
2580,2012-10-01T00:00:00,DAPR,GHCND:USC00335188,",,7,",3
2581,2012-10-01T00:00:00,MDPR,GHCND:USC00335188,",,7,",0
2582,2012-10-01T00:00:00,TOBS,GHCND:USC00335188,",,7,",106
2583,2012-10-02T00:00:00,PRCP,GHCND:USC00335188,",,7,",168
2584,2012-10-02T00:00:00,TMAX,GHCND:USC00335188,",,7,",183
2585,2012-10-02T00:00:00,TMIN,GHCND:USC00335188,",,7,",106
2586,2012-10-02T00:00:00,TOBS,GHCND:USC00335188,",,7,",150
2587,2012-10-03T00:00:00,PRCP,GHCND:USC00335188,",,7,",5
2588,2012-10-03T00:00:00,TMAX,GHCND:USC00335188,",,7,",228
2589,2012-10-03T00:00:00,TMIN,GHCND:USC00335188,",,7,",111
2590,2012-10-03T00:00:00,TOBS,GHCND:USC00335188,",,7,",156
2591,2012-10-04T00:00:00,PRCP,GHCND:USC00335188,",,7,",0
2592,2012-10-04T00:00:00,TMAX,GHCND:USC00335188,",,7,",233
2593,2012-10-04T00:00:00,TMIN,GHCND:USC00335188,",,7,",106
2594,2012-10-04T00:00:00,TOBS,GHCND:USC00335188,",,7,",111
2595,2012-10-05T00:00:00,PRCP,GHCND:USC00335188,",,7,",0
2596,2012-10-05T00:00:00,TMAX,GHCND:USC00335188,",,7,",261
2597,2012-10-05T00:00:00,TMIN,GHCND:USC00335188,",,7,",111
2598,2012-10-05T00:00:00,TOBS,GHCND:USC00335188,",,7,",139
2599,2012-10-08T00:00:00,DAPR,GHCND:USC00335188,",,7,",3
2600,2012-10-08T00:00:00,MDPR,GHCND:USC00335188,",,7,",183
2601,2012-10-08T00:00:00,TOBS,GHCND:USC00335188,",,7,",11
2602,2012-10-09T00:00:00,PRCP,GHCND:USC00335188,",,7,",0
2603,2012-10-09T00:00:00,TMAX,GHCND:USC00335188,",,7,",144
2604,2012-10-09T00:00:00,TMIN,GHCND:USC00335188,",,7,",6
2605,2012-10-09T00:00:00,TOBS,GHCND:USC00335188,",,7,",17
2606,2012-10-10T00:00:00,PRCP,GHCND:USC00335188,",,7,",0
2607,2012-10-10T00:00:00,TMAX,GHCND:USC00335188,",,7,",178
2608,2012-10-10T00:00:00,TMIN,GHCND:USC00335188,",,7,",17
2609,2012-10-10T00:00:00,TOBS,GHCND:USC00335188,",,7,",100
2610,2012-10-11T00:00:00,PRCP,GHCND:USC00335188,",,7,",0
2611,2012-10-11T00:00:00,TMAX,GHCND:USC00335188,",,7,",156
2612,2012-10-11T00:00:00,TMIN,GHCND:USC00335188,",,7,",-6
2613,2012-10-11T00:00:00,TOBS,GHCND:USC00335188,",,7,",-6
2614,2012-10-12T00:00:00,PRCP,GHCND:USC00335188,",,7,",5
2615,2012-10-12T00:00:00,TMAX,GHCND:USC00335188,",,7,",172
2616,2012-10-12T00:00:00,TMIN,GHCND:USC00335188,",,7,",-6
2617,2012-10-12T00:00:00,TOBS,GHCND:USC00335188,",,7,",56
2618,2012-10-15T00:00:00,DAPR,GHCND:USC00335188,",,7,",3
2619,2012-10-15T00:00:00,MDPR,GHCND:USC00335188,",,7,",18
2620,2012-10-15T00:00:00,TOBS,GHCND:USC00335188,",,7,",122
2621,2012-10-16T00:00:00,PRCP,GHCND:USC00335188,",,7,",0
2622,2012-10-16T00:00:00,TMAX,GHCND:USC00335188,",,7,",178
2623,2012-10-16T00:00:00,TMIN,GHCND:USC00335188,",,7,",28
2624,2012-10-16T00:00:00,TOBS,GHCND:USC00335188,",,7,",28
2625,2012-10-17T00:00:00,PRCP,GHCND:USC00335188,",,7,",0
2626,2012-10-17T00:00:00,TMAX,GHCND:USC00335188,",,7,",200
2627,2012-10-17T00:00:00,TMIN,GHCND:USC00335188,",,7,",22
2628,2012-10-17T00:00:00,TOBS,GHCND:USC00335188,",,7,",122
2629,2012-10-18T00:00:00,PRCP,GHCND:USC00335188,",,7,",10
2630,2012-10-18T00:00:00,TMAX,GHCND:USC00335188,",,7,",256
2631,2012-10-18T00:00:00,TMIN,GHCND:USC00335188,",,7,",122
2632,2012-10-18T00:00:00,TOBS,GHCND:USC00335188,",,7,",139
2633,2012-10-19T00:00:00,PRCP,GHCND:USC00335188,",,7,",15
2634,2012-10-19T00:00:00,TMAX,GHCND:USC00335188,",,7,",189
2635,2012-10-19T00:00:00,TMIN,GHCND:USC00335188,",,7,",100
2636,2012-10-19T00:00:00,TOBS,GHCND:USC00335188,",,7,",117
2637,2012-10-22T00:00:00,DAPR,GHCND:USC00335188,",,7,",3
2638,2012-10-22T00:00:00,MDPR,GHCND:USC00335188,",,7,",43
2639,2012-10-22T00:00:00,TOBS,GHCND:USC00335188,",,7,",94
2640,2012-10-23T00:00:00,PRCP,GHCND:USC00335188,",,7,",0
2641,2012-10-23T00:00:00,TOBS,GHCND:USC00335188,",,7,",156
2642,2012-10-24T00:00:00,PRCP,GHCND:USC00335188,",,7,",3
2643,2012-10-24T00:00:00,TMAX,GHCND:USC00335188,",,7,",278
2644,2012-10-24T00:00:00,TMIN,GHCND:USC00335188,",,7,",133
2645,2012-10-24T00:00:00,TOBS,GHCND:USC00335188,",,7,",139
2646,2012-10-25T00:00:00,PRCP,GHCND:USC00335188,",,7,",0
2647,2012-10-25T00:00:00,TMAX,GHCND:USC00335188,",,7,",278
2648,2012-10-25T00:00:00,TMIN,GHCND:USC00335188,",,7,",94
2649,2012-10-25T00:00:00,TOBS,GHCND:USC00335188,",,7,",94
2650,2012-10-26T00:00:00,PRCP,GHCND:USC00335188,",,7,",0
2651,2012-10-26T00:00:00,TMAX,GHCND:USC00335188,",,7,",267
2652,2012-10-26T00:00:00,TMIN,GHCND:USC00335188,",,7,",89
2653,2012-10-26T00:00:00,TOBS,GHCND:USC00335188,",,7,",117
2654,2012-10-29T00:00:00,DAPR,GHCND:USC00335188,",,7,",3
2655,2012-10-29T00:00:00,MDPR,GHCND:USC00335188,",,7,",264
2656,2012-10-29T00:00:00,TOBS,GHCND:USC00335188,",,7,",44
2657,2012-10-30T00:00:00,PRCP,GHCND:USC00335188,",,7,",18
2658,2012-10-30T00:00:00,TMAX,GHCND:USC00335188,",,7,",78
2659,2012-10-30T00:00:00,TMIN,GHCND:USC00335188,",,7,",28
2660,2012-10-30T00:00:00,TOBS,GHCND:USC00335188,",,7,",33
2661,2012-10-31T00:00:00,PRCP,GHCND:USC00335188,",,7,",51
2662,2012-10-31T00:00:00,TMAX,GHCND:USC00335188,",,7,",61
2663,2012-10-31T00:00:00,TMIN,GHCND:USC00335188,",,7,",33
2664,2012-10-31T00:00:00,TOBS,GHCND:USC00335188,",,7,",44
2665,2012-11-01T00:00:00,PRCP,GHCND:USC00335188,",,7,",18
2666,2012-11-01T00:00:00,TMAX,GHCND:USC00335188,",,7,",67
2667,2012-11-01T00:00:00,TMIN,GHCND:USC00335188,",,7,",33
2668,2012-11-01T00:00:00,TOBS,GHCND:USC00335188,",,7,",56
2669,2012-11-02T00:00:00,PRCP,GHCND:USC00335188,",,7,",0
2670,2012-11-02T00:00:00,TMAX,GHCND:USC00335188,",,7,",133
2671,2012-11-02T00:00:00,TMIN,GHCND:USC00335188,",,7,",17
2672,2012-11-02T00:00:00,TOBS,GHCND:USC00335188,",,7,",17
2673,2012-11-06T00:00:00,DAPR,GHCND:USC00335188,",,7,",4
2674,2012-11-06T00:00:00,MDPR,GHCND:USC00335188,",,7,",33
2675,2012-11-06T00:00:00,TOBS,GHCND:USC00335188,",,7,",-39
2676,2012-11-07T00:00:00,PRCP,GHCND:USC00335188,",,7,",0
2677,2012-11-07T00:00:00,TMAX,GHCND:USC00335188,",,7,",122
2678,2012-11-07T00:00:00,TMIN,GHCND:USC00335188,",,7,",-39
2679,2012-11-07T00:00:00,TOBS,GHCND:USC00335188,",,7,",44
2680,2012-11-08T00:00:00,PRCP,GHCND:USC00335188,",,7,",0
2681,2012-11-08T00:00:00,TMAX,GHCND:USC00335188,",,7,",128
2682,2012-11-08T00:00:00,TMIN,GHCND:USC00335188,",,7,",-28
2683,2012-11-08T00:00:00,TOBS,GHCND:USC00335188,",,7,",-28
2684,2012-11-09T00:00:00,PRCP,GHCND:USC00335188,",,7,",0
2685,2012-11-09T00:00:00,TMAX,GHCND:USC00335188,",,7,",128
2686,2012-11-09T00:00:00,TMIN,GHCND:USC00335188,",,7,",-28
2687,2012-11-09T00:00:00,TOBS,GHCND:USC00335188,",,7,",-17
2688,2012-11-13T00:00:00,DAPR,GHCND:USC00335188,",,7,",4
2689,2012-11-13T00:00:00,MDPR,GHCND:USC00335188,",,7,",206
2690,2012-11-13T00:00:00,TOBS,GHCND:USC00335188,",,7,",-33
2691,2012-11-14T00:00:00,PRCP,GHCND:USC00335188,",,7,",0
2692,2012-11-14T00:00:00,TMAX,GHCND:USC00335188,",,7,",72
2693,2012-11-14T00:00:00,TMIN,GHCND:USC00335188,",,7,",-50
2694,2012-11-14T00:00:00,TOBS,GHCND:USC00335188,",,7,",-50
2695,2012-11-15T00:00:00,PRCP,GHCND:USC00335188,",,7,",0
2696,2012-11-15T00:00:00,TMAX,GHCND:USC00335188,",,7,",67
2697,2012-11-15T00:00:00,TMIN,GHCND:USC00335188,",,7,",-50
2698,2012-11-15T00:00:00,TOBS,GHCND:USC00335188,",,7,",-44
2699,2012-11-16T00:00:00,PRCP,GHCND:USC00335188,",,7,",0
2700,2012-11-16T00:00:00,TMAX,GHCND:USC00335188,",,7,",94
2701,2012-11-16T00:00:00,TMIN,GHCND:USC00335188,",,7,",-50
2702,2012-11-16T00:00:00,TOBS,GHCND:USC00335188,",,7,",-44
2703,2012-11-19T00:00:00,PRCP,GHCND:USC00335188,",,7,",0
2704,2012-11-20T00:00:00,PRCP,GHCND:USC00335188,",,7,",0
2705,2012-11-20T00:00:00,TMAX,GHCND:USC00335188,",,7,",161
2706,2012-11-20T00:00:00,TMIN,GHCND:USC00335188,",,7,",-17
2707,2012-11-20T00:00:00,TOBS,GHCND:USC00335188,",,7,",156
2708,2012-11-21T00:00:00,PRCP,GHCND:USC00335188,",,7,",23
2709,2012-11-21T00:00:00,TMAX,GHCND:USC00335188,",,7,",167
2710,2012-11-21T00:00:00,TMIN,GHCND:USC00335188,",,7,",50
2711,2012-11-21T00:00:00,TOBS,GHCND:USC00335188,",,7,",56
2712,2012-11-26T00:00:00,DAPR,GHCND:USC00335188,",,7,",5
2713,2012-11-26T00:00:00,MDPR,GHCND:USC00335188,",,7,",0
2714,2012-11-26T00:00:00,TOBS,GHCND:USC00335188,",,7,",-22
2715,2012-11-27T00:00:00,PRCP,GHCND:USC00335188,",,7,",5
2716,2012-11-27T00:00:00,TMAX,GHCND:USC00335188,",,7,",117
2717,2012-11-27T00:00:00,TMIN,GHCND:USC00335188,",,7,",-22
2718,2012-11-27T00:00:00,TOBS,GHCND:USC00335188,",,7,",-6
2719,2012-11-28T00:00:00,PRCP,GHCND:USC00335188,",,7,",0
2720,2012-11-28T00:00:00,TMAX,GHCND:USC00335188,",,7,",50
2721,2012-11-28T00:00:00,TMIN,GHCND:USC00335188,",,7,",-56
2722,2012-11-28T00:00:00,TOBS,GHCND:USC00335188,",,7,",-56
2723,2012-11-29T00:00:00,PRCP,GHCND:USC00335188,",,7,",0
2724,2012-11-29T00:00:00,TMAX,GHCND:USC00335188,",,7,",83
2725,2012-11-29T00:00:00,TMIN,GHCND:USC00335188,",,7,",-61
2726,2012-11-29T00:00:00,TOBS,GHCND:USC00335188,",,7,",-61
2727,2012-11-30T00:00:00,PRCP,GHCND:USC00335188,",,7,",0
2728,2012-11-30T00:00:00,TMAX,GHCND:USC00335188,",,7,",100
2729,2012-11-30T00:00:00,TMIN,GHCND:USC00335188,",,7,",-67
2730,2012-11-30T00:00:00,TOBS,GHCND:USC00335188,",,7,",-17
2731,2012-12-03T00:00:00,DAPR,GHCND:USC00335188,",,7,",3
2732,2012-12-03T00:00:00,MDPR,GHCND:USC00335188,",,7,",145
2733,2012-12-03T00:00:00,TOBS,GHCND:USC00335188,",,7,",139
2734,2012-12-04T00:00:00,PRCP,GHCND:USC00335188,",,7,",8
2735,2012-12-04T00:00:00,TMAX,GHCND:USC00335188,",,7,",222
2736,2012-12-04T00:00:00,TMIN,GHCND:USC00335188,",,7,",139
2737,2012-12-04T00:00:00,TOBS,GHCND:USC00335188,",,7,",161
2738,2012-12-05T00:00:00,PRCP,GHCND:USC00335188,",,7,",46
2739,2012-12-05T00:00:00,TMAX,GHCND:USC00335188,",,7,",183
2740,2012-12-05T00:00:00,TMIN,GHCND:USC00335188,",,7,",11
2741,2012-12-05T00:00:00,TOBS,GHCND:USC00335188,",,7,",11
2742,2012-12-06T00:00:00,PRCP,GHCND:USC00335188,",,7,",0
2743,2012-12-06T00:00:00,TMAX,GHCND:USC00335188,",,7,",83
2744,2012-12-06T00:00:00,TMIN,GHCND:USC00335188,",,7,",-33
2745,2012-12-06T00:00:00,TOBS,GHCND:USC00335188,",,7,",-33
2746,2012-12-07T00:00:00,PRCP,GHCND:USC00335188,",,7,",69
2747,2012-12-07T00:00:00,TMAX,GHCND:USC00335188,",,7,",89
2748,2012-12-07T00:00:00,TMIN,GHCND:USC00335188,",,7,",-33
2749,2012-12-07T00:00:00,TOBS,GHCND:USC00335188,",,7,",89
2750,2012-12-10T00:00:00,DAPR,GHCND:USC00335188,",,7,",3
2751,2012-12-10T00:00:00,MDPR,GHCND:USC00335188,",,7,",335
2752,2012-12-10T00:00:00,TOBS,GHCND:USC00335188,",,7,",78
2753,2012-12-11T00:00:00,PRCP,GHCND:USC00335188,",,7,",0
2754,2012-12-11T00:00:00,TMAX,GHCND:USC00335188,",,7,",78
2755,2012-12-11T00:00:00,TMIN,GHCND:USC00335188,",,7,",6
2756,2012-12-11T00:00:00,TOBS,GHCND:USC00335188,",,7,",11
2757,2012-12-12T00:00:00,PRCP,GHCND:USC00335188,",,7,",0
2758,2012-12-12T00:00:00,TMAX,GHCND:USC00335188,",,7,",22
2759,2012-12-12T00:00:00,TMIN,GHCND:USC00335188,",,7,",-61
2760,2012-12-12T00:00:00,TOBS,GHCND:USC00335188,",,7,",-61
2761,2012-12-13T00:00:00,PRCP,GHCND:USC00335188,",,7,",0
2762,2012-12-13T00:00:00,TMAX,GHCND:USC00335188,",,7,",72
2763,2012-12-13T00:00:00,TMIN,GHCND:USC00335188,",,7,",-67
2764,2012-12-13T00:00:00,TOBS,GHCND:USC00335188,",,7,",-67
2765,2012-12-14T00:00:00,PRCP,GHCND:USC00335188,",,7,",0
2766,2012-12-14T00:00:00,TMAX,GHCND:USC00335188,",,7,",72
2767,2012-12-14T00:00:00,TMIN,GHCND:USC00335188,",,7,",-67
2768,2012-12-14T00:00:00,TOBS,GHCND:USC00335188,",,7,",-50
2769,2012-12-17T00:00:00,DAPR,GHCND:USC00335188,",,7,",3
2770,2012-12-17T00:00:00,MDPR,GHCND:USC00335188,",,7,",28
2771,2012-12-17T00:00:00,TOBS,GHCND:USC00335188,",,7,",56
2772,2012-12-18T00:00:00,PRCP,GHCND:USC00335188,",,7,",147
2773,2012-12-18T00:00:00,TMAX,GHCND:USC00335188,",,7,",83
2774,2012-12-18T00:00:00,TMIN,GHCND:USC00335188,",,7,",44
2775,2012-12-18T00:00:00,TOBS,GHCND:USC00335188,",,7,",44
2776,2012-12-19T00:00:00,PRCP,GHCND:USC00335188,",,7,",0
2777,2012-12-19T00:00:00,TMAX,GHCND:USC00335188,",,7,",50
2778,2012-12-19T00:00:00,TMIN,GHCND:USC00335188,",,7,",0
2779,2012-12-19T00:00:00,TOBS,GHCND:USC00335188,",,7,",33
2780,2012-12-20T00:00:00,PRCP,GHCND:USC00335188,",,7,",0
2781,2012-12-20T00:00:00,TMAX,GHCND:USC00335188,",,7,",100
2782,2012-12-20T00:00:00,TMIN,GHCND:USC00335188,",,7,",22
2783,2012-12-20T00:00:00,TOBS,GHCND:USC00335188,",,7,",100
2784,2012-12-21T00:00:00,PRCP,GHCND:USC00335188,",,7,",196
2785,2012-12-21T00:00:00,TOBS,GHCND:USC00335188,",,7,",-17
2786,2012-12-24T00:00:00,DAPR,GHCND:USC00335188,",,7,",3
2787,2012-12-24T00:00:00,MDPR,GHCND:USC00335188,",,7,",0
2788,2012-12-24T00:00:00,TOBS,GHCND:USC00335188,",,7,",0
2789,2012-12-26T00:00:00,DAPR,GHCND:USC00335188,",,7,",2
2790,2012-12-26T00:00:00,MDPR,GHCND:USC00335188,",,7,",36
2791,2012-12-26T00:00:00,TOBS,GHCND:USC00335188,",,7,",6
2792,2012-12-27T00:00:00,PRCP,GHCND:USC00335188,",,7,",206
2793,2012-12-27T00:00:00,TMAX,GHCND:USC00335188,",,7,",11
2794,2012-12-27T00:00:00,TMIN,GHCND:USC00335188,",,7,",-22
2795,2012-12-27T00:00:00,TOBS,GHCND:USC00335188,",,7,",-22
2796,2012-12-28T00:00:00,PRCP,GHCND:USC00335188,",,7,",0
2797,2012-12-28T00:00:00,TMAX,GHCND:USC00335188,",,7,",6
2798,2012-12-28T00:00:00,TMIN,GHCND:USC00335188,",,7,",-44
2799,2012-12-28T00:00:00,TOBS,GHCND:USC00335188,",,7,",-33
2800,2012-12-31T00:00:00,DAPR,GHCND:USC00335188,",,7,",3
2801,2012-12-31T00:00:00,MDPR,GHCND:USC00335188,",,7,",58
2802,2012-12-31T00:00:00,TOBS,GHCND:USC00335188,",,7,",-11
2803,2013-01-02T00:00:00,DAPR,GHCND:USC00335188,",,7,",2
2804,2013-01-02T00:00:00,MDPR,GHCND:USC00335188,",,7,",0
2805,2013-01-02T00:00:00,TOBS,GHCND:USC00335188,",,7,",-67
2806,2013-01-03T00:00:00,PRCP,GHCND:USC00335188,",,7,",0
2807,2013-01-03T00:00:00,TMAX,GHCND:USC00335188,",,7,",-6
2808,2013-01-03T00:00:00,TMIN,GHCND:USC00335188,",,7,",-111
2809,2013-01-03T00:00:00,TOBS,GHCND:USC00335188,",,7,",-111
2810,2013-01-04T00:00:00,PRCP,GHCND:USC00335188,",,7,",0
2811,2013-01-04T00:00:00,TMAX,GHCND:USC00335188,",,7,",33
2812,2013-01-04T00:00:00,TMIN,GHCND:USC00335188,",,7,",-111
2813,2013-01-04T00:00:00,TOBS,GHCND:USC00335188,",,7,",22
2814,2013-01-07T00:00:00,DAPR,GHCND:USC00335188,",,7,",3
2815,2013-01-07T00:00:00,MDPR,GHCND:USC00335188,",,7,",3
2816,2013-01-07T00:00:00,TOBS,GHCND:USC00335188,",,7,",-56
2817,2013-01-08T00:00:00,PRCP,GHCND:USC00335188,",,7,",0
2818,2013-01-08T00:00:00,TMAX,GHCND:USC00335188,",,7,",61
2819,2013-01-08T00:00:00,TMIN,GHCND:USC00335188,",,7,",-61
2820,2013-01-08T00:00:00,TOBS,GHCND:USC00335188,",,7,",-56
2821,2013-01-09T00:00:00,PRCP,GHCND:USC00335188,",,7,",0
2822,2013-01-09T00:00:00,TMAX,GHCND:USC00335188,",,7,",117
2823,2013-01-09T00:00:00,TMIN,GHCND:USC00335188,",,7,",-56
2824,2013-01-09T00:00:00,TOBS,GHCND:USC00335188,",,7,",56
2825,2013-01-10T00:00:00,PRCP,GHCND:USC00335188,",,7,",10
2826,2013-01-10T00:00:00,TMAX,GHCND:USC00335188,",,7,",139
2827,2013-01-10T00:00:00,TMIN,GHCND:USC00335188,",,7,",-33
2828,2013-01-10T00:00:00,TOBS,GHCND:USC00335188,",,7,",-33
2829,2013-01-11T00:00:00,PRCP,GHCND:USC00335188,",,7,",36
2830,2013-01-11T00:00:00,TMAX,GHCND:USC00335188,",,7,",122
2831,2013-01-11T00:00:00,TMIN,GHCND:USC00335188,",,7,",-33
2832,2013-01-11T00:00:00,TOBS,GHCND:USC00335188,",,7,",122
2833,2013-01-14T00:00:00,DAPR,GHCND:USC00335188,",,7,",3
2834,2013-01-14T00:00:00,MDPR,GHCND:USC00335188,",,7,",330
2835,2013-01-14T00:00:00,TOBS,GHCND:USC00335188,",,7,",-33
2836,2013-01-15T00:00:00,PRCP,GHCND:USC00335188,",,7,",0
2837,2013-01-15T00:00:00,TMAX,GHCND:USC00335188,",,7,",-17
2838,2013-01-15T00:00:00,TMIN,GHCND:USC00335188,",,7,",-56
2839,2013-01-15T00:00:00,TOBS,GHCND:USC00335188,",,7,",-50
2840,2013-01-16T00:00:00,PRCP,GHCND:USC00335188,",,7,",0
2841,2013-01-16T00:00:00,TMAX,GHCND:USC00335188,",,7,",6
2842,2013-01-16T00:00:00,TMIN,GHCND:USC00335188,",,7,",-50
2843,2013-01-16T00:00:00,TOBS,GHCND:USC00335188,",,7,",0
2844,2013-01-17T00:00:00,PRCP,GHCND:USC00335188,",,7,",0
2845,2013-01-17T00:00:00,TMAX,GHCND:USC00335188,",,7,",33
2846,2013-01-17T00:00:00,TMIN,GHCND:USC00335188,",,7,",-11
2847,2013-01-17T00:00:00,TOBS,GHCND:USC00335188,",,7,",-11
2848,2013-01-18T00:00:00,PRCP,GHCND:USC00335188,",,7,",0
2849,2013-01-18T00:00:00,TMAX,GHCND:USC00335188,",,7,",67
2850,2013-01-18T00:00:00,TMIN,GHCND:USC00335188,",,7,",-72
2851,2013-01-18T00:00:00,TOBS,GHCND:USC00335188,",,7,",-72
2852,2013-01-19T00:00:00,PRCP,GHCND:USC00335188,",,7,",0
2853,2013-01-19T00:00:00,TMAX,GHCND:USC00335188,",,7,",67
2854,2013-01-19T00:00:00,TMIN,GHCND:USC00335188,",,7,",-78
2855,2013-01-19T00:00:00,TOBS,GHCND:USC00335188,",,7,",67
2856,2013-01-20T00:00:00,PRCP,GHCND:USC00335188,",,7,",0
2857,2013-01-20T00:00:00,TMAX,GHCND:USC00335188,",,7,",139
2858,2013-01-20T00:00:00,TMIN,GHCND:USC00335188,",,7,",-11
2859,2013-01-20T00:00:00,TOBS,GHCND:USC00335188,",,7,",-6
2860,2013-01-22T00:00:00,DAPR,GHCND:USC00335188,",,7,",2
2861,2013-01-22T00:00:00,MDPR,GHCND:USC00335188,",,7,",0
2862,2013-01-22T00:00:00,TOBS,GHCND:USC00335188,",,7,",-128
2863,2013-01-23T00:00:00,PRCP,GHCND:USC00335188,",,7,",0
2864,2013-01-23T00:00:00,TMAX,GHCND:USC00335188,",,7,",-56
2865,2013-01-23T00:00:00,TMIN,GHCND:USC00335188,",,7,",-133
2866,2013-01-23T00:00:00,TOBS,GHCND:USC00335188,",,7,",-111
2867,2013-01-24T00:00:00,PRCP,GHCND:USC00335188,",,7,",0
2868,2013-01-24T00:00:00,TMAX,GHCND:USC00335188,",,7,",-44
2869,2013-01-24T00:00:00,TMIN,GHCND:USC00335188,",,7,",-111
2870,2013-01-24T00:00:00,TOBS,GHCND:USC00335188,",,7,",-83
2871,2013-01-25T00:00:00,PRCP,GHCND:USC00335188,",,7,",0
2872,2013-01-25T00:00:00,TMAX,GHCND:USC00335188,",,7,",-44
2873,2013-01-25T00:00:00,TMIN,GHCND:USC00335188,",,7,",-94
2874,2013-01-25T00:00:00,TOBS,GHCND:USC00335188,",,7,",-56
2875,2013-01-28T00:00:00,DAPR,GHCND:USC00335188,",,7,",3
2876,2013-01-28T00:00:00,MDPR,GHCND:USC00335188,",,7,",76
2877,2013-01-28T00:00:00,TOBS,GHCND:USC00335188,",,7,",78
2878,2013-01-29T00:00:00,PRCP,GHCND:USC00335188,",,7,",25
2879,2013-01-29T00:00:00,TMAX,GHCND:USC00335188,",,7,",128
2880,2013-01-29T00:00:00,TMIN,GHCND:USC00335188,",,7,",72
2881,2013-01-29T00:00:00,TOBS,GHCND:USC00335188,",,7,",128
2882,2013-01-30T00:00:00,PRCP,GHCND:USC00335188,",,7,",183
2883,2013-01-30T00:00:00,TMAX,GHCND:USC00335188,",,7,",200
2884,2013-01-30T00:00:00,TMIN,GHCND:USC00335188,",,7,",122
2885,2013-01-30T00:00:00,TOBS,GHCND:USC00335188,",,7,",122
2886,2013-01-31T00:00:00,PRCP,GHCND:USC00335188,",,7,",109
2887,2013-01-31T00:00:00,TMAX,GHCND:USC00335188,",,7,",139
2888,2013-01-31T00:00:00,TMIN,GHCND:USC00335188,",,7,",-28
2889,2013-01-31T00:00:00,TOBS,GHCND:USC00335188,",,7,",-28
2890,2013-02-01T00:00:00,PRCP,GHCND:USC00335188,",,7,",8
2891,2013-02-01T00:00:00,TMAX,GHCND:USC00335188,",,7,",6
2892,2013-02-01T00:00:00,TMIN,GHCND:USC00335188,",,7,",-133
2893,2013-02-01T00:00:00,TOBS,GHCND:USC00335188,",,7,",-133
2894,2013-02-04T00:00:00,DAPR,GHCND:USC00335188,",,7,",3
2895,2013-02-04T00:00:00,MDPR,GHCND:USC00335188,",,7,",20
2896,2013-02-05T00:00:00,PRCP,GHCND:USC00335188,",,7,",18
2897,2013-02-05T00:00:00,TMAX,GHCND:USC00335188,",,7,",17
2898,2013-02-05T00:00:00,TMIN,GHCND:USC00335188,",,7,",-133
2899,2013-02-05T00:00:00,TOBS,GHCND:USC00335188,",,7,",-22
2900,2013-02-06T00:00:00,PRCP,GHCND:USC00335188,",,7,",0
2901,2013-02-06T00:00:00,TMAX,GHCND:USC00335188,",,7,",28
2902,2013-02-06T00:00:00,TMIN,GHCND:USC00335188,",,7,",-22
2903,2013-02-06T00:00:00,TOBS,GHCND:USC00335188,",,7,",11
2904,2013-02-07T00:00:00,PRCP,GHCND:USC00335188,",,7,",0
2905,2013-02-07T00:00:00,TMAX,GHCND:USC00335188,",,7,",28
2906,2013-02-07T00:00:00,TMIN,GHCND:USC00335188,",,7,",-22
2907,2013-02-07T00:00:00,TOBS,GHCND:USC00335188,",,7,",-11
2908,2013-02-08T00:00:00,PRCP,GHCND:USC00335188,",,7,",18
2909,2013-02-08T00:00:00,TMAX,GHCND:USC00335188,",,7,",172
2910,2013-02-08T00:00:00,TMIN,GHCND:USC00335188,",,7,",-17
2911,2013-02-08T00:00:00,TOBS,GHCND:USC00335188,",,7,",33
2912,2013-02-11T00:00:00,DAPR,GHCND:USC00335188,",,7,",3
2913,2013-02-11T00:00:00,MDPR,GHCND:USC00335188,",,7,",8
2914,2013-02-11T00:00:00,TOBS,GHCND:USC00335188,",,7,",111
2915,2013-02-13T00:00:00,DAPR,GHCND:USC00335188,",,7,",2
2916,2013-02-13T00:00:00,MDPR,GHCND:USC00335188,",,7,",0
2917,2013-02-13T00:00:00,TOBS,GHCND:USC00335188,",,7,",-6
2918,2013-02-14T00:00:00,PRCP,GHCND:USC00335188,",,7,",28
2919,2013-02-14T00:00:00,TMAX,GHCND:USC00335188,",,7,",28
2920,2013-02-14T00:00:00,TMIN,GHCND:USC00335188,",,7,",-28
2921,2013-02-14T00:00:00,TOBS,GHCND:USC00335188,",,7,",17
2922,2013-02-15T00:00:00,PRCP,GHCND:USC00335188,",,7,",0
2923,2013-02-15T00:00:00,TMAX,GHCND:USC00335188,",,7,",122
2924,2013-02-15T00:00:00,TMIN,GHCND:USC00335188,",,7,",-22
2925,2013-02-15T00:00:00,TOBS,GHCND:USC00335188,",,7,",-22
2926,2013-02-19T00:00:00,DAPR,GHCND:USC00335188,",,7,",4
2927,2013-02-19T00:00:00,MDPR,GHCND:USC00335188,",,7,",58
2928,2013-02-19T00:00:00,TOBS,GHCND:USC00335188,",,7,",11
2929,2013-02-20T00:00:00,PRCP,GHCND:USC00335188,",,7,",0
2930,2013-02-20T00:00:00,TMAX,GHCND:USC00335188,",,7,",11
2931,2013-02-20T00:00:00,TMIN,GHCND:USC00335188,",,7,",-56
2932,2013-02-20T00:00:00,TOBS,GHCND:USC00335188,",,7,",-56
2933,2013-02-21T00:00:00,PRCP,GHCND:USC00335188,",,7,",0
2934,2013-02-21T00:00:00,TMAX,GHCND:USC00335188,",,7,",-6
2935,2013-02-21T00:00:00,TMIN,GHCND:USC00335188,",,7,",-61
2936,2013-02-21T00:00:00,TOBS,GHCND:USC00335188,",,7,",-50
2937,2013-02-22T00:00:00,PRCP,GHCND:USC00335188,",,7,",61
2938,2013-02-22T00:00:00,TMAX,GHCND:USC00335188,",,7,",11
2939,2013-02-22T00:00:00,TMIN,GHCND:USC00335188,",,7,",-56
2940,2013-02-22T00:00:00,TOBS,GHCND:USC00335188,",,7,",6
2941,2013-02-25T00:00:00,DAPR,GHCND:USC00335188,",,7,",3
2942,2013-02-25T00:00:00,MDPR,GHCND:USC00335188,",,7,",0
2943,2013-02-25T00:00:00,TOBS,GHCND:USC00335188,",,7,",-61
2944,2013-02-26T00:00:00,PRCP,GHCND:USC00335188,",,7,",0
2945,2013-02-26T00:00:00,TMAX,GHCND:USC00335188,",,7,",83
2946,2013-02-26T00:00:00,TMIN,GHCND:USC00335188,",,7,",-61
2947,2013-02-26T00:00:00,TOBS,GHCND:USC00335188,",,7,",33
2948,2013-02-27T00:00:00,PRCP,GHCND:USC00335188,",,7,",249
2949,2013-02-27T00:00:00,TMAX,GHCND:USC00335188,",,7,",89
2950,2013-02-27T00:00:00,TMIN,GHCND:USC00335188,",,7,",22
2951,2013-02-27T00:00:00,TOBS,GHCND:USC00335188,",,7,",44
2952,2013-02-28T00:00:00,PRCP,GHCND:USC00335188,",,7,",10
2953,2013-02-28T00:00:00,TMAX,GHCND:USC00335188,",,7,",44
2954,2013-02-28T00:00:00,TMIN,GHCND:USC00335188,",,7,",6
2955,2013-02-28T00:00:00,TOBS,GHCND:USC00335188,",,7,",11
2956,2013-03-01T00:00:00,PRCP,GHCND:USC00335188,",,7,",3
2957,2013-03-01T00:00:00,TMAX,GHCND:USC00335188,",,7,",33
2958,2013-03-01T00:00:00,TMIN,GHCND:USC00335188,",,7,",6
2959,2013-03-01T00:00:00,TOBS,GHCND:USC00335188,",,7,",11
2960,2013-03-04T00:00:00,DAPR,GHCND:USC00335188,",,7,",3
2961,2013-03-04T00:00:00,MDPR,GHCND:USC00335188,",,7,",0
2962,2013-03-04T00:00:00,TOBS,GHCND:USC00335188,",,7,",-89
2963,2013-03-05T00:00:00,PRCP,GHCND:USC00335188,",,7,",3
2964,2013-03-05T00:00:00,TMAX,GHCND:USC00335188,",,7,",61
2965,2013-03-05T00:00:00,TMIN,GHCND:USC00335188,",,7,",-89
2966,2013-03-05T00:00:00,TOBS,GHCND:USC00335188,",,7,",28
2967,2013-03-06T00:00:00,PRCP,GHCND:USC00335188,",,7,",180
2968,2013-03-06T00:00:00,TMAX,GHCND:USC00335188,",,7,",39
2969,2013-03-06T00:00:00,TMIN,GHCND:USC00335188,",,7,",-17
2970,2013-03-06T00:00:00,TOBS,GHCND:USC00335188,",,7,",-17
2971,2013-03-07T00:00:00,PRCP,GHCND:USC00335188,",,7,",0
2972,2013-03-07T00:00:00,TMAX,GHCND:USC00335188,",,7,",11
2973,2013-03-07T00:00:00,TMIN,GHCND:USC00335188,",,7,",-17
2974,2013-03-07T00:00:00,TOBS,GHCND:USC00335188,",,7,",-6
2975,2013-03-08T00:00:00,PRCP,GHCND:USC00335188,",,7,",0
2976,2013-03-08T00:00:00,TMAX,GHCND:USC00335188,",,7,",39
2977,2013-03-08T00:00:00,TMIN,GHCND:USC00335188,",,7,",-44
2978,2013-03-08T00:00:00,TOBS,GHCND:USC00335188,",,7,",-44
2979,2013-03-11T00:00:00,DAPR,GHCND:USC00335188,",,7,",3
2980,2013-03-11T00:00:00,MDPR,GHCND:USC00335188,",,7,",175
2981,2013-03-11T00:00:00,TOBS,GHCND:USC00335188,",,7,",100
2982,2013-03-12T00:00:00,PRCP,GHCND:USC00335188,",,7,",135
2983,2013-03-12T00:00:00,TMAX,GHCND:USC00335188,",,7,",128
2984,2013-03-12T00:00:00,TMIN,GHCND:USC00335188,",,7,",22
2985,2013-03-12T00:00:00,TOBS,GHCND:USC00335188,",,7,",22
2986,2013-03-13T00:00:00,PRCP,GHCND:USC00335188,",,7,",18
2987,2013-03-13T00:00:00,TMAX,GHCND:USC00335188,",,7,",89
2988,2013-03-13T00:00:00,TMIN,GHCND:USC00335188,",,7,",-22
2989,2013-03-13T00:00:00,TOBS,GHCND:USC00335188,",,7,",-22
2990,2013-03-14T00:00:00,PRCP,GHCND:USC00335188,",,7,",5
2991,2013-03-14T00:00:00,TMAX,GHCND:USC00335188,",,7,",6
2992,2013-03-14T00:00:00,TMIN,GHCND:USC00335188,",,7,",-61
2993,2013-03-14T00:00:00,TOBS,GHCND:USC00335188,",,7,",-61
2994,2013-03-15T00:00:00,PRCP,GHCND:USC00335188,",,7,",0
2995,2013-03-15T00:00:00,TMAX,GHCND:USC00335188,",,7,",83
2996,2013-03-15T00:00:00,TMIN,GHCND:USC00335188,",,7,",-67
2997,2013-03-15T00:00:00,TOBS,GHCND:USC00335188,",,7,",-17
2998,2013-03-18T00:00:00,DAPR,GHCND:USC00335188,",,7,",3
2999,2013-03-18T00:00:00,MDPR,GHCND:USC00335188,",,7,",373
3000,2013-03-18T00:00:00,TOBS,GHCND:USC00335188,",,7,",17
3001,2013-03-19T00:00:00,PRCP,GHCND:USC00335188,",,7,",3
3002,2013-03-19T00:00:00,TMAX,GHCND:USC00335188,",,7,",106
3003,2013-03-19T00:00:00,TMIN,GHCND:USC00335188,",,7,",0
3004,2013-03-19T00:00:00,TOBS,GHCND:USC00335188,",,7,",0
3005,2013-03-20T00:00:00,PRCP,GHCND:USC00335188,",,7,",0
3006,2013-03-20T00:00:00,TMAX,GHCND:USC00335188,",,7,",83
3007,2013-03-20T00:00:00,TMIN,GHCND:USC00335188,",,7,",-33
3008,2013-03-20T00:00:00,TOBS,GHCND:USC00335188,",,7,",-33
3009,2013-03-21T00:00:00,PRCP,GHCND:USC00335188,",,7,",0
3010,2013-03-21T00:00:00,TMAX,GHCND:USC00335188,",,7,",44
3011,2013-03-21T00:00:00,TMIN,GHCND:USC00335188,",,7,",-56
3012,2013-03-21T00:00:00,TOBS,GHCND:USC00335188,",,7,",-56
3013,2013-03-22T00:00:00,PRCP,GHCND:USC00335188,",,7,",0
3014,2013-03-22T00:00:00,TMAX,GHCND:USC00335188,",,7,",22
3015,2013-03-22T00:00:00,TMIN,GHCND:USC00335188,",,7,",-78
3016,2013-03-22T00:00:00,TOBS,GHCND:USC00335188,",,7,",-78
3017,2013-03-25T00:00:00,DAPR,GHCND:USC00335188,",,7,",3
3018,2013-03-25T00:00:00,MDPR,GHCND:USC00335188,",,7,",104
3019,2013-03-25T00:00:00,TOBS,GHCND:USC00335188,",,7,",-6
3020,2013-03-26T00:00:00,PRCP,GHCND:USC00335188,",,7,",18
3021,2013-03-26T00:00:00,TMAX,GHCND:USC00335188,",,7,",28
3022,2013-03-26T00:00:00,TMIN,GHCND:USC00335188,",,7,",-11
3023,2013-03-26T00:00:00,TOBS,GHCND:USC00335188,",,7,",6
3024,2013-03-27T00:00:00,PRCP,GHCND:USC00335188,",,7,",0
3025,2013-03-27T00:00:00,TMAX,GHCND:USC00335188,",,7,",72
3026,2013-03-27T00:00:00,TMIN,GHCND:USC00335188,",,7,",-22
3027,2013-03-27T00:00:00,TOBS,GHCND:USC00335188,",,7,",-22
3028,2013-03-28T00:00:00,PRCP,GHCND:USC00335188,",,7,",0
3029,2013-03-28T00:00:00,TMAX,GHCND:USC00335188,",,7,",78
3030,2013-03-28T00:00:00,TMIN,GHCND:USC00335188,",,7,",-39
3031,2013-03-28T00:00:00,TOBS,GHCND:USC00335188,",,7,",-39
3032,2013-03-29T00:00:00,PRCP,GHCND:USC00335188,",,7,",0
3033,2013-03-29T00:00:00,TMAX,GHCND:USC00335188,",,7,",117
3034,2013-03-29T00:00:00,TMIN,GHCND:USC00335188,",,7,",-44
3035,2013-03-29T00:00:00,TOBS,GHCND:USC00335188,",,7,",-33
3036,2013-04-01T00:00:00,DAPR,GHCND:USC00335188,",,7,",3
3037,2013-04-01T00:00:00,MDPR,GHCND:USC00335188,",,7,",20
3038,2013-04-01T00:00:00,TOBS,GHCND:USC00335188,",,7,",44
3039,2013-04-02T00:00:00,PRCP,GHCND:USC00335188,",,7,",0
3040,2013-04-02T00:00:00,TMAX,GHCND:USC00335188,",,7,",100
3041,2013-04-02T00:00:00,TMIN,GHCND:USC00335188,",,7,",-39
3042,2013-04-02T00:00:00,TOBS,GHCND:USC00335188,",,7,",-39
3043,2013-04-03T00:00:00,PRCP,GHCND:USC00335188,",,7,",0
3044,2013-04-03T00:00:00,TMAX,GHCND:USC00335188,",,7,",100
3045,2013-04-03T00:00:00,TMIN,GHCND:USC00335188,",,7,",-50
3046,2013-04-03T00:00:00,TOBS,GHCND:USC00335188,",,7,",-44
3047,2013-04-04T00:00:00,PRCP,GHCND:USC00335188,",,7,",0
3048,2013-04-04T00:00:00,TMAX,GHCND:USC00335188,",,7,",94
3049,2013-04-04T00:00:00,TMIN,GHCND:USC00335188,",,7,",-56
3050,2013-04-04T00:00:00,TOBS,GHCND:USC00335188,",,7,",11
3051,2013-04-05T00:00:00,PRCP,GHCND:USC00335188,",,7,",0
3052,2013-04-05T00:00:00,TMAX,GHCND:USC00335188,",,7,",156
3053,2013-04-05T00:00:00,TMIN,GHCND:USC00335188,",,7,",-17
3054,2013-04-05T00:00:00,TOBS,GHCND:USC00335188,",,7,",156
3055,2013-04-08T00:00:00,DAPR,GHCND:USC00335188,",,7,",3
3056,2013-04-08T00:00:00,MDPR,GHCND:USC00335188,",,7,",89
3057,2013-04-08T00:00:00,TOBS,GHCND:USC00335188,",,7,",111
3058,2013-04-09T00:00:00,PRCP,GHCND:USC00335188,",,7,",0
3059,2013-04-09T00:00:00,TMAX,GHCND:USC00335188,",,7,",244
3060,2013-04-09T00:00:00,TMIN,GHCND:USC00335188,",,7,",6
3061,2013-04-09T00:00:00,TOBS,GHCND:USC00335188,",,7,",122
3062,2013-04-10T00:00:00,PRCP,GHCND:USC00335188,",,7,",0
3063,2013-04-10T00:00:00,TMAX,GHCND:USC00335188,",,7,",283
3064,2013-04-10T00:00:00,TMIN,GHCND:USC00335188,",,7,",122
3065,2013-04-10T00:00:00,TOBS,GHCND:USC00335188,",,7,",200
3066,2013-04-11T00:00:00,PRCP,GHCND:USC00335188,",,7,",0
3067,2013-04-11T00:00:00,TMAX,GHCND:USC00335188,",,7,",300
3068,2013-04-11T00:00:00,TMIN,GHCND:USC00335188,",,7,",167
3069,2013-04-11T00:00:00,TOBS,GHCND:USC00335188,",,7,",183
3070,2013-04-12T00:00:00,PRCP,GHCND:USC00335188,",,7,",371
3071,2013-04-12T00:00:00,TMAX,GHCND:USC00335188,",,7,",200
3072,2013-04-12T00:00:00,TMIN,GHCND:USC00335188,",,7,",61
3073,2013-04-12T00:00:00,TOBS,GHCND:USC00335188,",,7,",61
3074,2013-04-15T00:00:00,DAPR,GHCND:USC00335188,",,7,",3
3075,2013-04-15T00:00:00,MDPR,GHCND:USC00335188,",,7,",8
3076,2013-04-15T00:00:00,TOBS,GHCND:USC00335188,",,7,",133
3077,2013-04-16T00:00:00,PRCP,GHCND:USC00335188,",,7,",0
3078,2013-04-16T00:00:00,TMAX,GHCND:USC00335188,",,7,",217
3079,2013-04-16T00:00:00,TMIN,GHCND:USC00335188,",,7,",117
3080,2013-04-16T00:00:00,TOBS,GHCND:USC00335188,",,7,",172
3081,2013-04-17T00:00:00,PRCP,GHCND:USC00335188,",,7,",142
3082,2013-04-17T00:00:00,TMAX,GHCND:USC00335188,",,7,",278
3083,2013-04-17T00:00:00,TMIN,GHCND:USC00335188,",,7,",139
3084,2013-04-17T00:00:00,TOBS,GHCND:USC00335188,",,7,",144
3085,2013-04-18T00:00:00,PRCP,GHCND:USC00335188,",,7,",20
3086,2013-04-18T00:00:00,TOBS,GHCND:USC00335188,",,7,",189
3087,2013-04-19T00:00:00,PRCP,GHCND:USC00335188,",,7,",175
3088,2013-04-19T00:00:00,TMAX,GHCND:USC00335188,",,7,",289
3089,2013-04-19T00:00:00,TMIN,GHCND:USC00335188,",,7,",78
3090,2013-04-19T00:00:00,TOBS,GHCND:USC00335188,",,7,",78
3091,2013-04-22T00:00:00,DAPR,GHCND:USC00335188,",,7,",3
3092,2013-04-22T00:00:00,MDPR,GHCND:USC00335188,",,7,",8
3093,2013-04-22T00:00:00,TOBS,GHCND:USC00335188,",,7,",6
3094,2013-04-23T00:00:00,PRCP,GHCND:USC00335188,",,7,",0
3095,2013-04-23T00:00:00,TMAX,GHCND:USC00335188,",,7,",222
3096,2013-04-23T00:00:00,TMIN,GHCND:USC00335188,",,7,",6
3097,2013-04-23T00:00:00,TOBS,GHCND:USC00335188,",,7,",61
3098,2013-04-24T00:00:00,PRCP,GHCND:USC00335188,",,7,",0
3099,2013-04-24T00:00:00,TMAX,GHCND:USC00335188,",,7,",222
3100,2013-04-24T00:00:00,TMIN,GHCND:USC00335188,",,7,",61
3101,2013-04-24T00:00:00,TOBS,GHCND:USC00335188,",,7,",178
3102,2013-04-25T00:00:00,PRCP,GHCND:USC00335188,",,7,",216
3103,2013-04-25T00:00:00,TMAX,GHCND:USC00335188,",,7,",178
3104,2013-04-25T00:00:00,TMIN,GHCND:USC00335188,",,7,",6
3105,2013-04-25T00:00:00,TOBS,GHCND:USC00335188,",,7,",6
3106,2013-04-29T00:00:00,DAPR,GHCND:USC00335188,",,7,",4
3107,2013-04-29T00:00:00,MDPR,GHCND:USC00335188,",,7,",30
3108,2013-04-29T00:00:00,TOBS,GHCND:USC00335188,",,7,",139
3109,2013-04-30T00:00:00,PRCP,GHCND:USC00335188,",,7,",0
3110,2013-04-30T00:00:00,TMAX,GHCND:USC00335188,",,7,",183
3111,2013-04-30T00:00:00,TMIN,GHCND:USC00335188,",,7,",78
3112,2013-04-30T00:00:00,TOBS,GHCND:USC00335188,",,7,",78
3113,2013-05-01T00:00:00,PRCP,GHCND:USC00335188,",,7,",0
3114,2013-05-01T00:00:00,TMAX,GHCND:USC00335188,",,7,",267
3115,2013-05-01T00:00:00,TMIN,GHCND:USC00335188,",,7,",78
3116,2013-05-01T00:00:00,TOBS,GHCND:USC00335188,",,7,",111
3117,2013-05-02T00:00:00,PRCP,GHCND:USC00335188,",,7,",0
3118,2013-05-02T00:00:00,TMAX,GHCND:USC00335188,",,7,",294
3119,2013-05-02T00:00:00,TMIN,GHCND:USC00335188,",,7,",111
3120,2013-05-02T00:00:00,TOBS,GHCND:USC00335188,",,7,",144
3121,2013-05-03T00:00:00,PRCP,GHCND:USC00335188,",,7,",0
3122,2013-05-03T00:00:00,TMAX,GHCND:USC00335188,",,7,",250
3123,2013-05-03T00:00:00,TMIN,GHCND:USC00335188,",,7,",139
3124,2013-05-03T00:00:00,TOBS,GHCND:USC00335188,",,7,",161
3125,2013-05-06T00:00:00,DAPR,GHCND:USC00335188,",,7,",3
3126,2013-05-06T00:00:00,MDPR,GHCND:USC00335188,",,7,",472
3127,2013-05-06T00:00:00,TOBS,GHCND:USC00335188,",,7,",128
3128,2013-05-07T00:00:00,PRCP,GHCND:USC00335188,",,7,",10
3129,2013-05-07T00:00:00,TMAX,GHCND:USC00335188,",,7,",178
3130,2013-05-07T00:00:00,TMIN,GHCND:USC00335188,",,7,",128
3131,2013-05-07T00:00:00,TOBS,GHCND:USC00335188,",,7,",139
3132,2013-05-08T00:00:00,PRCP,GHCND:USC00335188,",,7,",0
3133,2013-05-08T00:00:00,TMAX,GHCND:USC00335188,",,7,",233
3134,2013-05-08T00:00:00,TMIN,GHCND:USC00335188,",,7,",117
3135,2013-05-08T00:00:00,TOBS,GHCND:USC00335188,",,7,",117
3136,2013-05-09T00:00:00,PRCP,GHCND:USC00335188,",,7,",43
3137,2013-05-09T00:00:00,TMAX,GHCND:USC00335188,",,7,",256
3138,2013-05-09T00:00:00,TMIN,GHCND:USC00335188,",,7,",117
3139,2013-05-09T00:00:00,TOBS,GHCND:USC00335188,",,7,",128
3140,2013-05-10T00:00:00,PRCP,GHCND:USC00335188,",,7,",74
3141,2013-05-10T00:00:00,TOBS,GHCND:USC00335188,",,7,",194
3142,2013-05-13T00:00:00,DAPR,GHCND:USC00335188,",,7,",3
3143,2013-05-13T00:00:00,MDPR,GHCND:USC00335188,",,7,",277
3144,2013-05-13T00:00:00,TOBS,GHCND:USC00335188,",,7,",33
3145,2013-05-14T00:00:00,PRCP,GHCND:USC00335188,",,7,",0
3146,2013-05-14T00:00:00,TMAX,GHCND:USC00335188,",,7,",183
3147,2013-05-14T00:00:00,TMIN,GHCND:USC00335188,",,7,",28
3148,2013-05-14T00:00:00,TOBS,GHCND:USC00335188,",,7,",78
3149,2013-05-15T00:00:00,PRCP,GHCND:USC00335188,",,7,",0
3150,2013-05-15T00:00:00,TMAX,GHCND:USC00335188,",,7,",283
3151,2013-05-15T00:00:00,TMIN,GHCND:USC00335188,",,7,",78
3152,2013-05-15T00:00:00,TOBS,GHCND:USC00335188,",,7,",200
3153,2013-05-16T00:00:00,PRCP,GHCND:USC00335188,",,7,",0
3154,2013-05-16T00:00:00,TMAX,GHCND:USC00335188,",,7,",322
3155,2013-05-16T00:00:00,TMIN,GHCND:USC00335188,",,7,",189
3156,2013-05-16T00:00:00,TOBS,GHCND:USC00335188,",,7,",189
3157,2013-05-17T00:00:00,PRCP,GHCND:USC00335188,",,7,",13
3158,2013-05-17T00:00:00,TMAX,GHCND:USC00335188,",,7,",244
3159,2013-05-17T00:00:00,TMIN,GHCND:USC00335188,",,7,",144
3160,2013-05-17T00:00:00,TOBS,GHCND:USC00335188,",,7,",156
3161,2013-05-20T00:00:00,DAPR,GHCND:USC00335188,",,7,",3
3162,2013-05-20T00:00:00,MDPR,GHCND:USC00335188,",,7,",46
3163,2013-05-20T00:00:00,TOBS,GHCND:USC00335188,",,7,",211
3164,2013-05-21T00:00:00,PRCP,GHCND:USC00335188,",,7,",0
3165,2013-05-21T00:00:00,TMAX,GHCND:USC00335188,",,7,",300
3166,2013-05-21T00:00:00,TMIN,GHCND:USC00335188,",,7,",200
3167,2013-05-21T00:00:00,TOBS,GHCND:USC00335188,",,7,",222
3168,2013-05-22T00:00:00,PRCP,GHCND:USC00335188,",,7,",0
3169,2013-05-22T00:00:00,TMAX,GHCND:USC00335188,",,7,",300
3170,2013-05-22T00:00:00,TMIN,GHCND:USC00335188,",,7,",189
3171,2013-05-22T00:00:00,TOBS,GHCND:USC00335188,",,7,",189
3172,2013-05-23T00:00:00,PRCP,GHCND:USC00335188,",,7,",183
3173,2013-05-23T00:00:00,TMAX,GHCND:USC00335188,",,7,",272
3174,2013-05-23T00:00:00,TMIN,GHCND:USC00335188,",,7,",172
3175,2013-05-23T00:00:00,TOBS,GHCND:USC00335188,",,7,",172
3176,2013-05-24T00:00:00,PRCP,GHCND:USC00335188,",,7,",5
3177,2013-05-24T00:00:00,TMAX,GHCND:USC00335188,",,7,",217
3178,2013-05-24T00:00:00,TMIN,GHCND:USC00335188,",,7,",106
3179,2013-05-24T00:00:00,TOBS,GHCND:USC00335188,",,7,",106
3180,2013-05-28T00:00:00,DAPR,GHCND:USC00335188,",,7,",4
3181,2013-05-28T00:00:00,MDPR,GHCND:USC00335188,",,7,",33
3182,2013-05-28T00:00:00,TOBS,GHCND:USC00335188,",,7,",211
3183,2013-05-29T00:00:00,PRCP,GHCND:USC00335188,",,7,",0
3184,2013-05-29T00:00:00,TMAX,GHCND:USC00335188,",,7,",289
3185,2013-05-29T00:00:00,TMIN,GHCND:USC00335188,",,7,",211
3186,2013-05-29T00:00:00,TOBS,GHCND:USC00335188,",,7,",211
3187,2013-05-30T00:00:00,PRCP,GHCND:USC00335188,",,7,",0
3188,2013-05-30T00:00:00,TMAX,GHCND:USC00335188,",,7,",311
3189,2013-05-30T00:00:00,TMIN,GHCND:USC00335188,",,7,",206
3190,2013-05-30T00:00:00,TOBS,GHCND:USC00335188,",,7,",222
3191,2013-05-31T00:00:00,PRCP,GHCND:USC00335188,",,7,",0
3192,2013-05-31T00:00:00,TMAX,GHCND:USC00335188,",,7,",317
3193,2013-05-31T00:00:00,TMIN,GHCND:USC00335188,",,7,",222
3194,2013-05-31T00:00:00,TOBS,GHCND:USC00335188,",,7,",233
3195,2013-06-03T00:00:00,DAPR,GHCND:USC00335188,",,7,",3
3196,2013-06-03T00:00:00,MDPR,GHCND:USC00335188,",,7,",107
3197,2013-06-03T00:00:00,TOBS,GHCND:USC00335188,",,7,",139
3198,2013-06-04T00:00:00,PRCP,GHCND:USC00335188,",,7,",0
3199,2013-06-04T00:00:00,TMAX,GHCND:USC00335188,",,7,",233
3200,2013-06-04T00:00:00,TMIN,GHCND:USC00335188,",,7,",100
3201,2013-06-04T00:00:00,TOBS,GHCND:USC00335188,",,7,",100
3202,2013-06-05T00:00:00,PRCP,GHCND:USC00335188,",,7,",0
3203,2013-06-05T00:00:00,TMAX,GHCND:USC00335188,",,7,",250
3204,2013-06-05T00:00:00,TMIN,GHCND:USC00335188,",,7,",61
3205,2013-06-05T00:00:00,TOBS,GHCND:USC00335188,",,7,",128
3206,2013-06-06T00:00:00,PRCP,GHCND:USC00335188,",,7,",0
3207,2013-06-06T00:00:00,TMAX,GHCND:USC00335188,",,7,",278
3208,2013-06-06T00:00:00,TMIN,GHCND:USC00335188,",,7,",128
3209,2013-06-06T00:00:00,TOBS,GHCND:USC00335188,",,7,",183
3210,2013-06-07T00:00:00,PRCP,GHCND:USC00335188,",,7,",198
3211,2013-06-07T00:00:00,TMAX,GHCND:USC00335188,",,7,",228
3212,2013-06-07T00:00:00,TMIN,GHCND:USC00335188,",,7,",161
3213,2013-06-07T00:00:00,TOBS,GHCND:USC00335188,",,7,",161
3214,2013-06-10T00:00:00,DAPR,GHCND:USC00335188,",,7,",3
3215,2013-06-10T00:00:00,MDPR,GHCND:USC00335188,",,7,",30
3216,2013-06-10T00:00:00,TOBS,GHCND:USC00335188,",,7,",200
3217,2013-06-11T00:00:00,PRCP,GHCND:USC00335188,",,7,",122
3218,2013-06-11T00:00:00,TMAX,GHCND:USC00335188,",,7,",272
3219,2013-06-11T00:00:00,TMIN,GHCND:USC00335188,",,7,",172
3220,2013-06-11T00:00:00,TOBS,GHCND:USC00335188,",,7,",172
3221,2013-06-12T00:00:00,PRCP,GHCND:USC00335188,",,7,",0
3222,2013-06-12T00:00:00,TMAX,GHCND:USC00335188,",,7,",306
3223,2013-06-12T00:00:00,TMIN,GHCND:USC00335188,",,7,",167
3224,2013-06-12T00:00:00,TOBS,GHCND:USC00335188,",,7,",206
3225,2013-06-13T00:00:00,PRCP,GHCND:USC00335188,",,7,",0
3226,2013-06-13T00:00:00,TMAX,GHCND:USC00335188,",,7,",339
3227,2013-06-13T00:00:00,TMIN,GHCND:USC00335188,",,7,",206
3228,2013-06-13T00:00:00,TOBS,GHCND:USC00335188,",,7,",278
3229,2013-06-14T00:00:00,PRCP,GHCND:USC00335188,",,7,",211
3230,2013-06-14T00:00:00,TMAX,GHCND:USC00335188,",,7,",278
3231,2013-06-14T00:00:00,TMIN,GHCND:USC00335188,",,7,",139
3232,2013-06-14T00:00:00,TOBS,GHCND:USC00335188,",,7,",150
3233,2013-06-17T00:00:00,DAPR,GHCND:USC00335188,",,7,",3
3234,2013-06-17T00:00:00,MDPR,GHCND:USC00335188,",,7,",8
3235,2013-06-17T00:00:00,TOBS,GHCND:USC00335188,",,7,",200
3236,2013-06-18T00:00:00,PRCP,GHCND:USC00335188,",,7,",0
3237,2013-06-18T00:00:00,TMAX,GHCND:USC00335188,",,7,",306
3238,2013-06-18T00:00:00,TMIN,GHCND:USC00335188,",,7,",200
3239,2013-06-18T00:00:00,TOBS,GHCND:USC00335188,",,7,",200
3240,2013-06-19T00:00:00,PRCP,GHCND:USC00335188,",,7,",46
3241,2013-06-19T00:00:00,TMAX,GHCND:USC00335188,",,7,",300
3242,2013-06-19T00:00:00,TMIN,GHCND:USC00335188,",,7,",150
3243,2013-06-19T00:00:00,TOBS,GHCND:USC00335188,",,7,",150
3244,2013-06-20T00:00:00,PRCP,GHCND:USC00335188,",,7,",0
3245,2013-06-20T00:00:00,TOBS,GHCND:USC00335188,",,7,",144
3246,2013-06-21T00:00:00,PRCP,GHCND:USC00335188,",,7,",0
3247,2013-06-21T00:00:00,TMAX,GHCND:USC00335188,",,7,",306
3248,2013-06-21T00:00:00,TMIN,GHCND:USC00335188,",,7,",144
3249,2013-06-21T00:00:00,TOBS,GHCND:USC00335188,",,7,",156
3250,2013-06-24T00:00:00,DAPR,GHCND:USC00335188,",,7,",3
3251,2013-06-24T00:00:00,MDPR,GHCND:USC00335188,",,7,",0
3252,2013-06-24T00:00:00,TOBS,GHCND:USC00335188,",,7,",189
3253,2013-06-25T00:00:00,PRCP,GHCND:USC00335188,",,7,",0
3254,2013-06-25T00:00:00,TMAX,GHCND:USC00335188,",,7,",306
3255,2013-06-25T00:00:00,TMIN,GHCND:USC00335188,",,7,",189
3256,2013-06-25T00:00:00,TOBS,GHCND:USC00335188,",,7,",206
3257,2013-06-26T00:00:00,PRCP,GHCND:USC00335188,",,7,",69
3258,2013-06-26T00:00:00,TMAX,GHCND:USC00335188,",,7,",339
3259,2013-06-26T00:00:00,TMIN,GHCND:USC00335188,",,7,",206
3260,2013-06-26T00:00:00,TOBS,GHCND:USC00335188,",,7,",206
3261,2013-06-27T00:00:00,PRCP,GHCND:USC00335188,",,7,",163
3262,2013-06-27T00:00:00,TMAX,GHCND:USC00335188,",,7,",306
3263,2013-06-27T00:00:00,TMIN,GHCND:USC00335188,",,7,",200
3264,2013-06-27T00:00:00,TOBS,GHCND:USC00335188,",,7,",211
3265,2013-06-28T00:00:00,PRCP,GHCND:USC00335188,",,7,",8
3266,2013-06-28T00:00:00,TMAX,GHCND:USC00335188,",,7,",317
3267,2013-06-28T00:00:00,TMIN,GHCND:USC00335188,",,7,",206
3268,2013-06-28T00:00:00,TOBS,GHCND:USC00335188,",,7,",228
3269,2013-07-01T00:00:00,DAPR,GHCND:USC00335188,",,7,",3
3270,2013-07-01T00:00:00,MDPR,GHCND:USC00335188,",,7,",135
3271,2013-07-01T00:00:00,TOBS,GHCND:USC00335188,",,7,",178
3272,2013-07-02T00:00:00,PRCP,GHCND:USC00335188,",,7,",127
3273,2013-07-02T00:00:00,TMAX,GHCND:USC00335188,",,7,",256
3274,2013-07-02T00:00:00,TMIN,GHCND:USC00335188,",,7,",178
3275,2013-07-02T00:00:00,TOBS,GHCND:USC00335188,",,7,",189
3276,2013-07-03T00:00:00,PRCP,GHCND:USC00335188,",,7,",8
3277,2013-07-03T00:00:00,TMAX,GHCND:USC00335188,",,7,",278
3278,2013-07-03T00:00:00,TMIN,GHCND:USC00335188,",,7,",189
3279,2013-07-03T00:00:00,TOBS,GHCND:USC00335188,",,7,",194
3280,2013-07-08T00:00:00,DAPR,GHCND:USC00335188,",,7,",5
3281,2013-07-08T00:00:00,MDPR,GHCND:USC00335188,",,7,",480
3282,2013-07-08T00:00:00,TOBS,GHCND:USC00335188,",,7,",194
3283,2013-07-09T00:00:00,PRCP,GHCND:USC00335188,",,7,",0
3284,2013-07-09T00:00:00,TMAX,GHCND:USC00335188,",,7,",311
3285,2013-07-09T00:00:00,TMIN,GHCND:USC00335188,",,7,",194
3286,2013-07-09T00:00:00,TOBS,GHCND:USC00335188,",,7,",244
3287,2013-07-10T00:00:00,PRCP,GHCND:USC00335188,",,7,",3
3288,2013-07-10T00:00:00,TMAX,GHCND:USC00335188,",,7,",339
3289,2013-07-10T00:00:00,TMIN,GHCND:USC00335188,",,7,",244
3290,2013-07-10T00:00:00,TOBS,GHCND:USC00335188,",,7,",256
3291,2013-07-11T00:00:00,PRCP,GHCND:USC00335188,",,7,",5
3292,2013-07-11T00:00:00,TMAX,GHCND:USC00335188,",,7,",328
3293,2013-07-11T00:00:00,TMIN,GHCND:USC00335188,",,7,",206
3294,2013-07-11T00:00:00,TOBS,GHCND:USC00335188,",,7,",206
3295,2013-07-12T00:00:00,PRCP,GHCND:USC00335188,",,7,",0
3296,2013-07-12T00:00:00,TMAX,GHCND:USC00335188,",,7,",278
3297,2013-07-12T00:00:00,TMIN,GHCND:USC00335188,",,7,",156
3298,2013-07-12T00:00:00,TOBS,GHCND:USC00335188,",,7,",156
3299,2013-07-15T00:00:00,DAPR,GHCND:USC00335188,",,7,",3
3300,2013-07-15T00:00:00,MDPR,GHCND:USC00335188,",,7,",0
3301,2013-07-15T00:00:00,TOBS,GHCND:USC00335188,",,7,",222
3302,2013-07-16T00:00:00,PRCP,GHCND:USC00335188,",,7,",0
3303,2013-07-16T00:00:00,TMAX,GHCND:USC00335188,",,7,",344
3304,2013-07-16T00:00:00,TMIN,GHCND:USC00335188,",,7,",217
3305,2013-07-16T00:00:00,TOBS,GHCND:USC00335188,",,7,",217
3306,2013-07-17T00:00:00,PRCP,GHCND:USC00335188,",,7,",0
3307,2013-07-17T00:00:00,TMAX,GHCND:USC00335188,",,7,",350
3308,2013-07-17T00:00:00,TMIN,GHCND:USC00335188,",,7,",217
3309,2013-07-17T00:00:00,TOBS,GHCND:USC00335188,",,7,",233
3310,2013-07-18T00:00:00,PRCP,GHCND:USC00335188,",,7,",0
3311,2013-07-18T00:00:00,TMAX,GHCND:USC00335188,",,7,",356
3312,2013-07-18T00:00:00,TMIN,GHCND:USC00335188,",,7,",233
3313,2013-07-18T00:00:00,TOBS,GHCND:USC00335188,",,7,",233
3314,2013-07-22T00:00:00,DAPR,GHCND:USC00335188,",,7,",4
3315,2013-07-22T00:00:00,MDPR,GHCND:USC00335188,",,7,",310
3316,2013-07-22T00:00:00,TOBS,GHCND:USC00335188,",,7,",217
3317,2013-07-23T00:00:00,PRCP,GHCND:USC00335188,",,7,",51
3318,2013-07-23T00:00:00,TMAX,GHCND:USC00335188,",,7,",267
3319,2013-07-23T00:00:00,TMIN,GHCND:USC00335188,",,7,",200
3320,2013-07-23T00:00:00,TOBS,GHCND:USC00335188,",,7,",206
3321,2013-07-25T00:00:00,DAPR,GHCND:USC00335188,",,7,",2
3322,2013-07-25T00:00:00,MDPR,GHCND:USC00335188,",,7,",48
3323,2013-07-25T00:00:00,TOBS,GHCND:USC00335188,",,7,",139
3324,2013-07-26T00:00:00,PRCP,GHCND:USC00335188,",,7,",0
3325,2013-07-26T00:00:00,TMAX,GHCND:USC00335188,",,7,",261
3326,2013-07-26T00:00:00,TMIN,GHCND:USC00335188,",,7,",133
3327,2013-07-26T00:00:00,TOBS,GHCND:USC00335188,",,7,",139
3328,2013-07-31T00:00:00,DAPR,GHCND:USC00335188,",,7,",5
3329,2013-07-31T00:00:00,MDPR,GHCND:USC00335188,",,7,",66
3330,2013-07-31T00:00:00,TMAX,GHCND:USC00335188,",,7,",261
3331,2013-07-31T00:00:00,TMIN,GHCND:USC00335188,",,7,",189
3332,2013-07-31T00:00:00,TOBS,GHCND:USC00335188,",,7,",194
3333,2013-08-01T00:00:00,PRCP,GHCND:USC00335188,",,7,",30
3334,2013-08-01T00:00:00,TMAX,GHCND:USC00335188,",,7,",256
3335,2013-08-01T00:00:00,TMIN,GHCND:USC00335188,",,7,",189
3336,2013-08-01T00:00:00,TOBS,GHCND:USC00335188,",,7,",222
3337,2013-08-02T00:00:00,PRCP,GHCND:USC00335188,",,7,",0
3338,2013-08-02T00:00:00,TMAX,GHCND:USC00335188,",,7,",300
3339,2013-08-02T00:00:00,TMIN,GHCND:USC00335188,",,7,",144
3340,2013-08-02T00:00:00,TOBS,GHCND:USC00335188,",,7,",150
3341,2013-08-05T00:00:00,DAPR,GHCND:USC00335188,",,7,",3
3342,2013-08-05T00:00:00,MDPR,GHCND:USC00335188,",,7,",20
3343,2013-08-05T00:00:00,TOBS,GHCND:USC00335188,",,7,",133
3344,2013-08-06T00:00:00,PRCP,GHCND:USC00335188,",,7,",0
3345,2013-08-06T00:00:00,TMAX,GHCND:USC00335188,",,7,",306
3346,2013-08-06T00:00:00,TMIN,GHCND:USC00335188,",,7,",133
3347,2013-08-06T00:00:00,TOBS,GHCND:USC00335188,",,7,",200
3348,2013-08-07T00:00:00,PRCP,GHCND:USC00335188,",,7,",0
3349,2013-08-07T00:00:00,TMAX,GHCND:USC00335188,",,7,",283
3350,2013-08-07T00:00:00,TMIN,GHCND:USC00335188,",,7,",200
3351,2013-08-07T00:00:00,TOBS,GHCND:USC00335188,",,7,",222
3352,2013-08-08T00:00:00,PRCP,GHCND:USC00335188,",,7,",0
3353,2013-08-08T00:00:00,TMAX,GHCND:USC00335188,",,7,",306
3354,2013-08-08T00:00:00,TMIN,GHCND:USC00335188,",,7,",217
3355,2013-08-08T00:00:00,TOBS,GHCND:USC00335188,",,7,",228
3356,2013-08-09T00:00:00,PRCP,GHCND:USC00335188,",,7,",356
3357,2013-08-09T00:00:00,TOBS,GHCND:USC00335188,",,7,",222
3358,2013-08-12T00:00:00,DAPR,GHCND:USC00335188,",,7,",3
3359,2013-08-12T00:00:00,MDPR,GHCND:USC00335188,",,7,",0
3360,2013-08-12T00:00:00,TOBS,GHCND:USC00335188,",,7,",183
3361,2013-08-13T00:00:00,PRCP,GHCND:USC00335188,",,7,",0
3362,2013-08-13T00:00:00,TMAX,GHCND:USC00335188,",,7,",306
3363,2013-08-13T00:00:00,TMIN,GHCND:USC00335188,",,7,",183
3364,2013-08-13T00:00:00,TOBS,GHCND:USC00335188,",,7,",206
3365,2013-08-15T00:00:00,PRCP,GHCND:USC00335188,",,7,",0
3366,2013-08-15T00:00:00,TMAX,GHCND:USC00335188,",,7,",233
3367,2013-08-15T00:00:00,TMIN,GHCND:USC00335188,",,7,",100
3368,2013-08-15T00:00:00,TOBS,GHCND:USC00335188,",,7,",106
3369,2013-08-16T00:00:00,PRCP,GHCND:USC00335188,",,7,",0
3370,2013-08-16T00:00:00,TMAX,GHCND:USC00335188,",,7,",244
3371,2013-08-16T00:00:00,TOBS,GHCND:USC00335188,",,7,",122
3372,2013-08-19T00:00:00,DAPR,GHCND:USC00335188,",,7,",3
3373,2013-08-19T00:00:00,MDPR,GHCND:USC00335188,",,7,",0
3374,2013-08-19T00:00:00,TOBS,GHCND:USC00335188,",,7,",156
3375,2013-08-20T00:00:00,PRCP,GHCND:USC00335188,",,7,",0
3376,2013-08-20T00:00:00,TMAX,GHCND:USC00335188,",,7,",306
3377,2013-08-20T00:00:00,TMIN,GHCND:USC00335188,",,7,",156
3378,2013-08-20T00:00:00,TOBS,GHCND:USC00335188,",,7,",167
3379,2013-08-21T00:00:00,PRCP,GHCND:USC00335188,",,7,",0
3380,2013-08-21T00:00:00,TMAX,GHCND:USC00335188,",,7,",311
3381,2013-08-21T00:00:00,TMIN,GHCND:USC00335188,",,7,",161
3382,2013-08-21T00:00:00,TOBS,GHCND:USC00335188,",,7,",194
3383,2013-08-22T00:00:00,PRCP,GHCND:USC00335188,",,7,",61
3384,2013-08-22T00:00:00,TMAX,GHCND:USC00335188,",,7,",311
3385,2013-08-22T00:00:00,TMIN,GHCND:USC00335188,",,7,",161
3386,2013-08-22T00:00:00,TOBS,GHCND:USC00335188,",,7,",200
3387,2013-08-23T00:00:00,PRCP,GHCND:USC00335188,",,7,",178
3388,2013-08-23T00:00:00,TMAX,GHCND:USC00335188,",,7,",322
3389,2013-08-23T00:00:00,TMIN,GHCND:USC00335188,",,7,",194
3390,2013-08-23T00:00:00,TOBS,GHCND:USC00335188,",,7,",194
3391,2013-08-26T00:00:00,DAPR,GHCND:USC00335188,",,7,",3
3392,2013-08-26T00:00:00,MDPR,GHCND:USC00335188,",,7,",0
3393,2013-08-26T00:00:00,TOBS,GHCND:USC00335188,",,7,",183
3394,2013-08-27T00:00:00,PRCP,GHCND:USC00335188,",,7,",0
3395,2013-08-27T00:00:00,TMAX,GHCND:USC00335188,",,7,",333
3396,2013-08-27T00:00:00,TMIN,GHCND:USC00335188,",,7,",183
3397,2013-08-27T00:00:00,TOBS,GHCND:USC00335188,",,7,",211
3398,2013-08-28T00:00:00,PRCP,GHCND:USC00335188,",,7,",0
3399,2013-08-28T00:00:00,TMAX,GHCND:USC00335188,",,7,",328
3400,2013-08-28T00:00:00,TMIN,GHCND:USC00335188,",,7,",211
3401,2013-08-28T00:00:00,TOBS,GHCND:USC00335188,",,7,",244
3402,2013-08-29T00:00:00,PRCP,GHCND:USC00335188,",,7,",20
3403,2013-08-29T00:00:00,TMAX,GHCND:USC00335188,",,7,",361
3404,2013-08-29T00:00:00,TMIN,GHCND:USC00335188,",,7,",217
3405,2013-08-29T00:00:00,TOBS,GHCND:USC00335188,",,7,",217
3406,2013-08-30T00:00:00,PRCP,GHCND:USC00335188,",,7,",0
3407,2013-08-30T00:00:00,TMAX,GHCND:USC00335188,",,7,",300
3408,2013-08-30T00:00:00,TMIN,GHCND:USC00335188,",,7,",194
3409,2013-08-30T00:00:00,TOBS,GHCND:USC00335188,",,7,",194
3410,2013-09-03T00:00:00,DAPR,GHCND:USC00335188,",,7,",4
3411,2013-09-03T00:00:00,MDPR,GHCND:USC00335188,",,7,",427
3412,2013-09-03T00:00:00,TOBS,GHCND:USC00335188,",,7,",156
3413,2013-09-04T00:00:00,PRCP,GHCND:USC00335188,",,7,",0
3414,2013-09-04T00:00:00,TMAX,GHCND:USC00335188,",,7,",244
3415,2013-09-04T00:00:00,TMIN,GHCND:USC00335188,",,7,",128
3416,2013-09-04T00:00:00,TOBS,GHCND:USC00335188,",,7,",133
3417,2013-09-05T00:00:00,PRCP,GHCND:USC00335188,",,7,",0
3418,2013-09-05T00:00:00,TMAX,GHCND:USC00335188,",,7,",289
3419,2013-09-05T00:00:00,TMIN,GHCND:USC00335188,",,7,",128
3420,2013-09-05T00:00:00,TOBS,GHCND:USC00335188,",,7,",150
3421,2013-09-06T00:00:00,PRCP,GHCND:USC00335188,",,7,",0
3422,2013-09-06T00:00:00,TMAX,GHCND:USC00335188,",,7,",311
3423,2013-09-06T00:00:00,TMIN,GHCND:USC00335188,",,7,",117
3424,2013-09-06T00:00:00,TOBS,GHCND:USC00335188,",,7,",133
3425,2013-09-09T00:00:00,DAPR,GHCND:USC00335188,",,7,",3
3426,2013-09-09T00:00:00,MDPR,GHCND:USC00335188,",,7,",0
3427,2013-09-09T00:00:00,TOBS,GHCND:USC00335188,",,7,",200
3428,2013-09-10T00:00:00,PRCP,GHCND:USC00335188,",,7,",0
3429,2013-09-10T00:00:00,TMAX,GHCND:USC00335188,",,7,",339
3430,2013-09-10T00:00:00,TMIN,GHCND:USC00335188,",,7,",194
3431,2013-09-10T00:00:00,TOBS,GHCND:USC00335188,",,7,",244
3432,2013-09-11T00:00:00,PRCP,GHCND:USC00335188,",,7,",0
3433,2013-09-11T00:00:00,TMAX,GHCND:USC00335188,",,7,",350
3434,2013-09-11T00:00:00,TMIN,GHCND:USC00335188,",,7,",189
3435,2013-09-11T00:00:00,TOBS,GHCND:USC00335188,",,7,",222
3436,2013-09-12T00:00:00,PRCP,GHCND:USC00335188,",,7,",0
3437,2013-09-12T00:00:00,TMAX,GHCND:USC00335188,",,7,",339
3438,2013-09-12T00:00:00,TMIN,GHCND:USC00335188,",,7,",222
3439,2013-09-12T00:00:00,TOBS,GHCND:USC00335188,",,7,",233
3440,2013-09-16T00:00:00,PRCP,GHCND:USC00335188,",,7,",5
3441,2013-09-16T00:00:00,TOBS,GHCND:USC00335188,",,7,",161
3442,2013-09-17T00:00:00,PRCP,GHCND:USC00335188,",,7,",0
3443,2013-09-17T00:00:00,TMAX,GHCND:USC00335188,",,7,",267
3444,2013-09-17T00:00:00,TMIN,GHCND:USC00335188,",,7,",17
3445,2013-09-17T00:00:00,TOBS,GHCND:USC00335188,",,7,",100
3446,2013-09-18T00:00:00,PRCP,GHCND:USC00335188,",,7,",0
3447,2013-09-18T00:00:00,TMAX,GHCND:USC00335188,",,7,",250
3448,2013-09-18T00:00:00,TMIN,GHCND:USC00335188,",,7,",100
3449,2013-09-18T00:00:00,TOBS,GHCND:USC00335188,",,7,",150
3450,2013-09-19T00:00:00,PRCP,GHCND:USC00335188,",,7,",0
3451,2013-09-19T00:00:00,TMAX,GHCND:USC00335188,",,7,",272
3452,2013-09-19T00:00:00,TMIN,GHCND:USC00335188,",,7,",150
3453,2013-09-19T00:00:00,TOBS,GHCND:USC00335188,",,7,",200
3454,2013-09-20T00:00:00,PRCP,GHCND:USC00335188,",,7,",0
3455,2013-09-20T00:00:00,TMAX,GHCND:USC00335188,",,7,",272
3456,2013-09-20T00:00:00,TMIN,GHCND:USC00335188,",,7,",189
3457,2013-09-20T00:00:00,TOBS,GHCND:USC00335188,",,7,",194
3458,2013-09-23T00:00:00,DAPR,GHCND:USC00335188,",,7,",3
3459,2013-09-23T00:00:00,MDPR,GHCND:USC00335188,",,7,",447
3460,2013-09-23T00:00:00,TOBS,GHCND:USC00335188,",,7,",72
3461,2013-09-24T00:00:00,PRCP,GHCND:USC00335188,",,7,",0
3462,2013-09-24T00:00:00,TMAX,GHCND:USC00335188,",,7,",206
3463,2013-09-24T00:00:00,TMIN,GHCND:USC00335188,",,7,",50
3464,2013-09-24T00:00:00,TOBS,GHCND:USC00335188,",,7,",78
3465,2013-09-25T00:00:00,PRCP,GHCND:USC00335188,",,7,",0
3466,2013-09-25T00:00:00,TMAX,GHCND:USC00335188,",,7,",239
3467,2013-09-25T00:00:00,TMIN,GHCND:USC00335188,",,7,",44
3468,2013-09-25T00:00:00,TOBS,GHCND:USC00335188,",,7,",117
3469,2013-09-26T00:00:00,PRCP,GHCND:USC00335188,",,7,",0
3470,2013-09-26T00:00:00,TMAX,GHCND:USC00335188,",,7,",239
3471,2013-09-26T00:00:00,TMIN,GHCND:USC00335188,",,7,",89
3472,2013-09-26T00:00:00,TOBS,GHCND:USC00335188,",,7,",89
3473,2013-09-27T00:00:00,PRCP,GHCND:USC00335188,",,7,",0
3474,2013-09-27T00:00:00,TMAX,GHCND:USC00335188,",,7,",261
3475,2013-09-27T00:00:00,TMIN,GHCND:USC00335188,",,7,",89
3476,2013-09-27T00:00:00,TOBS,GHCND:USC00335188,",,7,",100
3477,2013-09-30T00:00:00,DAPR,GHCND:USC00335188,",,7,",3
3478,2013-09-30T00:00:00,MDPR,GHCND:USC00335188,",,7,",38
3479,2013-09-30T00:00:00,TOBS,GHCND:USC00335188,",,7,",167
3480,2013-10-01T00:00:00,PRCP,GHCND:USC00335188,",,7,",8
3481,2013-10-01T00:00:00,TMAX,GHCND:USC00335188,",,7,",239
3482,2013-10-01T00:00:00,TMIN,GHCND:USC00335188,",,7,",133
3483,2013-10-01T00:00:00,TOBS,GHCND:USC00335188,",,7,",133
3484,2013-10-02T00:00:00,PRCP,GHCND:USC00335188,",,7,",0
3485,2013-10-02T00:00:00,TMAX,GHCND:USC00335188,",,7,",261
3486,2013-10-02T00:00:00,TMIN,GHCND:USC00335188,",,7,",33
3487,2013-10-02T00:00:00,TOBS,GHCND:USC00335188,",,7,",150
3488,2013-10-03T00:00:00,PRCP,GHCND:USC00335188,",,7,",48
3489,2013-10-03T00:00:00,TMAX,GHCND:USC00335188,",,7,",261
3490,2013-10-03T00:00:00,TMIN,GHCND:USC00335188,",,7,",150
3491,2013-10-03T00:00:00,TOBS,GHCND:USC00335188,",,7,",206
3492,2013-10-04T00:00:00,PRCP,GHCND:USC00335188,",,7,",112
3493,2013-10-04T00:00:00,TMAX,GHCND:USC00335188,",,7,",267
3494,2013-10-04T00:00:00,TMIN,GHCND:USC00335188,",,7,",94
3495,2013-10-04T00:00:00,TOBS,GHCND:USC00335188,",,7,",178
3496,2013-10-07T00:00:00,DAPR,GHCND:USC00335188,",,7,",3
3497,2013-10-07T00:00:00,MDPR,GHCND:USC00335188,",,7,",861
3498,2013-10-07T00:00:00,TOBS,GHCND:USC00335188,",,7,",94
3499,2013-10-08T00:00:00,PRCP,GHCND:USC00335188,",,7,",0
3500,2013-10-08T00:00:00,TOBS,GHCND:USC00335188,",,7,",94
3501,2013-10-09T00:00:00,PRCP,GHCND:USC00335188,",,7,",0
3502,2013-10-09T00:00:00,TMAX,GHCND:USC00335188,",,7,",206
3503,2013-10-09T00:00:00,TOBS,GHCND:USC00335188,",,7,",67
3504,2013-10-10T00:00:00,PRCP,GHCND:USC00335188,",,7,",0
3505,2013-10-10T00:00:00,TMAX,GHCND:USC00335188,",,7,",239
3506,2013-10-10T00:00:00,TMIN,GHCND:USC00335188,",,7,",44
3507,2013-10-10T00:00:00,TOBS,GHCND:USC00335188,",,7,",61
3508,2013-10-11T00:00:00,PRCP,GHCND:USC00335188,",,7,",0
3509,2013-10-11T00:00:00,TMAX,GHCND:USC00335188,",,7,",239
3510,2013-10-11T00:00:00,TMIN,GHCND:USC00335188,",,7,",-61
3511,2013-10-11T00:00:00,TOBS,GHCND:USC00335188,",,7,",56
3512,2013-10-14T00:00:00,DAPR,GHCND:USC00335188,",,7,",3
3513,2013-10-14T00:00:00,MDPR,GHCND:USC00335188,",,7,",0
3514,2013-10-14T00:00:00,TOBS,GHCND:USC00335188,",,7,",67
3515,2013-10-15T00:00:00,PRCP,GHCND:USC00335188,",,7,",0
3516,2013-10-15T00:00:00,TMAX,GHCND:USC00335188,",,7,",233
3517,2013-10-15T00:00:00,TMIN,GHCND:USC00335188,",,7,",67
3518,2013-10-15T00:00:00,TOBS,GHCND:USC00335188,",,7,",122
3519,2013-10-16T00:00:00,PRCP,GHCND:USC00335188,",,7,",41
3520,2013-10-16T00:00:00,TMAX,GHCND:USC00335188,",,7,",233
3521,2013-10-16T00:00:00,TMIN,GHCND:USC00335188,",,7,",122
3522,2013-10-16T00:00:00,TOBS,GHCND:USC00335188,",,7,",178
3523,2013-10-17T00:00:00,PRCP,GHCND:USC00335188,",,7,",8
3524,2013-10-17T00:00:00,TMAX,GHCND:USC00335188,",,7,",206
3525,2013-10-17T00:00:00,TMIN,GHCND:USC00335188,",,7,",56
3526,2013-10-17T00:00:00,TOBS,GHCND:USC00335188,",,7,",61
3527,2013-10-18T00:00:00,PRCP,GHCND:USC00335188,",,7,",38
3528,2013-10-18T00:00:00,TMAX,GHCND:USC00335188,",,7,",139
3529,2013-10-18T00:00:00,TMIN,GHCND:USC00335188,",,7,",44
3530,2013-10-18T00:00:00,TOBS,GHCND:USC00335188,",,7,",44
3531,2013-10-21T00:00:00,DAPR,GHCND:USC00335188,",,7,",3
3532,2013-10-21T00:00:00,MDPR,GHCND:USC00335188,",,7,",46
3533,2013-10-21T00:00:00,TOBS,GHCND:USC00335188,",,7,",44
3534,2013-10-22T00:00:00,PRCP,GHCND:USC00335188,",,7,",18
3535,2013-10-22T00:00:00,TMAX,GHCND:USC00335188,",,7,",200
3536,2013-10-22T00:00:00,TMIN,GHCND:USC00335188,",,7,",11
3537,2013-10-22T00:00:00,TOBS,GHCND:USC00335188,",,7,",11
3538,2013-10-23T00:00:00,PRCP,GHCND:USC00335188,",,7,",30
3539,2013-10-23T00:00:00,TMAX,GHCND:USC00335188,",,7,",128
3540,2013-10-23T00:00:00,TMIN,GHCND:USC00335188,",,7,",6
3541,2013-10-23T00:00:00,TOBS,GHCND:USC00335188,",,7,",11
3542,2013-10-24T00:00:00,PRCP,GHCND:USC00335188,",,7,",15
3543,2013-10-24T00:00:00,TMAX,GHCND:USC00335188,",,7,",83
3544,2013-10-24T00:00:00,TMIN,GHCND:USC00335188,",,7,",-6
3545,2013-10-24T00:00:00,TOBS,GHCND:USC00335188,",,7,",39
3546,2013-10-25T00:00:00,PRCP,GHCND:USC00335188,",,7,",28
3547,2013-10-25T00:00:00,TMAX,GHCND:USC00335188,",,7,",72
3548,2013-10-25T00:00:00,TMIN,GHCND:USC00335188,",,7,",-17
3549,2013-10-25T00:00:00,TOBS,GHCND:USC00335188,",,7,",-17
3550,2013-10-28T00:00:00,DAPR,GHCND:USC00335188,",,7,",3
3551,2013-10-28T00:00:00,MDPR,GHCND:USC00335188,",,7,",0
3552,2013-10-28T00:00:00,TOBS,GHCND:USC00335188,",,7,",-11
3553,2013-10-29T00:00:00,PRCP,GHCND:USC00335188,",,7,",0
3554,2013-10-29T00:00:00,TMAX,GHCND:USC00335188,",,7,",178
3555,2013-10-29T00:00:00,TMIN,GHCND:USC00335188,",,7,",-11
3556,2013-10-29T00:00:00,TOBS,GHCND:USC00335188,",,7,",6
3557,2013-10-30T00:00:00,PRCP,GHCND:USC00335188,",,7,",51
3558,2013-10-30T00:00:00,TMAX,GHCND:USC00335188,",,7,",133
3559,2013-10-30T00:00:00,TMIN,GHCND:USC00335188,",,7,",6
3560,2013-10-30T00:00:00,TOBS,GHCND:USC00335188,",,7,",111
3561,2013-10-31T00:00:00,PRCP,GHCND:USC00335188,",,7,",5
3562,2013-10-31T00:00:00,TMAX,GHCND:USC00335188,",,7,",183
3563,2013-10-31T00:00:00,TMIN,GHCND:USC00335188,",,7,",111
3564,2013-10-31T00:00:00,TOBS,GHCND:USC00335188,",,7,",178
3565,2013-11-04T00:00:00,PRCP,GHCND:USC00335188,",,7,",0
3566,2013-11-04T00:00:00,TOBS,GHCND:USC00335188,",,7,",33
3567,2013-11-05T00:00:00,PRCP,GHCND:USC00335188,",,7,",3
3568,2013-11-05T00:00:00,TMAX,GHCND:USC00335188,",,7,",150
3569,2013-11-05T00:00:00,TMIN,GHCND:USC00335188,",,7,",33
3570,2013-11-05T00:00:00,TOBS,GHCND:USC00335188,",,7,",100
3571,2013-11-06T00:00:00,PRCP,GHCND:USC00335188,",,7,",0
3572,2013-11-06T00:00:00,TMAX,GHCND:USC00335188,",,7,",167
3573,2013-11-06T00:00:00,TMIN,GHCND:USC00335188,",,7,",78
3574,2013-11-06T00:00:00,TOBS,GHCND:USC00335188,",,7,",122
3575,2013-11-07T00:00:00,PRCP,GHCND:USC00335188,",,7,",104
3576,2013-11-07T00:00:00,TMAX,GHCND:USC00335188,",,7,",183
3577,2013-11-07T00:00:00,TMIN,GHCND:USC00335188,",,7,",44
3578,2013-11-07T00:00:00,TOBS,GHCND:USC00335188,",,7,",44
3579,2013-11-08T00:00:00,PRCP,GHCND:USC00335188,",,7,",0
3580,2013-11-08T00:00:00,TMAX,GHCND:USC00335188,",,7,",111
3581,2013-11-08T00:00:00,TMIN,GHCND:USC00335188,",,7,",-11
3582,2013-11-08T00:00:00,TOBS,GHCND:USC00335188,",,7,",-11
3583,2013-11-13T00:00:00,DAPR,GHCND:USC00335188,",,7,",5
3584,2013-11-13T00:00:00,MDPR,GHCND:USC00335188,",,7,",46
3585,2013-11-13T00:00:00,TOBS,GHCND:USC00335188,",,7,",-72
3586,2013-11-14T00:00:00,PRCP,GHCND:USC00335188,",,7,",0
3587,2013-11-14T00:00:00,TMAX,GHCND:USC00335188,",,7,",61
3588,2013-11-14T00:00:00,TMIN,GHCND:USC00335188,",,7,",-72
3589,2013-11-14T00:00:00,TOBS,GHCND:USC00335188,",,7,",-11
3590,2013-11-15T00:00:00,PRCP,GHCND:USC00335188,",,7,",0
3591,2013-11-15T00:00:00,TMAX,GHCND:USC00335188,",,7,",133
3592,2013-11-15T00:00:00,TMIN,GHCND:USC00335188,",,7,",-11
3593,2013-11-15T00:00:00,TOBS,GHCND:USC00335188,",,7,",39
3594,2013-11-18T00:00:00,DAPR,GHCND:USC00335188,",,7,",3
3595,2013-11-18T00:00:00,MDPR,GHCND:USC00335188,",,7,",254
3596,2013-11-19T00:00:00,PRCP,GHCND:USC00335188,",,7,",0
3597,2013-11-19T00:00:00,TOBS,GHCND:USC00335188,",,7,",-22
3598,2013-11-20T00:00:00,PRCP,GHCND:USC00335188,",,7,",0
3599,2013-11-20T00:00:00,TMAX,GHCND:USC00335188,",,7,",61
3600,2013-11-20T00:00:00,TMIN,GHCND:USC00335188,",,7,",-39
3601,2013-11-20T00:00:00,TOBS,GHCND:USC00335188,",,7,",-39
3602,2013-11-21T00:00:00,PRCP,GHCND:USC00335188,",,7,",8
3603,2013-11-21T00:00:00,TMAX,GHCND:USC00335188,",,7,",117
3604,2013-11-21T00:00:00,TMIN,GHCND:USC00335188,",,7,",-39
3605,2013-11-21T00:00:00,TOBS,GHCND:USC00335188,",,7,",61
3606,2013-11-22T00:00:00,PRCP,GHCND:USC00335188,",,7,",15
3607,2013-11-22T00:00:00,TMAX,GHCND:USC00335188,",,7,",144
3608,2013-11-22T00:00:00,TMIN,GHCND:USC00335188,",,7,",56
3609,2013-11-22T00:00:00,TOBS,GHCND:USC00335188,",,7,",117
3610,2013-11-25T00:00:00,DAPR,GHCND:USC00335188,",,7,",3
3611,2013-11-25T00:00:00,MDPR,GHCND:USC00335188,",,7,",30
3612,2013-11-25T00:00:00,TOBS,GHCND:USC00335188,",,7,",-50
3613,2013-11-27T00:00:00,PRCP,GHCND:USC00335188,",,7,",0
3614,2013-11-27T00:00:00,TMAX,GHCND:USC00335188,",,7,",22
3615,2013-11-27T00:00:00,TMIN,GHCND:USC00335188,",,7,",-22
3616,2013-11-27T00:00:00,TOBS,GHCND:USC00335188,",,7,",-17
3617,2013-12-02T00:00:00,PRCP,GHCND:USC00335188,"T,,7,",0
3618,2013-12-02T00:00:00,TOBS,GHCND:USC00335188,",,7,",22
3619,2013-12-03T00:00:00,PRCP,GHCND:USC00335188,"T,,7,",0
3620,2013-12-03T00:00:00,TOBS,GHCND:USC00335188,",,7,",6
3621,2013-12-04T00:00:00,PRCP,GHCND:USC00335188,",,7,",0
3622,2013-12-04T00:00:00,TMAX,GHCND:USC00335188,",,7,",117
3623,2013-12-04T00:00:00,TMIN,GHCND:USC00335188,",,7,",0
3624,2013-12-04T00:00:00,TOBS,GHCND:USC00335188,",,7,",61
3625,2013-12-05T00:00:00,PRCP,GHCND:USC00335188,",,7,",46
3626,2013-12-05T00:00:00,TMAX,GHCND:USC00335188,",,7,",183
3627,2013-12-05T00:00:00,TMIN,GHCND:USC00335188,",,7,",61
3628,2013-12-05T00:00:00,TOBS,GHCND:USC00335188,",,7,",172
3629,2013-12-05T00:00:00,WT01,GHCND:USC00335188,",,7,",1
3630,2013-12-06T00:00:00,PRCP,GHCND:USC00335188,",,7,",109
3631,2013-12-06T00:00:00,TMAX,GHCND:USC00335188,",,7,",172
3632,2013-12-06T00:00:00,TMIN,GHCND:USC00335188,",,7,",-17
3633,2013-12-06T00:00:00,TOBS,GHCND:USC00335188,",,7,",-17
3634,2013-12-09T00:00:00,PRCP,GHCND:USC00335188,",,7,",173
3635,2013-12-09T00:00:00,TOBS,GHCND:USC00335188,",,7,",0
3636,2013-12-10T00:00:00,PRCP,GHCND:USC00335188,",,7,",30
3637,2013-12-10T00:00:00,TMAX,GHCND:USC00335188,",,7,",6
3638,2013-12-10T00:00:00,TMIN,GHCND:USC00335188,",,7,",-94
3639,2013-12-10T00:00:00,TOBS,GHCND:USC00335188,",,7,",-44
3640,2013-12-11T00:00:00,PRCP,GHCND:USC00335188,",,7,",0
3641,2013-12-11T00:00:00,TMAX,GHCND:USC00335188,",,7,",-6
3642,2013-12-11T00:00:00,TMIN,GHCND:USC00335188,",,7,",-133
3643,2013-12-11T00:00:00,TOBS,GHCND:USC00335188,",,7,",-133
3644,2013-12-12T00:00:00,PRCP,GHCND:USC00335188,",,7,",0
3645,2013-12-12T00:00:00,TMAX,GHCND:USC00335188,",,7,",33
3646,2013-12-12T00:00:00,TMIN,GHCND:USC00335188,",,7,",-133
3647,2013-12-12T00:00:00,TOBS,GHCND:USC00335188,",,7,",-128
3648,2013-12-13T00:00:00,PRCP,GHCND:USC00335188,",,7,",0
3649,2013-12-13T00:00:00,TMAX,GHCND:USC00335188,",,7,",-28
3650,2013-12-13T00:00:00,TMIN,GHCND:USC00335188,",,7,",-139
3651,2013-12-13T00:00:00,TOBS,GHCND:USC00335188,",,7,",-100
3652,2013-12-16T00:00:00,PRCP,GHCND:USC00335188,",,7,",150
3653,2013-12-16T00:00:00,TOBS,GHCND:USC00335188,",,7,",-17
3654,2013-12-17T00:00:00,PRCP,GHCND:USC00335188,"T,,7,",0
3655,2013-12-17T00:00:00,TMAX,GHCND:USC00335188,",,7,",11
3656,2013-12-17T00:00:00,TMIN,GHCND:USC00335188,",,7,",-22
3657,2013-12-17T00:00:00,TOBS,GHCND:USC00335188,",,7,",-17
3658,2013-12-18T00:00:00,PRCP,GHCND:USC00335188,",,7,",0
3659,2013-12-18T00:00:00,TMAX,GHCND:USC00335188,",,7,",11
3660,2013-12-18T00:00:00,TMIN,GHCND:USC00335188,",,7,",-44
3661,2013-12-18T00:00:00,TOBS,GHCND:USC00335188,",,7,",-44
3662,2013-12-19T00:00:00,PRCP,GHCND:USC00335188,",,7,",0
3663,2013-12-19T00:00:00,TMAX,GHCND:USC00335188,",,7,",50
3664,2013-12-19T00:00:00,TMIN,GHCND:USC00335188,",,7,",-50
3665,2013-12-19T00:00:00,TOBS,GHCND:USC00335188,",,7,",50
3666,2013-12-20T00:00:00,PRCP,GHCND:USC00335188,"T,,7,",0
3667,2013-12-20T00:00:00,TMAX,GHCND:USC00335188,",,7,",128
3668,2013-12-20T00:00:00,TMIN,GHCND:USC00335188,",,7,",44
3669,2013-12-20T00:00:00,TOBS,GHCND:USC00335188,",,7,",128
3670,2013-12-23T00:00:00,DAPR,GHCND:USC00335188,",,7,",3
3671,2013-12-23T00:00:00,MDPR,GHCND:USC00335188,",,7,",714
3672,2013-12-23T00:00:00,TOBS,GHCND:USC00335188,",,7,",6
3673,2013-12-24T00:00:00,PRCP,GHCND:USC00335188,"T,,7,",0
3674,2013-12-24T00:00:00,TMAX,GHCND:USC00335188,",,7,",17
3675,2013-12-24T00:00:00,TMIN,GHCND:USC00335188,",,7,",-94
3676,2013-12-24T00:00:00,TOBS,GHCND:USC00335188,",,7,",-94
3677,2013-12-26T00:00:00,PRCP,GHCND:USC00335188,",,7,",0
3678,2013-12-26T00:00:00,TOBS,GHCND:USC00335188,",,7,",-6
3679,2013-12-27T00:00:00,PRCP,GHCND:USC00335188,",,7,",0
3680,2013-12-27T00:00:00,TMAX,GHCND:USC00335188,",,7,",72
3681,2013-12-27T00:00:00,TMIN,GHCND:USC00335188,",,7,",-44
3682,2013-12-27T00:00:00,TOBS,GHCND:USC00335188,",,7,",67
3683,2013-12-30T00:00:00,PRCP,GHCND:USC00335188,",,7,",74
3684,2013-12-30T00:00:00,TOBS,GHCND:USC00335188,",,7,",-6
3685,2013-12-31T00:00:00,PRCP,GHCND:USC00335188,"T,,7,",0
3686,2013-12-31T00:00:00,TMAX,GHCND:USC00335188,",,7,",-6
3687,2013-12-31T00:00:00,TMIN,GHCND:USC00335188,",,7,",-50
3688,2013-12-31T00:00:00,TOBS,GHCND:USC00335188,",,7,",-39
3689,2014-01-02T00:00:00,DAPR,GHCND:USC00335188,",,7,",2
3690,2014-01-02T00:00:00,MDPR,GHCND:USC00335188,",,7,",89
3691,2014-01-02T00:00:00,TOBS,GHCND:USC00335188,",,7,",0
3692,2014-01-03T00:00:00,PRCP,GHCND:USC00335188,",,7,",36
3693,2014-01-03T00:00:00,TOBS,GHCND:USC00335188,",,7,",-183
3694,2014-01-06T00:00:00,DAPR,GHCND:USC00335188,",,7,",3
3695,2014-01-06T00:00:00,MDPR,GHCND:USC00335188,",,7,",203
3696,2014-01-06T00:00:00,TOBS,GHCND:USC00335188,",,7,",-178
3697,2014-01-07T00:00:00,PRCP,GHCND:USC00335188,"T,,7,",0
3698,2014-01-07T00:00:00,TMAX,GHCND:USC00335188,",,7,",-178
3699,2014-01-07T00:00:00,TMIN,GHCND:USC00335188,",,7,",-217
3700,2014-01-07T00:00:00,TOBS,GHCND:USC00335188,",,7,",-200
3701,2014-01-08T00:00:00,PRCP,GHCND:USC00335188,",,7,",0
3702,2014-01-08T00:00:00,TMAX,GHCND:USC00335188,",,7,",-106
3703,2014-01-08T00:00:00,TMIN,GHCND:USC00335188,",,7,",-200
3704,2014-01-08T00:00:00,TOBS,GHCND:USC00335188,",,7,",-106
3705,2014-01-09T00:00:00,PRCP,GHCND:USC00335188,",,7,",0
3706,2014-01-09T00:00:00,TMAX,GHCND:USC00335188,",,7,",-6
3707,2014-01-09T00:00:00,TMIN,GHCND:USC00335188,",,7,",-106
3708,2014-01-09T00:00:00,TOBS,GHCND:USC00335188,",,7,",-56
3709,2014-01-10T00:00:00,PRCP,GHCND:USC00335188,",,7,",18
3710,2014-01-10T00:00:00,TMAX,GHCND:USC00335188,",,7,",28
3711,2014-01-10T00:00:00,TMIN,GHCND:USC00335188,",,7,",-56
3712,2014-01-10T00:00:00,TOBS,GHCND:USC00335188,",,7,",11
3713,2014-01-13T00:00:00,DAPR,GHCND:USC00335188,",,7,",3
3714,2014-01-13T00:00:00,MDPR,GHCND:USC00335188,",,7,",170
3715,2014-01-13T00:00:00,TOBS,GHCND:USC00335188,",,7,",89
3716,2014-01-14T00:00:00,PRCP,GHCND:USC00335188,",,7,",30
3717,2014-01-14T00:00:00,TMAX,GHCND:USC00335188,",,7,",117
3718,2014-01-14T00:00:00,TMIN,GHCND:USC00335188,",,7,",-6
3719,2014-01-14T00:00:00,TOBS,GHCND:USC00335188,",,7,",-6
3720,2014-01-15T00:00:00,PRCP,GHCND:USC00335188,",,7,",10
3721,2014-01-15T00:00:00,TMAX,GHCND:USC00335188,",,7,",100
3722,2014-01-15T00:00:00,TMIN,GHCND:USC00335188,",,7,",-22
3723,2014-01-15T00:00:00,TOBS,GHCND:USC00335188,",,7,",-22
3724,2014-01-16T00:00:00,PRCP,GHCND:USC00335188,"T,,7,",0
3725,2014-01-16T00:00:00,TMAX,GHCND:USC00335188,",,7,",-17
3726,2014-01-16T00:00:00,TMIN,GHCND:USC00335188,",,7,",-78
3727,2014-01-16T00:00:00,TOBS,GHCND:USC00335188,",,7,",-67
3728,2014-01-17T00:00:00,PRCP,GHCND:USC00335188,",,7,",8
3729,2014-01-17T00:00:00,TMAX,GHCND:USC00335188,",,7,",0
3730,2014-01-17T00:00:00,TMIN,GHCND:USC00335188,",,7,",-67
3731,2014-01-17T00:00:00,TOBS,GHCND:USC00335188,",,7,",-11
3732,2014-01-21T00:00:00,DAPR,GHCND:USC00335188,",,7,",4
3733,2014-01-21T00:00:00,MDPR,GHCND:USC00335188,",,7,",97
3734,2014-01-21T00:00:00,TOBS,GHCND:USC00335188,",,7,",-94
3735,2014-01-22T00:00:00,PRCP,GHCND:USC00335188,"T,,7,",0
3736,2014-01-22T00:00:00,TMAX,GHCND:USC00335188,",,7,",-94
3737,2014-01-22T00:00:00,TMIN,GHCND:USC00335188,",,7,",-228
3738,2014-01-22T00:00:00,TOBS,GHCND:USC00335188,",,7,",-228
3739,2014-01-23T00:00:00,PRCP,GHCND:USC00335188,",,7,",3
3740,2014-01-23T00:00:00,TMAX,GHCND:USC00335188,",,7,",-83
3741,2014-01-23T00:00:00,TMIN,GHCND:USC00335188,",,7,",-228
3742,2014-01-23T00:00:00,TOBS,GHCND:USC00335188,",,7,",-150
3743,2014-01-24T00:00:00,PRCP,GHCND:USC00335188,"T,,7,",0
3744,2014-01-24T00:00:00,TMAX,GHCND:USC00335188,",,7,",-117
3745,2014-01-24T00:00:00,TMIN,GHCND:USC00335188,",,7,",-211
3746,2014-01-24T00:00:00,TOBS,GHCND:USC00335188,",,7,",-189
3747,2014-01-27T00:00:00,DAPR,GHCND:USC00335188,",,7,",3
3748,2014-01-27T00:00:00,MDPR,GHCND:USC00335188,",,7,",41
3749,2014-01-27T00:00:00,TOBS,GHCND:USC00335188,",,7,",-117
3750,2014-01-28T00:00:00,PRCP,GHCND:USC00335188,",,7,",0
3751,2014-01-28T00:00:00,TMAX,GHCND:USC00335188,",,7,",-94
3752,2014-01-28T00:00:00,TMIN,GHCND:USC00335188,",,7,",-233
3753,2014-01-28T00:00:00,TOBS,GHCND:USC00335188,",,7,",-233
3754,2014-01-29T00:00:00,PRCP,GHCND:USC00335188,",,7,",0
3755,2014-01-29T00:00:00,TMAX,GHCND:USC00335188,",,7,",-111
3756,2014-01-29T00:00:00,TMIN,GHCND:USC00335188,",,7,",-239
3757,2014-01-29T00:00:00,TOBS,GHCND:USC00335188,",,7,",-222
3758,2014-01-30T00:00:00,PRCP,GHCND:USC00335188,",,7,",0
3759,2014-01-30T00:00:00,TOBS,GHCND:USC00335188,",,7,",-122
3760,2014-01-31T00:00:00,PRCP,GHCND:USC00335188,",,7,",0
3761,2014-01-31T00:00:00,TMAX,GHCND:USC00335188,",,7,",22
3762,2014-01-31T00:00:00,TMIN,GHCND:USC00335188,",,7,",-128
3763,2014-01-31T00:00:00,TOBS,GHCND:USC00335188,",,7,",17
3764,2014-02-03T00:00:00,DAPR,GHCND:USC00335188,",,7,",3
3765,2014-02-03T00:00:00,MDPR,GHCND:USC00335188,",,7,",41
3766,2014-02-03T00:00:00,TOBS,GHCND:USC00335188,",,7,",-33
3767,2014-02-04T00:00:00,PRCP,GHCND:USC00335188,",,7,",0
3768,2014-02-04T00:00:00,TMAX,GHCND:USC00335188,",,7,",22
3769,2014-02-04T00:00:00,TMIN,GHCND:USC00335188,",,7,",-67
3770,2014-02-04T00:00:00,TOBS,GHCND:USC00335188,",,7,",-56
3771,2014-02-05T00:00:00,PRCP,GHCND:USC00335188,",,7,",236
3772,2014-02-05T00:00:00,TMAX,GHCND:USC00335188,",,7,",0
3773,2014-02-05T00:00:00,TMIN,GHCND:USC00335188,",,7,",-56
3774,2014-02-05T00:00:00,TOBS,GHCND:USC00335188,",,7,",-11
3775,2014-02-06T00:00:00,PRCP,GHCND:USC00335188,"T,,7,",0
3776,2014-02-06T00:00:00,TMAX,GHCND:USC00335188,",,7,",-11
3777,2014-02-06T00:00:00,TMIN,GHCND:USC00335188,",,7,",-94
3778,2014-02-06T00:00:00,TOBS,GHCND:USC00335188,",,7,",-94
3779,2014-02-07T00:00:00,PRCP,GHCND:USC00335188,"T,,7,",0
3780,2014-02-07T00:00:00,TMAX,GHCND:USC00335188,",,7,",-33
3781,2014-02-07T00:00:00,TMIN,GHCND:USC00335188,",,7,",-178
3782,2014-02-07T00:00:00,TOBS,GHCND:USC00335188,",,7,",-178
3783,2014-02-10T00:00:00,DAPR,GHCND:USC00335188,",,7,",3
3784,2014-02-10T00:00:00,MDPR,GHCND:USC00335188,",,7,",10
3785,2014-02-10T00:00:00,TOBS,GHCND:USC00335188,",,7,",-122
3786,2014-02-11T00:00:00,PRCP,GHCND:USC00335188,",,7,",0
3787,2014-02-11T00:00:00,TMAX,GHCND:USC00335188,",,7,",-44
3788,2014-02-11T00:00:00,TMIN,GHCND:USC00335188,",,7,",-189
3789,2014-02-11T00:00:00,TOBS,GHCND:USC00335188,",,7,",-189
3790,2014-02-12T00:00:00,PRCP,GHCND:USC00335188,",,7,",0
3791,2014-02-12T00:00:00,TMAX,GHCND:USC00335188,",,7,",-44
3792,2014-02-12T00:00:00,TMIN,GHCND:USC00335188,",,7,",-189
3793,2014-02-12T00:00:00,TOBS,GHCND:USC00335188,",,7,",-183
3794,2014-02-13T00:00:00,PRCP,GHCND:USC00335188,",,7,",0
3795,2014-02-13T00:00:00,TMAX,GHCND:USC00335188,",,7,",17
3796,2014-02-13T00:00:00,TMIN,GHCND:USC00335188,",,7,",-183
3797,2014-02-13T00:00:00,TOBS,GHCND:USC00335188,",,7,",-128
3798,2014-02-14T00:00:00,PRCP,GHCND:USC00335188,",,7,",0
3799,2014-02-14T00:00:00,TMAX,GHCND:USC00335188,",,7,",67
3800,2014-02-14T00:00:00,TMIN,GHCND:USC00335188,",,7,",-128
3801,2014-02-14T00:00:00,TOBS,GHCND:USC00335188,",,7,",-11
3802,2014-02-18T00:00:00,DAPR,GHCND:USC00335188,",,7,",4
3803,2014-02-18T00:00:00,MDPR,GHCND:USC00335188,",,7,",203
3804,2014-02-18T00:00:00,TOBS,GHCND:USC00335188,",,7,",22
3805,2014-02-19T00:00:00,PRCP,GHCND:USC00335188,",,7,",8
3806,2014-02-19T00:00:00,TMAX,GHCND:USC00335188,",,7,",128
3807,2014-02-19T00:00:00,TMIN,GHCND:USC00335188,",,7,",6
3808,2014-02-19T00:00:00,TOBS,GHCND:USC00335188,",,7,",11
3809,2014-02-20T00:00:00,PRCP,GHCND:USC00335188,",,7,",3
3810,2014-02-20T00:00:00,TMAX,GHCND:USC00335188,",,7,",117
3811,2014-02-20T00:00:00,TMIN,GHCND:USC00335188,",,7,",-17
3812,2014-02-20T00:00:00,TOBS,GHCND:USC00335188,",,7,",28
3813,2014-02-21T00:00:00,PRCP,GHCND:USC00335188,",,7,",157
3814,2014-02-21T00:00:00,TMAX,GHCND:USC00335188,",,7,",194
3815,2014-02-21T00:00:00,TMIN,GHCND:USC00335188,",,7,",22
3816,2014-02-21T00:00:00,TOBS,GHCND:USC00335188,",,7,",33
3817,2014-02-24T00:00:00,DAPR,GHCND:USC00335188,",,7,",3
3818,2014-02-24T00:00:00,MDPR,GHCND:USC00335188,",,7,",8
3819,2014-02-24T00:00:00,TOBS,GHCND:USC00335188,",,7,",-56
3820,2014-02-25T00:00:00,PRCP,GHCND:USC00335188,",,7,",3
3821,2014-02-25T00:00:00,TMAX,GHCND:USC00335188,",,7,",33
3822,2014-02-25T00:00:00,TMIN,GHCND:USC00335188,",,7,",-61
3823,2014-02-25T00:00:00,TOBS,GHCND:USC00335188,",,7,",-50
3824,2014-02-26T00:00:00,PRCP,GHCND:USC00335188,",,7,",0
3825,2014-02-26T00:00:00,TMAX,GHCND:USC00335188,",,7,",6
3826,2014-02-26T00:00:00,TMIN,GHCND:USC00335188,",,7,",-111
3827,2014-02-26T00:00:00,TOBS,GHCND:USC00335188,",,7,",-111
3828,2014-02-27T00:00:00,PRCP,GHCND:USC00335188,",,7,",0
3829,2014-02-27T00:00:00,TMAX,GHCND:USC00335188,",,7,",6
3830,2014-02-27T00:00:00,TMIN,GHCND:USC00335188,",,7,",-111
3831,2014-02-27T00:00:00,TOBS,GHCND:USC00335188,",,7,",-67
3832,2014-02-28T00:00:00,PRCP,GHCND:USC00335188,",,7,",0
3833,2014-02-28T00:00:00,TMAX,GHCND:USC00335188,",,7,",-17
3834,2014-02-28T00:00:00,TMIN,GHCND:USC00335188,",,7,",-117
3835,2014-02-28T00:00:00,TOBS,GHCND:USC00335188,",,7,",-117
3836,2014-03-03T00:00:00,PRCP,GHCND:USC00335188,",,7,",117
3837,2014-03-03T00:00:00,TOBS,GHCND:USC00335188,",,7,",-106
3838,2014-03-04T00:00:00,PRCP,GHCND:USC00335188,",,7,",0
3839,2014-03-04T00:00:00,TMAX,GHCND:USC00335188,",,7,",-61
3840,2014-03-04T00:00:00,TMIN,GHCND:USC00335188,",,7,",-133
3841,2014-03-04T00:00:00,TOBS,GHCND:USC00335188,",,7,",-128
3842,2014-03-05T00:00:00,PRCP,GHCND:USC00335188,",,7,",0
3843,2014-03-05T00:00:00,TMAX,GHCND:USC00335188,",,7,",22
3844,2014-03-05T00:00:00,TMIN,GHCND:USC00335188,",,7,",-133
3845,2014-03-05T00:00:00,TOBS,GHCND:USC00335188,",,7,",-89
3846,2014-03-06T00:00:00,PRCP,GHCND:USC00335188,",,7,",0
3847,2014-03-06T00:00:00,TMAX,GHCND:USC00335188,",,7,",39
3848,2014-03-06T00:00:00,TMIN,GHCND:USC00335188,",,7,",-133
3849,2014-03-06T00:00:00,TOBS,GHCND:USC00335188,",,7,",-61
3850,2014-03-07T00:00:00,PRCP,GHCND:USC00335188,",,7,",0
3851,2014-03-07T00:00:00,TMAX,GHCND:USC00335188,",,7,",89
3852,2014-03-07T00:00:00,TMIN,GHCND:USC00335188,",,7,",-61
3853,2014-03-07T00:00:00,TOBS,GHCND:USC00335188,",,7,",-50
3854,2014-03-10T00:00:00,DAPR,GHCND:USC00335188,",,7,",3
3855,2014-03-10T00:00:00,MDPR,GHCND:USC00335188,",,7,",0
3856,2014-03-10T00:00:00,TOBS,GHCND:USC00335188,",,7,",39
3857,2014-03-11T00:00:00,PRCP,GHCND:USC00335188,",,7,",0
3858,2014-03-11T00:00:00,TMAX,GHCND:USC00335188,",,7,",178
3859,2014-03-11T00:00:00,TMIN,GHCND:USC00335188,",,7,",33
3860,2014-03-11T00:00:00,TOBS,GHCND:USC00335188,",,7,",83
3861,2014-03-12T00:00:00,PRCP,GHCND:USC00335188,",,7,",41
3862,2014-03-12T00:00:00,TMAX,GHCND:USC00335188,",,7,",244
3863,2014-03-12T00:00:00,TMIN,GHCND:USC00335188,",,7,",72
3864,2014-03-12T00:00:00,TOBS,GHCND:USC00335188,",,7,",106
3865,2014-03-13T00:00:00,PRCP,GHCND:USC00335188,",,7,",66
3866,2014-03-13T00:00:00,TMAX,GHCND:USC00335188,",,7,",128
3867,2014-03-13T00:00:00,TMIN,GHCND:USC00335188,",,7,",-72
3868,2014-03-13T00:00:00,TOBS,GHCND:USC00335188,",,7,",-72
3869,2014-03-14T00:00:00,PRCP,GHCND:USC00335188,",,7,",0
3870,2014-03-14T00:00:00,TMAX,GHCND:USC00335188,",,7,",44
3871,2014-03-14T00:00:00,TMIN,GHCND:USC00335188,",,7,",-78
3872,2014-03-14T00:00:00,TOBS,GHCND:USC00335188,",,7,",33
3873,2014-03-17T00:00:00,DAPR,GHCND:USC00335188,",,7,",3
3874,2014-03-17T00:00:00,MDPR,GHCND:USC00335188,",,7,",13
3875,2014-03-17T00:00:00,TOBS,GHCND:USC00335188,",,7,",-44
3876,2014-03-18T00:00:00,PRCP,GHCND:USC00335188,",,7,",0
3877,2014-03-18T00:00:00,TMAX,GHCND:USC00335188,",,7,",44
3878,2014-03-18T00:00:00,TMIN,GHCND:USC00335188,",,7,",-44
3879,2014-03-18T00:00:00,TOBS,GHCND:USC00335188,",,7,",-44
3880,2014-03-19T00:00:00,PRCP,GHCND:USC00335188,",,7,",0
3881,2014-03-19T00:00:00,TMAX,GHCND:USC00335188,",,7,",139
3882,2014-03-19T00:00:00,TMIN,GHCND:USC00335188,",,7,",-44
3883,2014-03-19T00:00:00,TOBS,GHCND:USC00335188,",,7,",72
3884,2014-03-20T00:00:00,PRCP,GHCND:USC00335188,",,7,",79
3885,2014-03-20T00:00:00,TMAX,GHCND:USC00335188,",,7,",128
3886,2014-03-20T00:00:00,TMIN,GHCND:USC00335188,",,7,",28
3887,2014-03-20T00:00:00,TOBS,GHCND:USC00335188,",,7,",28
3888,2014-03-24T00:00:00,DAPR,GHCND:USC00335188,",,7,",3
3889,2014-03-24T00:00:00,MDPR,GHCND:USC00335188,",,7,",0
3890,2014-03-24T00:00:00,TOBS,GHCND:USC00335188,",,7,",-67
3891,2014-03-25T00:00:00,PRCP,GHCND:USC00335188,",,7,",0
3892,2014-03-25T00:00:00,TMAX,GHCND:USC00335188,",,7,",56
3893,2014-03-25T00:00:00,TMIN,GHCND:USC00335188,",,7,",-72
3894,2014-03-25T00:00:00,TOBS,GHCND:USC00335188,",,7,",-11
3895,2014-03-26T00:00:00,PRCP,GHCND:USC00335188,",,7,",8
3896,2014-03-26T00:00:00,TMAX,GHCND:USC00335188,",,7,",56
3897,2014-03-26T00:00:00,TMIN,GHCND:USC00335188,",,7,",-72
3898,2014-03-26T00:00:00,TOBS,GHCND:USC00335188,",,7,",-72
3899,2014-03-27T00:00:00,PRCP,GHCND:USC00335188,",,7,",0
3900,2014-03-27T00:00:00,TMAX,GHCND:USC00335188,",,7,",61
3901,2014-03-27T00:00:00,TMIN,GHCND:USC00335188,",,7,",-83
3902,2014-03-27T00:00:00,TOBS,GHCND:USC00335188,",,7,",17
3903,2014-03-28T00:00:00,PRCP,GHCND:USC00335188,",,7,",28
3904,2014-03-28T00:00:00,TMAX,GHCND:USC00335188,",,7,",150
3905,2014-03-28T00:00:00,TMIN,GHCND:USC00335188,",,7,",17
3906,2014-03-28T00:00:00,TOBS,GHCND:USC00335188,",,7,",106
3907,2014-03-31T00:00:00,DAPR,GHCND:USC00335188,",,7,",3
3908,2014-03-31T00:00:00,MDPR,GHCND:USC00335188,",,7,",333
3909,2014-03-31T00:00:00,TOBS,GHCND:USC00335188,",,7,",-11
3910,2014-04-01T00:00:00,PRCP,GHCND:USC00335188,",,7,",0
3911,2014-04-02T00:00:00,PRCP,GHCND:USC00335188,",,7,",43
3912,2014-04-02T00:00:00,TMAX,GHCND:USC00335188,",,7,",256
3913,2014-04-02T00:00:00,TMIN,GHCND:USC00335188,",,7,",78
3914,2014-04-02T00:00:00,TOBS,GHCND:USC00335188,",,7,",83
3915,2014-04-03T00:00:00,PRCP,GHCND:USC00335188,",,7,",183
3916,2014-04-03T00:00:00,TMAX,GHCND:USC00335188,",,7,",161
3917,2014-04-03T00:00:00,TMIN,GHCND:USC00335188,",,7,",78
3918,2014-04-03T00:00:00,TOBS,GHCND:USC00335188,",,7,",117
3919,2014-04-04T00:00:00,PRCP,GHCND:USC00335188,",,7,",518
3920,2014-04-04T00:00:00,TOBS,GHCND:USC00335188,",,7,",150
3921,2014-04-07T00:00:00,DAPR,GHCND:USC00335188,",,7,",3
3922,2014-04-07T00:00:00,MDPR,GHCND:USC00335188,",,7,",64
3923,2014-04-07T00:00:00,TOBS,GHCND:USC00335188,",,7,",78
3924,2014-04-08T00:00:00,PRCP,GHCND:USC00335188,",,7,",201
3925,2014-04-08T00:00:00,TMAX,GHCND:USC00335188,",,7,",133
3926,2014-04-08T00:00:00,TMIN,GHCND:USC00335188,",,7,",67
3927,2014-04-08T00:00:00,TOBS,GHCND:USC00335188,",,7,",67
3928,2014-04-09T00:00:00,PRCP,GHCND:USC00335188,",,7,",0
3929,2014-04-09T00:00:00,TMAX,GHCND:USC00335188,",,7,",156
3930,2014-04-09T00:00:00,TMIN,GHCND:USC00335188,",,7,",28
3931,2014-04-09T00:00:00,TOBS,GHCND:USC00335188,",,7,",28
3932,2014-04-10T00:00:00,PRCP,GHCND:USC00335188,",,7,",0
3933,2014-04-10T00:00:00,TMAX,GHCND:USC00335188,",,7,",178
3934,2014-04-10T00:00:00,TMIN,GHCND:USC00335188,",,7,",22
3935,2014-04-10T00:00:00,TOBS,GHCND:USC00335188,",,7,",67
3936,2014-04-11T00:00:00,PRCP,GHCND:USC00335188,",,7,",13
3937,2014-04-11T00:00:00,TMAX,GHCND:USC00335188,",,7,",244
3938,2014-04-11T00:00:00,TMIN,GHCND:USC00335188,",,7,",67
3939,2014-04-11T00:00:00,TOBS,GHCND:USC00335188,",,7,",172
3940,2014-04-14T00:00:00,PRCP,GHCND:USC00335188,",,7,",5
3941,2014-04-14T00:00:00,TOBS,GHCND:USC00335188,",,7,",183
3942,2014-04-15T00:00:00,PRCP,GHCND:USC00335188,",,7,",127
3943,2014-04-15T00:00:00,TMAX,GHCND:USC00335188,",,7,",206
3944,2014-04-15T00:00:00,TMIN,GHCND:USC00335188,",,7,",6
3945,2014-04-15T00:00:00,TOBS,GHCND:USC00335188,",,7,",6
3946,2014-04-16T00:00:00,PRCP,GHCND:USC00335188,",,7,",0
3947,2014-04-16T00:00:00,TMAX,GHCND:USC00335188,",,7,",56
3948,2014-04-16T00:00:00,TMIN,GHCND:USC00335188,",,7,",-44
3949,2014-04-16T00:00:00,TOBS,GHCND:USC00335188,",,7,",-39
3950,2014-04-17T00:00:00,PRCP,GHCND:USC00335188,",,7,",0
3951,2014-04-17T00:00:00,TMAX,GHCND:USC00335188,",,7,",111
3952,2014-04-17T00:00:00,TMIN,GHCND:USC00335188,",,7,",-44
3953,2014-04-17T00:00:00,TOBS,GHCND:USC00335188,",,7,",0
3954,2014-04-18T00:00:00,PRCP,GHCND:USC00335188,",,7,",0
3955,2014-04-18T00:00:00,TMAX,GHCND:USC00335188,",,7,",211
3956,2014-04-18T00:00:00,TMIN,GHCND:USC00335188,",,7,",-44
3957,2014-04-18T00:00:00,TOBS,GHCND:USC00335188,",,7,",50
3958,2014-04-21T00:00:00,PRCP,GHCND:USC00335188,",,7,",0
3959,2014-04-21T00:00:00,TOBS,GHCND:USC00335188,",,7,",67
3960,2014-04-22T00:00:00,PRCP,GHCND:USC00335188,"T,,7,",0
3961,2014-04-22T00:00:00,TMAX,GHCND:USC00335188,",,7,",267
3962,2014-04-22T00:00:00,TMIN,GHCND:USC00335188,",,7,",67
3963,2014-04-22T00:00:00,TOBS,GHCND:USC00335188,",,7,",161
3964,2014-04-23T00:00:00,PRCP,GHCND:USC00335188,",,7,",0
3965,2014-04-23T00:00:00,TMAX,GHCND:USC00335188,",,7,",217
3966,2014-04-23T00:00:00,TMIN,GHCND:USC00335188,",,7,",28
3967,2014-04-23T00:00:00,TOBS,GHCND:USC00335188,",,7,",33
3968,2014-04-24T00:00:00,PRCP,GHCND:USC00335188,",,7,",0
3969,2014-04-24T00:00:00,TMAX,GHCND:USC00335188,",,7,",172
3970,2014-04-24T00:00:00,TMIN,GHCND:USC00335188,",,7,",33
3971,2014-04-24T00:00:00,TOBS,GHCND:USC00335188,",,7,",100
3972,2014-04-25T00:00:00,PRCP,GHCND:USC00335188,",,7,",25
3973,2014-04-25T00:00:00,TMAX,GHCND:USC00335188,",,7,",200
3974,2014-04-25T00:00:00,TMIN,GHCND:USC00335188,",,7,",94
3975,2014-04-25T00:00:00,TOBS,GHCND:USC00335188,",,7,",133
3976,2014-04-28T00:00:00,DAPR,GHCND:USC00335188,",,7,",3
3977,2014-04-28T00:00:00,MDPR,GHCND:USC00335188,",,7,",23
3978,2014-04-28T00:00:00,TOBS,GHCND:USC00335188,",,7,",128
3979,2014-04-29T00:00:00,PRCP,GHCND:USC00335188,",,7,",259
3980,2014-04-29T00:00:00,TMAX,GHCND:USC00335188,",,7,",278
3981,2014-04-29T00:00:00,TMIN,GHCND:USC00335188,",,7,",67
3982,2014-04-29T00:00:00,TOBS,GHCND:USC00335188,",,7,",172
3983,2014-04-30T00:00:00,PRCP,GHCND:USC00335188,",,7,",91
3984,2014-04-30T00:00:00,TMAX,GHCND:USC00335188,",,7,",256
3985,2014-04-30T00:00:00,TMIN,GHCND:USC00335188,",,7,",128
3986,2014-04-30T00:00:00,TOBS,GHCND:USC00335188,",,7,",133
3987,2014-05-01T00:00:00,PRCP,GHCND:USC00335188,",,7,",0
3988,2014-05-01T00:00:00,TMAX,GHCND:USC00335188,",,7,",222
3989,2014-05-01T00:00:00,TMIN,GHCND:USC00335188,",,7,",83
3990,2014-05-01T00:00:00,TOBS,GHCND:USC00335188,",,7,",89
3991,2014-05-02T00:00:00,PRCP,GHCND:USC00335188,",,7,",0
3992,2014-05-02T00:00:00,TMIN,GHCND:USC00335188,",,7,",83
3993,2014-05-02T00:00:00,TOBS,GHCND:USC00335188,",,7,",89
3994,2014-05-05T00:00:00,DAPR,GHCND:USC00335188,",,7,",3
3995,2014-05-05T00:00:00,MDPR,GHCND:USC00335188,",,7,",0
3996,2014-05-05T00:00:00,TOBS,GHCND:USC00335188,",,7,",83
3997,2014-05-06T00:00:00,PRCP,GHCND:USC00335188,",,7,",0
3998,2014-05-06T00:00:00,TMAX,GHCND:USC00335188,",,7,",233
3999,2014-05-06T00:00:00,TMIN,GHCND:USC00335188,",,7,",83
4000,2014-05-06T00:00:00,TOBS,GHCND:USC00335188,",,7,",100
4001,2014-05-07T00:00:00,PRCP,GHCND:USC00335188,",,7,",0
4002,2014-05-07T00:00:00,TMAX,GHCND:USC00335188,",,7,",250
4003,2014-05-07T00:00:00,TMIN,GHCND:USC00335188,",,7,",100
4004,2014-05-07T00:00:00,TOBS,GHCND:USC00335188,",,7,",111
4005,2014-05-08T00:00:00,PRCP,GHCND:USC00335188,",,7,",0
4006,2014-05-08T00:00:00,TMAX,GHCND:USC00335188,",,7,",300
4007,2014-05-08T00:00:00,TMIN,GHCND:USC00335188,",,7,",111
4008,2014-05-08T00:00:00,TOBS,GHCND:USC00335188,",,7,",161
4009,2014-05-09T00:00:00,PRCP,GHCND:USC00335188,",,7,",0
4010,2014-05-09T00:00:00,TMAX,GHCND:USC00335188,",,7,",306
4011,2014-05-09T00:00:00,TMIN,GHCND:USC00335188,",,7,",161
4012,2014-05-09T00:00:00,TOBS,GHCND:USC00335188,",,7,",206
4013,2014-05-12T00:00:00,DAPR,GHCND:USC00335188,",,7,",3
4014,2014-05-12T00:00:00,MDPR,GHCND:USC00335188,",,7,",183
4015,2014-05-12T00:00:00,TOBS,GHCND:USC00335188,",,7,",183
4016,2014-05-15T00:00:00,PRCP,GHCND:USC00335188,",,7,",165
4017,2014-05-15T00:00:00,TMAX,GHCND:USC00335188,",,7,",233
4018,2014-05-15T00:00:00,TMIN,GHCND:USC00335188,",,7,",128
4019,2014-05-15T00:00:00,TOBS,GHCND:USC00335188,",,7,",128
4020,2014-05-16T00:00:00,PRCP,GHCND:USC00335188,",,7,",3
4021,2014-05-16T00:00:00,TMAX,GHCND:USC00335188,",,7,",128
4022,2014-05-16T00:00:00,TMIN,GHCND:USC00335188,",,7,",39
4023,2014-05-16T00:00:00,TOBS,GHCND:USC00335188,",,7,",56
4024,2014-05-19T00:00:00,DAPR,GHCND:USC00335188,",,7,",3
4025,2014-05-19T00:00:00,MDPR,GHCND:USC00335188,",,7,",51
4026,2014-05-19T00:00:00,TOBS,GHCND:USC00335188,",,7,",50
4027,2014-05-20T00:00:00,PRCP,GHCND:USC00335188,",,7,",0
4028,2014-05-20T00:00:00,TMAX,GHCND:USC00335188,",,7,",228
4029,2014-05-20T00:00:00,TMIN,GHCND:USC00335188,",,7,",50
4030,2014-05-20T00:00:00,TOBS,GHCND:USC00335188,",,7,",139
4031,2014-05-21T00:00:00,PRCP,GHCND:USC00335188,"T,,7,",0
4032,2014-05-21T00:00:00,TMAX,GHCND:USC00335188,",,7,",272
4033,2014-05-21T00:00:00,TMIN,GHCND:USC00335188,",,7,",139
4034,2014-05-21T00:00:00,TOBS,GHCND:USC00335188,",,7,",206
4035,2014-05-27T00:00:00,PRCP,GHCND:USC00335188,",,7,",0
4036,2014-05-27T00:00:00,TOBS,GHCND:USC00335188,",,7,",194
4037,2014-05-28T00:00:00,PRCP,GHCND:USC00335188,",,7,",0
4038,2014-05-28T00:00:00,TMAX,GHCND:USC00335188,",,7,",322
4039,2014-05-28T00:00:00,TMIN,GHCND:USC00335188,",,7,",189
4040,2014-05-28T00:00:00,TOBS,GHCND:USC00335188,",,7,",189
4041,2014-05-29T00:00:00,PRCP,GHCND:USC00335188,"T,,7,",0
4042,2014-05-29T00:00:00,TMAX,GHCND:USC00335188,",,7,",306
4043,2014-05-29T00:00:00,TMIN,GHCND:USC00335188,",,7,",189
4044,2014-05-29T00:00:00,TOBS,GHCND:USC00335188,",,7,",200
4045,2014-05-30T00:00:00,PRCP,GHCND:USC00335188,",,7,",46
4046,2014-05-30T00:00:00,TMAX,GHCND:USC00335188,",,7,",289
4047,2014-05-30T00:00:00,TMIN,GHCND:USC00335188,",,7,",167
4048,2014-05-30T00:00:00,TOBS,GHCND:USC00335188,",,7,",172
4049,2014-06-02T00:00:00,DAPR,GHCND:USC00335188,",,7,",3
4050,2014-06-02T00:00:00,MDPR,GHCND:USC00335188,"T,,7,",0
4051,2014-06-02T00:00:00,TOBS,GHCND:USC00335188,",,7,",217
4052,2014-06-03T00:00:00,PRCP,GHCND:USC00335188,",,7,",94
4053,2014-06-03T00:00:00,TMAX,GHCND:USC00335188,",,7,",283
4054,2014-06-03T00:00:00,TMIN,GHCND:USC00335188,",,7,",217
4055,2014-06-03T00:00:00,TOBS,GHCND:USC00335188,",,7,",217
4056,2014-06-04T00:00:00,PRCP,GHCND:USC00335188,",,7,",15
4057,2014-06-04T00:00:00,TMAX,GHCND:USC00335188,",,7,",306
4058,2014-06-04T00:00:00,TMIN,GHCND:USC00335188,",,7,",183
4059,2014-06-04T00:00:00,TOBS,GHCND:USC00335188,",,7,",194
4060,2014-06-05T00:00:00,PRCP,GHCND:USC00335188,",,7,",348
4061,2014-06-05T00:00:00,TMAX,GHCND:USC00335188,",,7,",278
4062,2014-06-05T00:00:00,TMIN,GHCND:USC00335188,",,7,",144
4063,2014-06-05T00:00:00,TOBS,GHCND:USC00335188,",,7,",150
4064,2014-06-09T00:00:00,PRCP,GHCND:USC00335188,",,7,",15
4065,2014-06-09T00:00:00,TOBS,GHCND:USC00335188,",,7,",150
4066,2014-06-10T00:00:00,PRCP,GHCND:USC00335188,",,7,",20
4067,2014-06-10T00:00:00,TMAX,GHCND:USC00335188,",,7,",239
4068,2014-06-10T00:00:00,TMIN,GHCND:USC00335188,",,7,",144
4069,2014-06-10T00:00:00,TOBS,GHCND:USC00335188,",,7,",172
4070,2014-06-11T00:00:00,PRCP,GHCND:USC00335188,",,7,",221
4071,2014-06-11T00:00:00,TMAX,GHCND:USC00335188,",,7,",250
4072,2014-06-11T00:00:00,TMIN,GHCND:USC00335188,",,7,",172
4073,2014-06-11T00:00:00,TOBS,GHCND:USC00335188,",,7,",189
4074,2014-06-12T00:00:00,PRCP,GHCND:USC00335188,",,7,",175
4075,2014-06-12T00:00:00,TMAX,GHCND:USC00335188,",,7,",239
4076,2014-06-12T00:00:00,TMIN,GHCND:USC00335188,",,7,",167
4077,2014-06-12T00:00:00,TOBS,GHCND:USC00335188,",,7,",189
4078,2014-06-13T00:00:00,PRCP,GHCND:USC00335188,"T,,7,",0
4079,2014-06-13T00:00:00,TMAX,GHCND:USC00335188,",,7,",261
4080,2014-06-13T00:00:00,TMIN,GHCND:USC00335188,",,7,",189
4081,2014-06-13T00:00:00,TOBS,GHCND:USC00335188,",,7,",194
4082,2014-06-16T00:00:00,DAPR,GHCND:USC00335188,",,7,",3
4083,2014-06-16T00:00:00,MDPR,GHCND:USC00335188,",,7,",0
4084,2014-06-16T00:00:00,TOBS,GHCND:USC00335188,",,7,",211
4085,2014-06-17T00:00:00,PRCP,GHCND:USC00335188,"T,,7,",0
4086,2014-06-17T00:00:00,TMAX,GHCND:USC00335188,",,7,",317
4087,2014-06-17T00:00:00,TMIN,GHCND:USC00335188,",,7,",206
4088,2014-06-17T00:00:00,TOBS,GHCND:USC00335188,",,7,",206
4089,2014-06-18T00:00:00,PRCP,GHCND:USC00335188,",,7,",0
4090,2014-06-18T00:00:00,TMAX,GHCND:USC00335188,",,7,",333
4091,2014-06-18T00:00:00,TMIN,GHCND:USC00335188,",,7,",206
4092,2014-06-18T00:00:00,TOBS,GHCND:USC00335188,",,7,",222
4093,2014-06-19T00:00:00,PRCP,GHCND:USC00335188,",,7,",0
4094,2014-06-19T00:00:00,TMAX,GHCND:USC00335188,",,7,",333
4095,2014-06-19T00:00:00,TMIN,GHCND:USC00335188,",,7,",211
4096,2014-06-19T00:00:00,TOBS,GHCND:USC00335188,",,7,",217
4097,2014-06-20T00:00:00,PRCP,GHCND:USC00335188,",,7,",107
4098,2014-06-20T00:00:00,TMAX,GHCND:USC00335188,",,7,",333
4099,2014-06-20T00:00:00,TMIN,GHCND:USC00335188,",,7,",206
4100,2014-06-20T00:00:00,TOBS,GHCND:USC00335188,",,7,",211
4101,2014-06-23T00:00:00,PRCP,GHCND:USC00335188,",,7,",69
4102,2014-06-23T00:00:00,TOBS,GHCND:USC00335188,",,7,",200
4103,2014-06-24T00:00:00,PRCP,GHCND:USC00335188,",,7,",89
4104,2014-06-24T00:00:00,TMAX,GHCND:USC00335188,",,7,",333
4105,2014-06-24T00:00:00,TMIN,GHCND:USC00335188,",,7,",200
4106,2014-06-24T00:00:00,TOBS,GHCND:USC00335188,",,7,",217
4107,2014-06-25T00:00:00,PRCP,GHCND:USC00335188,",,7,",84
4108,2014-06-25T00:00:00,TMAX,GHCND:USC00335188,",,7,",311
4109,2014-06-25T00:00:00,TMIN,GHCND:USC00335188,",,7,",217
4110,2014-06-25T00:00:00,TOBS,GHCND:USC00335188,",,7,",217
4111,2014-06-26T00:00:00,PRCP,GHCND:USC00335188,",,7,",84
4112,2014-06-26T00:00:00,TMAX,GHCND:USC00335188,",,7,",300
4113,2014-06-26T00:00:00,TMIN,GHCND:USC00335188,",,7,",189
4114,2014-06-26T00:00:00,TOBS,GHCND:USC00335188,",,7,",189
4115,2014-06-27T00:00:00,PRCP,GHCND:USC00335188,",,7,",0
4116,2014-06-27T00:00:00,TMAX,GHCND:USC00335188,",,7,",311
4117,2014-06-27T00:00:00,TMIN,GHCND:USC00335188,",,7,",183
4118,2014-06-27T00:00:00,TOBS,GHCND:USC00335188,",,7,",189
4119,2014-06-30T00:00:00,DAPR,GHCND:USC00335188,",,7,",3
4120,2014-06-30T00:00:00,MDPR,GHCND:USC00335188,",,7,",8
4121,2014-06-30T00:00:00,TOBS,GHCND:USC00335188,",,7,",211
4122,2014-07-01T00:00:00,PRCP,GHCND:USC00335188,"T,,7,",0
4123,2014-07-01T00:00:00,TMAX,GHCND:USC00335188,",,7,",311
4124,2014-07-01T00:00:00,TMIN,GHCND:USC00335188,",,7,",211
4125,2014-07-01T00:00:00,TOBS,GHCND:USC00335188,",,7,",222
4126,2014-07-02T00:00:00,PRCP,GHCND:USC00335188,",,7,",89
4127,2014-07-02T00:00:00,TMAX,GHCND:USC00335188,",,7,",333
4128,2014-07-02T00:00:00,TMIN,GHCND:USC00335188,",,7,",200
4129,2014-07-02T00:00:00,TOBS,GHCND:USC00335188,",,7,",200
4130,2014-07-03T00:00:00,PRCP,GHCND:USC00335188,"T,,7,",0
4131,2014-07-03T00:00:00,TMAX,GHCND:USC00335188,",,7,",300
4132,2014-07-03T00:00:00,TMIN,GHCND:USC00335188,",,7,",167
4133,2014-07-03T00:00:00,TOBS,GHCND:USC00335188,",,7,",172
4134,2014-07-07T00:00:00,PRCP,GHCND:USC00335188,",,7,",0
4135,2014-07-07T00:00:00,TOBS,GHCND:USC00335188,",,7,",211
4136,2014-07-08T00:00:00,PRCP,GHCND:USC00335188,"T,,7,",0
4137,2014-07-08T00:00:00,TMAX,GHCND:USC00335188,",,7,",317
4138,2014-07-08T00:00:00,TMIN,GHCND:USC00335188,",,7,",211
4139,2014-07-08T00:00:00,TOBS,GHCND:USC00335188,",,7,",228
4140,2014-07-09T00:00:00,PRCP,GHCND:USC00335188,"T,,7,",0
4141,2014-07-09T00:00:00,TMAX,GHCND:USC00335188,",,7,",300
4142,2014-07-09T00:00:00,TMIN,GHCND:USC00335188,",,7,",178
4143,2014-07-09T00:00:00,TOBS,GHCND:USC00335188,",,7,",183
4144,2014-07-10T00:00:00,PRCP,GHCND:USC00335188,",,7,",0
4145,2014-07-10T00:00:00,TMAX,GHCND:USC00335188,",,7,",306
4146,2014-07-10T00:00:00,TMIN,GHCND:USC00335188,",,7,",161
4147,2014-07-10T00:00:00,TOBS,GHCND:USC00335188,",,7,",172
4148,2014-07-11T00:00:00,PRCP,GHCND:USC00335188,",,7,",0
4149,2014-07-11T00:00:00,TMAX,GHCND:USC00335188,",,7,",300
4150,2014-07-11T00:00:00,TMIN,GHCND:USC00335188,",,7,",150
4151,2014-07-11T00:00:00,TOBS,GHCND:USC00335188,",,7,",150
4152,2014-07-14T00:00:00,DAPR,GHCND:USC00335188,",,7,",3
4153,2014-07-14T00:00:00,MDPR,GHCND:USC00335188,",,7,",145
4154,2014-07-14T00:00:00,TOBS,GHCND:USC00335188,",,7,",217
4155,2014-07-15T00:00:00,PRCP,GHCND:USC00335188,",,7,",51
4156,2014-07-15T00:00:00,TMAX,GHCND:USC00335188,",,7,",294
4157,2014-07-15T00:00:00,TMIN,GHCND:USC00335188,",,7,",178
4158,2014-07-15T00:00:00,TOBS,GHCND:USC00335188,",,7,",178
4159,2014-07-16T00:00:00,PRCP,GHCND:USC00335188,",,7,",0
4160,2014-07-16T00:00:00,TMAX,GHCND:USC00335188,",,7,",250
4161,2014-07-16T00:00:00,TMIN,GHCND:USC00335188,",,7,",106
4162,2014-07-16T00:00:00,TOBS,GHCND:USC00335188,",,7,",117
4163,2014-07-17T00:00:00,PRCP,GHCND:USC00335188,",,7,",0
4164,2014-07-17T00:00:00,TMAX,GHCND:USC00335188,",,7,",244
4165,2014-07-17T00:00:00,TMIN,GHCND:USC00335188,",,7,",117
4166,2014-07-17T00:00:00,TOBS,GHCND:USC00335188,",,7,",117
4167,2014-07-18T00:00:00,PRCP,GHCND:USC00335188,",,7,",0
4168,2014-07-18T00:00:00,TMAX,GHCND:USC00335188,",,7,",267
4169,2014-07-18T00:00:00,TMIN,GHCND:USC00335188,",,7,",117
4170,2014-07-18T00:00:00,TOBS,GHCND:USC00335188,",,7,",133
4171,2014-07-21T00:00:00,DAPR,GHCND:USC00335188,",,7,",3
4172,2014-07-21T00:00:00,MDPR,GHCND:USC00335188,",,7,",38
4173,2014-07-21T00:00:00,TOBS,GHCND:USC00335188,",,7,",172
4174,2014-07-22T00:00:00,PRCP,GHCND:USC00335188,",,7,",0
4175,2014-07-22T00:00:00,TMAX,GHCND:USC00335188,",,7,",311
4176,2014-07-22T00:00:00,TMIN,GHCND:USC00335188,",,7,",172
4177,2014-07-22T00:00:00,TOBS,GHCND:USC00335188,",,7,",194
4178,2014-07-23T00:00:00,PRCP,GHCND:USC00335188,",,7,",0
4179,2014-07-23T00:00:00,TMAX,GHCND:USC00335188,",,7,",344
4180,2014-07-23T00:00:00,TMIN,GHCND:USC00335188,",,7,",194
4181,2014-07-23T00:00:00,TOBS,GHCND:USC00335188,",,7,",228
4182,2014-07-24T00:00:00,PRCP,GHCND:USC00335188,",,7,",114
4183,2014-07-24T00:00:00,TMAX,GHCND:USC00335188,",,7,",278
4184,2014-07-24T00:00:00,TMIN,GHCND:USC00335188,",,7,",161
4185,2014-07-24T00:00:00,TOBS,GHCND:USC00335188,",,7,",161
4186,2014-07-28T00:00:00,DAPR,GHCND:USC00335188,",,7,",4
4187,2014-07-28T00:00:00,MDPR,GHCND:USC00335188,",,7,",117
4188,2014-07-28T00:00:00,TOBS,GHCND:USC00335188,",,7,",178
4189,2014-07-29T00:00:00,PRCP,GHCND:USC00335188,",,7,",0
4190,2014-07-29T00:00:00,TMAX,GHCND:USC00335188,",,7,",250
4191,2014-07-29T00:00:00,TMIN,GHCND:USC00335188,",,7,",89
4192,2014-07-29T00:00:00,TOBS,GHCND:USC00335188,",,7,",89
4193,2014-07-30T00:00:00,PRCP,GHCND:USC00335188,",,7,",0
4194,2014-07-30T00:00:00,TMAX,GHCND:USC00335188,",,7,",244
4195,2014-07-30T00:00:00,TOBS,GHCND:USC00335188,",,7,",139
4196,2014-07-31T00:00:00,PRCP,GHCND:USC00335188,",,7,",0
4197,2014-07-31T00:00:00,TMAX,GHCND:USC00335188,",,7,",278
4198,2014-07-31T00:00:00,TMIN,GHCND:USC00335188,",,7,",139
4199,2014-07-31T00:00:00,TOBS,GHCND:USC00335188,",,7,",161
4200,2014-08-01T00:00:00,PRCP,GHCND:USC00335188,",,7,",0
4201,2014-08-01T00:00:00,TMAX,GHCND:USC00335188,",,7,",306
4202,2014-08-01T00:00:00,TMIN,GHCND:USC00335188,",,7,",156
4203,2014-08-01T00:00:00,TOBS,GHCND:USC00335188,",,7,",161
4204,2014-08-04T00:00:00,DAPR,GHCND:USC00335188,",,7,",3
4205,2014-08-04T00:00:00,MDPR,GHCND:USC00335188,",,7,",318
4206,2014-08-04T00:00:00,TOBS,GHCND:USC00335188,",,7,",144
4207,2014-08-05T00:00:00,PRCP,GHCND:USC00335188,",,7,",0
4208,2014-08-05T00:00:00,TMAX,GHCND:USC00335188,",,7,",317
4209,2014-08-05T00:00:00,TMIN,GHCND:USC00335188,",,7,",144
4210,2014-08-05T00:00:00,TOBS,GHCND:USC00335188,",,7,",167
4211,2014-08-06T00:00:00,PRCP,GHCND:USC00335188,",,7,",0
4212,2014-08-06T00:00:00,TMAX,GHCND:USC00335188,",,7,",289
4213,2014-08-06T00:00:00,TMIN,GHCND:USC00335188,",,7,",167
4214,2014-08-06T00:00:00,TOBS,GHCND:USC00335188,",,7,",194
4215,2014-08-07T00:00:00,PRCP,GHCND:USC00335188,",,7,",0
4216,2014-08-07T00:00:00,TMAX,GHCND:USC00335188,",,7,",294
4217,2014-08-07T00:00:00,TMIN,GHCND:USC00335188,",,7,",161
4218,2014-08-07T00:00:00,TOBS,GHCND:USC00335188,",,7,",161
4219,2014-08-08T00:00:00,PRCP,GHCND:USC00335188,"T,,7,",0
4220,2014-08-08T00:00:00,TMAX,GHCND:USC00335188,",,7,",272
4221,2014-08-08T00:00:00,TMIN,GHCND:USC00335188,",,7,",161
4222,2014-08-08T00:00:00,TOBS,GHCND:USC00335188,",,7,",194
4223,2014-08-11T00:00:00,DAPR,GHCND:USC00335188,",,7,",3
4224,2014-08-11T00:00:00,MDPR,GHCND:USC00335188,",,7,",89
4225,2014-08-11T00:00:00,TOBS,GHCND:USC00335188,",,7,",228
4226,2014-08-12T00:00:00,PRCP,GHCND:USC00335188,",,7,",23
4227,2014-08-12T00:00:00,TMAX,GHCND:USC00335188,",,7,",294
4228,2014-08-12T00:00:00,TMIN,GHCND:USC00335188,",,7,",206
4229,2014-08-12T00:00:00,TOBS,GHCND:USC00335188,",,7,",211
4230,2014-08-13T00:00:00,PRCP,GHCND:USC00335188,"T,,7,",0
4231,2014-08-13T00:00:00,TMAX,GHCND:USC00335188,",,7,",256
4232,2014-08-13T00:00:00,TMIN,GHCND:USC00335188,",,7,",156
4233,2014-08-13T00:00:00,TOBS,GHCND:USC00335188,",,7,",156
4234,2014-08-14T00:00:00,PRCP,GHCND:USC00335188,",,7,",178
4235,2014-08-14T00:00:00,TMAX,GHCND:USC00335188,",,7,",283
4236,2014-08-14T00:00:00,TMIN,GHCND:USC00335188,",,7,",156
4237,2014-08-14T00:00:00,TOBS,GHCND:USC00335188,",,7,",194
4238,2014-08-15T00:00:00,PRCP,GHCND:USC00335188,",,7,",0
4239,2014-08-15T00:00:00,TMAX,GHCND:USC00335188,",,7,",289
4240,2014-08-15T00:00:00,TOBS,GHCND:USC00335188,",,7,",117
4241,2014-08-18T00:00:00,DAPR,GHCND:USC00335188,",,7,",3
4242,2014-08-18T00:00:00,MDPR,GHCND:USC00335188,",,7,",18
4243,2014-08-18T00:00:00,TMAX,GHCND:USC00335188,",,7,",206
4244,2014-08-19T00:00:00,PRCP,GHCND:USC00335188,"T,,7,",0
4245,2014-08-19T00:00:00,TMAX,GHCND:USC00335188,",,7,",306
4246,2014-08-19T00:00:00,TOBS,GHCND:USC00335188,",,7,",200
4247,2014-08-19T00:00:00,WT01,GHCND:USC00335188,",,7,",1
4248,2014-08-20T00:00:00,PRCP,GHCND:USC00335188,",,7,",193
4249,2014-08-20T00:00:00,TMAX,GHCND:USC00335188,",,7,",328
4250,2014-08-20T00:00:00,TMIN,GHCND:USC00335188,",,7,",189
4251,2014-08-20T00:00:00,TOBS,GHCND:USC00335188,",,7,",189
4252,2014-08-21T00:00:00,PRCP,GHCND:USC00335188,",,7,",18
4253,2014-08-21T00:00:00,TMAX,GHCND:USC00335188,",,7,",311
4254,2014-08-21T00:00:00,TMIN,GHCND:USC00335188,",,7,",189
4255,2014-08-21T00:00:00,TOBS,GHCND:USC00335188,",,7,",211
4256,2014-08-22T00:00:00,PRCP,GHCND:USC00335188,",,7,",145
4257,2014-08-22T00:00:00,TMAX,GHCND:USC00335188,",,7,",283
4258,2014-08-22T00:00:00,TMIN,GHCND:USC00335188,",,7,",211
4259,2014-08-22T00:00:00,TOBS,GHCND:USC00335188,",,7,",217
4260,2014-08-25T00:00:00,DAPR,GHCND:USC00335188,",,7,",3
4261,2014-08-25T00:00:00,MDPR,GHCND:USC00335188,"T,,7,",0
4262,2014-08-25T00:00:00,TOBS,GHCND:USC00335188,",,7,",206
4263,2014-08-26T00:00:00,PRCP,GHCND:USC00335188,",,7,",0
4264,2014-08-26T00:00:00,TMAX,GHCND:USC00335188,",,7,",328
4265,2014-08-26T00:00:00,TMIN,GHCND:USC00335188,",,7,",206
4266,2014-08-26T00:00:00,TOBS,GHCND:USC00335188,",,7,",206
4267,2014-08-27T00:00:00,PRCP,GHCND:USC00335188,",,7,",0
4268,2014-08-27T00:00:00,TMAX,GHCND:USC00335188,",,7,",344
4269,2014-08-27T00:00:00,TMIN,GHCND:USC00335188,",,7,",206
4270,2014-08-27T00:00:00,TOBS,GHCND:USC00335188,",,7,",211
4271,2014-08-28T00:00:00,PRCP,GHCND:USC00335188,",,7,",0
4272,2014-08-28T00:00:00,TMAX,GHCND:USC00335188,",,7,",333
4273,2014-08-28T00:00:00,TMIN,GHCND:USC00335188,",,7,",200
4274,2014-08-28T00:00:00,TOBS,GHCND:USC00335188,",,7,",200
4275,2014-08-29T00:00:00,PRCP,GHCND:USC00335188,",,7,",0
4276,2014-08-29T00:00:00,TMAX,GHCND:USC00335188,",,7,",306
4277,2014-08-29T00:00:00,TMIN,GHCND:USC00335188,",,7,",189
4278,2014-08-29T00:00:00,TOBS,GHCND:USC00335188,",,7,",189
4279,2014-09-02T00:00:00,DAPR,GHCND:USC00335188,",,7,",4
4280,2014-09-02T00:00:00,MDPR,GHCND:USC00335188,",,7,",254
4281,2014-09-02T00:00:00,TOBS,GHCND:USC00335188,",,7,",200
4282,2014-09-02T00:00:00,WT03,GHCND:USC00335188,",,7,",1
4283,2014-09-03T00:00:00,PRCP,GHCND:USC00335188,",,7,",46
4284,2014-09-03T00:00:00,TMAX,GHCND:USC00335188,",,7,",272
4285,2014-09-03T00:00:00,TMIN,GHCND:USC00335188,",,7,",194
4286,2014-09-03T00:00:00,TOBS,GHCND:USC00335188,",,7,",194
4287,2014-09-03T00:00:00,WT01,GHCND:USC00335188,",,7,",1
4288,2014-09-04T00:00:00,PRCP,GHCND:USC00335188,",,7,",0
4289,2014-09-04T00:00:00,TMAX,GHCND:USC00335188,",,7,",311
4290,2014-09-04T00:00:00,TMIN,GHCND:USC00335188,",,7,",172
4291,2014-09-04T00:00:00,TOBS,GHCND:USC00335188,",,7,",172
4292,2014-09-04T00:00:00,WT01,GHCND:USC00335188,",,7,",1
4293,2014-09-05T00:00:00,PRCP,GHCND:USC00335188,",,7,",0
4294,2014-09-05T00:00:00,TMAX,GHCND:USC00335188,",,7,",333
4295,2014-09-05T00:00:00,TMIN,GHCND:USC00335188,",,7,",172
4296,2014-09-05T00:00:00,TOBS,GHCND:USC00335188,",,7,",217
4297,2014-09-08T00:00:00,DAPR,GHCND:USC00335188,",,7,",3
4298,2014-09-08T00:00:00,MDPR,GHCND:USC00335188,",,7,",13
4299,2014-09-08T00:00:00,TOBS,GHCND:USC00335188,",,7,",117
4300,2014-09-09T00:00:00,PRCP,GHCND:USC00335188,",,7,",0
4301,2014-09-09T00:00:00,TMAX,GHCND:USC00335188,",,7,",289
4302,2014-09-09T00:00:00,TOBS,GHCND:USC00335188,",,7,",128
4303,2014-09-10T00:00:00,PRCP,GHCND:USC00335188,",,7,",0
4304,2014-09-10T00:00:00,TMAX,GHCND:USC00335188,",,7,",306
4305,2014-09-10T00:00:00,TMIN,GHCND:USC00335188,",,7,",128
4306,2014-09-10T00:00:00,TOBS,GHCND:USC00335188,",,7,",194
4307,2014-09-11T00:00:00,PRCP,GHCND:USC00335188,",,7,",236
4308,2014-09-11T00:00:00,TMAX,GHCND:USC00335188,",,7,",289
4309,2014-09-11T00:00:00,TMIN,GHCND:USC00335188,",,7,",194
4310,2014-09-11T00:00:00,TOBS,GHCND:USC00335188,",,7,",200
4311,2014-09-12T00:00:00,PRCP,GHCND:USC00335188,"T,,7,",0
4312,2014-09-12T00:00:00,TMAX,GHCND:USC00335188,",,7,",228
4313,2014-09-12T00:00:00,TMIN,GHCND:USC00335188,",,7,",139
4314,2014-09-12T00:00:00,TOBS,GHCND:USC00335188,",,7,",144
4315,2014-09-15T00:00:00,DAPR,GHCND:USC00335188,",,7,",3
4316,2014-09-15T00:00:00,MDPR,GHCND:USC00335188,",,7,",0
4317,2014-09-15T00:00:00,TOBS,GHCND:USC00335188,",,7,",78
4318,2014-09-16T00:00:00,PRCP,GHCND:USC00335188,",,7,",58
4319,2014-09-16T00:00:00,TMAX,GHCND:USC00335188,",,7,",228
4320,2014-09-16T00:00:00,TMIN,GHCND:USC00335188,",,7,",78
4321,2014-09-16T00:00:00,TOBS,GHCND:USC00335188,",,7,",144
4322,2014-09-17T00:00:00,PRCP,GHCND:USC00335188,",,7,",0
4323,2014-09-17T00:00:00,TMAX,GHCND:USC00335188,",,7,",167
4324,2014-09-17T00:00:00,TMIN,GHCND:USC00335188,",,7,",89
4325,2014-09-17T00:00:00,TOBS,GHCND:USC00335188,",,7,",100
4326,2014-09-18T00:00:00,PRCP,GHCND:USC00335188,",,7,",0
4327,2014-09-18T00:00:00,TMAX,GHCND:USC00335188,",,7,",211
4328,2014-09-18T00:00:00,TMIN,GHCND:USC00335188,",,7,",83
4329,2014-09-18T00:00:00,TOBS,GHCND:USC00335188,",,7,",89
4330,2014-09-19T00:00:00,PRCP,GHCND:USC00335188,",,7,",0
4331,2014-09-19T00:00:00,TMAX,GHCND:USC00335188,",,7,",233
4332,2014-09-19T00:00:00,TMIN,GHCND:USC00335188,",,7,",83
4333,2014-09-19T00:00:00,TOBS,GHCND:USC00335188,",,7,",83
4334,2014-09-22T00:00:00,DAPR,GHCND:USC00335188,",,7,",3
4335,2014-09-22T00:00:00,MDPR,GHCND:USC00335188,",,7,",0
4336,2014-09-22T00:00:00,TOBS,GHCND:USC00335188,",,7,",83
4337,2014-09-23T00:00:00,PRCP,GHCND:USC00335188,",,7,",0
4338,2014-09-23T00:00:00,TMAX,GHCND:USC00335188,",,7,",206
4339,2014-09-24T00:00:00,PRCP,GHCND:USC00335188,",,7,",0
4340,2014-09-24T00:00:00,TMAX,GHCND:USC00335188,",,7,",239
4341,2014-09-25T00:00:00,PRCP,GHCND:USC00335188,",,7,",0
4342,2014-09-25T00:00:00,TMAX,GHCND:USC00335188,",,7,",267
4343,2014-09-25T00:00:00,TMIN,GHCND:USC00335188,",,7,",-17
4344,2014-09-25T00:00:00,TOBS,GHCND:USC00335188,",,7,",78
4345,2014-09-26T00:00:00,PRCP,GHCND:USC00335188,",,7,",0
4346,2014-09-26T00:00:00,TMAX,GHCND:USC00335188,",,7,",278
4347,2014-09-26T00:00:00,TOBS,GHCND:USC00335188,",,7,",111
4348,2014-09-29T00:00:00,PRCP,GHCND:USC00335188,",,7,",0
4349,2014-09-29T00:00:00,TOBS,GHCND:USC00335188,",,7,",144
4350,2014-09-30T00:00:00,PRCP,GHCND:USC00335188,",,7,",0
4351,2014-09-30T00:00:00,TMAX,GHCND:USC00335188,",,7,",294
4352,2014-09-30T00:00:00,TMIN,GHCND:USC00335188,",,7,",-17
4353,2014-09-30T00:00:00,TOBS,GHCND:USC00335188,",,7,",111
4354,2014-10-01T00:00:00,PRCP,GHCND:USC00335188,",,7,",0
4355,2014-10-01T00:00:00,TMAX,GHCND:USC00335188,",,7,",250
4356,2014-10-01T00:00:00,TMIN,GHCND:USC00335188,",,7,",-44
4357,2014-10-01T00:00:00,TOBS,GHCND:USC00335188,",,7,",6
4358,2014-10-02T00:00:00,PRCP,GHCND:USC00335188,",,7,",0
4359,2014-10-02T00:00:00,TMAX,GHCND:USC00335188,",,7,",239
4360,2014-10-02T00:00:00,TMIN,GHCND:USC00335188,",,7,",6
4361,2014-10-02T00:00:00,TOBS,GHCND:USC00335188,",,7,",122
4362,2014-10-03T00:00:00,PRCP,GHCND:USC00335188,",,7,",28
4363,2014-10-03T00:00:00,TMAX,GHCND:USC00335188,",,7,",311
4364,2014-10-03T00:00:00,TOBS,GHCND:USC00335188,",,7,",206
4365,2014-10-06T00:00:00,DAPR,GHCND:USC00335188,",,7,",3
4366,2014-10-06T00:00:00,MDPR,GHCND:USC00335188,",,7,",46
4367,2014-10-06T00:00:00,TOBS,GHCND:USC00335188,",,7,",78
4368,2014-10-07T00:00:00,PRCP,GHCND:USC00335188,",,7,",160
4369,2014-10-07T00:00:00,TMAX,GHCND:USC00335188,",,7,",178
4370,2014-10-07T00:00:00,TMIN,GHCND:USC00335188,",,7,",72
4371,2014-10-07T00:00:00,TOBS,GHCND:USC00335188,",,7,",89
4372,2014-10-08T00:00:00,PRCP,GHCND:USC00335188,",,7,",150
4373,2014-10-08T00:00:00,TMAX,GHCND:USC00335188,",,7,",161
4374,2014-10-08T00:00:00,TMIN,GHCND:USC00335188,",,7,",72
4375,2014-10-08T00:00:00,TOBS,GHCND:USC00335188,",,7,",72
4376,2014-10-13T00:00:00,DAPR,GHCND:USC00335188,",,7,",4
4377,2014-10-13T00:00:00,MDPR,GHCND:USC00335188,",,7,",137
4378,2014-10-13T00:00:00,TOBS,GHCND:USC00335188,",,7,",167
4379,2014-10-14T00:00:00,PRCP,GHCND:USC00335188,",,7,",64
4380,2014-10-14T00:00:00,TMAX,GHCND:USC00335188,",,7,",256
4381,2014-10-14T00:00:00,TOBS,GHCND:USC00335188,",,7,",178
4382,2014-10-15T00:00:00,PRCP,GHCND:USC00335188,",,7,",114
4383,2014-10-15T00:00:00,TMAX,GHCND:USC00335188,",,7,",194
4384,2014-10-15T00:00:00,TMIN,GHCND:USC00335188,",,7,",117
4385,2014-10-15T00:00:00,TOBS,GHCND:USC00335188,",,7,",117
4386,2014-10-16T00:00:00,PRCP,GHCND:USC00335188,",,7,",28
4387,2014-10-16T00:00:00,TMAX,GHCND:USC00335188,",,7,",150
4388,2014-10-16T00:00:00,TMIN,GHCND:USC00335188,",,7,",117
4389,2014-10-16T00:00:00,TOBS,GHCND:USC00335188,",,7,",128
4390,2014-10-17T00:00:00,PRCP,GHCND:USC00335188,"T,,7,",0
4391,2014-10-17T00:00:00,TMAX,GHCND:USC00335188,",,7,",167
4392,2014-10-17T00:00:00,TMIN,GHCND:USC00335188,",,7,",106
4393,2014-10-17T00:00:00,TOBS,GHCND:USC00335188,",,7,",106
4394,2014-10-20T00:00:00,PRCP,GHCND:USC00335188,",,7,",18
4395,2014-10-20T00:00:00,TOBS,GHCND:USC00335188,",,7,",78
4396,2014-10-21T00:00:00,PRCP,GHCND:USC00335188,",,7,",0
4397,2014-10-21T00:00:00,TMAX,GHCND:USC00335188,",,7,",194
4398,2014-10-21T00:00:00,TMIN,GHCND:USC00335188,",,7,",72
4399,2014-10-21T00:00:00,TOBS,GHCND:USC00335188,",,7,",72
4400,2014-10-22T00:00:00,PRCP,GHCND:USC00335188,",,7,",0
4401,2014-10-22T00:00:00,TMAX,GHCND:USC00335188,",,7,",139
4402,2014-10-22T00:00:00,TMIN,GHCND:USC00335188,",,7,",72
4403,2014-10-22T00:00:00,TOBS,GHCND:USC00335188,",,7,",72
4404,2014-10-24T00:00:00,PRCP,GHCND:USC00335188,",,7,",0
4405,2014-10-24T00:00:00,TMAX,GHCND:USC00335188,",,7,",172
4406,2014-10-24T00:00:00,TMIN,GHCND:USC00335188,",,7,",28
4407,2014-10-24T00:00:00,TOBS,GHCND:USC00335188,",,7,",44
4408,2014-10-27T00:00:00,PRCP,GHCND:USC00335188,",,7,",0
4409,2014-10-27T00:00:00,TOBS,GHCND:USC00335188,",,7,",72
4410,2014-10-28T00:00:00,PRCP,GHCND:USC00335188,",,7,",0
4411,2014-10-28T00:00:00,TMAX,GHCND:USC00335188,",,7,",283
4412,2014-10-28T00:00:00,TMIN,GHCND:USC00335188,",,7,",72
4413,2014-10-28T00:00:00,TOBS,GHCND:USC00335188,",,7,",200
4414,2014-10-30T00:00:00,PRCP,GHCND:USC00335188,",,7,",0
4415,2014-10-30T00:00:00,TMAX,GHCND:USC00335188,",,7,",161
4416,2014-10-30T00:00:00,TMIN,GHCND:USC00335188,",,7,",6
4417,2014-10-30T00:00:00,TOBS,GHCND:USC00335188,",,7,",44
4418,2014-10-31T00:00:00,PRCP,GHCND:USC00335188,"T,,7,",0
4419,2014-10-31T00:00:00,TMAX,GHCND:USC00335188,",,7,",144
4420,2014-10-31T00:00:00,TMIN,GHCND:USC00335188,",,7,",33
4421,2014-10-31T00:00:00,TOBS,GHCND:USC00335188,",,7,",61
4422,2014-11-04T00:00:00,PRCP,GHCND:USC00335188,",,7,",0
4423,2014-11-04T00:00:00,TMAX,GHCND:USC00335188,",,7,",194
4424,2014-11-04T00:00:00,TMIN,GHCND:USC00335188,",,7,",39
4425,2014-11-04T00:00:00,TOBS,GHCND:USC00335188,",,7,",111
4426,2014-11-05T00:00:00,PRCP,GHCND:USC00335188,",,7,",41
4427,2014-11-05T00:00:00,TMAX,GHCND:USC00335188,",,7,",200
4428,2014-11-05T00:00:00,TMIN,GHCND:USC00335188,",,7,",78
4429,2014-11-05T00:00:00,TOBS,GHCND:USC00335188,",,7,",78
4430,2014-11-06T00:00:00,PRCP,GHCND:USC00335188,"T,,7,",0
4431,2014-11-06T00:00:00,TMAX,GHCND:USC00335188,",,7,",144
4432,2014-11-06T00:00:00,TMIN,GHCND:USC00335188,",,7,",78
4433,2014-11-06T00:00:00,TOBS,GHCND:USC00335188,",,7,",100
4434,2014-11-07T00:00:00,PRCP,GHCND:USC00335188,",,7,",8
4435,2014-11-07T00:00:00,TMAX,GHCND:USC00335188,",,7,",122
4436,2014-11-07T00:00:00,TMIN,GHCND:USC00335188,",,7,",28
4437,2014-11-07T00:00:00,TOBS,GHCND:USC00335188,",,7,",33
4438,2014-11-10T00:00:00,PRCP,GHCND:USC00335188,",,7,",0
4439,2014-11-10T00:00:00,TOBS,GHCND:USC00335188,",,7,",11
4440,2014-11-12T00:00:00,DAPR,GHCND:USC00335188,",,7,",2
4441,2014-11-12T00:00:00,MDPR,GHCND:USC00335188,",,7,",46
4442,2014-11-12T00:00:00,TOBS,GHCND:USC00335188,",,7,",22
4443,2014-11-13T00:00:00,PRCP,GHCND:USC00335188,",,7,",0
4444,2014-11-13T00:00:00,TMAX,GHCND:USC00335188,",,7,",44
4445,2014-11-13T00:00:00,TMIN,GHCND:USC00335188,",,7,",-17
4446,2014-11-13T00:00:00,TOBS,GHCND:USC00335188,",,7,",-17
4447,2014-11-14T00:00:00,PRCP,GHCND:USC00335188,"T,,7,",0
4448,2014-11-14T00:00:00,TMAX,GHCND:USC00335188,",,7,",-6
4449,2014-11-14T00:00:00,TMIN,GHCND:USC00335188,",,7,",-67
4450,2014-11-14T00:00:00,TOBS,GHCND:USC00335188,",,7,",-56
4451,2014-11-21T00:00:00,PRCP,GHCND:USC00335188,",,7,",0
4452,2014-11-21T00:00:00,TMAX,GHCND:USC00335188,",,7,",11
4453,2014-11-21T00:00:00,TMIN,GHCND:USC00335188,",,7,",-106
4454,2014-11-21T00:00:00,TOBS,GHCND:USC00335188,",,7,",-106
4455,2014-11-24T00:00:00,DAPR,GHCND:USC00335188,",,7,",3
4456,2014-11-24T00:00:00,MDPR,GHCND:USC00335188,",,7,",257
4457,2014-11-24T00:00:00,TOBS,GHCND:USC00335188,",,7,",161
4458,2014-11-25T00:00:00,PRCP,GHCND:USC00335188,",,7,",38
4459,2014-11-25T00:00:00,TMAX,GHCND:USC00335188,",,7,",172
4460,2014-11-25T00:00:00,TMIN,GHCND:USC00335188,",,7,",11
4461,2014-11-25T00:00:00,TOBS,GHCND:USC00335188,",,7,",11
4462,2014-11-26T00:00:00,PRCP,GHCND:USC00335188,",,7,",0
4463,2014-11-26T00:00:00,TMAX,GHCND:USC00335188,",,7,",78
4464,2014-11-26T00:00:00,TMIN,GHCND:USC00335188,",,7,",-39
4465,2014-11-26T00:00:00,TOBS,GHCND:USC00335188,",,7,",-17
4466,2014-12-01T00:00:00,DAPR,GHCND:USC00335188,",,7,",5
4467,2014-12-01T00:00:00,MDPR,GHCND:USC00335188,",,7,",66
4468,2014-12-01T00:00:00,TOBS,GHCND:USC00335188,",,7,",50
4469,2014-12-02T00:00:00,PRCP,GHCND:USC00335188,",,7,",76
4470,2014-12-02T00:00:00,TMAX,GHCND:USC00335188,",,7,",50
4471,2014-12-02T00:00:00,TMIN,GHCND:USC00335188,",,7,",-11
4472,2014-12-02T00:00:00,TOBS,GHCND:USC00335188,",,7,",0
4473,2014-12-03T00:00:00,PRCP,GHCND:USC00335188,",,7,",13
4474,2014-12-03T00:00:00,TMAX,GHCND:USC00335188,",,7,",33
4475,2014-12-03T00:00:00,TMIN,GHCND:USC00335188,",,7,",0
4476,2014-12-03T00:00:00,TOBS,GHCND:USC00335188,",,7,",17
4477,2014-12-04T00:00:00,PRCP,GHCND:USC00335188,"T,,7,",0
4478,2014-12-04T00:00:00,TMAX,GHCND:USC00335188,",,7,",61
4479,2014-12-04T00:00:00,TMIN,GHCND:USC00335188,",,7,",-33
4480,2014-12-04T00:00:00,TOBS,GHCND:USC00335188,",,7,",-22
4481,2014-12-05T00:00:00,PRCP,GHCND:USC00335188,",,7,",43
4482,2014-12-05T00:00:00,TMAX,GHCND:USC00335188,",,7,",28
4483,2014-12-05T00:00:00,TMIN,GHCND:USC00335188,",,7,",-22
4484,2014-12-05T00:00:00,TOBS,GHCND:USC00335188,",,7,",28
4485,2014-12-08T00:00:00,DAPR,GHCND:USC00335188,",,7,",3
4486,2014-12-08T00:00:00,MDPR,GHCND:USC00335188,",,7,",470
4487,2014-12-08T00:00:00,TOBS,GHCND:USC00335188,",,7,",0
4488,2014-12-09T00:00:00,PRCP,GHCND:USC00335188,",,7,",8
4489,2014-12-09T00:00:00,TMAX,GHCND:USC00335188,",,7,",94
4490,2014-12-09T00:00:00,TMIN,GHCND:USC00335188,",,7,",0
4491,2014-12-09T00:00:00,TOBS,GHCND:USC00335188,",,7,",44
4492,2014-12-10T00:00:00,PRCP,GHCND:USC00335188,",,7,",15
4493,2014-12-10T00:00:00,TMAX,GHCND:USC00335188,",,7,",50
4494,2014-12-10T00:00:00,TMIN,GHCND:USC00335188,",,7,",22
4495,2014-12-10T00:00:00,TOBS,GHCND:USC00335188,",,7,",22
4496,2014-12-11T00:00:00,PRCP,GHCND:USC00335188,"T,,7,",0
4497,2014-12-11T00:00:00,TMAX,GHCND:USC00335188,",,7,",22
4498,2014-12-11T00:00:00,TMIN,GHCND:USC00335188,",,7,",-17
4499,2014-12-11T00:00:00,TOBS,GHCND:USC00335188,",,7,",-17
4500,2014-12-12T00:00:00,PRCP,GHCND:USC00335188,",,7,",0
4501,2014-12-12T00:00:00,TMAX,GHCND:USC00335188,",,7,",61
4502,2014-12-12T00:00:00,TMIN,GHCND:USC00335188,",,7,",-56
4503,2014-12-12T00:00:00,TOBS,GHCND:USC00335188,",,7,",-50
4504,2014-12-15T00:00:00,DAPR,GHCND:USC00335188,",,7,",3
4505,2014-12-15T00:00:00,MDPR,GHCND:USC00335188,",,7,",0
4506,2014-12-15T00:00:00,TOBS,GHCND:USC00335188,",,7,",61
4507,2014-12-16T00:00:00,PRCP,GHCND:USC00335188,",,7,",86
4508,2014-12-16T00:00:00,TMAX,GHCND:USC00335188,",,7,",111
4509,2014-12-16T00:00:00,TMIN,GHCND:USC00335188,",,7,",61
4510,2014-12-16T00:00:00,TOBS,GHCND:USC00335188,",,7,",100
4511,2014-12-17T00:00:00,PRCP,GHCND:USC00335188,",,7,",3
4512,2014-12-17T00:00:00,TMAX,GHCND:USC00335188,",,7,",100
4513,2014-12-17T00:00:00,TMIN,GHCND:USC00335188,",,7,",6
4514,2014-12-17T00:00:00,TOBS,GHCND:USC00335188,",,7,",6
4515,2014-12-18T00:00:00,PRCP,GHCND:USC00335188,"T,,7,",0
4516,2014-12-18T00:00:00,TMAX,GHCND:USC00335188,",,7,",6
4517,2014-12-18T00:00:00,TMIN,GHCND:USC00335188,",,7,",-33
4518,2014-12-18T00:00:00,TOBS,GHCND:USC00335188,",,7,",-28
4519,2014-12-19T00:00:00,PRCP,GHCND:USC00335188,"T,,7,",0
4520,2014-12-19T00:00:00,TMAX,GHCND:USC00335188,",,7,",6
4521,2014-12-19T00:00:00,TMIN,GHCND:USC00335188,",,7,",-39
4522,2014-12-19T00:00:00,TOBS,GHCND:USC00335188,",,7,",-22
4523,2014-12-23T00:00:00,DAPR,GHCND:USC00335188,",,7,",4
4524,2014-12-23T00:00:00,MDPR,GHCND:USC00335188,",,7,",28
4525,2014-12-23T00:00:00,TOBS,GHCND:USC00335188,",,7,",100
4526,2014-12-24T00:00:00,PRCP,GHCND:USC00335188,",,7,",36
4527,2014-12-24T00:00:00,TMAX,GHCND:USC00335188,",,7,",133
4528,2014-12-24T00:00:00,TMIN,GHCND:USC00335188,",,7,",100
4529,2014-12-24T00:00:00,TOBS,GHCND:USC00335188,",,7,",100
4530,2014-12-29T00:00:00,DAPR,GHCND:USC00335188,",,7,",5
4531,2014-12-29T00:00:00,MDPR,GHCND:USC00335188,",,7,",165
4532,2014-12-29T00:00:00,TOBS,GHCND:USC00335188,",,7,",-22
4533,2014-12-30T00:00:00,PRCP,GHCND:USC00335188,",,7,",0
4534,2014-12-30T00:00:00,TMAX,GHCND:USC00335188,",,7,",22
4535,2014-12-30T00:00:00,TMIN,GHCND:USC00335188,",,7,",-39
4536,2014-12-30T00:00:00,TOBS,GHCND:USC00335188,",,7,",-39
4537,2015-01-02T00:00:00,PRCP,GHCND:USC00335188,",,7,",0
4538,2015-01-02T00:00:00,TOBS,GHCND:USC00335188,",,7,",0
4539,2015-01-05T00:00:00,DAPR,GHCND:USC00335188,",,7,",3
4540,2015-01-05T00:00:00,MDPR,GHCND:USC00335188,",,7,",483
4541,2015-01-05T00:00:00,TOBS,GHCND:USC00335188,",,7,",-78
4542,2015-01-06T00:00:00,PRCP,GHCND:USC00335188,"T,,7,",0
4543,2015-01-06T00:00:00,TMAX,GHCND:USC00335188,",,7,",-56
4544,2015-01-06T00:00:00,TMIN,GHCND:USC00335188,",,7,",-100
4545,2015-01-06T00:00:00,TOBS,GHCND:USC00335188,",,7,",-61
4546,2015-01-07T00:00:00,PRCP,GHCND:USC00335188,"T,,7,",0
4547,2015-01-07T00:00:00,TMAX,GHCND:USC00335188,",,7,",-28
4548,2015-01-07T00:00:00,TMIN,GHCND:USC00335188,",,7,",-106
4549,2015-01-07T00:00:00,TOBS,GHCND:USC00335188,",,7,",-106
4550,2015-01-08T00:00:00,PRCP,GHCND:USC00335188,"T,,7,",0
4551,2015-01-08T00:00:00,TOBS,GHCND:USC00335188,",,7,",-172
4552,2015-01-09T00:00:00,PRCP,GHCND:USC00335188,"T,,7,",0
4553,2015-01-09T00:00:00,TMAX,GHCND:USC00335188,",,7,",-33
4554,2015-01-09T00:00:00,TMIN,GHCND:USC00335188,",,7,",-189
4555,2015-01-09T00:00:00,TOBS,GHCND:USC00335188,",,7,",-83
4556,2015-01-12T00:00:00,DAPR,GHCND:USC00335188,",,7,",3
4557,2015-01-12T00:00:00,MDPR,GHCND:USC00335188,",,7,",76
4558,2015-01-12T00:00:00,TOBS,GHCND:USC00335188,",,7,",11
4559,2015-01-13T00:00:00,PRCP,GHCND:USC00335188,"T,,7,",0
4560,2015-01-13T00:00:00,TMAX,GHCND:USC00335188,",,7,",28
4561,2015-01-13T00:00:00,TMIN,GHCND:USC00335188,",,7,",-56
4562,2015-01-13T00:00:00,TOBS,GHCND:USC00335188,",,7,",-56
4563,2015-01-14T00:00:00,PRCP,GHCND:USC00335188,"T,,7,",0
4564,2015-01-14T00:00:00,TOBS,GHCND:USC00335188,",,7,",-72
4565,2015-01-15T00:00:00,PRCP,GHCND:USC00335188,"T,,7,",0
4566,2015-01-15T00:00:00,TMAX,GHCND:USC00335188,",,7,",-11
4567,2015-01-15T00:00:00,TMIN,GHCND:USC00335188,",,7,",-78
4568,2015-01-15T00:00:00,TOBS,GHCND:USC00335188,",,7,",-61
4569,2015-01-16T00:00:00,PRCP,GHCND:USC00335188,",,7,",0
4570,2015-01-16T00:00:00,TMAX,GHCND:USC00335188,",,7,",56
4571,2015-01-16T00:00:00,TMIN,GHCND:USC00335188,",,7,",-61
4572,2015-01-16T00:00:00,TOBS,GHCND:USC00335188,",,7,",-56
4573,2015-01-20T00:00:00,DAPR,GHCND:USC00335188,",,7,",4
4574,2015-01-20T00:00:00,MDPR,GHCND:USC00335188,",,7,",8
4575,2015-01-20T00:00:00,TOBS,GHCND:USC00335188,",,7,",6
4576,2015-01-22T00:00:00,PRCP,GHCND:USC00335188,",,7,",0
4577,2015-01-22T00:00:00,TMAX,GHCND:USC00335188,",,7,",17
4578,2015-01-22T00:00:00,TMIN,GHCND:USC00335188,",,7,",0
4579,2015-01-22T00:00:00,TOBS,GHCND:USC00335188,",,7,",17
4580,2015-01-23T00:00:00,PRCP,GHCND:USC00335188,",,7,",0
4581,2015-01-23T00:00:00,TMAX,GHCND:USC00335188,",,7,",133
4582,2015-01-23T00:00:00,TMIN,GHCND:USC00335188,",,7,",-6
4583,2015-01-23T00:00:00,TOBS,GHCND:USC00335188,",,7,",-6
4584,2015-01-26T00:00:00,DAPR,GHCND:USC00335188,",,7,",3
4585,2015-01-26T00:00:00,MDPR,GHCND:USC00335188,",,7,",127
4586,2015-01-26T00:00:00,TOBS,GHCND:USC00335188,",,7,",-61
4587,2015-01-27T00:00:00,PRCP,GHCND:USC00335188,",,7,",0
4588,2015-01-27T00:00:00,TMIN,GHCND:USC00335188,",,7,",-72
4589,2015-01-27T00:00:00,TOBS,GHCND:USC00335188,",,7,",-72
4590,2015-01-29T00:00:00,DAPR,GHCND:USC00335188,",,7,",2
4591,2015-01-29T00:00:00,MDPR,GHCND:USC00335188,",,7,",28
4592,2015-01-29T00:00:00,TOBS,GHCND:USC00335188,",,7,",28
4593,2015-01-30T00:00:00,PRCP,GHCND:USC00335188,"T,,7,",0
4594,2015-01-30T00:00:00,TMAX,GHCND:USC00335188,",,7,",100
4595,2015-01-30T00:00:00,TMIN,GHCND:USC00335188,",,7,",-11
4596,2015-01-30T00:00:00,TOBS,GHCND:USC00335188,",,7,",-11
4597,2015-02-02T00:00:00,DAPR,GHCND:USC00335188,",,7,",3
4598,2015-02-02T00:00:00,MDPR,GHCND:USC00335188,",,7,",69
4599,2015-02-02T00:00:00,TOBS,GHCND:USC00335188,",,7,",-56
4600,2015-02-03T00:00:00,PRCP,GHCND:USC00335188,"T,,7,",0
4601,2015-02-03T00:00:00,TMAX,GHCND:USC00335188,",,7,",-28
4602,2015-02-03T00:00:00,TMIN,GHCND:USC00335188,",,7,",-78
4603,2015-02-03T00:00:00,TOBS,GHCND:USC00335188,",,7,",-67
4604,2015-02-04T00:00:00,PRCP,GHCND:USC00335188,",,7,",0
4605,2015-02-04T00:00:00,TMAX,GHCND:USC00335188,",,7,",33
4606,2015-02-04T00:00:00,TMIN,GHCND:USC00335188,",,7,",-67
4607,2015-02-04T00:00:00,TOBS,GHCND:USC00335188,",,7,",17
4608,2015-02-05T00:00:00,PRCP,GHCND:USC00335188,",,7,",10
4609,2015-02-05T00:00:00,TMAX,GHCND:USC00335188,",,7,",89
4610,2015-02-05T00:00:00,TMIN,GHCND:USC00335188,",,7,",-100
4611,2015-02-05T00:00:00,TOBS,GHCND:USC00335188,",,7,",-100
4612,2015-02-06T00:00:00,PRCP,GHCND:USC00335188,",,7,",0
4613,2015-02-06T00:00:00,TMAX,GHCND:USC00335188,",,7,",-33
4614,2015-02-06T00:00:00,TMIN,GHCND:USC00335188,",,7,",-133
4615,2015-02-06T00:00:00,TOBS,GHCND:USC00335188,",,7,",-111
4616,2015-02-10T00:00:00,PRCP,GHCND:USC00335188,",,7,",0
4617,2015-02-10T00:00:00,TMAX,GHCND:USC00335188,",,7,",6
4618,2015-02-10T00:00:00,TMIN,GHCND:USC00335188,",,7,",-44
4619,2015-02-10T00:00:00,TOBS,GHCND:USC00335188,",,7,",-44
4620,2015-02-11T00:00:00,PRCP,GHCND:USC00335188,",,7,",0
4621,2015-02-11T00:00:00,TMAX,GHCND:USC00335188,",,7,",11
4622,2015-02-11T00:00:00,TMIN,GHCND:USC00335188,",,7,",-56
4623,2015-02-11T00:00:00,TOBS,GHCND:USC00335188,",,7,",-33
4624,2015-02-12T00:00:00,PRCP,GHCND:USC00335188,"T,,7,",0
4625,2015-02-12T00:00:00,TMAX,GHCND:USC00335188,",,7,",78
4626,2015-02-12T00:00:00,TMIN,GHCND:USC00335188,",,7,",-50
4627,2015-02-12T00:00:00,TOBS,GHCND:USC00335188,",,7,",-50
4628,2015-02-13T00:00:00,PRCP,GHCND:USC00335188,"T,,7,",0
4629,2015-02-13T00:00:00,TMAX,GHCND:USC00335188,",,7,",-22
4630,2015-02-13T00:00:00,TMIN,GHCND:USC00335188,",,7,",-111
4631,2015-02-13T00:00:00,TOBS,GHCND:USC00335188,",,7,",-111
4632,2015-02-19T00:00:00,PRCP,GHCND:USC00335188,",,7,",0
4633,2015-02-19T00:00:00,TMAX,GHCND:USC00335188,",,7,",-72
4634,2015-02-19T00:00:00,TMIN,GHCND:USC00335188,",,7,",-239
4635,2015-02-19T00:00:00,TOBS,GHCND:USC00335188,",,7,",-239
4636,2015-02-24T00:00:00,PRCP,GHCND:USC00335188,",,7,",0
4637,2015-02-24T00:00:00,TMAX,GHCND:USC00335188,",,7,",-78
4638,2015-02-24T00:00:00,TMIN,GHCND:USC00335188,",,7,",-244
4639,2015-02-24T00:00:00,TOBS,GHCND:USC00335188,",,7,",-244
4640,2015-02-25T00:00:00,PRCP,GHCND:USC00335188,",,7,",0
4641,2015-02-25T00:00:00,TMAX,GHCND:USC00335188,",,7,",-11
4642,2015-02-25T00:00:00,TMIN,GHCND:USC00335188,",,7,",-244
4643,2015-02-25T00:00:00,TOBS,GHCND:USC00335188,",,7,",-83
4644,2015-02-26T00:00:00,PRCP,GHCND:USC00335188,",,7,",0
4645,2015-02-26T00:00:00,TMAX,GHCND:USC00335188,",,7,",33
4646,2015-02-26T00:00:00,TMIN,GHCND:USC00335188,",,7,",-89
4647,2015-02-26T00:00:00,TOBS,GHCND:USC00335188,",,7,",-67
4648,2015-02-27T00:00:00,PRCP,GHCND:USC00335188,"T,,7,",0
4649,2015-02-27T00:00:00,TMAX,GHCND:USC00335188,",,7,",-39
4650,2015-02-27T00:00:00,TMIN,GHCND:USC00335188,",,7,",-150
4651,2015-02-27T00:00:00,TOBS,GHCND:USC00335188,",,7,",-150
4652,2015-03-02T00:00:00,DAPR,GHCND:USC00335188,",,7,",3
4653,2015-03-02T00:00:00,MDPR,GHCND:USC00335188,",,7,",56
4654,2015-03-02T00:00:00,TOBS,GHCND:USC00335188,",,7,",-67
4655,2015-03-03T00:00:00,PRCP,GHCND:USC00335188,"T,,7,",0
4656,2015-03-03T00:00:00,TMAX,GHCND:USC00335188,",,7,",17
4657,2015-03-03T00:00:00,TMIN,GHCND:USC00335188,",,7,",-67
4658,2015-03-03T00:00:00,TOBS,GHCND:USC00335188,",,7,",-6
4659,2015-03-04T00:00:00,PRCP,GHCND:USC00335188,",,7,",368
4660,2015-03-04T00:00:00,TMAX,GHCND:USC00335188,",,7,",94
4661,2015-03-04T00:00:00,TMIN,GHCND:USC00335188,",,7,",-6
4662,2015-03-04T00:00:00,TOBS,GHCND:USC00335188,",,7,",17
4663,2015-03-17T00:00:00,PRCP,GHCND:USC00335188,",,7,",0
4664,2015-03-17T00:00:00,TMAX,GHCND:USC00335188,",,7,",250
4665,2015-03-17T00:00:00,TMIN,GHCND:USC00335188,",,7,",83
4666,2015-03-17T00:00:00,TOBS,GHCND:USC00335188,",,7,",150
4667,2015-03-18T00:00:00,PRCP,GHCND:USC00335188,",,7,",0
4668,2015-03-18T00:00:00,TMAX,GHCND:USC00335188,",,7,",150
4669,2015-03-18T00:00:00,TMIN,GHCND:USC00335188,",,7,",-28
4670,2015-03-18T00:00:00,TOBS,GHCND:USC00335188,",,7,",-28
4671,2015-03-19T00:00:00,PRCP,GHCND:USC00335188,",,7,",0
4672,2015-03-19T00:00:00,TMAX,GHCND:USC00335188,",,7,",89
4673,2015-03-19T00:00:00,TMIN,GHCND:USC00335188,",,7,",-33
4674,2015-03-19T00:00:00,TOBS,GHCND:USC00335188,",,7,",44
4675,2015-03-23T00:00:00,PRCP,GHCND:USC00335188,",,7,",0
4676,2015-03-23T00:00:00,TOBS,GHCND:USC00335188,",,7,",0
4677,2015-03-26T00:00:00,DAPR,GHCND:USC00335188,",,7,",2
4678,2015-03-26T00:00:00,MDPR,GHCND:USC00335188,",,7,",140
4679,2015-03-26T00:00:00,TMAX,GHCND:USC00335188,",,7,",206
4680,2015-03-26T00:00:00,TMIN,GHCND:USC00335188,",,7,",78
4681,2015-03-26T00:00:00,TOBS,GHCND:USC00335188,",,7,",78
4682,2015-03-30T00:00:00,DAPR,GHCND:USC00335188,",,7,",3
4683,2015-03-30T00:00:00,MDPR,GHCND:USC00335188,",,7,",61
4684,2015-03-30T00:00:00,TOBS,GHCND:USC00335188,",,7,",22
4685,2015-03-31T00:00:00,PRCP,GHCND:USC00335188,",,7,",0
4686,2015-03-31T00:00:00,TOBS,GHCND:USC00335188,",,7,",100
4687,2015-04-02T00:00:00,PRCP,GHCND:USC00335188,",,7,",0
4688,2015-04-02T00:00:00,TMAX,GHCND:USC00335188,",,7,",200
4689,2015-04-02T00:00:00,TMIN,GHCND:USC00335188,",,7,",-6
4690,2015-04-02T00:00:00,TOBS,GHCND:USC00335188,",,7,",122
4691,2015-04-03T00:00:00,PRCP,GHCND:USC00335188,",,7,",356
4692,2015-04-03T00:00:00,TMAX,GHCND:USC00335188,",,7,",200
4693,2015-04-03T00:00:00,TMIN,GHCND:USC00335188,",,7,",100
4694,2015-04-03T00:00:00,TOBS,GHCND:USC00335188,",,7,",139
4695,2015-04-07T00:00:00,DAPR,GHCND:USC00335188,",,7,",4
4696,2015-04-07T00:00:00,MDPR,GHCND:USC00335188,",,7,",150
4697,2015-04-07T00:00:00,TOBS,GHCND:USC00335188,",,7,",150
4698,2015-04-08T00:00:00,PRCP,GHCND:USC00335188,",,7,",38
4699,2015-04-08T00:00:00,TMAX,GHCND:USC00335188,",,7,",200
4700,2015-04-08T00:00:00,TMIN,GHCND:USC00335188,",,7,",128
4701,2015-04-08T00:00:00,TOBS,GHCND:USC00335188,",,7,",144
4702,2015-04-09T00:00:00,PRCP,GHCND:USC00335188,",,7,",135
4703,2015-04-09T00:00:00,TMAX,GHCND:USC00335188,",,7,",228
4704,2015-04-09T00:00:00,TMIN,GHCND:USC00335188,",,7,",139
4705,2015-04-09T00:00:00,TOBS,GHCND:USC00335188,",,7,",150
4706,2015-04-10T00:00:00,PRCP,GHCND:USC00335188,",,7,",147
4707,2015-04-10T00:00:00,TMAX,GHCND:USC00335188,",,7,",256
4708,2015-04-10T00:00:00,TMIN,GHCND:USC00335188,",,7,",128
4709,2015-04-10T00:00:00,TOBS,GHCND:USC00335188,",,7,",128
4710,2015-04-15T00:00:00,DAPR,GHCND:USC00335188,",,7,",5
4711,2015-04-15T00:00:00,MDPR,GHCND:USC00335188,",,7,",25
4712,2015-04-15T00:00:00,TOBS,GHCND:USC00335188,",,7,",211
4713,2015-04-17T00:00:00,DAPR,GHCND:USC00335188,",,7,",2
4714,2015-04-17T00:00:00,MDPR,GHCND:USC00335188,",,7,",150
4715,2015-04-17T00:00:00,TMAX,GHCND:USC00335188,",,7,",233
4716,2015-04-17T00:00:00,TMIN,GHCND:USC00335188,",,7,",133
4717,2015-04-17T00:00:00,TOBS,GHCND:USC00335188,",,7,",133
4718,2015-04-20T00:00:00,DAPR,GHCND:USC00335188,",,7,",3
4719,2015-04-20T00:00:00,MDPR,GHCND:USC00335188,",,7,",180
4720,2015-04-20T00:00:00,TOBS,GHCND:USC00335188,",,7,",156
4721,2015-04-21T00:00:00,PRCP,GHCND:USC00335188,"T,,7,",0
4722,2015-04-21T00:00:00,TMAX,GHCND:USC00335188,",,7,",178
4723,2015-04-21T00:00:00,TMIN,GHCND:USC00335188,",,7,",61
4724,2015-04-21T00:00:00,TOBS,GHCND:USC00335188,",,7,",61
4725,2015-04-23T00:00:00,PRCP,GHCND:USC00335188,",,7,",0
4726,2015-04-23T00:00:00,TMAX,GHCND:USC00335188,",,7,",133
4727,2015-04-23T00:00:00,TMIN,GHCND:USC00335188,",,7,",0
4728,2015-04-23T00:00:00,TOBS,GHCND:USC00335188,",,7,",0
4729,2015-04-24T00:00:00,PRCP,GHCND:USC00335188,",,7,",0
4730,2015-04-24T00:00:00,TMAX,GHCND:USC00335188,",,7,",150
4731,2015-04-24T00:00:00,TMIN,GHCND:USC00335188,",,7,",-11
4732,2015-04-24T00:00:00,TOBS,GHCND:USC00335188,",,7,",-11
4733,2015-05-04T00:00:00,PRCP,GHCND:USC00335188,",,7,",0
4734,2015-05-04T00:00:00,TOBS,GHCND:USC00335188,",,7,",117
4735,2015-05-05T00:00:00,PRCP,GHCND:USC00335188,"T,,7,",0
4736,2015-05-05T00:00:00,TMAX,GHCND:USC00335188,",,7,",272
4737,2015-05-05T00:00:00,TMIN,GHCND:USC00335188,",,7,",117
4738,2015-05-05T00:00:00,TOBS,GHCND:USC00335188,",,7,",144
4739,2015-05-08T00:00:00,PRCP,GHCND:USC00335188,",,7,",0
4740,2015-05-08T00:00:00,TMAX,GHCND:USC00335188,",,7,",328
4741,2015-05-08T00:00:00,TMIN,GHCND:USC00335188,",,7,",139
4742,2015-05-08T00:00:00,TOBS,GHCND:USC00335188,",,7,",150
4743,2015-06-08T00:00:00,PRCP,GHCND:USC00335188,",,7,",0
4744,2015-06-08T00:00:00,TOBS,GHCND:USC00335188,",,7,",228
4745,2015-06-09T00:00:00,PRCP,GHCND:USC00335188,",,7,",76
4746,2015-06-09T00:00:00,TMAX,GHCND:USC00335188,",,7,",261
4747,2015-06-09T00:00:00,TMIN,GHCND:USC00335188,",,7,",144
4748,2015-06-09T00:00:00,TOBS,GHCND:USC00335188,",,7,",150
4749,2015-06-11T00:00:00,PRCP,GHCND:USC00335188,",,7,",0
4750,2015-06-11T00:00:00,TMAX,GHCND:USC00335188,",,7,",344
4751,2015-06-11T00:00:00,TMIN,GHCND:USC00335188,",,7,",156
4752,2015-06-11T00:00:00,TOBS,GHCND:USC00335188,",,7,",194
4753,2015-06-12T00:00:00,PRCP,GHCND:USC00335188,",,7,",0
4754,2015-06-12T00:00:00,TMAX,GHCND:USC00335188,",,7,",344
4755,2015-06-12T00:00:00,TMIN,GHCND:USC00335188,",,7,",194
4756,2015-06-12T00:00:00,TOBS,GHCND:USC00335188,",,7,",233
4757,2015-06-16T00:00:00,PRCP,GHCND:USC00335188,",,7,",76
4758,2015-06-16T00:00:00,TMAX,GHCND:USC00335188,",,7,",333
4759,2015-06-16T00:00:00,TMIN,GHCND:USC00335188,",,7,",228
4760,2015-06-16T00:00:00,TOBS,GHCND:USC00335188,",,7,",233
4761,2015-06-18T00:00:00,PRCP,GHCND:USC00335188,",,7,",51
4762,2015-06-18T00:00:00,TMAX,GHCND:USC00335188,",,7,",300
4763,2015-06-18T00:00:00,TMIN,GHCND:USC00335188,",,7,",222
4764,2015-06-18T00:00:00,TOBS,GHCND:USC00335188,",,7,",222
4765,2015-06-19T00:00:00,PRCP,GHCND:USC00335188,",,7,",114
4766,2015-06-19T00:00:00,TOBS,GHCND:USC00335188,",,7,",206
4767,2015-06-29T00:00:00,PRCP,GHCND:USC00335188,",,7,",229
4768,2015-06-29T00:00:00,TOBS,GHCND:USC00335188,",,7,",172
4769,2015-06-30T00:00:00,PRCP,GHCND:USC00335188,",,7,",102
4770,2015-06-30T00:00:00,TMAX,GHCND:USC00335188,",,7,",272
4771,2015-06-30T00:00:00,TOBS,GHCND:USC00335188,",,7,",183
4772,2015-07-01T00:00:00,PRCP,GHCND:USC00335188,",,7,",64
4773,2015-07-01T00:00:00,TMAX,GHCND:USC00335188,",,7,",256
4774,2015-07-01T00:00:00,TMIN,GHCND:USC00335188,",,7,",161
4775,2015-07-01T00:00:00,TOBS,GHCND:USC00335188,",,7,",161
4776,2016-06-01T00:00:00,PRCP,GHCND:USC00335188,",,7,0800",0
4777,2016-06-02T00:00:00,PRCP,GHCND:USC00335188,",,7,0800",64
4778,2016-06-03T00:00:00,PRCP,GHCND:USC00335188,",,7,0800",127
4779,2016-06-06T00:00:00,DAPR,GHCND:USC00335188,",,7,",3
4780,2016-06-06T00:00:00,MDPR,GHCND:USC00335188,",,7,",244
4781,2016-06-07T00:00:00,PRCP,GHCND:USC00335188,",,7,0800",0
4782,2016-06-08T00:00:00,PRCP,GHCND:USC00335188,",,7,0800",0
4783,2016-06-10T00:00:00,DAPR,GHCND:USC00335188,",,7,",2
4784,2016-06-10T00:00:00,MDPR,GHCND:USC00335188,",,7,",0
4785,2016-06-13T00:00:00,DAPR,GHCND:USC00335188,",,7,",3
4786,2016-06-13T00:00:00,MDPR,GHCND:USC00335188,",,7,",221
4787,2016-06-14T00:00:00,PRCP,GHCND:USC00335188,",,7,0800",0
4788,2016-06-16T00:00:00,DAPR,GHCND:USC00335188,",,7,",2
4789,2016-06-16T00:00:00,MDPR,GHCND:USC00335188,",,7,",457
4790,2016-06-17T00:00:00,PRCP,GHCND:USC00335188,",,7,0800",0
4791,2016-06-23T00:00:00,DAPR,GHCND:USC00335188,",,7,",6
4792,2016-06-23T00:00:00,MDPR,GHCND:USC00335188,",,7,",251
4793,2016-06-24T00:00:00,PRCP,GHCND:USC00335188,",,7,0800",36
4794,2016-06-27T00:00:00,DAPR,GHCND:USC00335188,",,7,",3
4795,2016-06-27T00:00:00,MDPR,GHCND:USC00335188,",,7,",0
4796,2016-06-28T00:00:00,PRCP,GHCND:USC00335188,",,7,0800",0
4797,2016-06-29T00:00:00,PRCP,GHCND:USC00335188,",,7,0800",0
4798,2016-06-30T00:00:00,PRCP,GHCND:USC00335188,",,7,0800",0
4799,2016-07-01T00:00:00,PRCP,GHCND:USC00335188,",,7,0800",0
4800,2016-07-05T00:00:00,DAPR,GHCND:USC00335188,",,7,",4
4801,2016-07-05T00:00:00,MDPR,GHCND:USC00335188,",,7,",231
4802,2016-07-06T00:00:00,PRCP,GHCND:USC00335188,",,7,0800",0
4803,2016-07-07T00:00:00,PRCP,GHCND:USC00335188,",,7,0800",33
4804,2016-07-08T00:00:00,PRCP,GHCND:USC00335188,",,7,0800",0
4805,2016-07-12T00:00:00,DAPR,GHCND:USC00335188,",,7,",4
4806,2016-07-12T00:00:00,MDPR,GHCND:USC00335188,",,7,",264
4807,2016-07-13T00:00:00,PRCP,GHCND:USC00335188,",,7,0800",43
4808,2016-07-14T00:00:00,PRCP,GHCND:USC00335188,",,7,0800",69
4809,2016-07-15T00:00:00,PRCP,GHCND:USC00335188,",,7,0800",0
4810,2016-07-18T00:00:00,DAPR,GHCND:USC00335188,",,7,",3
4811,2016-07-18T00:00:00,MDPR,GHCND:USC00335188,",,7,",71
4812,2016-07-19T00:00:00,PRCP,GHCND:USC00335188,",,7,0800",0
4813,2016-07-20T00:00:00,PRCP,GHCND:USC00335188,",,7,0800",0
4814,2016-07-21T00:00:00,PRCP,GHCND:USC00335188,",,7,0800",0
4815,2016-07-22T00:00:00,PRCP,GHCND:USC00335188,",,7,0800",0
4816,2016-07-25T00:00:00,DAPR,GHCND:USC00335188,",,7,",3
4817,2016-07-25T00:00:00,MDPR,GHCND:USC00335188,",,7,",0
4818,2016-07-26T00:00:00,PRCP,GHCND:USC00335188,",,7,0800",0
4819,2016-07-27T00:00:00,PRCP,GHCND:USC00335188,",,7,0800",64
4820,2016-07-28T00:00:00,PRCP,GHCND:USC00335188,",,7,0800",185
4821,2016-07-29T00:00:00,PRCP,GHCND:USC00335188,",,7,0800",43
4822,2016-08-01T00:00:00,DAPR,GHCND:USC00335188,",,7,",3
4823,2016-08-01T00:00:00,MDPR,GHCND:USC00335188,",,7,",89
4824,2016-08-02T00:00:00,PRCP,GHCND:USC00335188,",,7,0800",97
4825,2016-08-03T00:00:00,PRCP,GHCND:USC00335188,",,7,0800",0
4826,2016-08-04T00:00:00,PRCP,GHCND:USC00335188,",,7,0800",0
4827,2016-08-05T00:00:00,PRCP,GHCND:USC00335188,",,7,0800",0
4828,2016-08-08T00:00:00,DAPR,GHCND:USC00335188,",,7,",3
4829,2016-08-08T00:00:00,MDPR,GHCND:USC00335188,",,7,",0
4830,2016-08-09T00:00:00,PRCP,GHCND:USC00335188,",,7,0800",0
4831,2016-08-10T00:00:00,PRCP,GHCND:USC00335188,",,7,0800",0
4832,2016-08-11T00:00:00,PRCP,GHCND:USC00335188,",,7,0800",112
4833,2016-08-12T00:00:00,PRCP,GHCND:USC00335188,",,7,0800",25
4834,2016-08-15T00:00:00,DAPR,GHCND:USC00335188,",,7,",3
4835,2016-08-15T00:00:00,MDPR,GHCND:USC00335188,",,7,",447
4836,2016-08-16T00:00:00,PRCP,GHCND:USC00335188,",,7,0800",91
4837,2016-08-17T00:00:00,PRCP,GHCND:USC00335188,",,7,0800",91
4838,2016-08-19T00:00:00,DAPR,GHCND:USC00335188,",,7,",2
4839,2016-08-19T00:00:00,MDPR,GHCND:USC00335188,",,7,",277
4840,2016-08-22T00:00:00,DAPR,GHCND:USC00335188,",,7,",3
4841,2016-08-22T00:00:00,MDPR,GHCND:USC00335188,",,7,",178
4842,2016-08-23T00:00:00,PRCP,GHCND:USC00335188,",,7,0800",0
4843,2016-08-24T00:00:00,PRCP,GHCND:USC00335188,",,7,0800",0
4844,2016-08-25T00:00:00,PRCP,GHCND:USC00335188,",,7,0800",0
4845,2016-08-26T00:00:00,PRCP,GHCND:USC00335188,",,7,0800",0
4846,2016-08-29T00:00:00,DAPR,GHCND:USC00335188,",,7,",3
4847,2016-08-29T00:00:00,MDPR,GHCND:USC00335188,",,7,",157
4848,2016-08-30T00:00:00,PRCP,GHCND:USC00335188,",,7,0800",132
4849,2016-08-31T00:00:00,PRCP,GHCND:USC00335188,",,7,0800",0
4850,2016-09-01T00:00:00,PRCP,GHCND:USC00335188,",,7,0800",178
4851,2016-09-02T00:00:00,PRCP,GHCND:USC00335188,",,7,0800",0
4852,2016-09-06T00:00:00,DAPR,GHCND:USC00335188,",,7,",4
4853,2016-09-06T00:00:00,MDPR,GHCND:USC00335188,",,7,",0
4854,2016-09-07T00:00:00,PRCP,GHCND:USC00335188,",,7,0800",0
4855,2016-09-08T00:00:00,PRCP,GHCND:USC00335188,",,7,0800",0
4856,2016-09-09T00:00:00,PRCP,GHCND:USC00335188,",,7,0800",584
4857,2016-09-12T00:00:00,DAPR,GHCND:USC00335188,",,7,",3
4858,2016-09-12T00:00:00,MDPR,GHCND:USC00335188,",,7,",114
4859,2016-09-13T00:00:00,PRCP,GHCND:USC00335188,",,7,0800",0
4860,2016-09-14T00:00:00,PRCP,GHCND:USC00335188,",,7,0800",0
4861,2016-09-15T00:00:00,PRCP,GHCND:USC00335188,",,7,0800",0
4862,2016-09-16T00:00:00,PRCP,GHCND:USC00335188,",,7,0800",0
4863,2016-09-19T00:00:00,DAPR,GHCND:USC00335188,",,7,",3
4864,2016-09-19T00:00:00,MDPR,GHCND:USC00335188,",,7,",109
4865,2016-09-20T00:00:00,PRCP,GHCND:USC00335188,",,7,0800",0
4866,2016-09-21T00:00:00,PRCP,GHCND:USC00335188,",,7,0800",0
4867,2016-09-22T00:00:00,PRCP,GHCND:USC00335188,",,7,0800",0
4868,2016-09-26T00:00:00,DAPR,GHCND:USC00335188,",,7,",4
4869,2016-09-26T00:00:00,MDPR,GHCND:USC00335188,",,7,",0
4870,2016-09-27T00:00:00,PRCP,GHCND:USC00335188,",,7,0800",94
4871,2016-09-28T00:00:00,PRCP,GHCND:USC00335188,",,7,0800",0
4872,2016-09-29T00:00:00,PRCP,GHCND:USC00335188,",,7,0800",201
4873,2016-09-30T00:00:00,PRCP,GHCND:USC00335188,",,7,0800",23
4874,2016-10-03T00:00:00,DAPR,GHCND:USC00335188,",,7,",3
4875,2016-10-03T00:00:00,MDPR,GHCND:USC00335188,",,7,",38
4876,2016-10-04T00:00:00,PRCP,GHCND:USC00335188,",,7,0800",0
4877,2016-10-06T00:00:00,PRCP,GHCND:USC00335188,",,7,0800",0
4878,2016-10-07T00:00:00,PRCP,GHCND:USC00335188,",,7,0800",0
4879,2016-10-11T00:00:00,DAPR,GHCND:USC00335188,",,7,",4
4880,2016-10-11T00:00:00,MDPR,GHCND:USC00335188,",,7,",0
4881,2016-10-12T00:00:00,PRCP,GHCND:USC00335188,",,7,0800",0
4882,2016-10-13T00:00:00,PRCP,GHCND:USC00335188,",,7,0800",25
4883,2016-10-14T00:00:00,PRCP,GHCND:USC00335188,",,7,0800",0
4884,2016-10-17T00:00:00,DAPR,GHCND:USC00335188,",,7,",3
4885,2016-10-17T00:00:00,MDPR,GHCND:USC00335188,",,7,",0
4886,2016-10-18T00:00:00,PRCP,GHCND:USC00335188,",,7,0800",0
4887,2016-10-19T00:00:00,PRCP,GHCND:USC00335188,",,7,0800",0
4888,2016-10-20T00:00:00,PRCP,GHCND:USC00335188,",,7,0800",122
4889,2016-10-24T00:00:00,DAPR,GHCND:USC00335188,",,7,",4
4890,2016-10-24T00:00:00,MDPR,GHCND:USC00335188,",,7,",236
4891,2016-10-25T00:00:00,PRCP,GHCND:USC00335188,",,7,0800",0
4892,2016-10-26T00:00:00,PRCP,GHCND:USC00335188,",,7,0800",0
4893,2016-10-27T00:00:00,PRCP,GHCND:USC00335188,",,7,0800",0
4894,2016-10-28T00:00:00,PRCP,GHCND:USC00335188,",,7,0800",0
4895,2016-10-31T00:00:00,DAPR,GHCND:USC00335188,",,7,",3
4896,2016-10-31T00:00:00,MDPR,GHCND:USC00335188,",,7,",0
4897,2016-11-01T00:00:00,PRCP,GHCND:USC00335188,",,7,0800",0
4898,2016-11-02T00:00:00,PRCP,GHCND:USC00335188,",,7,0800",0
4899,2016-11-03T00:00:00,PRCP,GHCND:USC00335188,",,7,0800",0
4900,2016-11-04T00:00:00,PRCP,GHCND:USC00335188,",,7,0800",33
4901,2016-11-07T00:00:00,DAPR,GHCND:USC00335188,",,7,",3
4902,2016-11-07T00:00:00,MDPR,GHCND:USC00335188,",,7,",28
4903,2016-11-08T00:00:00,PRCP,GHCND:USC00335188,",,7,0800",0
4904,2016-11-09T00:00:00,PRCP,GHCND:USC00335188,",,7,0800",48
4905,2016-11-10T00:00:00,PRCP,GHCND:USC00335188,",,7,0800",0
4906,2016-11-14T00:00:00,DAPR,GHCND:USC00335188,",,7,",4
4907,2016-11-14T00:00:00,MDPR,GHCND:USC00335188,",,7,",0
4908,2016-11-16T00:00:00,PRCP,GHCND:USC00335188,",,7,0800",0
4909,2016-11-18T00:00:00,DAPR,GHCND:USC00335188,",,7,",2
4910,2016-11-18T00:00:00,MDPR,GHCND:USC00335188,",,7,",0
4911,2016-11-21T00:00:00,DAPR,GHCND:USC00335188,",,7,",3
4912,2016-11-21T00:00:00,MDPR,GHCND:USC00335188,",,7,",89
4913,2016-11-22T00:00:00,PRCP,GHCND:USC00335188,",,7,0800",0
4914,2016-11-23T00:00:00,PRCP,GHCND:USC00335188,",,7,0800",25
4915,2016-11-28T00:00:00,DAPR,GHCND:USC00335188,",,7,",5
4916,2016-11-28T00:00:00,MDPR,GHCND:USC00335188,",,7,",74
4917,2016-11-29T00:00:00,PRCP,GHCND:USC00335188,",,7,0800",305
4918,2016-11-30T00:00:00,PRCP,GHCND:USC00335188,",,7,0800",0
4919,2016-12-01T00:00:00,PRCP,GHCND:USC00335188,",,7,0800",0
4920,2016-12-02T00:00:00,PRCP,GHCND:USC00335188,",,7,0800",0
4921,2016-12-05T00:00:00,DAPR,GHCND:USC00335188,",,7,",3
4922,2016-12-05T00:00:00,MDPR,GHCND:USC00335188,",,7,",56
4923,2016-12-06T00:00:00,PRCP,GHCND:USC00335188,",,7,0800",84
4924,2016-12-07T00:00:00,PRCP,GHCND:USC00335188,",,7,0800",135
4925,2016-12-08T00:00:00,PRCP,GHCND:USC00335188,",,7,0800",0
4926,2016-12-12T00:00:00,DAPR,GHCND:USC00335188,",,7,",4
4927,2016-12-12T00:00:00,MDPR,GHCND:USC00335188,",,7,",107
4928,2016-12-13T00:00:00,PRCP,GHCND:USC00335188,",,7,0800",0
4929,2016-12-14T00:00:00,PRCP,GHCND:USC00335188,",,7,0800",76
4930,2016-12-15T00:00:00,PRCP,GHCND:USC00335188,",,7,0800",0
4931,2016-12-16T00:00:00,PRCP,GHCND:USC00335188,",,7,0800",0
4932,2016-12-19T00:00:00,DAPR,GHCND:USC00335188,",,7,",3
4933,2016-12-19T00:00:00,MDPR,GHCND:USC00335188,",,7,",353
4934,2016-12-20T00:00:00,PRCP,GHCND:USC00335188,",,7,0800",0
4935,2016-12-21T00:00:00,PRCP,GHCND:USC00335188,",,7,0800",0
4936,2016-12-23T00:00:00,PRCP,GHCND:USC00335188,",,7,0800",0
4937,2016-12-27T00:00:00,DAPR,GHCND:USC00335188,",,7,",4
4938,2016-12-27T00:00:00,MDPR,GHCND:USC00335188,",,7,",277
4939,2016-12-28T00:00:00,PRCP,GHCND:USC00335188,",,7,0800",0
4940,2016-12-29T00:00:00,PRCP,GHCND:USC00335188,",,7,0800",36
4941,2016-12-30T00:00:00,PRCP,GHCND:USC00335188,",,7,0800",0
4942,2017-01-03T00:00:00,DAPR,GHCND:USC00335188,",,7,",4
4943,2017-01-03T00:00:00,MDPR,GHCND:USC00335188,",,7,",117
4944,2017-01-04T00:00:00,PRCP,GHCND:USC00335188,",,7,0800",119
4945,2017-01-05T00:00:00,PRCP,GHCND:USC00335188,",,7,0800",0
4946,2017-01-06T00:00:00,PRCP,GHCND:USC00335188,",,7,0800",46
4947,2017-01-09T00:00:00,DAPR,GHCND:USC00335188,",,7,",3
4948,2017-01-09T00:00:00,MDPR,GHCND:USC00335188,",,7,",0
4949,2017-01-10T00:00:00,PRCP,GHCND:USC00335188,",,7,0800",0
4950,2017-01-11T00:00:00,PRCP,GHCND:USC00335188,",,7,0800",51
4951,2017-01-12T00:00:00,PRCP,GHCND:USC00335188,",,7,0800",79
4952,2017-01-17T00:00:00,DAPR,GHCND:USC00335188,",,7,",4
4953,2017-01-17T00:00:00,MDPR,GHCND:USC00335188,",,7,",147
4954,2017-01-18T00:00:00,PRCP,GHCND:USC00335188,",,7,0800",5
4955,2017-01-19T00:00:00,PRCP,GHCND:USC00335188,",,7,0800",0
4956,2017-01-20T00:00:00,PRCP,GHCND:USC00335188,",,7,0800",178
4957,2017-01-23T00:00:00,DAPR,GHCND:USC00335188,",,7,",3
4958,2017-01-23T00:00:00,MDPR,GHCND:USC00335188,",,7,",5
4959,2017-01-25T00:00:00,PRCP,GHCND:USC00335188,",,7,0800",0
4960,2017-01-26T00:00:00,PRCP,GHCND:USC00335188,",,7,0800",0
4961,2017-01-27T00:00:00,PRCP,GHCND:USC00335188,",,7,0800",0
4962,2017-02-01T00:00:00,DAPR,GHCND:USC00335188,",,7,",2
4963,2017-02-01T00:00:00,MDPR,GHCND:USC00335188,",,7,",0
4964,2017-02-02T00:00:00,PRCP,GHCND:USC00335188,",,7,0800",0
4965,2017-02-03T00:00:00,PRCP,GHCND:USC00335188,",,7,0800",0
4966,2017-02-06T00:00:00,DAPR,GHCND:USC00335188,",,7,",3
4967,2017-02-06T00:00:00,MDPR,GHCND:USC00335188,",,7,",0
4968,2017-02-07T00:00:00,PRCP,GHCND:USC00335188,",,7,0800",198
4969,2017-02-08T00:00:00,PRCP,GHCND:USC00335188,",,7,0800",10
4970,2017-02-09T00:00:00,PRCP,GHCND:USC00335188,",,7,0800",28
4971,2017-02-10T00:00:00,PRCP,GHCND:USC00335188,",,7,0800",0
4972,2017-02-13T00:00:00,DAPR,GHCND:USC00335188,",,7,",3
4973,2017-02-13T00:00:00,MDPR,GHCND:USC00335188,",,7,",41
4974,2017-02-14T00:00:00,PRCP,GHCND:USC00335188,",,7,0800",0
4975,2017-02-15T00:00:00,PRCP,GHCND:USC00335188,",,7,0800",0
4976,2017-02-16T00:00:00,PRCP,GHCND:USC00335188,",,7,0800",0
4977,2017-02-17T00:00:00,PRCP,GHCND:USC00335188,",,7,0800",0
4978,2017-02-21T00:00:00,DAPR,GHCND:USC00335188,",,7,",4
4979,2017-02-21T00:00:00,MDPR,GHCND:USC00335188,",,7,",0
4980,2017-02-22T00:00:00,PRCP,GHCND:USC00335188,",,7,0800",43
4981,2017-02-23T00:00:00,PRCP,GHCND:USC00335188,",,7,0800",3
4982,2017-02-24T00:00:00,PRCP,GHCND:USC00335188,",,7,0800",0
4983,2017-02-27T00:00:00,DAPR,GHCND:USC00335188,",,7,",3
4984,2017-02-27T00:00:00,MDPR,GHCND:USC00335188,",,7,",58
4985,2017-03-01T00:00:00,DAPR,GHCND:USC00335188,",,7,",2
4986,2017-03-01T00:00:00,MDPR,GHCND:USC00335188,",,7,",871
4987,2017-03-02T00:00:00,PRCP,GHCND:USC00335188,",,7,0800",8
4988,2017-03-03T00:00:00,PRCP,GHCND:USC00335188,",,7,0800",0
4989,2017-03-06T00:00:00,DAPR,GHCND:USC00335188,",,7,",3
4990,2017-03-06T00:00:00,MDPR,GHCND:USC00335188,",,7,",28
4991,2017-03-07T00:00:00,PRCP,GHCND:USC00335188,",,7,0800",140
4992,2017-03-08T00:00:00,PRCP,GHCND:USC00335188,",,7,0800",56
4993,2017-03-09T00:00:00,PRCP,GHCND:USC00335188,",,7,0800",0
4994,2017-03-10T00:00:00,PRCP,GHCND:USC00335188,",,7,0800",30
4995,2017-03-11T00:00:00,PRCP,GHCND:USC00335188,",,7,0800",0
4996,2017-03-12T00:00:00,PRCP,GHCND:USC00335188,",,7,0800",0
4997,2017-03-13T00:00:00,PRCP,GHCND:USC00335188,",,7,0800",0
4998,2017-03-15T00:00:00,PRCP,GHCND:USC00335188,",,7,0800",0
4999,2017-03-17T00:00:00,DAPR,GHCND:USC00335188,",,7,",2
5000,2017-03-17T00:00:00,MDPR,GHCND:USC00335188,",,7,",5
5001,2017-03-20T00:00:00,DAPR,GHCND:USC00335188,",,7,",3
5002,2017-03-20T00:00:00,MDPR,GHCND:USC00335188,",,7,",64
5003,2017-03-21T00:00:00,PRCP,GHCND:USC00335188,",,7,0800",312
5004,2017-03-22T00:00:00,PRCP,GHCND:USC00335188,",,7,0800",5
5005,2017-03-23T00:00:00,PRCP,GHCND:USC00335188,",,7,0800",0
5006,2017-03-24T00:00:00,PRCP,GHCND:USC00335188,",,7,0800",0
5007,2017-03-27T00:00:00,DAPR,GHCND:USC00335188,",,7,",3
5008,2017-03-27T00:00:00,MDPR,GHCND:USC00335188,",,7,",130
5009,2017-03-28T00:00:00,PRCP,GHCND:USC00335188,",,7,0800",130
5010,2017-03-29T00:00:00,PRCP,GHCND:USC00335188,",,7,0800",0
5011,2017-03-30T00:00:00,PRCP,GHCND:USC00335188,",,7,0800",0
5012,2017-03-31T00:00:00,PRCP,GHCND:USC00335188,",,7,0800",173
5013,2017-04-03T00:00:00,DAPR,GHCND:USC00335188,",,7,",3
5014,2017-04-03T00:00:00,MDPR,GHCND:USC00335188,",,7,",3
5015,2017-04-04T00:00:00,PRCP,GHCND:USC00335188,",,7,0800",5
5016,2017-04-05T00:00:00,PRCP,GHCND:USC00335188,",,7,0800",0
5017,2017-04-06T00:00:00,PRCP,GHCND:USC00335188,",,7,0800",94
5018,2017-04-07T00:00:00,PRCP,GHCND:USC00335188,",,7,0800",25
5019,2017-04-08T00:00:00,PRCP,GHCND:USC00335188,",,7,0800",0
5020,2017-04-09T00:00:00,PRCP,GHCND:USC00335188,",,7,0800",0
5021,2017-04-10T00:00:00,PRCP,GHCND:USC00335188,",,7,0800",0
5022,2017-04-11T00:00:00,PRCP,GHCND:USC00335188,",,7,0800",91
5023,2017-04-12T00:00:00,PRCP,GHCND:USC00335188,",,7,0800",0
5024,2017-04-13T00:00:00,PRCP,GHCND:USC00335188,",,7,0800",0
5025,2017-04-14T00:00:00,PRCP,GHCND:USC00335188,",,7,0800",0
5026,2017-04-18T00:00:00,DAPR,GHCND:USC00335188,",,7,",4
5027,2017-04-18T00:00:00,MDPR,GHCND:USC00335188,",,7,",140
5028,2017-04-19T00:00:00,PRCP,GHCND:USC00335188,",,7,0800",0
5029,2017-04-20T00:00:00,PRCP,GHCND:USC00335188,",,7,0800",0
5030,2017-04-21T00:00:00,PRCP,GHCND:USC00335188,",,7,0800",147
5031,2017-04-24T00:00:00,PRCP,GHCND:USC00335188,",,7,0800",33
5032,2017-04-25T00:00:00,PRCP,GHCND:USC00335188,",,7,0800",0
5033,2017-04-26T00:00:00,PRCP,GHCND:USC00335188,",,7,0800",0
5034,2017-04-27T00:00:00,PRCP,GHCND:USC00335188,",,7,0800",0
5035,2017-04-28T00:00:00,PRCP,GHCND:USC00335188,",,7,0800",56
5036,2017-05-01T00:00:00,DAPR,GHCND:USC00335188,",,7,",3
5037,2017-05-01T00:00:00,MDPR,GHCND:USC00335188,",,7,",551
5038,2017-05-02T00:00:00,PRCP,GHCND:USC00335188,",,7,0800",20
5039,2017-05-03T00:00:00,PRCP,GHCND:USC00335188,",,7,0800",0
5040,2017-05-04T00:00:00,PRCP,GHCND:USC00335188,",,7,0800",20
5041,2017-05-05T00:00:00,PRCP,GHCND:USC00335188,",,7,0800",201
5042,2017-05-09T00:00:00,DAPR,GHCND:USC00335188,",,7,",4
5043,2017-05-09T00:00:00,MDPR,GHCND:USC00335188,",,7,",361
5044,2017-05-10T00:00:00,PRCP,GHCND:USC00335188,",,7,0800",168
5045,2017-05-12T00:00:00,DAPR,GHCND:USC00335188,",,7,",2
5046,2017-05-12T00:00:00,MDPR,GHCND:USC00335188,",,7,",41
5047,2017-05-15T00:00:00,DAPR,GHCND:USC00335188,",,7,",3
5048,2017-05-15T00:00:00,MDPR,GHCND:USC00335188,",,7,",0
5049,2017-05-16T00:00:00,PRCP,GHCND:USC00335188,",,7,0800",0
5050,2017-05-17T00:00:00,PRCP,GHCND:USC00335188,",,7,0800",0
5051,2017-05-18T00:00:00,PRCP,GHCND:USC00335188,",,7,0800",0
5052,2017-05-19T00:00:00,PRCP,GHCND:USC00335188,",,7,0800",36
5053,2017-05-22T00:00:00,DAPR,GHCND:USC00335188,",,7,",3
5054,2017-05-22T00:00:00,MDPR,GHCND:USC00335188,",,7,",142
5055,2017-05-23T00:00:00,PRCP,GHCND:USC00335188,",,7,0800",0
5056,2017-05-24T00:00:00,PRCP,GHCND:USC00335188,",,7,0800",0
5057,2017-05-26T00:00:00,DAPR,GHCND:USC00335188,",,7,",2
5058,2017-05-26T00:00:00,MDPR,GHCND:USC00335188,",,7,",960
5059,2017-05-30T00:00:00,DAPR,GHCND:USC00335188,",,7,",4
5060,2017-05-30T00:00:00,MDPR,GHCND:USC00335188,",,7,",41
5061,2017-05-31T00:00:00,PRCP,GHCND:USC00335188,",,7,0800",33
5062,2017-06-01T00:00:00,PRCP,GHCND:USC00335188,",,7,0800",0
5063,2017-06-02T00:00:00,PRCP,GHCND:USC00335188,",,7,0800",0
5064,2017-06-05T00:00:00,DAPR,GHCND:USC00335188,",,7,",3
5065,2017-06-05T00:00:00,MDPR,GHCND:USC00335188,",,7,",0
5066,2017-06-07T00:00:00,DAPR,GHCND:USC00335188,",,7,",2
5067,2017-06-07T00:00:00,MDPR,GHCND:USC00335188,",,7,",64
5068,2017-06-08T00:00:00,PRCP,GHCND:USC00335188,",,7,0800",0
5069,2017-06-09T00:00:00,PRCP,GHCND:USC00335188,",,7,0800",0
5070,2017-06-12T00:00:00,DAPR,GHCND:USC00335188,",,7,",3
5071,2017-06-12T00:00:00,MDPR,GHCND:USC00335188,",,7,",0
5072,2017-06-13T00:00:00,PRCP,GHCND:USC00335188,",,7,0800",0
5073,2017-06-14T00:00:00,PRCP,GHCND:USC00335188,",,7,0800",559
5074,2017-06-15T00:00:00,PRCP,GHCND:USC00335188,",,7,0800",114
5075,2017-06-16T00:00:00,PRCP,GHCND:USC00335188,",,7,0800",0
5076,2017-06-19T00:00:00,DAPR,GHCND:USC00335188,",,7,",3
5077,2017-06-19T00:00:00,MDPR,GHCND:USC00335188,",,7,",84
5078,2017-06-20T00:00:00,PRCP,GHCND:USC00335188,",,7,0800",5
5079,2017-06-21T00:00:00,PRCP,GHCND:USC00335188,",,7,0800",0
5080,2017-06-22T00:00:00,PRCP,GHCND:USC00335188,",,7,0800",3
5081,2017-06-26T00:00:00,DAPR,GHCND:USC00335188,",,7,",4
5082,2017-06-26T00:00:00,MDPR,GHCND:USC00335188,",,7,",536
5083,2017-06-27T00:00:00,PRCP,GHCND:USC00335188,",,7,0800",0
5084,2017-06-28T00:00:00,PRCP,GHCND:USC00335188,",,7,0800",0
5085,2017-06-29T00:00:00,PRCP,GHCND:USC00335188,",,7,0800",0
5086,2017-06-30T00:00:00,PRCP,GHCND:USC00335188,",,7,0800",0
5087,2017-07-03T00:00:00,DAPR,GHCND:USC00335188,",,7,",3
5088,2017-07-03T00:00:00,MDPR,GHCND:USC00335188,",,7,",157
5089,2017-07-05T00:00:00,DAPR,GHCND:USC00335188,",,7,",2
5090,2017-07-05T00:00:00,MDPR,GHCND:USC00335188,",,7,",38
5091,2017-07-06T00:00:00,PRCP,GHCND:USC00335188,",,7,0800",23
5092,2017-07-07T00:00:00,PRCP,GHCND:USC00335188,",,7,0800",33
5093,2017-07-10T00:00:00,DAPR,GHCND:USC00335188,",,7,",3
5094,2017-07-10T00:00:00,MDPR,GHCND:USC00335188,",,7,",152
5095,2017-07-11T00:00:00,PRCP,GHCND:USC00335188,",,7,0800",13
5096,2017-07-12T00:00:00,PRCP,GHCND:USC00335188,",,7,0800",124
5097,2017-07-13T00:00:00,PRCP,GHCND:USC00335188,",,7,0800",0
5098,2017-07-14T00:00:00,PRCP,GHCND:USC00335188,",,7,0800",483
5099,2017-07-17T00:00:00,DAPR,GHCND:USC00335188,",,7,",3
5100,2017-07-17T00:00:00,MDPR,GHCND:USC00335188,",,7,",3
5101,2017-07-18T00:00:00,PRCP,GHCND:USC00335188,",,7,0800",0
5102,2017-07-19T00:00:00,PRCP,GHCND:USC00335188,",,7,0800",0
5103,2017-07-25T00:00:00,DAPR,GHCND:USC00335188,",,7,",6
5104,2017-07-25T00:00:00,MDPR,GHCND:USC00335188,",,7,",467
5105,2017-07-26T00:00:00,PRCP,GHCND:USC00335188,",,7,0800",0
5106,2017-07-27T00:00:00,PRCP,GHCND:USC00335188,",,7,0800",0
5107,2017-07-28T00:00:00,PRCP,GHCND:USC00335188,",,7,0800",89
5108,2017-07-31T00:00:00,DAPR,GHCND:USC00335188,",,7,",3
5109,2017-07-31T00:00:00,MDPR,GHCND:USC00335188,",,7,",25
5110,2017-08-01T00:00:00,PRCP,GHCND:USC00335188,",,7,0800",0
5111,2017-08-02T00:00:00,PRCP,GHCND:USC00335188,",,7,0800",0
5112,2017-08-03T00:00:00,PRCP,GHCND:USC00335188,",,7,0800",84
5113,2017-08-04T00:00:00,PRCP,GHCND:USC00335188,",,7,0800",0
5114,2017-08-07T00:00:00,DAPR,GHCND:USC00335188,",,7,",3
5115,2017-08-07T00:00:00,MDPR,GHCND:USC00335188,",,7,",69
5116,2017-08-08T00:00:00,PRCP,GHCND:USC00335188,",,7,0800",58
5117,2017-08-09T00:00:00,PRCP,GHCND:USC00335188,",,7,0800",0
5118,2017-08-10T00:00:00,PRCP,GHCND:USC00335188,",,7,0800",0
5119,2017-08-11T00:00:00,PRCP,GHCND:USC00335188,",,7,0800",0
5120,2017-08-12T00:00:00,PRCP,GHCND:USC00335188,",,7,0800",0
5121,2017-08-13T00:00:00,PRCP,GHCND:USC00335188,",,7,0800",0
5122,2017-08-14T00:00:00,PRCP,GHCND:USC00335188,",,7,0800",0
5123,2017-08-15T00:00:00,PRCP,GHCND:USC00335188,",,7,0800",0
5124,2017-08-16T00:00:00,PRCP,GHCND:USC00335188,",,7,0800",0
5125,2017-08-17T00:00:00,PRCP,GHCND:USC00335188,",,7,0800",5
5126,2017-08-21T00:00:00,DAPR,GHCND:USC00335188,",,7,",4
5127,2017-08-21T00:00:00,MDPR,GHCND:USC00335188,",,7,",315
5128,2017-08-22T00:00:00,PRCP,GHCND:USC00335188,",,7,0800",0
5129,2017-08-23T00:00:00,PRCP,GHCND:USC00335188,",,7,0800",0
5130,2017-08-24T00:00:00,PRCP,GHCND:USC00335188,",,7,0800",0
5131,2017-08-25T00:00:00,PRCP,GHCND:USC00335188,",,7,0800",0
5132,2017-08-26T00:00:00,PRCP,GHCND:USC00335188,",,7,0800",0
5133,2017-08-27T00:00:00,PRCP,GHCND:USC00335188,",,7,0800",0
5134,2017-08-28T00:00:00,PRCP,GHCND:USC00335188,",,7,0800",0
5135,2017-08-29T00:00:00,PRCP,GHCND:USC00335188,",,7,0800",216
5136,2017-08-30T00:00:00,PRCP,GHCND:USC00335188,",,7,0800",3
5137,2017-08-31T00:00:00,PRCP,GHCND:USC00335188,",,7,0800",0
5138,2017-09-01T00:00:00,PRCP,GHCND:USC00335188,",,7,0800",3
5139,2017-09-05T00:00:00,DAPR,GHCND:USC00335188,",,7,",4
5140,2017-09-05T00:00:00,MDPR,GHCND:USC00335188,",,7,",465
5141,2017-09-06T00:00:00,PRCP,GHCND:USC00335188,",,7,0800",3
5142,2017-09-07T00:00:00,PRCP,GHCND:USC00335188,",,7,0800",0
5143,2017-09-08T00:00:00,PRCP,GHCND:USC00335188,",,7,0800",0
5144,2017-09-09T00:00:00,PRCP,GHCND:USC00335188,",,7,0800",0
5145,2017-09-10T00:00:00,PRCP,GHCND:USC00335188,",,7,0800",0
5146,2017-09-11T00:00:00,PRCP,GHCND:USC00335188,",,7,0800",0
5147,2017-09-14T00:00:00,DAPR,GHCND:USC00335188,",,7,",3
5148,2017-09-14T00:00:00,MDPR,GHCND:USC00335188,",,7,",94
5149,2017-09-15T00:00:00,PRCP,GHCND:USC00335188,",,7,0800",0
5150,2017-09-16T00:00:00,PRCP,GHCND:USC00335188,",,7,0800",0
5151,2017-09-17T00:00:00,PRCP,GHCND:USC00335188,",,7,0800",0
5152,2017-09-18T00:00:00,PRCP,GHCND:USC00335188,",,7,0800",0
5153,2017-09-19T00:00:00,PRCP,GHCND:USC00335188,",,7,0800",0
5154,2017-09-20T00:00:00,PRCP,GHCND:USC00335188,",,7,0800",46
5155,2017-09-21T00:00:00,PRCP,GHCND:USC00335188,",,7,0800",3
5156,2017-09-22T00:00:00,PRCP,GHCND:USC00335188,",,7,0800",13
5157,2017-09-25T00:00:00,DAPR,GHCND:USC00335188,",,7,",3
5158,2017-09-25T00:00:00,MDPR,GHCND:USC00335188,",,7,",0
5159,2017-09-26T00:00:00,PRCP,GHCND:USC00335188,",,7,0800",0
5160,2017-09-27T00:00:00,PRCP,GHCND:USC00335188,",,7,0800",0
5161,2017-09-28T00:00:00,PRCP,GHCND:USC00335188,",,7,0800",0
5162,2017-09-29T00:00:00,PRCP,GHCND:USC00335188,",,7,0800",0
5163,2017-10-02T00:00:00,DAPR,GHCND:USC00335188,",,7,",3
5164,2017-10-02T00:00:00,MDPR,GHCND:USC00335188,",,7,",0
5165,2017-10-03T00:00:00,PRCP,GHCND:USC00335188,",,7,0800",0
5166,2017-10-05T00:00:00,DAPR,GHCND:USC00335188,",,7,",2
5167,2017-10-05T00:00:00,MDPR,GHCND:USC00335188,",,7,",69
5168,2017-10-10T00:00:00,DAPR,GHCND:USC00335188,",,7,",5
5169,2017-10-10T00:00:00,MDPR,GHCND:USC00335188,",,7,",488
5170,2017-10-11T00:00:00,PRCP,GHCND:USC00335188,",,7,0800",64
5171,2017-10-12T00:00:00,PRCP,GHCND:USC00335188,",,7,0800",3
5172,2017-10-13T00:00:00,PRCP,GHCND:USC00335188,",,7,0800",0
5173,2017-10-16T00:00:00,DAPR,GHCND:USC00335188,",,7,",3
5174,2017-10-16T00:00:00,MDPR,GHCND:USC00335188,",,7,",5
5175,2017-10-17T00:00:00,PRCP,GHCND:USC00335188,",,7,0800",0
5176,2017-10-18T00:00:00,PRCP,GHCND:USC00335188,",,7,0800",0
5177,2017-10-19T00:00:00,PRCP,GHCND:USC00335188,",,7,0800",0
5178,2017-10-20T00:00:00,PRCP,GHCND:USC00335188,",,7,0800",0
5179,2017-10-23T00:00:00,DAPR,GHCND:USC00335188,",,7,",3
5180,2017-10-23T00:00:00,MDPR,GHCND:USC00335188,",,7,",8
5181,2017-10-24T00:00:00,PRCP,GHCND:USC00335188,",,7,0800",246
5182,2017-10-25T00:00:00,PRCP,GHCND:USC00335188,",,7,0800",18
5183,2017-10-26T00:00:00,PRCP,GHCND:USC00335188,",,7,0800",0
5184,2017-10-27T00:00:00,PRCP,GHCND:USC00335188,",,7,0800",0
5185,2017-10-30T00:00:00,DAPR,GHCND:USC00335188,",,7,",3
5186,2017-10-30T00:00:00,MDPR,GHCND:USC00335188,",,7,",241
5187,2017-10-31T00:00:00,PRCP,GHCND:USC00335188,",,7,0800",10
5188,2017-11-01T00:00:00,PRCP,GHCND:USC00335188,",,7,0800",10
5189,2017-11-02T00:00:00,PRCP,GHCND:USC00335188,",,7,0800",86
5190,2017-11-03T00:00:00,PRCP,GHCND:USC00335188,",,7,0800",64
5191,2017-11-06T00:00:00,DAPR,GHCND:USC00335188,",,7,",3
5192,2017-11-06T00:00:00,MDPR,GHCND:USC00335188,",,7,",983
5193,2017-11-07T00:00:00,PRCP,GHCND:USC00335188,",,7,0800",69
5194,2017-11-08T00:00:00,PRCP,GHCND:USC00335188,",,7,0800",20
5195,2017-11-09T00:00:00,PRCP,GHCND:USC00335188,",,7,0800",0
5196,2017-11-14T00:00:00,DAPR,GHCND:USC00335188,",,7,",5
5197,2017-11-14T00:00:00,MDPR,GHCND:USC00335188,",,7,",38
5198,2017-11-17T00:00:00,DAPR,GHCND:USC00335188,",,7,",3
5199,2017-11-17T00:00:00,MDPR,GHCND:USC00335188,",,7,",79
5200,2017-11-20T00:00:00,DAPR,GHCND:USC00335188,",,7,",3
5201,2017-11-20T00:00:00,MDPR,GHCND:USC00335188,",,7,",124
5202,2017-11-21T00:00:00,PRCP,GHCND:USC00335188,",,7,0800",0
5203,2017-11-22T00:00:00,PRCP,GHCND:USC00335188,",,7,0800",0
5204,2017-11-23T00:00:00,PRCP,GHCND:USC00335188,",,7,0800",0
5205,2017-11-24T00:00:00,PRCP,GHCND:USC00335188,",,7,0800",0
5206,2017-11-25T00:00:00,PRCP,GHCND:USC00335188,",,7,0800",0
5207,2017-11-26T00:00:00,PRCP,GHCND:USC00335188,",,7,0800",0
5208,2017-11-27T00:00:00,PRCP,GHCND:USC00335188,",,7,0800",0
5209,2017-11-28T00:00:00,PRCP,GHCND:USC00335188,",,7,0800",0
5210,2017-11-29T00:00:00,PRCP,GHCND:USC00335188,",,7,0800",0
5211,2017-11-30T00:00:00,PRCP,GHCND:USC00335188,",,7,0800",0
5212,2017-12-01T00:00:00,PRCP,GHCND:USC00335188,",,7,0800",38
5213,2017-12-02T00:00:00,PRCP,GHCND:USC00335188,",,7,0800",0
5214,2017-12-03T00:00:00,PRCP,GHCND:USC00335188,",,7,0800",0
5215,2017-12-04T00:00:00,PRCP,GHCND:USC00335188,",,7,0800",0
5216,2017-12-05T00:00:00,PRCP,GHCND:USC00335188,",,7,0800",127
5217,2017-12-06T00:00:00,PRCP,GHCND:USC00335188,",,7,0800",0
5218,2017-12-07T00:00:00,PRCP,GHCND:USC00335188,",,7,0800",0
5219,2017-12-08T00:00:00,PRCP,GHCND:USC00335188,",,7,0800",0
5220,2017-12-09T00:00:00,PRCP,GHCND:USC00335188,",,7,0800",0
5221,2017-12-10T00:00:00,PRCP,GHCND:USC00335188,",,7,0800",0
5222,2017-12-11T00:00:00,PRCP,GHCND:USC00335188,",,7,0800",0
5223,2017-12-12T00:00:00,PRCP,GHCND:USC00335188,",,7,0800",0
5224,2017-12-13T00:00:00,PRCP,GHCND:USC00335188,",,7,0800",0
5225,2017-12-14T00:00:00,PRCP,GHCND:USC00335188,",,7,0800",0
5226,2017-12-15T00:00:00,PRCP,GHCND:USC00335188,",,7,0800",0
5227,2017-12-18T00:00:00,DAPR,GHCND:USC00335188,",,7,",3
5228,2017-12-18T00:00:00,MDPR,GHCND:USC00335188,",,7,",3
5229,2017-12-19T00:00:00,PRCP,GHCND:USC00335188,",,7,0800",3
5230,2017-12-20T00:00:00,PRCP,GHCND:USC00335188,",,7,0800",0
5231,2017-12-21T00:00:00,PRCP,GHCND:USC00335188,",,7,0800",0
5232,2017-12-22T00:00:00,PRCP,GHCND:USC00335188,",,7,0800",0
5233,2017-12-26T00:00:00,DAPR,GHCND:USC00335188,",,7,",4
5234,2017-12-26T00:00:00,MDPR,GHCND:USC00335188,",,7,",368
5235,2017-12-27T00:00:00,PRCP,GHCND:USC00335188,",,7,0800",0
5236,2017-12-28T00:00:00,PRCP,GHCND:USC00335188,",,7,0800",0
5237,2017-12-29T00:00:00,PRCP,GHCND:USC00335188,",,7,0800",0
5238,2018-01-02T00:00:00,DAPR,GHCND:USC00335188,",,7,",4
5239,2018-01-02T00:00:00,MDPR,GHCND:USC00335188,",,7,",20
5240,2018-01-03T00:00:00,PRCP,GHCND:USC00335188,",,7,0800",0
5241,2018-01-04T00:00:00,PRCP,GHCND:USC00335188,",,7,0800",0
5242,2018-01-05T00:00:00,PRCP,GHCND:USC00335188,",,7,0800",0
5243,2018-01-08T00:00:00,DAPR,GHCND:USC00335188,",,7,",3
5244,2018-01-08T00:00:00,MDPR,GHCND:USC00335188,",,7,",61
5245,2018-01-09T00:00:00,PRCP,GHCND:USC00335188,",,7,0800",3
5246,2018-01-10T00:00:00,PRCP,GHCND:USC00335188,",,7,0800",0
5247,2018-01-11T00:00:00,PRCP,GHCND:USC00335188,",,7,0800",5
5248,2018-01-12T00:00:00,PRCP,GHCND:USC00335188,",,7,0800",267
5249,2018-01-16T00:00:00,DAPR,GHCND:USC00335188,",,7,",4
5250,2018-01-16T00:00:00,MDPR,GHCND:USC00335188,",,7,",175
5251,2018-01-17T00:00:00,PRCP,GHCND:USC00335188,",,7,0800",0
5252,2018-01-18T00:00:00,PRCP,GHCND:USC00335188,",,7,0800",0
5253,2018-01-19T00:00:00,PRCP,GHCND:USC00335188,",,7,0800",0
5254,2018-01-22T00:00:00,DAPR,GHCND:USC00335188,",,7,",3
5255,2018-01-22T00:00:00,MDPR,GHCND:USC00335188,",,7,",3
5256,2018-01-23T00:00:00,PRCP,GHCND:USC00335188,",,7,0800",76
5257,2018-01-24T00:00:00,PRCP,GHCND:USC00335188,",,7,0800",15
5258,2018-01-25T00:00:00,PRCP,GHCND:USC00335188,",,7,0800",5
5259,2018-01-26T00:00:00,PRCP,GHCND:USC00335188,",,7,0800",0
5260,2018-01-29T00:00:00,DAPR,GHCND:USC00335188,",,7,",3
5261,2018-01-29T00:00:00,MDPR,GHCND:USC00335188,",,7,",107
5262,2018-01-30T00:00:00,PRCP,GHCND:USC00335188,",,7,0800",0
5263,2018-01-31T00:00:00,PRCP,GHCND:USC00335188,",,7,0800",0
5264,2018-02-01T00:00:00,PRCP,GHCND:USC00335188,",,7,0800",0
5265,2018-02-02T00:00:00,PRCP,GHCND:USC00335188,",,7,0800",13
5266,2018-02-05T00:00:00,DAPR,GHCND:USC00335188,",,7,",3
5267,2018-02-05T00:00:00,MDPR,GHCND:USC00335188,",,7,",28
5268,2018-02-06T00:00:00,PRCP,GHCND:USC00335188,",,7,0800",0
5269,2018-02-08T00:00:00,DAPR,GHCND:USC00335188,",,7,",2
5270,2018-02-08T00:00:00,MDPR,GHCND:USC00335188,",,7,",99
5271,2018-02-09T00:00:00,PRCP,GHCND:USC00335188,",,7,0800",0
5272,2018-02-12T00:00:00,DAPR,GHCND:USC00335188,",,7,",3
5273,2018-02-12T00:00:00,MDPR,GHCND:USC00335188,",,7,",91
5274,2018-02-13T00:00:00,PRCP,GHCND:USC00335188,",,7,0800",0
5275,2018-02-14T00:00:00,PRCP,GHCND:USC00335188,",,7,0800",0
5276,2018-02-15T00:00:00,PRCP,GHCND:USC00335188,",,7,0800",58
5277,2018-02-16T00:00:00,PRCP,GHCND:USC00335188,",,7,0800",272
5278,2018-02-20T00:00:00,DAPR,GHCND:USC00335188,",,7,",4
5279,2018-02-20T00:00:00,MDPR,GHCND:USC00335188,",,7,",74
5280,2018-02-21T00:00:00,PRCP,GHCND:USC00335188,",,7,0800",43
5281,2018-02-22T00:00:00,PRCP,GHCND:USC00335188,",,7,0800",234
5282,2018-02-23T00:00:00,PRCP,GHCND:USC00335188,",,7,0800",157
5283,2018-02-26T00:00:00,DAPR,GHCND:USC00335188,",,7,",3
5284,2018-02-26T00:00:00,MDPR,GHCND:USC00335188,",,7,",711
5285,2018-02-27T00:00:00,PRCP,GHCND:USC00335188,",,7,0800",0
5286,2018-02-28T00:00:00,PRCP,GHCND:USC00335188,",,7,0800",0
5287,2018-03-01T00:00:00,PRCP,GHCND:USC00335188,",,7,0800",81
5288,2018-03-02T00:00:00,PRCP,GHCND:USC00335188,",,7,0800",56
5289,2018-03-05T00:00:00,DAPR,GHCND:USC00335188,",,7,",3
5290,2018-03-05T00:00:00,MDPR,GHCND:USC00335188,",,7,",3
5291,2018-03-06T00:00:00,PRCP,GHCND:USC00335188,",,7,0800",0
5292,2018-03-07T00:00:00,PRCP,GHCND:USC00335188,",,7,0800",5
5293,2018-03-08T00:00:00,PRCP,GHCND:USC00335188,",,7,0800",0
5294,2018-03-09T00:00:00,PRCP,GHCND:USC00335188,",,7,0800",0
5295,2018-03-12T00:00:00,DAPR,GHCND:USC00335188,",,7,",3
5296,2018-03-12T00:00:00,MDPR,GHCND:USC00335188,",,7,",5
5297,2018-03-13T00:00:00,PRCP,GHCND:USC00335188,",,7,0800",0
5298,2018-03-14T00:00:00,PRCP,GHCND:USC00335188,",,7,0800",23
5299,2018-03-15T00:00:00,PRCP,GHCND:USC00335188,",,7,0800",0
5300,2018-03-16T00:00:00,PRCP,GHCND:USC00335188,",,7,0800",0
5301,2018-03-19T00:00:00,DAPR,GHCND:USC00335188,",,7,",3
5302,2018-03-19T00:00:00,MDPR,GHCND:USC00335188,",,7,",3
5303,2018-03-22T00:00:00,DAPR,GHCND:USC00335188,",,7,",3
5304,2018-03-22T00:00:00,MDPR,GHCND:USC00335188,",,7,",119
5305,2018-03-23T00:00:00,PRCP,GHCND:USC00335188,",,7,0800",0
5306,2018-03-26T00:00:00,DAPR,GHCND:USC00335188,",,7,",3
5307,2018-03-26T00:00:00,MDPR,GHCND:USC00335188,",,7,",58
5308,2018-03-27T00:00:00,PRCP,GHCND:USC00335188,",,7,0800",8
5309,2018-03-28T00:00:00,PRCP,GHCND:USC00335188,",,7,0800",185
5310,2018-03-30T00:00:00,DAPR,GHCND:USC00335188,",,7,",2
5311,2018-03-30T00:00:00,MDPR,GHCND:USC00335188,",,7,",109
5312,2018-04-03T00:00:00,DAPR,GHCND:USC00335188,",,7,",4
5313,2018-04-03T00:00:00,MDPR,GHCND:USC00335188,",,7,",442
5314,2018-04-04T00:00:00,PRCP,GHCND:USC00335188,",,7,0800",218
5315,2018-04-05T00:00:00,PRCP,GHCND:USC00335188,",,7,0800",0
5316,2018-04-06T00:00:00,PRCP,GHCND:USC00335188,",,7,0800",0
5317,2018-04-09T00:00:00,DAPR,GHCND:USC00335188,",,7,",3
5318,2018-04-09T00:00:00,MDPR,GHCND:USC00335188,",,7,",30
5319,2018-04-10T00:00:00,PRCP,GHCND:USC00335188,",,7,0800",0
5320,2018-04-11T00:00:00,PRCP,GHCND:USC00335188,",,7,0800",0
5321,2018-04-12T00:00:00,PRCP,GHCND:USC00335188,",,7,0800",0
5322,2018-04-13T00:00:00,PRCP,GHCND:USC00335188,",,7,0800",0
5323,2018-04-16T00:00:00,DAPR,GHCND:USC00335188,",,7,",3
5324,2018-04-16T00:00:00,MDPR,GHCND:USC00335188,",,7,",376
5325,2018-04-17T00:00:00,PRCP,GHCND:USC00335188,",,7,0800",10
5326,2018-04-18T00:00:00,PRCP,GHCND:USC00335188,",,7,0800",0
5327,2018-04-19T00:00:00,PRCP,GHCND:USC00335188,",,7,0800",15
5328,2018-04-20T00:00:00,PRCP,GHCND:USC00335188,",,7,0800",0
5329,2018-04-21T00:00:00,PRCP,GHCND:USC00335188,",,7,0800",0
5330,2018-04-22T00:00:00,PRCP,GHCND:USC00335188,",,7,0800",0
5331,2018-04-23T00:00:00,PRCP,GHCND:USC00335188,",,7,0800",0
5332,2018-04-24T00:00:00,PRCP,GHCND:USC00335188,",,7,0800",122
5333,2018-04-25T00:00:00,PRCP,GHCND:USC00335188,",,7,0800",46
5334,2018-04-26T00:00:00,PRCP,GHCND:USC00335188,",,7,0800",5
5335,2018-04-27T00:00:00,PRCP,GHCND:USC00335188,",,7,0800",0
5336,2018-04-28T00:00:00,PRCP,GHCND:USC00335188,",,7,0800",0
5337,2018-04-29T00:00:00,PRCP,GHCND:USC00335188,",,7,0800",0
5338,2018-04-30T00:00:00,PRCP,GHCND:USC00335188,",,7,0800",0
5339,2018-05-01T00:00:00,PRCP,GHCND:USC00335188,",,7,0800",0
5340,2018-05-02T00:00:00,PRCP,GHCND:USC00335188,",,7,0800",0
5341,2018-05-03T00:00:00,PRCP,GHCND:USC00335188,",,7,0800",0
5342,2018-05-04T00:00:00,PRCP,GHCND:USC00335188,",,7,0800",15
5343,2018-05-07T00:00:00,DAPR,GHCND:USC00335188,",,7,",3
5344,2018-05-07T00:00:00,MDPR,GHCND:USC00335188,",,7,",127
5345,2018-05-08T00:00:00,PRCP,GHCND:USC00335188,",,7,0800",3
5346,2018-05-09T00:00:00,PRCP,GHCND:USC00335188,",,7,0800",0
5347,2018-05-10T00:00:00,PRCP,GHCND:USC00335188,",,7,0800",46
5348,2018-05-11T00:00:00,PRCP,GHCND:USC00335188,",,7,0800",0
5349,2018-05-14T00:00:00,DAPR,GHCND:USC00335188,",,7,",3
5350,2018-05-14T00:00:00,MDPR,GHCND:USC00335188,",,7,",0
5351,2018-05-15T00:00:00,PRCP,GHCND:USC00335188,",,7,0800",0
5352,2018-05-16T00:00:00,PRCP,GHCND:USC00335188,",,7,0800",3
5353,2018-05-17T00:00:00,PRCP,GHCND:USC00335188,",,7,0800",401
5354,2018-05-18T00:00:00,PRCP,GHCND:USC00335188,",,7,0800",147
5355,2018-05-21T00:00:00,DAPR,GHCND:USC00335188,",,7,",3
5356,2018-05-21T00:00:00,MDPR,GHCND:USC00335188,",,7,",147
5357,2018-05-22T00:00:00,PRCP,GHCND:USC00335188,",,7,0800",191
5358,2018-05-23T00:00:00,PRCP,GHCND:USC00335188,",,7,0800",76
5359,2018-05-24T00:00:00,PRCP,GHCND:USC00335188,",,7,0800",0
5360,2018-05-25T00:00:00,PRCP,GHCND:USC00335188,",,7,0800",0
5361,2018-05-29T00:00:00,DAPR,GHCND:USC00335188,",,7,",4
5362,2018-05-29T00:00:00,MDPR,GHCND:USC00335188,",,7,",142
5363,2018-05-30T00:00:00,PRCP,GHCND:USC00335188,",,7,0800",0
5364,2018-05-31T00:00:00,PRCP,GHCND:USC00335188,",,7,0800",107
5365,2018-06-01T00:00:00,PRCP,GHCND:USC00335188,",,7,0800",41
5366,2018-06-04T00:00:00,DAPR,GHCND:USC00335188,",,7,",3
5367,2018-06-04T00:00:00,MDPR,GHCND:USC00335188,",,7,",5
5368,2018-06-14T00:00:00,DAPR,GHCND:USC00335188,",,7,",10
5369,2018-06-14T00:00:00,MDPR,GHCND:USC00335188,",,7,",460
5370,2018-06-15T00:00:00,PRCP,GHCND:USC00335188,",,7,0800",0
5371,2018-06-16T00:00:00,PRCP,GHCND:USC00335188,",,7,0800",0
5372,2018-06-17T00:00:00,PRCP,GHCND:USC00335188,",,7,0800",0
5373,2018-06-18T00:00:00,PRCP,GHCND:USC00335188,",,7,0800",0
5374,2018-06-19T00:00:00,PRCP,GHCND:USC00335188,",,7,0800",0
5375,2018-06-20T00:00:00,PRCP,GHCND:USC00335188,",,7,0800",3
5376,2018-06-21T00:00:00,PRCP,GHCND:USC00335188,",,7,0800",213
5377,2018-06-22T00:00:00,PRCP,GHCND:USC00335188,",,7,0800",203
5378,2018-06-25T00:00:00,DAPR,GHCND:USC00335188,",,7,",3
5379,2018-06-25T00:00:00,MDPR,GHCND:USC00335188,",,7,",53
5380,2018-06-26T00:00:00,PRCP,GHCND:USC00335188,",,7,0800",13
5381,2018-06-27T00:00:00,PRCP,GHCND:USC00335188,",,7,0800",213
5382,2018-06-28T00:00:00,PRCP,GHCND:USC00335188,",,7,0800",8
5383,2018-06-29T00:00:00,PRCP,GHCND:USC00335188,",,7,0800",0
5384,2018-07-02T00:00:00,DAPR,GHCND:USC00335188,",,7,",3
5385,2018-07-02T00:00:00,MDPR,GHCND:USC00335188,",,7,",97
5386,2018-07-03T00:00:00,PRCP,GHCND:USC00335188,",,7,0800",3
5387,2018-07-05T00:00:00,DAPR,GHCND:USC00335188,",,7,",2
5388,2018-07-05T00:00:00,MDPR,GHCND:USC00335188,",,7,",61
5389,2018-07-06T00:00:00,PRCP,GHCND:USC00335188,",,7,0800",56
5390,2018-07-07T00:00:00,PRCP,GHCND:USC00335188,",,7,0800",0
5391,2018-07-08T00:00:00,PRCP,GHCND:USC00335188,",,7,0800",0
5392,2018-07-09T00:00:00,PRCP,GHCND:USC00335188,",,7,0800",0
5393,2018-07-10T00:00:00,PRCP,GHCND:USC00335188,",,7,0800",0
5394,2018-07-11T00:00:00,PRCP,GHCND:USC00335188,",,7,0800",0
5395,2018-07-12T00:00:00,PRCP,GHCND:USC00335188,",,7,0800",0
5396,2018-07-13T00:00:00,PRCP,GHCND:USC00335188,",,7,0800",0
5397,2018-07-14T00:00:00,PRCP,GHCND:USC00335188,",,7,0800",0
5398,2018-07-15T00:00:00,PRCP,GHCND:USC00335188,",,7,0800",0
5399,2018-07-16T00:00:00,PRCP,GHCND:USC00335188,",,7,0800",0
5400,2018-07-17T00:00:00,PRCP,GHCND:USC00335188,",,7,0800",0
5401,2018-07-18T00:00:00,PRCP,GHCND:USC00335188,",,7,0800",0
5402,2018-07-19T00:00:00,PRCP,GHCND:USC00335188,",,7,0800",0
5403,2018-07-20T00:00:00,PRCP,GHCND:USC00335188,",,7,0800",25
5404,2018-07-23T00:00:00,DAPR,GHCND:USC00335188,",,7,",3
5405,2018-07-23T00:00:00,MDPR,GHCND:USC00335188,",,7,",348
5406,2018-07-24T00:00:00,PRCP,GHCND:USC00335188,",,7,0800",0
5407,2018-07-25T00:00:00,PRCP,GHCND:USC00335188,",,7,0800",0
5408,2018-07-26T00:00:00,PRCP,GHCND:USC00335188,",,7,0800",0
5409,2018-07-27T00:00:00,PRCP,GHCND:USC00335188,",,7,0800",0
5410,2018-07-28T00:00:00,PRCP,GHCND:USC00335188,",,7,0800",0
5411,2018-07-29T00:00:00,PRCP,GHCND:USC00335188,",,7,0800",0
5412,2018-07-30T00:00:00,PRCP,GHCND:USC00335188,",,7,0800",0
5413,2018-07-31T00:00:00,PRCP,GHCND:USC00335188,",,7,0800",0
5414,2018-08-01T00:00:00,PRCP,GHCND:USC00335188,",,7,0800",0
5415,2018-08-02T00:00:00,PRCP,GHCND:USC00335188,",,7,0800",0
5416,2018-08-03T00:00:00,PRCP,GHCND:USC00335188,",,7,0800",0
5417,2018-08-04T00:00:00,PRCP,GHCND:USC00335188,",,7,0800",0
5418,2018-08-05T00:00:00,PRCP,GHCND:USC00335188,",,7,0800",0
5419,2018-08-06T00:00:00,PRCP,GHCND:USC00335188,",,7,0800",0
5420,2018-08-07T00:00:00,PRCP,GHCND:USC00335188,",,7,0800",69
5421,2018-08-08T00:00:00,PRCP,GHCND:USC00335188,",,7,0800",41
5422,2018-08-09T00:00:00,PRCP,GHCND:USC00335188,",,7,0800",117
5423,2018-08-10T00:00:00,PRCP,GHCND:USC00335188,",,7,0800",3
5424,2018-08-12T00:00:00,DAPR,GHCND:USC00335188,",,7,",2
5425,2018-08-12T00:00:00,MDPR,GHCND:USC00335188,",,7,",41
5426,2018-08-13T00:00:00,PRCP,GHCND:USC00335188,",,7,0800",10
5427,2018-08-14T00:00:00,PRCP,GHCND:USC00335188,",,7,0800",0
5428,2018-08-15T00:00:00,PRCP,GHCND:USC00335188,",,7,0800",0
5429,2018-08-16T00:00:00,PRCP,GHCND:USC00335188,",,7,0800",366
5430,2018-08-17T00:00:00,PRCP,GHCND:USC00335188,",,7,0800",165
5431,2018-08-18T00:00:00,PRCP,GHCND:USC00335188,",,7,0800",13
5432,2018-08-19T00:00:00,PRCP,GHCND:USC00335188,",,7,0800",0
5433,2018-08-20T00:00:00,PRCP,GHCND:USC00335188,",,7,0800",0
5434,2018-08-21T00:00:00,PRCP,GHCND:USC00335188,",,7,0800",445
5435,2018-08-22T00:00:00,PRCP,GHCND:USC00335188,",,7,0800",3
5436,2018-08-23T00:00:00,PRCP,GHCND:USC00335188,",,7,0800",0
5437,2018-08-24T00:00:00,PRCP,GHCND:USC00335188,",,7,0800",0
5438,2018-08-27T00:00:00,DAPR,GHCND:USC00335188,",,7,",3
5439,2018-08-27T00:00:00,MDPR,GHCND:USC00335188,",,7,",25
5440,2018-08-28T00:00:00,PRCP,GHCND:USC00335188,",,7,0800",0
5441,2018-08-29T00:00:00,PRCP,GHCND:USC00335188,",,7,0800",0
5442,2018-08-30T00:00:00,PRCP,GHCND:USC00335188,",,7,0800",224
5443,2018-08-31T00:00:00,PRCP,GHCND:USC00335188,",,7,0800",0
5444,2018-09-04T00:00:00,DAPR,GHCND:USC00335188,",,7,",4
5445,2018-09-04T00:00:00,MDPR,GHCND:USC00335188,",,7,",478
5446,2018-09-05T00:00:00,PRCP,GHCND:USC00335188,",,7,0800",94
5447,2018-09-06T00:00:00,PRCP,GHCND:USC00335188,",,7,0800",399
5448,2018-09-07T00:00:00,PRCP,GHCND:USC00335188,",,7,0800",15
5449,2018-09-08T00:00:00,PRCP,GHCND:USC00335188,",,7,0800",330
5450,2018-09-10T00:00:00,DAPR,GHCND:USC00335188,",,7,",2
5451,2018-09-10T00:00:00,MDPR,GHCND:USC00335188,",,7,",711
5452,2018-09-11T00:00:00,PRCP,GHCND:USC00335188,",,7,0800",0
5453,2018-09-12T00:00:00,PRCP,GHCND:USC00335188,",,7,0800",0
5454,2018-09-13T00:00:00,PRCP,GHCND:USC00335188,",,7,0800",0
5455,2018-09-14T00:00:00,PRCP,GHCND:USC00335188,",,7,0800",0
5456,2018-09-15T00:00:00,PRCP,GHCND:USC00335188,",,7,0800",0
5457,2018-09-16T00:00:00,PRCP,GHCND:USC00335188,",,7,0800",0
5458,2018-09-17T00:00:00,PRCP,GHCND:USC00335188,",,7,0800",20
5459,2018-09-18T00:00:00,PRCP,GHCND:USC00335188,",,7,0800",15
5460,2018-09-19T00:00:00,PRCP,GHCND:USC00335188,",,7,0800",0
5461,2018-09-20T00:00:00,PRCP,GHCND:USC00335188,",,7,0800",0
5462,2018-09-21T00:00:00,PRCP,GHCND:USC00335188,",,7,0800",0
5463,2018-09-24T00:00:00,DAPR,GHCND:USC00335188,",,7,",3
5464,2018-09-24T00:00:00,MDPR,GHCND:USC00335188,",,7,",244
5465,2018-09-26T00:00:00,DAPR,GHCND:USC00335188,",,7,",2
5466,2018-09-26T00:00:00,MDPR,GHCND:USC00335188,",,7,",424
5467,2018-09-27T00:00:00,PRCP,GHCND:USC00335188,",,7,0800",5
5468,2018-09-28T00:00:00,PRCP,GHCND:USC00335188,",,7,0800",13
5469,2018-09-29T00:00:00,PRCP,GHCND:USC00335188,",,7,0800",0
5470,2018-09-30T00:00:00,PRCP,GHCND:USC00335188,",,7,0800",0
5471,2018-10-01T00:00:00,PRCP,GHCND:USC00335188,",,7,0800",0
5472,2018-10-02T00:00:00,PRCP,GHCND:USC00335188,",,7,0800",5
5473,2018-10-03T00:00:00,PRCP,GHCND:USC00335188,",,7,0800",0
5474,2018-10-04T00:00:00,PRCP,GHCND:USC00335188,",,7,0800",0
5475,2018-10-05T00:00:00,PRCP,GHCND:USC00335188,",,7,0800",0
5476,2018-10-09T00:00:00,DAPR,GHCND:USC00335188,",,7,",4
5477,2018-10-09T00:00:00,MDPR,GHCND:USC00335188,",,7,",13
5478,2018-10-10T00:00:00,PRCP,GHCND:USC00335188,",,7,0800",0
5479,2018-10-11T00:00:00,PRCP,GHCND:USC00335188,",,7,0800",5
5480,2018-10-12T00:00:00,PRCP,GHCND:USC00335188,",,7,0800",0
5481,2018-10-15T00:00:00,DAPR,GHCND:USC00335188,",,7,",3
5482,2018-10-15T00:00:00,MDPR,GHCND:USC00335188,",,7,",91
5483,2018-10-16T00:00:00,PRCP,GHCND:USC00335188,",,7,0800",5
5484,2018-10-17T00:00:00,PRCP,GHCND:USC00335188,",,7,0800",0
5485,2018-10-18T00:00:00,PRCP,GHCND:USC00335188,",,7,0800",0
5486,2018-10-19T00:00:00,PRCP,GHCND:USC00335188,",,7,0800",0
5487,2018-10-22T00:00:00,DAPR,GHCND:USC00335188,",,7,",3
5488,2018-10-22T00:00:00,MDPR,GHCND:USC00335188,",,7,",20
5489,2018-10-23T00:00:00,PRCP,GHCND:USC00335188,",,7,0800",0
5490,2018-10-24T00:00:00,PRCP,GHCND:USC00335188,",,7,0800",0
5491,2018-10-25T00:00:00,PRCP,GHCND:USC00335188,",,7,0800",0
5492,2018-10-26T00:00:00,PRCP,GHCND:USC00335188,",,7,0800",5
5493,2018-10-29T00:00:00,DAPR,GHCND:USC00335188,",,7,",3
5494,2018-10-29T00:00:00,MDPR,GHCND:USC00335188,",,7,",76
5495,2018-10-30T00:00:00,PRCP,GHCND:USC00335188,",,7,0800",0
5496,2018-10-31T00:00:00,PRCP,GHCND:USC00335188,",,7,0800",0
5497,2018-11-01T00:00:00,PRCP,GHCND:USC00335188,",,7,0800",437
5498,2018-11-02T00:00:00,PRCP,GHCND:USC00335188,",,7,0800",381
5499,2018-11-05T00:00:00,DAPR,GHCND:USC00335188,",,7,",3
5500,2018-11-05T00:00:00,MDPR,GHCND:USC00335188,",,7,",76
5501,2018-11-06T00:00:00,PRCP,GHCND:USC00335188,",,7,0800",203
5502,2018-11-07T00:00:00,PRCP,GHCND:USC00335188,",,7,0800",0
5503,2018-11-08T00:00:00,PRCP,GHCND:USC00335188,",,7,0800",0
5504,2018-11-09T00:00:00,PRCP,GHCND:USC00335188,",,7,0800",56
5505,2018-11-10T00:00:00,PRCP,GHCND:USC00335188,",,7,0800",0
5506,2018-11-11T00:00:00,PRCP,GHCND:USC00335188,",,7,0800",0
5507,2018-11-12T00:00:00,PRCP,GHCND:USC00335188,",,7,0800",0
5508,2018-11-13T00:00:00,PRCP,GHCND:USC00335188,",,7,0800",15
5509,2018-11-14T00:00:00,PRCP,GHCND:USC00335188,",,7,0800",0
5510,2018-11-15T00:00:00,PRCP,GHCND:USC00335188,",,7,0800",203
5511,2018-11-16T00:00:00,PRCP,GHCND:USC00335188,",,7,0800",56
5512,2018-11-17T00:00:00,PRCP,GHCND:USC00335188,",,7,0800",0
5513,2018-11-18T00:00:00,PRCP,GHCND:USC00335188,",,7,0800",0
5514,2018-11-19T00:00:00,PRCP,GHCND:USC00335188,",,7,0800",94
5515,2018-11-20T00:00:00,PRCP,GHCND:USC00335188,",,7,0800",10
5516,2018-11-21T00:00:00,PRCP,GHCND:USC00335188,",,7,0800",8
5517,2018-11-22T00:00:00,PRCP,GHCND:USC00335188,",,7,0800",0
5518,2018-11-23T00:00:00,PRCP,GHCND:USC00335188,",,7,0800",0
5519,2018-11-26T00:00:00,DAPR,GHCND:USC00335188,",,7,",3
5520,2018-11-26T00:00:00,MDPR,GHCND:USC00335188,",,7,",198
5521,2018-11-27T00:00:00,PRCP,GHCND:USC00335188,",,7,0800",20
5522,2018-11-28T00:00:00,PRCP,GHCND:USC00335188,",,7,0800",0
5523,2018-11-29T00:00:00,PRCP,GHCND:USC00335188,",,7,0800",0
5524,2018-11-30T00:00:00,PRCP,GHCND:USC00335188,",,7,0800",5
5525,2018-12-03T00:00:00,DAPR,GHCND:USC00335188,",,7,",3
5526,2018-12-03T00:00:00,MDPR,GHCND:USC00335188,",,7,",424
5527,2018-12-04T00:00:00,PRCP,GHCND:USC00335188,",,7,0800",10
5528,2018-12-05T00:00:00,PRCP,GHCND:USC00335188,",,7,0800",13
5529,2018-12-06T00:00:00,PRCP,GHCND:USC00335188,",,7,0800",0
5530,2018-12-07T00:00:00,PRCP,GHCND:USC00335188,",,7,0800",8
5531,2018-12-08T00:00:00,PRCP,GHCND:USC00335188,",,7,0800",0
5532,2018-12-09T00:00:00,PRCP,GHCND:USC00335188,",,7,0800",0
5533,2018-12-10T00:00:00,PRCP,GHCND:USC00335188,",,7,0800",0
5534,2018-12-11T00:00:00,PRCP,GHCND:USC00335188,",,7,0800",0
5535,2018-12-12T00:00:00,PRCP,GHCND:USC00335188,",,7,0800",0
5536,2018-12-13T00:00:00,PRCP,GHCND:USC00335188,",,7,0800",0
5537,2018-12-14T00:00:00,PRCP,GHCND:USC00335188,",,7,0800",0
5538,2018-12-17T00:00:00,DAPR,GHCND:USC00335188,",,7,",3
5539,2018-12-17T00:00:00,MDPR,GHCND:USC00335188,",,7,",213
5540,2018-12-18T00:00:00,PRCP,GHCND:USC00335188,",,7,0800",0
5541,2018-12-19T00:00:00,PRCP,GHCND:USC00335188,",,7,0800",0
5542,2018-12-20T00:00:00,PRCP,GHCND:USC00335188,",,7,0800",38
5543,2018-12-21T00:00:00,PRCP,GHCND:USC00335188,",,7,0800",216
5544,2018-12-22T00:00:00,PRCP,GHCND:USC00335188,",,7,0800",8
5545,2018-12-23T00:00:00,PRCP,GHCND:USC00335188,",,7,0800",0
5546,2018-12-24T00:00:00,PRCP,GHCND:USC00335188,",,7,0800",0
5547,2018-12-25T00:00:00,PRCP,GHCND:USC00335188,",,7,0800",0
5548,2018-12-26T00:00:00,PRCP,GHCND:USC00335188,",,7,0800",0
5549,2018-12-27T00:00:00,PRCP,GHCND:USC00335188,",,7,0800",0
5550,2018-12-28T00:00:00,PRCP,GHCND:USC00335188,",,7,0800",89
5551,2018-12-29T00:00:00,PRCP,GHCND:USC00335188,",,7,0800",0
5552,2018-12-30T00:00:00,PRCP,GHCND:USC00335188,",,7,0800",0
5553,2018-12-31T00:00:00,PRCP,GHCND:USC00335188,",,7,0800",114
5554,2019-01-01T00:00:00,PRCP,GHCND:USC00335188,",,7,0800",267
5555,2019-01-02T00:00:00,PRCP,GHCND:USC00335188,",,7,0800",0
5556,2019-01-03T00:00:00,PRCP,GHCND:USC00335188,",,7,0800",3
5557,2019-01-04T00:00:00,PRCP,GHCND:USC00335188,",,7,0800",0
5558,2019-01-06T00:00:00,DAPR,GHCND:USC00335188,",,7,",2
5559,2019-01-06T00:00:00,MDPR,GHCND:USC00335188,",,7,",84
5560,2019-01-07T00:00:00,PRCP,GHCND:USC00335188,",,7,0800",0
5561,2019-01-08T00:00:00,PRCP,GHCND:USC00335188,",,7,0800",5
5562,2019-01-09T00:00:00,PRCP,GHCND:USC00335188,",,7,0800",0
5563,2019-01-10T00:00:00,PRCP,GHCND:USC00335188,",,7,0800",0
5564,2019-01-11T00:00:00,PRCP,GHCND:USC00335188,",,7,0800",0
5565,2019-01-14T00:00:00,DAPR,GHCND:USC00335188,",,7,",3
5566,2019-01-14T00:00:00,MDPR,GHCND:USC00335188,",,7,",226
5567,2019-01-15T00:00:00,PRCP,GHCND:USC00335188,",,7,0800",0
5568,2019-01-16T00:00:00,PRCP,GHCND:USC00335188,",,7,0800",8
5569,2019-01-17T00:00:00,PRCP,GHCND:USC00335188,",,7,0800",10
5570,2019-01-18T00:00:00,PRCP,GHCND:USC00335188,",,7,0800",66
5571,2019-01-22T00:00:00,DAPR,GHCND:USC00335188,",,7,",4
5572,2019-01-22T00:00:00,MDPR,GHCND:USC00335188,",,7,",333
5573,2019-01-23T00:00:00,PRCP,GHCND:USC00335188,",,7,0800",20
5574,2019-01-24T00:00:00,PRCP,GHCND:USC00335188,",,7,0800",206
5575,2019-01-25T00:00:00,PRCP,GHCND:USC00335188,",,7,0800",0
5576,2019-01-26T00:00:00,PRCP,GHCND:USC00335188,",,7,0800",0
5577,2019-01-27T00:00:00,PRCP,GHCND:USC00335188,",,7,0800",0
5578,2019-01-28T00:00:00,PRCP,GHCND:USC00335188,",,7,0800",0
5579,2019-01-29T00:00:00,PRCP,GHCND:USC00335188,",,7,0800",8
5580,2019-01-30T00:00:00,PRCP,GHCND:USC00335188,",,7,0800",3
5581,2019-01-31T00:00:00,PRCP,GHCND:USC00335188,",,7,0800",0
5582,2019-02-01T00:00:00,PRCP,GHCND:USC00335188,",,7,0800",13
5583,2019-02-02T00:00:00,PRCP,GHCND:USC00335188,",,7,0800",0
5584,2019-02-03T00:00:00,PRCP,GHCND:USC00335188,",,7,0800",0
5585,2019-02-04T00:00:00,PRCP,GHCND:USC00335188,",,7,0800",0
5586,2019-02-05T00:00:00,PRCP,GHCND:USC00335188,",,7,0800",36
5587,2019-02-06T00:00:00,PRCP,GHCND:USC00335188,",,7,0800",318
5588,2019-02-08T00:00:00,DAPR,GHCND:USC00335188,",,7,",2
5589,2019-02-08T00:00:00,MDPR,GHCND:USC00335188,",,7,",625
5590,2019-02-09T00:00:00,PRCP,GHCND:USC00335188,",,7,0800",0
5591,2019-02-10T00:00:00,PRCP,GHCND:USC00335188,",,7,0800",0
5592,2019-02-11T00:00:00,PRCP,GHCND:USC00335188,",,7,0800",69
5593,2019-02-12T00:00:00,PRCP,GHCND:USC00335188,",,7,0800",348
5594,2019-02-13T00:00:00,PRCP,GHCND:USC00335188,",,7,0800",69
5595,2019-02-14T00:00:00,PRCP,GHCND:USC00335188,",,7,0800",3
5596,2019-02-15T00:00:00,PRCP,GHCND:USC00335188,",,7,0800",0
5597,2019-02-16T00:00:00,PRCP,GHCND:USC00335188,",,7,0800",0
5598,2019-02-17T00:00:00,PRCP,GHCND:USC00335188,",,7,0800",0
5599,2019-02-18T00:00:00,PRCP,GHCND:USC00335188,",,7,0800",0
5600,2019-02-19T00:00:00,PRCP,GHCND:USC00335188,",,7,0800",15
5601,2019-02-20T00:00:00,PRCP,GHCND:USC00335188,",,7,0800",279
5602,2019-02-21T00:00:00,PRCP,GHCND:USC00335188,",,7,0800",69
5603,2019-02-22T00:00:00,PRCP,GHCND:USC00335188,",,7,0800",0
5604,2019-02-23T00:00:00,PRCP,GHCND:USC00335188,",,7,0800",0
5605,2019-02-24T00:00:00,PRCP,GHCND:USC00335188,",,7,0800",79
5606,2019-02-25T00:00:00,PRCP,GHCND:USC00335188,",,7,0800",0
5607,2019-02-26T00:00:00,PRCP,GHCND:USC00335188,",,7,0800",0
5608,2019-02-27T00:00:00,PRCP,GHCND:USC00335188,",,7,0800",0
5609,2019-02-28T00:00:00,PRCP,GHCND:USC00335188,",,7,0800",0
5610,2019-03-01T00:00:00,PRCP,GHCND:USC00335188,",,7,0800",13
5611,2019-03-02T00:00:00,PRCP,GHCND:USC00335188,",,7,0800",0
5612,2019-03-03T00:00:00,PRCP,GHCND:USC00335188,",,7,0800",0
5613,2019-03-04T00:00:00,PRCP,GHCND:USC00335188,",,7,0800",43
5614,2019-03-05T00:00:00,PRCP,GHCND:USC00335188,",,7,0800",0
5615,2019-03-06T00:00:00,PRCP,GHCND:USC00335188,",,7,0800",0
5616,2019-03-07T00:00:00,PRCP,GHCND:USC00335188,",,7,0800",0
5617,2019-03-08T00:00:00,PRCP,GHCND:USC00335188,",,7,0800",5
5618,2019-03-09T00:00:00,PRCP,GHCND:USC00335188,",,7,0800",0
5619,2019-03-10T00:00:00,PRCP,GHCND:USC00335188,",,7,0800",335
5620,2019-03-11T00:00:00,PRCP,GHCND:USC00335188,",,7,0800",0
5621,2019-03-12T00:00:00,PRCP,GHCND:USC00335188,",,7,0800",0
5622,2019-03-13T00:00:00,PRCP,GHCND:USC00335188,",,7,0800",0
5623,2019-03-14T00:00:00,PRCP,GHCND:USC00335188,",,7,0800",41
5624,2019-03-15T00:00:00,PRCP,GHCND:USC00335188,",,7,0800",127
5625,2019-03-16T00:00:00,PRCP,GHCND:USC00335188,",,7,0800",0
5626,2019-03-17T00:00:00,PRCP,GHCND:USC00335188,",,7,0800",13
5627,2019-03-18T00:00:00,PRCP,GHCND:USC00335188,",,7,0800",0
5628,2019-03-19T00:00:00,PRCP,GHCND:USC00335188,",,7,0800",0
5629,2019-03-20T00:00:00,PRCP,GHCND:USC00335188,",,7,0800",0
5630,2019-03-21T00:00:00,PRCP,GHCND:USC00335188,",,7,0800",38
5631,2019-03-22T00:00:00,PRCP,GHCND:USC00335188,",,7,0800",69
5632,2019-03-23T00:00:00,PRCP,GHCND:USC00335188,",,7,0800",0
5633,2019-03-24T00:00:00,PRCP,GHCND:USC00335188,",,7,0800",0
5634,2019-03-25T00:00:00,PRCP,GHCND:USC00335188,",,7,0800",191
5635,2019-03-26T00:00:00,PRCP,GHCND:USC00335188,",,7,0800",64
5636,2019-03-27T00:00:00,PRCP,GHCND:USC00335188,",,7,0800",0
5637,2019-03-28T00:00:00,PRCP,GHCND:USC00335188,",,7,0800",0
5638,2019-04-01T00:00:00,DAPR,GHCND:USC00335188,",,7,",4
5639,2019-04-01T00:00:00,MDPR,GHCND:USC00335188,",,7,",518
5640,2019-04-02T00:00:00,PRCP,GHCND:USC00335188,",,7,0800",0
5641,2019-04-03T00:00:00,PRCP,GHCND:USC00335188,",,7,0800",0
5642,2019-04-04T00:00:00,PRCP,GHCND:USC00335188,",,7,0800",0
5643,2019-04-05T00:00:00,PRCP,GHCND:USC00335188,",,7,0800",20
5644,2019-04-06T00:00:00,PRCP,GHCND:USC00335188,",,7,0800",3
5645,2019-04-07T00:00:00,PRCP,GHCND:USC00335188,",,7,0800",0
5646,2019-04-08T00:00:00,PRCP,GHCND:USC00335188,",,7,0800",3
5647,2019-04-09T00:00:00,PRCP,GHCND:USC00335188,",,7,0800",0
5648,2019-04-10T00:00:00,PRCP,GHCND:USC00335188,",,7,0800",0
5649,2019-04-11T00:00:00,PRCP,GHCND:USC00335188,",,7,0800",0
5650,2019-04-12T00:00:00,PRCP,GHCND:USC00335188,",,7,0800",81
5651,2019-04-13T00:00:00,PRCP,GHCND:USC00335188,",,7,0800",0
5652,2019-04-15T00:00:00,DAPR,GHCND:USC00335188,",,7,",2
5653,2019-04-15T00:00:00,MDPR,GHCND:USC00335188,",,7,",183
5654,2019-04-16T00:00:00,PRCP,GHCND:USC00335188,",,7,0800",3
5655,2019-04-17T00:00:00,PRCP,GHCND:USC00335188,",,7,0800",0
5656,2019-04-18T00:00:00,PRCP,GHCND:USC00335188,",,7,0800",0
5657,2019-04-19T00:00:00,PRCP,GHCND:USC00335188,",,7,0800",127
5658,2019-04-20T00:00:00,PRCP,GHCND:USC00335188,",,7,0800",660
5659,2019-04-21T00:00:00,PRCP,GHCND:USC00335188,",,7,0800",25
5660,2019-04-22T00:00:00,PRCP,GHCND:USC00335188,",,7,0800",0
5661,2019-04-23T00:00:00,PRCP,GHCND:USC00335188,",,7,0800",0
5662,2019-04-24T00:00:00,PRCP,GHCND:USC00335188,",,7,0800",0
5663,2019-04-25T00:00:00,PRCP,GHCND:USC00335188,",,7,0800",69
5664,2019-04-26T00:00:00,PRCP,GHCND:USC00335188,",,7,0800",345
5665,2019-04-29T00:00:00,DAPR,GHCND:USC00335188,",,7,",3
5666,2019-04-29T00:00:00,MDPR,GHCND:USC00335188,",,7,",71
5667,2019-04-30T00:00:00,PRCP,GHCND:USC00335188,",,7,0800",3
5668,2019-05-01T00:00:00,PRCP,GHCND:USC00335188,",,7,0800",0
5669,2019-05-02T00:00:00,PRCP,GHCND:USC00335188,",,7,0800",145
5670,2019-05-03T00:00:00,PRCP,GHCND:USC00335188,",,7,0800",155
5671,2019-05-04T00:00:00,PRCP,GHCND:USC00335188,",,7,0800",30
5672,2019-05-05T00:00:00,PRCP,GHCND:USC00335188,",,7,0800",41
5673,2019-05-06T00:00:00,PRCP,GHCND:USC00335188,",,7,0800",0
5674,2019-05-07T00:00:00,PRCP,GHCND:USC00335188,",,7,0800",0
5675,2019-05-08T00:00:00,PRCP,GHCND:USC00335188,",,7,0800",0
5676,2019-05-09T00:00:00,PRCP,GHCND:USC00335188,",,7,0800",0
5677,2019-05-10T00:00:00,PRCP,GHCND:USC00335188,",,7,0800",3
5678,2019-05-11T00:00:00,PRCP,GHCND:USC00335188,",,7,0800",0
5679,2019-05-12T00:00:00,PRCP,GHCND:USC00335188,",,7,0800",69
5680,2019-05-13T00:00:00,PRCP,GHCND:USC00335188,",,7,0800",8
5681,2019-05-14T00:00:00,PRCP,GHCND:USC00335188,",,7,0800",0
5682,2019-05-15T00:00:00,PRCP,GHCND:USC00335188,",,7,0800",0
5683,2019-05-16T00:00:00,PRCP,GHCND:USC00335188,",,7,0800",0
5684,2019-05-17T00:00:00,PRCP,GHCND:USC00335188,",,7,0800",66
5685,2019-05-18T00:00:00,PRCP,GHCND:USC00335188,",,7,0800",33
5686,2019-05-19T00:00:00,PRCP,GHCND:USC00335188,",,7,0800",0
5687,2019-05-20T00:00:00,PRCP,GHCND:USC00335188,",,7,0800",66
5688,2019-05-21T00:00:00,PRCP,GHCND:USC00335188,",,7,0800",0
5689,2019-05-22T00:00:00,PRCP,GHCND:USC00335188,",,7,0800",0
5690,2019-05-23T00:00:00,PRCP,GHCND:USC00335188,",,7,0800",5
5691,2019-05-24T00:00:00,PRCP,GHCND:USC00335188,",,7,0800",89
5692,2019-05-25T00:00:00,PRCP,GHCND:USC00335188,",,7,0800",5
5693,2019-05-26T00:00:00,PRCP,GHCND:USC00335188,",,7,0800",18
5694,2019-05-27T00:00:00,PRCP,GHCND:USC00335188,",,7,0800",8
5695,2019-05-28T00:00:00,PRCP,GHCND:USC00335188,",,7,0800",0
5696,2019-05-29T00:00:00,PRCP,GHCND:USC00335188,",,7,0800",0
5697,2019-05-30T00:00:00,PRCP,GHCND:USC00335188,",,7,0800",173
5698,2019-05-31T00:00:00,PRCP,GHCND:USC00335188,",,7,0800",8
5699,2019-06-01T00:00:00,PRCP,GHCND:USC00335188,",,7,0800",25
5700,2019-06-02T00:00:00,PRCP,GHCND:USC00335188,",,7,0800",0
5701,2019-06-03T00:00:00,PRCP,GHCND:USC00335188,",,7,0800",0
5702,2019-06-04T00:00:00,PRCP,GHCND:USC00335188,",,7,0800",0
5703,2019-06-05T00:00:00,PRCP,GHCND:USC00335188,",,7,0800",10
5704,2019-06-06T00:00:00,PRCP,GHCND:USC00335188,",,7,0800",104
5705,2019-06-07T00:00:00,PRCP,GHCND:USC00335188,",,7,0800",0
5706,2019-06-08T00:00:00,PRCP,GHCND:USC00335188,",,7,0800",0
5707,2019-06-09T00:00:00,PRCP,GHCND:USC00335188,",,7,0800",18
5708,2019-06-10T00:00:00,PRCP,GHCND:USC00335188,",,7,0800",185
5709,2019-06-11T00:00:00,PRCP,GHCND:USC00335188,",,7,0800",5
5710,2019-06-12T00:00:00,PRCP,GHCND:USC00335188,",,7,0800",0
5711,2019-06-13T00:00:00,PRCP,GHCND:USC00335188,",,7,0800",25
5712,2019-06-14T00:00:00,PRCP,GHCND:USC00335188,",,7,0800",8
5713,2019-06-15T00:00:00,PRCP,GHCND:USC00335188,",,7,0800",0
5714,2019-06-16T00:00:00,PRCP,GHCND:USC00335188,",,7,0800",996
5715,2019-06-17T00:00:00,PRCP,GHCND:USC00335188,",,7,0800",66
5716,2019-06-18T00:00:00,PRCP,GHCND:USC00335188,",,7,0800",267
5717,2019-06-19T00:00:00,PRCP,GHCND:USC00335188,",,7,0800",51
5718,2019-06-20T00:00:00,PRCP,GHCND:USC00335188,",,7,0800",295
5719,2019-06-21T00:00:00,PRCP,GHCND:USC00335188,",,7,0800",0
5720,2019-06-22T00:00:00,PRCP,GHCND:USC00335188,",,7,0800",0
5721,2019-06-23T00:00:00,PRCP,GHCND:USC00335188,",,7,0800",8
5722,2019-06-24T00:00:00,PRCP,GHCND:USC00335188,",,7,0800",33
5723,2019-06-25T00:00:00,PRCP,GHCND:USC00335188,",,7,0800",71
5724,2019-06-26T00:00:00,PRCP,GHCND:USC00335188,",,7,0800",0
5725,2019-06-27T00:00:00,PRCP,GHCND:USC00335188,",,7,0800",0
5726,2019-06-28T00:00:00,PRCP,GHCND:USC00335188,",,7,0800",0
5727,2019-06-29T00:00:00,PRCP,GHCND:USC00335188,",,7,0800",0
5728,2019-06-30T00:00:00,PRCP,GHCND:USC00335188,",,7,0800",0
5729,2019-07-01T00:00:00,PRCP,GHCND:USC00335188,",,7,0800",0
5730,2019-07-02T00:00:00,PRCP,GHCND:USC00335188,",,7,0800",0
5731,2019-07-03T00:00:00,PRCP,GHCND:USC00335188,",,7,0800",38
5732,2019-07-04T00:00:00,PRCP,GHCND:USC00335188,",,7,0800",0
5733,2019-07-05T00:00:00,PRCP,GHCND:USC00335188,",,7,0800",0
5734,2019-07-06T00:00:00,PRCP,GHCND:USC00335188,",,7,0800",0
5735,2019-07-07T00:00:00,PRCP,GHCND:USC00335188,",,7,0800",0
5736,2019-07-08T00:00:00,PRCP,GHCND:USC00335188,",,7,0800",0
5737,2019-07-09T00:00:00,PRCP,GHCND:USC00335188,",,7,0800",0
5738,2019-07-10T00:00:00,PRCP,GHCND:USC00335188,",,7,0800",0
5739,2019-07-11T00:00:00,PRCP,GHCND:USC00335188,",,7,0800",0
5740,2019-07-12T00:00:00,PRCP,GHCND:USC00335188,",,7,0800",0
5741,2019-07-13T00:00:00,PRCP,GHCND:USC00335188,",,7,0800",0
5742,2019-07-14T00:00:00,PRCP,GHCND:USC00335188,",,7,0800",0
5743,2019-07-15T00:00:00,PRCP,GHCND:USC00335188,",,7,0800",0
5744,2019-07-16T00:00:00,PRCP,GHCND:USC00335188,",,7,0800",348
5745,2019-07-17T00:00:00,PRCP,GHCND:USC00335188,",,7,0800",236
5746,2019-07-18T00:00:00,PRCP,GHCND:USC00335188,",,7,0800",211
5747,2019-07-19T00:00:00,PRCP,GHCND:USC00335188,",,7,0800",18
5748,2019-07-20T00:00:00,PRCP,GHCND:USC00335188,",,7,0800",0
5749,2019-07-21T00:00:00,PRCP,GHCND:USC00335188,",,7,0800",0
5750,2019-07-22T00:00:00,PRCP,GHCND:USC00335188,",,7,0800",43
5751,2019-07-23T00:00:00,PRCP,GHCND:USC00335188,",,7,0800",94
5752,2019-07-24T00:00:00,PRCP,GHCND:USC00335188,",,7,0800",0
5753,2019-07-25T00:00:00,PRCP,GHCND:USC00335188,",,7,0800",0
5754,2019-07-26T00:00:00,PRCP,GHCND:USC00335188,",,7,0800",0
5755,2019-07-27T00:00:00,PRCP,GHCND:USC00335188,",,7,0800",0
5756,2019-07-28T00:00:00,PRCP,GHCND:USC00335188,",,7,0800",0
5757,2019-07-29T00:00:00,PRCP,GHCND:USC00335188,",,7,0800",0
5758,2019-07-30T00:00:00,PRCP,GHCND:USC00335188,",,7,0800",3
5759,2019-07-31T00:00:00,PRCP,GHCND:USC00335188,",,7,0800",97
5760,2019-08-01T00:00:00,PRCP,GHCND:USC00335188,",,7,0800",0
5761,2019-08-02T00:00:00,PRCP,GHCND:USC00335188,",,7,0800",0
5762,2019-08-03T00:00:00,PRCP,GHCND:USC00335188,",,7,0800",0
5763,2019-08-04T00:00:00,PRCP,GHCND:USC00335188,",,7,0800",0
5764,2019-08-05T00:00:00,PRCP,GHCND:USC00335188,",,7,0800",0
5765,2019-08-06T00:00:00,PRCP,GHCND:USC00335188,",,7,0800",0
5766,2019-08-07T00:00:00,PRCP,GHCND:USC00335188,",,7,0800",15
5767,2019-08-08T00:00:00,PRCP,GHCND:USC00335188,",,7,0800",0
5768,2019-08-09T00:00:00,PRCP,GHCND:USC00335188,",,7,0800",13
5769,2019-08-10T00:00:00,PRCP,GHCND:USC00335188,",,7,0800",0
5770,2019-08-11T00:00:00,PRCP,GHCND:USC00335188,",,7,0800",0
5771,2019-08-12T00:00:00,PRCP,GHCND:USC00335188,",,7,0800",0
5772,2019-08-13T00:00:00,PRCP,GHCND:USC00335188,",,7,0800",5
5773,2019-08-14T00:00:00,PRCP,GHCND:USC00335188,",,7,0800",0
5774,2019-08-15T00:00:00,PRCP,GHCND:USC00335188,",,7,0800",0
5775,2019-08-16T00:00:00,PRCP,GHCND:USC00335188,",,7,0800",0
5776,2019-08-17T00:00:00,PRCP,GHCND:USC00335188,",,7,0800",0
5777,2019-08-18T00:00:00,PRCP,GHCND:USC00335188,",,7,0800",0
5778,2019-08-19T00:00:00,PRCP,GHCND:USC00335188,",,7,0800",0
5779,2019-08-20T00:00:00,PRCP,GHCND:USC00335188,",,7,0800",0
5780,2019-08-21T00:00:00,PRCP,GHCND:USC00335188,",,7,0800",592
5781,2019-08-22T00:00:00,PRCP,GHCND:USC00335188,",,7,0800",51
5782,2019-08-23T00:00:00,PRCP,GHCND:USC00335188,",,7,0800",30
5783,2019-08-24T00:00:00,PRCP,GHCND:USC00335188,",,7,0800",0
5784,2019-08-25T00:00:00,PRCP,GHCND:USC00335188,",,7,0800",0
5785,2019-08-26T00:00:00,PRCP,GHCND:USC00335188,",,7,0800",30
5786,2019-08-27T00:00:00,PRCP,GHCND:USC00335188,",,7,0800",264
5787,2019-08-28T00:00:00,PRCP,GHCND:USC00335188,",,7,0800",94
5788,2019-08-29T00:00:00,PRCP,GHCND:USC00335188,",,7,0800",0
5789,2019-08-30T00:00:00,PRCP,GHCND:USC00335188,",,7,0800",0
5790,2019-08-31T00:00:00,PRCP,GHCND:USC00335188,",,7,0800",74
5791,2019-09-01T00:00:00,PRCP,GHCND:USC00335188,",,7,0800",0
5792,2019-09-02T00:00:00,PRCP,GHCND:USC00335188,",,7,0800",226
5793,2019-09-03T00:00:00,PRCP,GHCND:USC00335188,",,7,0800",0
5794,2019-09-04T00:00:00,PRCP,GHCND:USC00335188,",,7,0800",0
5795,2019-09-05T00:00:00,PRCP,GHCND:USC00335188,",,7,0800",0
5796,2019-09-06T00:00:00,PRCP,GHCND:USC00335188,",,7,0800",0
5797,2019-09-07T00:00:00,PRCP,GHCND:USC00335188,",,7,0800",0
5798,2019-09-08T00:00:00,PRCP,GHCND:USC00335188,",,7,0800",0
5799,2019-09-09T00:00:00,PRCP,GHCND:USC00335188,",,7,0800",0
5800,2019-09-10T00:00:00,PRCP,GHCND:USC00335188,",,7,0800",0
5801,2019-09-11T00:00:00,PRCP,GHCND:USC00335188,",,7,0800",0
5802,2019-09-12T00:00:00,PRCP,GHCND:USC00335188,",,7,0800",0
5803,2019-09-13T00:00:00,PRCP,GHCND:USC00335188,",,7,0800",0
5804,2019-09-14T00:00:00,PRCP,GHCND:USC00335188,",,7,0800",0
5805,2019-09-15T00:00:00,PRCP,GHCND:USC00335188,",,7,0800",0
5806,2019-09-16T00:00:00,PRCP,GHCND:USC00335188,",,7,0800",0
5807,2019-09-17T00:00:00,PRCP,GHCND:USC00335188,",,7,0800",0
5808,2019-09-18T00:00:00,PRCP,GHCND:USC00335188,",,7,0800",0
5809,2019-09-19T00:00:00,PRCP,GHCND:USC00335188,",,7,0800",0
5810,2019-09-20T00:00:00,PRCP,GHCND:USC00335188,",,7,0800",0
5811,2019-09-21T00:00:00,PRCP,GHCND:USC00335188,",,7,0800",0
5812,2019-09-22T00:00:00,PRCP,GHCND:USC00335188,",,7,0800",0
5813,2019-09-23T00:00:00,PRCP,GHCND:USC00335188,",,7,0800",5
5814,2019-09-24T00:00:00,PRCP,GHCND:USC00335188,",,7,0800",0
5815,2019-09-25T00:00:00,PRCP,GHCND:USC00335188,",,7,0800",0
5816,2019-09-26T00:00:00,PRCP,GHCND:USC00335188,",,7,0800",0
5817,2019-09-27T00:00:00,PRCP,GHCND:USC00335188,",,7,0800",0
5818,2019-09-28T00:00:00,PRCP,GHCND:USC00335188,",,7,0800",0
5819,2019-09-29T00:00:00,PRCP,GHCND:USC00335188,",,7,0800",0
5820,2019-09-30T00:00:00,PRCP,GHCND:USC00335188,",,7,0800",0
5821,2019-10-01T00:00:00,PRCP,GHCND:USC00335188,",,7,0800",0
5822,2019-10-02T00:00:00,PRCP,GHCND:USC00335188,",,7,0800",0
5823,2019-10-03T00:00:00,PRCP,GHCND:USC00335188,",,7,0800",0
5824,2019-10-04T00:00:00,PRCP,GHCND:USC00335188,",,7,0800",0
5825,2019-10-05T00:00:00,PRCP,GHCND:USC00335188,",,7,0800",0
5826,2019-10-06T00:00:00,PRCP,GHCND:USC00335188,",,7,0800",15
5827,2019-10-07T00:00:00,PRCP,GHCND:USC00335188,",,7,0800",48
5828,2019-10-08T00:00:00,PRCP,GHCND:USC00335188,",,7,0800",0
5829,2019-10-09T00:00:00,PRCP,GHCND:USC00335188,",,7,0800",0
5830,2019-10-10T00:00:00,PRCP,GHCND:USC00335188,",,7,0800",0
5831,2019-10-11T00:00:00,PRCP,GHCND:USC00335188,",,7,0800",0
5832,2019-10-12T00:00:00,PRCP,GHCND:USC00335188,",,7,0800",102
5833,2019-10-13T00:00:00,PRCP,GHCND:USC00335188,",,7,0800",0
5834,2019-10-14T00:00:00,PRCP,GHCND:USC00335188,",,7,0800",0
5835,2019-10-15T00:00:00,PRCP,GHCND:USC00335188,",,7,0800",0
5836,2019-10-16T00:00:00,PRCP,GHCND:USC00335188,",,7,0800",61
5837,2019-10-17T00:00:00,PRCP,GHCND:USC00335188,",,7,0800",0
5838,2019-10-18T00:00:00,PRCP,GHCND:USC00335188,",,7,0800",0
5839,2019-10-19T00:00:00,PRCP,GHCND:USC00335188,",,7,0800",0
5840,2019-10-20T00:00:00,PRCP,GHCND:USC00335188,",,7,0800",0
5841,2019-10-21T00:00:00,PRCP,GHCND:USC00335188,",,7,0800",0
5842,2019-10-22T00:00:00,PRCP,GHCND:USC00335188,",,7,0800",28
5843,2019-10-23T00:00:00,PRCP,GHCND:USC00335188,",,7,0800",0
5844,2019-10-24T00:00:00,PRCP,GHCND:USC00335188,",,7,0800",0
5845,2019-10-25T00:00:00,PRCP,GHCND:USC00335188,",,7,0800",0
5846,2019-10-26T00:00:00,PRCP,GHCND:USC00335188,",,7,0800",10
5847,2019-10-27T00:00:00,PRCP,GHCND:USC00335188,",,7,0800",236
5848,2019-10-28T00:00:00,PRCP,GHCND:USC00335188,",,7,0800",0
5849,2019-10-29T00:00:00,PRCP,GHCND:USC00335188,",,7,0800",0
5850,2019-10-30T00:00:00,PRCP,GHCND:USC00335188,",,7,0800",0
5851,2019-10-31T00:00:00,PRCP,GHCND:USC00335188,",,7,0800",91
5852,2019-11-01T00:00:00,PRCP,GHCND:USC00335188,",,7,0800",142
5853,2019-11-02T00:00:00,PRCP,GHCND:USC00335188,",,7,0800",5
5854,2019-11-03T00:00:00,PRCP,GHCND:USC00335188,",,7,0800",0
5855,2019-11-04T00:00:00,PRCP,GHCND:USC00335188,",,7,0800",0
5856,2019-11-05T00:00:00,PRCP,GHCND:USC00335188,",,7,0800",28
5857,2019-11-06T00:00:00,PRCP,GHCND:USC00335188,",,7,0800",18
5858,2019-11-07T00:00:00,PRCP,GHCND:USC00335188,",,7,0800",61
5859,2019-11-08T00:00:00,PRCP,GHCND:USC00335188,",,7,0800",71
5860,2019-11-09T00:00:00,PRCP,GHCND:USC00335188,",,7,0800",0
5861,2019-11-10T00:00:00,PRCP,GHCND:USC00335188,",,7,0800",0
5862,2019-11-11T00:00:00,PRCP,GHCND:USC00335188,",,7,0800",0
5863,2019-11-12T00:00:00,PRCP,GHCND:USC00335188,",,7,0800",94
5864,2019-11-13T00:00:00,PRCP,GHCND:USC00335188,",,7,0800",0
5865,2019-11-14T00:00:00,PRCP,GHCND:USC00335188,",,7,0800",0
5866,2019-11-15T00:00:00,PRCP,GHCND:USC00335188,",,7,0800",0
5867,2019-11-16T00:00:00,PRCP,GHCND:USC00335188,",,7,0800",0
5868,2019-11-17T00:00:00,PRCP,GHCND:USC00335188,",,7,0800",0
5869,2019-11-18T00:00:00,PRCP,GHCND:USC00335188,",,7,0800",0
5870,2019-11-19T00:00:00,PRCP,GHCND:USC00335188,",,7,0800",0
5871,2019-11-20T00:00:00,PRCP,GHCND:USC00335188,",,7,0800",0
5872,2019-11-21T00:00:00,PRCP,GHCND:USC00335188,",,7,0800",0
5873,2019-11-22T00:00:00,PRCP,GHCND:USC00335188,",,7,0800",58
5874,2019-11-23T00:00:00,PRCP,GHCND:USC00335188,",,7,0800",0
5875,2019-11-24T00:00:00,PRCP,GHCND:USC00335188,",,7,0800",58
5876,2019-11-25T00:00:00,PRCP,GHCND:USC00335188,",,7,0800",0
5877,2019-11-26T00:00:00,PRCP,GHCND:USC00335188,",,7,0800",0
5878,2019-11-27T00:00:00,PRCP,GHCND:USC00335188,",,7,0800",160
5879,2019-11-28T00:00:00,PRCP,GHCND:USC00335188,",,7,0800",0
5880,2019-11-29T00:00:00,PRCP,GHCND:USC00335188,",,7,0800",0
5881,2019-11-30T00:00:00,PRCP,GHCND:USC00335188,",,7,0800",198
5882,2019-12-01T00:00:00,PRCP,GHCND:USC00335188,",,7,0800",99
5883,2019-12-02T00:00:00,PRCP,GHCND:USC00335188,",,7,0800",33
5884,2019-12-03T00:00:00,PRCP,GHCND:USC00335188,",,7,0800",13
5885,2019-12-04T00:00:00,PRCP,GHCND:USC00335188,",,7,0800",0
5886,2019-12-05T00:00:00,PRCP,GHCND:USC00335188,",,7,0800",0
5887,2019-12-06T00:00:00,PRCP,GHCND:USC00335188,",,7,0800",0
5888,2019-12-07T00:00:00,PRCP,GHCND:USC00335188,",,7,0800",5
5889,2019-12-08T00:00:00,PRCP,GHCND:USC00335188,",,7,0800",0
5890,2019-12-09T00:00:00,PRCP,GHCND:USC00335188,",,7,0800",61
5891,2019-12-10T00:00:00,PRCP,GHCND:USC00335188,",,7,0800",84
5892,2019-12-11T00:00:00,PRCP,GHCND:USC00335188,",,7,0800",0
5893,2019-12-12T00:00:00,PRCP,GHCND:USC00335188,",,7,0800",0
5894,2019-12-13T00:00:00,PRCP,GHCND:USC00335188,",,7,0800",0
5895,2019-12-14T00:00:00,PRCP,GHCND:USC00335188,",,7,0800",91
5896,2019-12-15T00:00:00,PRCP,GHCND:USC00335188,",,7,0800",3
5897,2019-12-16T00:00:00,PRCP,GHCND:USC00335188,",,7,0800",94
5898,2019-12-17T00:00:00,PRCP,GHCND:USC00335188,",,7,0800",147
5899,2019-12-18T00:00:00,PRCP,GHCND:USC00335188,",,7,0800",10
5900,2019-12-19T00:00:00,PRCP,GHCND:USC00335188,",,7,0800",0
5901,2019-12-20T00:00:00,PRCP,GHCND:USC00335188,",,7,0800",0
5902,2019-12-21T00:00:00,PRCP,GHCND:USC00335188,",,7,0800",0
5903,2019-12-22T00:00:00,PRCP,GHCND:USC00335188,",,7,0800",0
5904,2019-12-23T00:00:00,PRCP,GHCND:USC00335188,",,7,0800",0
5905,2019-12-24T00:00:00,PRCP,GHCND:USC00335188,",,7,0800",0
5906,2019-12-25T00:00:00,PRCP,GHCND:USC00335188,",,7,0800",0
5907,2019-12-26T00:00:00,PRCP,GHCND:USC00335188,",,7,0800",0
5908,2019-12-27T00:00:00,PRCP,GHCND:USC00335188,",,7,0800",0
5909,2019-12-28T00:00:00,PRCP,GHCND:USC00335188,",,7,0800",0
5910,2019-12-29T00:00:00,PRCP,GHCND:USC00335188,",,7,0800",201
5911,2019-12-30T00:00:00,PRCP,GHCND:USC00335188,",,7,0800",127
5912,2019-12-31T00:00:00,PRCP,GHCND:USC00335188,",,7,0800",0
5913,2020-01-01T00:00:00,PRCP,GHCND:USC00335188,",,7,0800",0
5914,2020-01-02T00:00:00,PRCP,GHCND:USC00335188,",,7,0800",0
5915,2020-01-03T00:00:00,PRCP,GHCND:USC00335188,",,7,0800",114
5916,2020-01-04T00:00:00,PRCP,GHCND:USC00335188,",,7,0800",99
5917,2020-01-05T00:00:00,PRCP,GHCND:USC00335188,",,7,0800",13
5918,2020-01-06T00:00:00,PRCP,GHCND:USC00335188,",,7,0800",0
5919,2020-01-07T00:00:00,PRCP,GHCND:USC00335188,",,7,0800",0
5920,2020-01-08T00:00:00,PRCP,GHCND:USC00335188,",,7,0800",0
5921,2020-01-09T00:00:00,PRCP,GHCND:USC00335188,",,7,0800",0
5922,2020-01-10T00:00:00,PRCP,GHCND:USC00335188,",,7,0800",81
5923,2020-01-11T00:00:00,PRCP,GHCND:USC00335188,",,7,0800",267
5924,2020-01-12T00:00:00,PRCP,GHCND:USC00335188,",,7,0800",99
5925,2020-01-13T00:00:00,PRCP,GHCND:USC00335188,",,7,0800",3
5926,2020-01-14T00:00:00,PRCP,GHCND:USC00335188,",,7,0800",0
5927,2020-01-15T00:00:00,PRCP,GHCND:USC00335188,",,7,0800",0
5928,2020-01-16T00:00:00,PRCP,GHCND:USC00335188,",,7,0800",8
5929,2020-01-17T00:00:00,PRCP,GHCND:USC00335188,",,7,0800",0
5930,2020-01-18T00:00:00,PRCP,GHCND:USC00335188,",,7,0800",76
5931,2020-01-19T00:00:00,PRCP,GHCND:USC00335188,",,7,0800",157
5932,2020-01-20T00:00:00,PRCP,GHCND:USC00335188,",,7,0800",3
5933,2020-01-21T00:00:00,PRCP,GHCND:USC00335188,",,7,0800",0
5934,2020-01-22T00:00:00,PRCP,GHCND:USC00335188,",,7,0800",0
5935,2020-01-23T00:00:00,PRCP,GHCND:USC00335188,",,7,0800",0
5936,2020-01-24T00:00:00,PRCP,GHCND:USC00335188,",,7,0800",69
5937,2020-01-25T00:00:00,PRCP,GHCND:USC00335188,",,7,0800",86
5938,2020-01-26T00:00:00,PRCP,GHCND:USC00335188,",,7,0800",3
5939,2020-01-27T00:00:00,PRCP,GHCND:USC00335188,",,7,0800",0
5940,2020-01-28T00:00:00,PRCP,GHCND:USC00335188,",,7,0800",0
5941,2020-01-29T00:00:00,PRCP,GHCND:USC00335188,",,7,0800",0
5942,2020-01-30T00:00:00,PRCP,GHCND:USC00335188,",,7,0800",0
5943,2020-01-31T00:00:00,PRCP,GHCND:USC00335188,",,7,0800",0
5944,2020-02-01T00:00:00,PRCP,GHCND:USC00335188,",,7,0800",23
5945,2020-02-02T00:00:00,PRCP,GHCND:USC00335188,",,7,0800",3
5946,2020-02-03T00:00:00,PRCP,GHCND:USC00335188,",,7,0800",0
5947,2020-02-04T00:00:00,PRCP,GHCND:USC00335188,",,7,0800",23
5948,2020-02-05T00:00:00,PRCP,GHCND:USC00335188,",,7,0800",147
5949,2020-02-06T00:00:00,PRCP,GHCND:USC00335188,",,7,0800",51
5950,2020-02-07T00:00:00,PRCP,GHCND:USC00335188,",,7,0800",10
5951,2020-02-08T00:00:00,PRCP,GHCND:USC00335188,",,7,0800",13
5952,2020-02-09T00:00:00,PRCP,GHCND:USC00335188,",,7,0800",15
5953,2020-02-10T00:00:00,PRCP,GHCND:USC00335188,",,7,0800",36
5954,2020-02-11T00:00:00,PRCP,GHCND:USC00335188,",,7,0800",23
5955,2020-02-12T00:00:00,PRCP,GHCND:USC00335188,",,7,0800",3
5956,2020-02-13T00:00:00,PRCP,GHCND:USC00335188,",,7,0800",234
5957,2020-02-14T00:00:00,PRCP,GHCND:USC00335188,",,7,0800",13
5958,2020-02-15T00:00:00,PRCP,GHCND:USC00335188,",,7,0800",0
5959,2020-02-16T00:00:00,PRCP,GHCND:USC00335188,",,7,0800",0
5960,2020-02-17T00:00:00,PRCP,GHCND:USC00335188,",,7,0800",0
5961,2020-02-18T00:00:00,PRCP,GHCND:USC00335188,",,7,0800",13
5962,2020-02-19T00:00:00,PRCP,GHCND:USC00335188,",,7,0800",20
5963,2020-02-20T00:00:00,PRCP,GHCND:USC00335188,",,7,0800",0
5964,2020-02-21T00:00:00,PRCP,GHCND:USC00335188,",,7,0800",0
5965,2020-02-22T00:00:00,PRCP,GHCND:USC00335188,",,7,0800",0
5966,2020-02-23T00:00:00,PRCP,GHCND:USC00335188,",,7,0800",0
5967,2020-02-24T00:00:00,PRCP,GHCND:USC00335188,",,7,0800",0
5968,2020-02-25T00:00:00,PRCP,GHCND:USC00335188,",,7,0800",170
5969,2020-02-26T00:00:00,PRCP,GHCND:USC00335188,",,7,0800",23
5970,2020-02-27T00:00:00,PRCP,GHCND:USC00335188,",,7,0800",46
5971,2020-02-28T00:00:00,PRCP,GHCND:USC00335188,",,7,0800",13
5972,2020-02-29T00:00:00,PRCP,GHCND:USC00335188,",,7,0800",3
5973,2020-03-01T00:00:00,PRCP,GHCND:USC00335188,",,7,0800",0
5974,2020-03-02T00:00:00,PRCP,GHCND:USC00335188,",,7,0800",10
5975,2020-03-03T00:00:00,PRCP,GHCND:USC00335188,",,7,0800",94
5976,2020-03-04T00:00:00,PRCP,GHCND:USC00335188,",,7,0800",3
5977,2020-03-05T00:00:00,PRCP,GHCND:USC00335188,",,7,0800",0
5978,2020-03-06T00:00:00,PRCP,GHCND:USC00335188,",,7,0800",5
5979,2020-03-07T00:00:00,PRCP,GHCND:USC00335188,",,7,0800",0
5980,2020-03-08T00:00:00,PRCP,GHCND:USC00335188,",,7,0800",0
5981,2020-03-09T00:00:00,PRCP,GHCND:USC00335188,",,7,0800",0
5982,2020-03-10T00:00:00,PRCP,GHCND:USC00335188,",,7,0800",69
5983,2020-03-11T00:00:00,PRCP,GHCND:USC00335188,",,7,0800",53
5984,2020-03-12T00:00:00,PRCP,GHCND:USC00335188,",,7,0800",3
5985,2020-03-13T00:00:00,PRCP,GHCND:USC00335188,",,7,0800",66
5986,2020-03-14T00:00:00,PRCP,GHCND:USC00335188,",,7,0800",3
5987,2020-03-15T00:00:00,PRCP,GHCND:USC00335188,",,7,0800",84
5988,2020-03-16T00:00:00,PRCP,GHCND:USC00335188,",,7,0800",3
5989,2020-03-17T00:00:00,PRCP,GHCND:USC00335188,",,7,0800",3
5990,2020-03-18T00:00:00,PRCP,GHCND:USC00335188,",,7,0800",5
5991,2020-03-19T00:00:00,PRCP,GHCND:USC00335188,",,7,0800",236
5992,2020-03-20T00:00:00,PRCP,GHCND:USC00335188,",,7,0800",493
5993,2020-03-21T00:00:00,PRCP,GHCND:USC00335188,",,7,0800",99
5994,2020-03-22T00:00:00,PRCP,GHCND:USC00335188,",,7,0800",0
5995,2020-03-23T00:00:00,PRCP,GHCND:USC00335188,",,7,0800",15
5996,2020-03-24T00:00:00,PRCP,GHCND:USC00335188,",,7,0800",0
5997,2020-03-25T00:00:00,PRCP,GHCND:USC00335188,",,7,0800",25
5998,2020-03-26T00:00:00,PRCP,GHCND:USC00335188,",,7,0800",0
5999,2020-03-27T00:00:00,PRCP,GHCND:USC00335188,",,7,0800",20
6000,2020-03-28T00:00:00,PRCP,GHCND:USC00335188,",,7,0800",38
6001,2020-03-29T00:00:00,PRCP,GHCND:USC00335188,",,7,0800",89
6002,2020-03-30T00:00:00,PRCP,GHCND:USC00335188,",,7,0800",0
6003,2020-03-31T00:00:00,PRCP,GHCND:USC00335188,",,7,0800",0
6004,2020-04-01T00:00:00,PRCP,GHCND:USC00335188,",,7,0800",0
6005,2020-04-02T00:00:00,PRCP,GHCND:USC00335188,",,7,0800",0
6006,2020-04-03T00:00:00,PRCP,GHCND:USC00335188,",,7,0800",0
6007,2020-04-04T00:00:00,PRCP,GHCND:USC00335188,",,7,0800",0
6008,2020-04-05T00:00:00,PRCP,GHCND:USC00335188,",,7,0800",0
6009,2020-04-06T00:00:00,PRCP,GHCND:USC00335188,",,7,0800",13
6010,2020-04-07T00:00:00,PRCP,GHCND:USC00335188,",,7,0800",0
6011,2020-04-08T00:00:00,PRCP,GHCND:USC00335188,",,7,0800",0
6012,2020-04-09T00:00:00,PRCP,GHCND:USC00335188,",,7,0800",168
6013,2020-04-10T00:00:00,PRCP,GHCND:USC00335188,",,7,0800",5
6014,2020-04-11T00:00:00,PRCP,GHCND:USC00335188,",,7,0800",0
6015,2020-04-12T00:00:00,PRCP,GHCND:USC00335188,",,7,0800",20
6016,2020-04-13T00:00:00,PRCP,GHCND:USC00335188,",,7,0800",213
6017,2020-04-14T00:00:00,PRCP,GHCND:USC00335188,",,7,0800",3
6018,2020-04-15T00:00:00,PRCP,GHCND:USC00335188,",,7,0800",0
6019,2020-04-16T00:00:00,PRCP,GHCND:USC00335188,",,7,0800",5
6020,2020-04-17T00:00:00,PRCP,GHCND:USC00335188,",,7,0800",3
6021,2020-04-18T00:00:00,PRCP,GHCND:USC00335188,",,7,0800",69
6022,2020-04-19T00:00:00,PRCP,GHCND:USC00335188,",,7,0800",0
6023,2020-04-20T00:00:00,PRCP,GHCND:USC00335188,",,7,0800",0
6024,2020-04-21T00:00:00,PRCP,GHCND:USC00335188,",,7,0800",5
6025,2020-04-22T00:00:00,PRCP,GHCND:USC00335188,",,7,0800",0
6026,2020-04-24T00:00:00,DAPR,GHCND:USC00335188,",,7,",2
6027,2020-04-24T00:00:00,MDPR,GHCND:USC00335188,",,7,",140
6028,2020-04-25T00:00:00,PRCP,GHCND:USC00335188,",,7,0800",0
6029,2020-04-26T00:00:00,PRCP,GHCND:USC00335188,",,7,0800",114
6030,2020-04-27T00:00:00,PRCP,GHCND:USC00335188,",,7,0800",51
6031,2020-04-28T00:00:00,PRCP,GHCND:USC00335188,",,7,0800",0
6032,2020-04-29T00:00:00,PRCP,GHCND:USC00335188,",,7,0800",3
6033,2020-04-30T00:00:00,PRCP,GHCND:USC00335188,",,7,0800",117
6034,2020-05-01T00:00:00,PRCP,GHCND:USC00335188,",,7,0800",10
6035,2020-05-02T00:00:00,PRCP,GHCND:USC00335188,",,7,0800",0
6036,2020-05-03T00:00:00,PRCP,GHCND:USC00335188,",,7,0800",196
6037,2020-05-04T00:00:00,PRCP,GHCND:USC00335188,",,7,0800",295
6038,2020-05-05T00:00:00,PRCP,GHCND:USC00335188,",,7,0800",43
6039,2020-05-06T00:00:00,PRCP,GHCND:USC00335188,",,7,0800",3
6040,2020-05-07T00:00:00,PRCP,GHCND:USC00335188,",,7,0800",0
6041,2020-05-08T00:00:00,PRCP,GHCND:USC00335188,",,7,0800",20
6042,2020-05-09T00:00:00,PRCP,GHCND:USC00335188,",,7,0800",86
6043,2020-05-10T00:00:00,PRCP,GHCND:USC00335188,",,7,0800",0
6044,2020-05-11T00:00:00,PRCP,GHCND:USC00335188,",,7,0800",18
6045,2020-05-12T00:00:00,PRCP,GHCND:USC00335188,",,7,0800",0
6046,2020-05-13T00:00:00,PRCP,GHCND:USC00335188,",,7,0800",0
6047,2020-05-14T00:00:00,PRCP,GHCND:USC00335188,",,7,0800",0
6048,2020-05-15T00:00:00,PRCP,GHCND:USC00335188,",,7,0800",51
6049,2020-05-16T00:00:00,PRCP,GHCND:USC00335188,",,7,0800",30
6050,2020-05-17T00:00:00,PRCP,GHCND:USC00335188,",,7,0800",0
6051,2020-05-18T00:00:00,PRCP,GHCND:USC00335188,",,7,0800",8
6052,2020-05-19T00:00:00,PRCP,GHCND:USC00335188,",,7,0800",511
6053,2020-05-20T00:00:00,PRCP,GHCND:USC00335188,",,7,0800",140
6054,2020-05-21T00:00:00,PRCP,GHCND:USC00335188,",,7,0800",0
6055,2020-05-22T00:00:00,PRCP,GHCND:USC00335188,",,7,0800",33
6056,2020-05-23T00:00:00,PRCP,GHCND:USC00335188,",,7,0800",0
6057,2020-05-24T00:00:00,PRCP,GHCND:USC00335188,",,7,0800",236
6058,2020-05-25T00:00:00,PRCP,GHCND:USC00335188,",,7,0800",20
6059,2020-05-26T00:00:00,PRCP,GHCND:USC00335188,",,7,0800",0
6060,2020-05-27T00:00:00,PRCP,GHCND:USC00335188,",,7,0800",163
6061,2020-05-28T00:00:00,PRCP,GHCND:USC00335188,",,7,0800",69
6062,2020-05-29T00:00:00,PRCP,GHCND:USC00335188,",,7,0800",10
6063,2020-05-30T00:00:00,PRCP,GHCND:USC00335188,",,7,0800",15
6064,2020-05-31T00:00:00,PRCP,GHCND:USC00335188,",,7,0800",0
6065,2020-06-01T00:00:00,PRCP,GHCND:USC00335188,",,7,0800",0
6066,2020-06-02T00:00:00,PRCP,GHCND:USC00335188,",,7,0800",0
6067,2020-06-03T00:00:00,PRCP,GHCND:USC00335188,",,7,0800",0
6068,2020-06-04T00:00:00,PRCP,GHCND:USC00335188,",,7,0800",0
6069,2020-06-05T00:00:00,PRCP,GHCND:USC00335188,",,7,0800",396
6070,2020-06-06T00:00:00,PRCP,GHCND:USC00335188,",,7,0800",0
6071,2020-06-07T00:00:00,PRCP,GHCND:USC00335188,",,7,0800",0
6072,2020-06-08T00:00:00,PRCP,GHCND:USC00335188,",,7,0800",0
6073,2020-06-09T00:00:00,PRCP,GHCND:USC00335188,",,7,0800",0
6074,2020-06-10T00:00:00,PRCP,GHCND:USC00335188,",,7,0800",13
6075,2020-06-11T00:00:00,PRCP,GHCND:USC00335188,",,7,0800",38
6076,2020-06-12T00:00:00,PRCP,GHCND:USC00335188,",,7,0800",0
6077,2020-06-13T00:00:00,PRCP,GHCND:USC00335188,",,7,0800",0
6078,2020-06-14T00:00:00,PRCP,GHCND:USC00335188,",,7,0800",0
6079,2020-06-15T00:00:00,PRCP,GHCND:USC00335188,",,7,0800",0
6080,2020-06-16T00:00:00,PRCP,GHCND:USC00335188,",,7,0800",0
6081,2020-06-17T00:00:00,PRCP,GHCND:USC00335188,",,7,0800",0
6082,2020-06-18T00:00:00,PRCP,GHCND:USC00335188,",,7,0800",0
6083,2020-06-19T00:00:00,PRCP,GHCND:USC00335188,",,7,0800",5
6084,2020-06-20T00:00:00,PRCP,GHCND:USC00335188,",,7,0800",0
6085,2020-06-21T00:00:00,PRCP,GHCND:USC00335188,",,7,0800",0
6086,2020-06-22T00:00:00,PRCP,GHCND:USC00335188,",,7,0800",191
6087,2020-06-23T00:00:00,PRCP,GHCND:USC00335188,",,7,0800",112
6088,2020-06-24T00:00:00,PRCP,GHCND:USC00335188,",,7,0800",0
6089,2020-06-25T00:00:00,PRCP,GHCND:USC00335188,",,7,0800",3
6090,2020-06-26T00:00:00,PRCP,GHCND:USC00335188,",,7,0800",0
6091,2020-06-27T00:00:00,PRCP,GHCND:USC00335188,",,7,0800",89
6092,2020-06-28T00:00:00,PRCP,GHCND:USC00335188,",,7,0800",155
6093,2020-06-29T00:00:00,PRCP,GHCND:USC00335188,",,7,0800",46
6094,2020-06-30T00:00:00,PRCP,GHCND:USC00335188,",,7,0800",307
6095,2020-07-01T00:00:00,PRCP,GHCND:USC00335188,",,7,0800",3
6096,2020-07-02T00:00:00,PRCP,GHCND:USC00335188,",,7,0800",0
6097,2020-07-03T00:00:00,PRCP,GHCND:USC00335188,",,7,0800",0
6098,2020-07-04T00:00:00,PRCP,GHCND:USC00335188,",,7,0800",0
6099,2020-07-05T00:00:00,PRCP,GHCND:USC00335188,",,7,0800",0
6100,2020-07-06T00:00:00,PRCP,GHCND:USC00335188,",,7,0800",25
6101,2020-07-07T00:00:00,PRCP,GHCND:USC00335188,",,7,0800",254
6102,2020-07-08T00:00:00,PRCP,GHCND:USC00335188,",,7,0800",0
6103,2020-07-09T00:00:00,PRCP,GHCND:USC00335188,",,7,0800",0
6104,2020-07-10T00:00:00,PRCP,GHCND:USC00335188,",,7,0800",0
6105,2020-07-11T00:00:00,PRCP,GHCND:USC00335188,",,7,0800",18
6106,2020-07-12T00:00:00,PRCP,GHCND:USC00335188,",,7,0800",64
6107,2020-07-13T00:00:00,PRCP,GHCND:USC00335188,",,7,0800",3
6108,2020-07-14T00:00:00,PRCP,GHCND:USC00335188,",,7,0800",0
6109,2020-07-15T00:00:00,PRCP,GHCND:USC00335188,",,7,0800",0
6110,2020-07-16T00:00:00,PRCP,GHCND:USC00335188,",,7,0800",0
6111,2020-07-17T00:00:00,PRCP,GHCND:USC00335188,",,7,0800",0
6112,2020-07-18T00:00:00,PRCP,GHCND:USC00335188,",,7,0800",0
6113,2020-07-19T00:00:00,PRCP,GHCND:USC00335188,",,7,0800",0
6114,2020-07-20T00:00:00,PRCP,GHCND:USC00335188,",,7,0800",254
6115,2020-07-21T00:00:00,PRCP,GHCND:USC00335188,",,7,0800",0
6116,2020-07-22T00:00:00,PRCP,GHCND:USC00335188,",,7,0800",30
6117,2020-07-23T00:00:00,PRCP,GHCND:USC00335188,",,7,0800",66
6118,2020-07-24T00:00:00,PRCP,GHCND:USC00335188,",,7,0800",46
6119,2020-07-25T00:00:00,PRCP,GHCND:USC00335188,",,7,0800",0
6120,2020-07-26T00:00:00,PRCP,GHCND:USC00335188,",,7,0800",0
6121,2020-07-27T00:00:00,PRCP,GHCND:USC00335188,",,7,0800",0
6122,2020-07-28T00:00:00,PRCP,GHCND:USC00335188,",,7,0800",53
6123,2020-07-29T00:00:00,PRCP,GHCND:USC00335188,",,7,0800",0
6124,2020-07-30T00:00:00,PRCP,GHCND:USC00335188,",,7,0800",0
6125,2020-07-31T00:00:00,PRCP,GHCND:USC00335188,",,7,0800",411
6126,2020-08-01T00:00:00,PRCP,GHCND:USC00335188,",,7,0800",157
6127,2020-08-02T00:00:00,PRCP,GHCND:USC00335188,",,7,0800",170
6128,2020-08-03T00:00:00,PRCP,GHCND:USC00335188,",,7,0800",3
6129,2020-08-04T00:00:00,PRCP,GHCND:USC00335188,",,7,0800",53
6130,2020-08-05T00:00:00,PRCP,GHCND:USC00335188,",,7,0800",0
6131,2020-08-06T00:00:00,PRCP,GHCND:USC00335188,",,7,0800",0
6132,2020-08-07T00:00:00,PRCP,GHCND:USC00335188,",,7,0800",0
6133,2020-08-08T00:00:00,PRCP,GHCND:USC00335188,",,7,0800",0
6134,2020-08-09T00:00:00,PRCP,GHCND:USC00335188,",,7,0800",0
6135,2020-08-10T00:00:00,PRCP,GHCND:USC00335188,",,7,0800",0
6136,2020-08-11T00:00:00,PRCP,GHCND:USC00335188,",,7,0800",112
6137,2020-08-12T00:00:00,PRCP,GHCND:USC00335188,",,7,0800",0
6138,2020-08-13T00:00:00,PRCP,GHCND:USC00335188,",,7,0800",0
6139,2020-08-14T00:00:00,PRCP,GHCND:USC00335188,",,7,0800",0
6140,2020-08-15T00:00:00,PRCP,GHCND:USC00335188,",,7,0800",5
6141,2020-08-16T00:00:00,PRCP,GHCND:USC00335188,",,7,0800",0
6142,2020-08-17T00:00:00,PRCP,GHCND:USC00335188,",,7,0800",0
6143,2020-08-18T00:00:00,PRCP,GHCND:USC00335188,",,7,0800",0
6144,2020-08-19T00:00:00,PRCP,GHCND:USC00335188,",,7,0800",69
6145,2020-08-20T00:00:00,PRCP,GHCND:USC00335188,",,7,0800",0
6146,2020-08-21T00:00:00,PRCP,GHCND:USC00335188,",,7,0800",0
6147,2020-08-22T00:00:00,PRCP,GHCND:USC00335188,",,7,0800",0
6148,2020-08-23T00:00:00,PRCP,GHCND:USC00335188,",,7,0800",0
6149,2020-08-24T00:00:00,PRCP,GHCND:USC00335188,",,7,0800",0
6150,2020-08-25T00:00:00,PRCP,GHCND:USC00335188,",,7,0800",0
6151,2020-08-26T00:00:00,PRCP,GHCND:USC00335188,",,7,0800",30
6152,2020-08-27T00:00:00,PRCP,GHCND:USC00335188,",,7,0800",0
6153,2020-08-28T00:00:00,PRCP,GHCND:USC00335188,",,7,0800",0
6154,2020-08-29T00:00:00,PRCP,GHCND:USC00335188,",,7,0800",15
6155,2020-08-30T00:00:00,PRCP,GHCND:USC00335188,",,7,0800",0
6156,2020-08-31T00:00:00,PRCP,GHCND:USC00335188,",,7,0800",0
6157,2020-09-01T00:00:00,PRCP,GHCND:USC00335188,",,7,0800",0
6158,2020-09-02T00:00:00,PRCP,GHCND:USC00335188,",,7,0800",48
6159,2020-09-03T00:00:00,PRCP,GHCND:USC00335188,",,7,0800",64
6160,2020-09-04T00:00:00,PRCP,GHCND:USC00335188,",,7,0800",28
6161,2020-09-05T00:00:00,PRCP,GHCND:USC00335188,",,7,0800",0
6162,2020-09-06T00:00:00,PRCP,GHCND:USC00335188,",,7,0800",0
6163,2020-09-07T00:00:00,PRCP,GHCND:USC00335188,",,7,0800",0
6164,2020-09-08T00:00:00,PRCP,GHCND:USC00335188,",,7,0800",0
6165,2020-09-09T00:00:00,PRCP,GHCND:USC00335188,",,7,0800",0
6166,2020-09-10T00:00:00,PRCP,GHCND:USC00335188,",,7,0800",0
6167,2020-09-11T00:00:00,PRCP,GHCND:USC00335188,",,7,0800",0
6168,2020-09-12T00:00:00,PRCP,GHCND:USC00335188,",,7,0800",0
6169,2020-09-13T00:00:00,PRCP,GHCND:USC00335188,",,7,0800",56
6170,2020-09-14T00:00:00,PRCP,GHCND:USC00335188,",,7,0800",0
6171,2020-09-15T00:00:00,PRCP,GHCND:USC00335188,",,7,0800",0
6172,2020-09-16T00:00:00,PRCP,GHCND:USC00335188,",,7,0800",0
6173,2020-09-17T00:00:00,PRCP,GHCND:USC00335188,",,7,0800",0
6174,2020-09-18T00:00:00,PRCP,GHCND:USC00335188,",,7,0800",0
6175,2020-09-19T00:00:00,PRCP,GHCND:USC00335188,",,7,0800",0
6176,2020-09-20T00:00:00,PRCP,GHCND:USC00335188,",,7,0800",0
6177,2020-09-21T00:00:00,PRCP,GHCND:USC00335188,",,7,0800",0
6178,2020-09-22T00:00:00,PRCP,GHCND:USC00335188,",,7,0800",0
6179,2020-09-23T00:00:00,PRCP,GHCND:USC00335188,",,7,0800",0
6180,2020-09-24T00:00:00,PRCP,GHCND:USC00335188,",,7,0800",0
6181,2020-09-25T00:00:00,PRCP,GHCND:USC00335188,",,7,0800",0
6182,2020-09-26T00:00:00,PRCP,GHCND:USC00335188,",,7,0800",0
6183,2020-09-27T00:00:00,PRCP,GHCND:USC00335188,",,7,0800",0
6184,2020-09-28T00:00:00,PRCP,GHCND:USC00335188,",,7,0800",0
6185,2020-09-29T00:00:00,PRCP,GHCND:USC00335188,",,7,0800",112
6186,2020-09-30T00:00:00,PRCP,GHCND:USC00335188,",,7,0800",48
6187,2020-10-01T00:00:00,PRCP,GHCND:USC00335188,",,7,0800",0
6188,2020-10-02T00:00:00,PRCP,GHCND:USC00335188,",,7,0800",0
6189,2020-10-03T00:00:00,PRCP,GHCND:USC00335188,",,7,0800",0
6190,2020-10-04T00:00:00,PRCP,GHCND:USC00335188,",,7,0800",0
6191,2020-10-05T00:00:00,PRCP,GHCND:USC00335188,",,7,0800",0
6192,2020-10-06T00:00:00,PRCP,GHCND:USC00335188,",,7,0800",0
6193,2020-10-07T00:00:00,PRCP,GHCND:USC00335188,",,7,0800",0
6194,2020-10-08T00:00:00,PRCP,GHCND:USC00335188,",,7,0800",0
6195,2020-10-09T00:00:00,PRCP,GHCND:USC00335188,",,7,0800",0
6196,2020-10-10T00:00:00,PRCP,GHCND:USC00335188,",,7,0800",0
6197,2020-10-11T00:00:00,PRCP,GHCND:USC00335188,",,7,0800",0
6198,2020-10-12T00:00:00,PRCP,GHCND:USC00335188,",,7,0800",0
6199,2020-10-13T00:00:00,PRCP,GHCND:USC00335188,",,7,0800",53
6200,2020-10-14T00:00:00,PRCP,GHCND:USC00335188,",,7,0800",0
6201,2020-10-15T00:00:00,PRCP,GHCND:USC00335188,",,7,0800",0
6202,2020-10-16T00:00:00,PRCP,GHCND:USC00335188,",,7,0800",41
6203,2020-10-17T00:00:00,PRCP,GHCND:USC00335188,",,7,0800",10
6204,2020-10-18T00:00:00,PRCP,GHCND:USC00335188,",,7,0800",0
6205,2020-10-19T00:00:00,PRCP,GHCND:USC00335188,",,7,0800",224
6206,2020-10-20T00:00:00,PRCP,GHCND:USC00335188,",,7,0800",244
6207,2020-10-21T00:00:00,PRCP,GHCND:USC00335188,",,7,0800",10
6208,2020-10-22T00:00:00,PRCP,GHCND:USC00335188,",,7,0800",10
6209,2020-10-23T00:00:00,PRCP,GHCND:USC00335188,",,7,0800",0
6210,2020-10-24T00:00:00,PRCP,GHCND:USC00335188,",,7,0800",76
6211,2020-10-25T00:00:00,PRCP,GHCND:USC00335188,",,7,0800",0
6212,2020-10-26T00:00:00,PRCP,GHCND:USC00335188,",,7,0800",10
6213,2020-10-27T00:00:00,PRCP,GHCND:USC00335188,",,7,0800",13
6214,2020-10-28T00:00:00,PRCP,GHCND:USC00335188,",,7,0800",0
6215,2020-10-29T00:00:00,PRCP,GHCND:USC00335188,",,7,0800",297
6216,2020-10-30T00:00:00,PRCP,GHCND:USC00335188,",,7,0800",236
6217,2020-10-31T00:00:00,PRCP,GHCND:USC00335188,",,7,0800",0
6218,2020-11-01T00:00:00,PRCP,GHCND:USC00335188,",,7,0800",0
6219,2020-11-02T00:00:00,PRCP,GHCND:USC00335188,",,7,0800",0
6220,2020-11-03T00:00:00,PRCP,GHCND:USC00335188,",,7,0800",0
6221,2020-11-04T00:00:00,PRCP,GHCND:USC00335188,",,7,0800",0
6222,2020-11-05T00:00:00,PRCP,GHCND:USC00335188,",,7,0800",0
6223,2020-11-06T00:00:00,PRCP,GHCND:USC00335188,",,7,0800",0
6224,2020-11-07T00:00:00,PRCP,GHCND:USC00335188,",,7,0800",0
6225,2020-11-08T00:00:00,PRCP,GHCND:USC00335188,",,7,0800",0
6226,2020-11-09T00:00:00,PRCP,GHCND:USC00335188,",,7,0800",0
6227,2020-11-10T00:00:00,PRCP,GHCND:USC00335188,",,7,0800",0
6228,2020-11-11T00:00:00,PRCP,GHCND:USC00335188,",,7,0800",33
6229,2020-11-12T00:00:00,PRCP,GHCND:USC00335188,",,7,0800",0
6230,2020-11-13T00:00:00,PRCP,GHCND:USC00335188,",,7,0800",0
6231,2020-11-14T00:00:00,PRCP,GHCND:USC00335188,",,7,0800",0
6232,2020-11-15T00:00:00,PRCP,GHCND:USC00335188,",,7,0800",64
6233,2020-11-16T00:00:00,PRCP,GHCND:USC00335188,",,7,0800",33
6234,2020-11-17T00:00:00,PRCP,GHCND:USC00335188,",,7,0800",0
6235,2020-11-18T00:00:00,PRCP,GHCND:USC00335188,",,7,0800",0
6236,2020-11-19T00:00:00,PRCP,GHCND:USC00335188,",,7,0800",0
6237,2020-11-20T00:00:00,PRCP,GHCND:USC00335188,",,7,0800",0
6238,2020-11-21T00:00:00,PRCP,GHCND:USC00335188,",,7,0800",36
6239,2020-11-22T00:00:00,PRCP,GHCND:USC00335188,",,7,0800",10
6240,2020-11-23T00:00:00,PRCP,GHCND:USC00335188,",,7,0800",58
6241,2020-11-24T00:00:00,PRCP,GHCND:USC00335188,",,7,0800",3
6242,2020-11-25T00:00:00,PRCP,GHCND:USC00335188,",,7,0800",170
6243,2020-11-26T00:00:00,PRCP,GHCND:USC00335188,",,7,0800",183
6244,2020-11-27T00:00:00,PRCP,GHCND:USC00335188,",,7,0800",0
6245,2020-11-28T00:00:00,PRCP,GHCND:USC00335188,",,7,0800",0
6246,2020-11-29T00:00:00,PRCP,GHCND:USC00335188,",,7,0800",0
6247,2020-11-30T00:00:00,PRCP,GHCND:USC00335188,",,7,0800",124
6248,2020-12-01T00:00:00,PRCP,GHCND:USC00335188,",,7,0800",86
6249,2020-12-02T00:00:00,PRCP,GHCND:USC00335188,",,7,0800",0
6250,2020-12-03T00:00:00,PRCP,GHCND:USC00335188,",,7,0800",0
6251,2020-12-04T00:00:00,PRCP,GHCND:USC00335188,",,7,0800",0
6252,2020-12-05T00:00:00,PRCP,GHCND:USC00335188,",,7,0800",0
6253,2020-12-06T00:00:00,PRCP,GHCND:USC00335188,",,7,0800",0
6254,2020-12-07T00:00:00,PRCP,GHCND:USC00335188,",,7,0800",0
6255,2020-12-08T00:00:00,PRCP,GHCND:USC00335188,",,7,0800",0
6256,2020-12-09T00:00:00,PRCP,GHCND:USC00335188,",,7,0800",0
6257,2020-12-10T00:00:00,PRCP,GHCND:USC00335188,",,7,0800",0
6258,2020-12-11T00:00:00,PRCP,GHCND:USC00335188,",,7,0800",0
6259,2020-12-12T00:00:00,PRCP,GHCND:USC00335188,",,7,0800",5
6260,2020-12-13T00:00:00,PRCP,GHCND:USC00335188,",,7,0800",58
6261,2020-12-14T00:00:00,PRCP,GHCND:USC00335188,",,7,0800",0
6262,2020-12-15T00:00:00,PRCP,GHCND:USC00335188,",,7,0800",0
6263,2020-12-16T00:00:00,PRCP,GHCND:USC00335188,",,7,0800",3
6264,2020-12-17T00:00:00,PRCP,GHCND:USC00335188,",,7,0800",38
6265,2020-12-18T00:00:00,PRCP,GHCND:USC00335188,",,7,0800",5
6266,2020-12-20T00:00:00,PRCP,GHCND:USC00335188,",,7,0800",51
6267,2020-12-21T00:00:00,PRCP,GHCND:USC00335188,",,7,0800",0
6268,2020-12-22T00:00:00,PRCP,GHCND:USC00335188,",,7,0800",5
6269,2020-12-23T00:00:00,PRCP,GHCND:USC00335188,",,7,0800",0
6270,2020-12-24T00:00:00,PRCP,GHCND:USC00335188,",,7,0800",48
6271,2020-12-25T00:00:00,PRCP,GHCND:USC00335188,",,7,0800",3
6272,2020-12-26T00:00:00,PRCP,GHCND:USC00335188,",,7,0800",0
6273,2020-12-27T00:00:00,PRCP,GHCND:USC00335188,",,7,0800",0
6274,2020-12-28T00:00:00,PRCP,GHCND:USC00335188,",,7,0800",0
6275,2020-12-29T00:00:00,PRCP,GHCND:USC00335188,",,7,0800",0
6276,2020-12-30T00:00:00,PRCP,GHCND:USC00335188,",,7,0800",0
6277,2020-12-31T00:00:00,PRCP,GHCND:USC00335188,",,7,0800",208
6278,2021-01-01T00:00:00,PRCP,GHCND:USC00335188,",,7,0800",102
6279,2021-01-02T00:00:00,PRCP,GHCND:USC00335188,",,7,0800",234
6280,2021-01-03T00:00:00,PRCP,GHCND:USC00335188,",,7,0800",5
6281,2021-01-04T00:00:00,PRCP,GHCND:USC00335188,",,7,0800",0
6282,2021-01-05T00:00:00,PRCP,GHCND:USC00335188,",,7,0800",0
6283,2021-01-06T00:00:00,PRCP,GHCND:USC00335188,",,7,0800",0
6284,2021-01-07T00:00:00,PRCP,GHCND:USC00335188,",,7,0800",0
6285,2021-01-08T00:00:00,PRCP,GHCND:USC00335188,",,7,0800",0
6286,2021-01-09T00:00:00,PRCP,GHCND:USC00335188,",,7,0800",0
6287,2021-01-10T00:00:00,PRCP,GHCND:USC00335188,",,7,0800",0
6288,2021-01-11T00:00:00,PRCP,GHCND:USC00335188,",,7,0800",0
6289,2021-01-12T00:00:00,PRCP,GHCND:USC00335188,",,7,0800",0
6290,2021-01-13T00:00:00,PRCP,GHCND:USC00335188,",,7,0800",0
6291,2021-01-14T00:00:00,PRCP,GHCND:USC00335188,",,7,0800",0
6292,2021-01-15T00:00:00,PRCP,GHCND:USC00335188,",,7,0800",15
6293,2021-01-16T00:00:00,PRCP,GHCND:USC00335188,",,7,0800",5
6294,2021-01-17T00:00:00,PRCP,GHCND:USC00335188,",,7,0800",5
6295,2021-01-18T00:00:00,PRCP,GHCND:USC00335188,",,7,0800",18
6296,2021-01-19T00:00:00,PRCP,GHCND:USC00335188,",,7,0800",0
6297,2021-01-20T00:00:00,PRCP,GHCND:USC00335188,",,7,0800",0
6298,2021-01-21T00:00:00,PRCP,GHCND:USC00335188,",,7,0800",0
6299,2021-01-22T00:00:00,PRCP,GHCND:USC00335188,",,7,0800",0
6300,2021-01-23T00:00:00,PRCP,GHCND:USC00335188,",,7,0800",0
6301,2021-01-24T00:00:00,PRCP,GHCND:USC00335188,",,7,0800",0
6302,2021-01-25T00:00:00,PRCP,GHCND:USC00335188,",,7,0800",10
6303,2021-01-26T00:00:00,PRCP,GHCND:USC00335188,",,7,0800",122
6304,2021-01-27T00:00:00,PRCP,GHCND:USC00335188,",,7,0800",0
6305,2021-01-28T00:00:00,PRCP,GHCND:USC00335188,",,7,0800",33
6306,2021-01-29T00:00:00,PRCP,GHCND:USC00335188,",,7,0800",0
6307,2021-01-30T00:00:00,PRCP,GHCND:USC00335188,",,7,0800",3
6308,2021-01-31T00:00:00,PRCP,GHCND:USC00335188,",,7,0800",165
6309,2021-02-01T00:00:00,PRCP,GHCND:USC00335188,",,7,0800",170
6310,2021-02-02T00:00:00,PRCP,GHCND:USC00335188,",,7,0800",3
6311,2021-02-03T00:00:00,PRCP,GHCND:USC00335188,",,7,0800",0
6312,2021-02-04T00:00:00,PRCP,GHCND:USC00335188,",,7,0800",0
6313,2021-02-05T00:00:00,PRCP,GHCND:USC00335188,",,7,0800",46
6314,2021-02-06T00:00:00,PRCP,GHCND:USC00335188,",,7,0800",0
6315,2021-02-07T00:00:00,PRCP,GHCND:USC00335188,",,7,0800",0
6316,2021-02-08T00:00:00,PRCP,GHCND:USC00335188,",,7,0800",0
6317,2021-02-09T00:00:00,PRCP,GHCND:USC00335188,",,7,0800",86
6318,2021-02-10T00:00:00,PRCP,GHCND:USC00335188,",,7,0800",0
6319,2021-02-11T00:00:00,PRCP,GHCND:USC00335188,",,7,0800",0
6320,2021-02-12T00:00:00,PRCP,GHCND:USC00335188,",,7,0800",28
6321,2021-02-13T00:00:00,PRCP,GHCND:USC00335188,",,7,0800",0
6322,2021-02-14T00:00:00,PRCP,GHCND:USC00335188,",,7,0800",0
6323,2021-02-15T00:00:00,PRCP,GHCND:USC00335188,",,7,0800",13
6324,2021-02-16T00:00:00,PRCP,GHCND:USC00335188,",,7,0800",135
6325,2021-02-17T00:00:00,PRCP,GHCND:USC00335188,",,7,0800",0
6326,2021-02-18T00:00:00,PRCP,GHCND:USC00335188,",,7,0800",30
6327,2021-02-19T00:00:00,PRCP,GHCND:USC00335188,",,7,0800",3
6328,2021-02-20T00:00:00,PRCP,GHCND:USC00335188,",,7,0800",0
6329,2021-02-21T00:00:00,PRCP,GHCND:USC00335188,",,7,0800",0
6330,2021-02-22T00:00:00,PRCP,GHCND:USC00335188,",,7,0800",10
6331,2021-02-23T00:00:00,PRCP,GHCND:USC00335188,",,7,0800",0
6332,2021-02-24T00:00:00,PRCP,GHCND:USC00335188,",,7,0800",0
6333,2021-02-25T00:00:00,PRCP,GHCND:USC00335188,",,7,0800",0
6334,2021-02-26T00:00:00,PRCP,GHCND:USC00335188,",,7,0800",0
6335,2021-02-27T00:00:00,PRCP,GHCND:USC00335188,",,7,0800",18
6336,2021-02-28T00:00:00,PRCP,GHCND:USC00335188,",,7,0800",97
6337,2021-03-01T00:00:00,PRCP,GHCND:USC00335188,",,7,0800",272
6338,2021-03-02T00:00:00,PRCP,GHCND:USC00335188,",,7,0800",0
6339,2021-03-03T00:00:00,PRCP,GHCND:USC00335188,",,7,0800",0
6340,2021-03-04T00:00:00,PRCP,GHCND:USC00335188,",,7,0800",0
6341,2021-03-05T00:00:00,PRCP,GHCND:USC00335188,",,7,0800",0
6342,2021-03-06T00:00:00,PRCP,GHCND:USC00335188,",,7,0800",0
6343,2021-03-07T00:00:00,PRCP,GHCND:USC00335188,",,7,0800",0
6344,2021-03-08T00:00:00,PRCP,GHCND:USC00335188,",,7,0800",0
6345,2021-03-09T00:00:00,PRCP,GHCND:USC00335188,",,7,0800",0
6346,2021-03-10T00:00:00,PRCP,GHCND:USC00335188,",,7,0800",0
6347,2021-03-11T00:00:00,PRCP,GHCND:USC00335188,",,7,0800",0
6348,2021-03-12T00:00:00,PRCP,GHCND:USC00335188,",,7,0800",185
6349,2021-03-13T00:00:00,PRCP,GHCND:USC00335188,",,7,0800",0
6350,2021-03-14T00:00:00,PRCP,GHCND:USC00335188,",,7,0800",0
6351,2021-03-15T00:00:00,PRCP,GHCND:USC00335188,",,7,0800",0
6352,2021-03-16T00:00:00,PRCP,GHCND:USC00335188,",,7,0800",91
6353,2021-03-17T00:00:00,PRCP,GHCND:USC00335188,",,7,0800",0
6354,2021-03-18T00:00:00,PRCP,GHCND:USC00335188,",,7,0800",145
6355,2021-03-19T00:00:00,PRCP,GHCND:USC00335188,",,7,0800",10
6356,2021-03-20T00:00:00,PRCP,GHCND:USC00335188,",,7,0800",0
6357,2021-03-21T00:00:00,PRCP,GHCND:USC00335188,",,7,0800",0
6358,2021-03-22T00:00:00,PRCP,GHCND:USC00335188,",,7,0800",0
6359,2021-03-23T00:00:00,PRCP,GHCND:USC00335188,",,7,0800",0
6360,2021-03-24T00:00:00,PRCP,GHCND:USC00335188,",,7,0800",0
6361,2021-03-25T00:00:00,PRCP,GHCND:USC00335188,",,7,0800",0
6362,2021-03-26T00:00:00,PRCP,GHCND:USC00335188,",,7,0800",114
6363,2021-03-27T00:00:00,PRCP,GHCND:USC00335188,",,7,0800",0
6364,2021-03-28T00:00:00,PRCP,GHCND:USC00335188,",,7,0800",213
6365,2021-03-29T00:00:00,PRCP,GHCND:USC00335188,",,7,0800",3
6366,2021-03-30T00:00:00,PRCP,GHCND:USC00335188,",,7,0800",0
6367,2021-03-31T00:00:00,PRCP,GHCND:USC00335188,",,7,0800",74
6368,2021-04-01T00:00:00,PRCP,GHCND:USC00335188,",,7,0800",0
6369,2021-04-02T00:00:00,PRCP,GHCND:USC00335188,",,7,0800",0
6370,2021-04-03T00:00:00,PRCP,GHCND:USC00335188,",,7,0800",0
6371,2021-04-04T00:00:00,PRCP,GHCND:USC00335188,",,7,0800",0
6372,2021-04-05T00:00:00,PRCP,GHCND:USC00335188,",,7,0800",0
6373,2021-04-06T00:00:00,PRCP,GHCND:USC00335188,",,7,0800",0
6374,2021-04-07T00:00:00,PRCP,GHCND:USC00335188,",,7,0800",0
6375,2021-04-08T00:00:00,PRCP,GHCND:USC00335188,",,7,0800",0
6376,2021-04-09T00:00:00,PRCP,GHCND:USC00335188,",,7,0800",13
6377,2021-04-10T00:00:00,PRCP,GHCND:USC00335188,",,7,0800",10
6378,2021-04-11T00:00:00,PRCP,GHCND:USC00335188,",,7,0800",165
6379,2021-04-12T00:00:00,PRCP,GHCND:USC00335188,",,7,0800",18
6380,2021-04-13T00:00:00,PRCP,GHCND:USC00335188,",,7,0800",0
6381,2021-04-14T00:00:00,PRCP,GHCND:USC00335188,",,7,0800",0
6382,2021-04-15T00:00:00,PRCP,GHCND:USC00335188,",,7,0800",0
6383,2021-04-16T00:00:00,PRCP,GHCND:USC00335188,",,7,0800",0
6384,2021-04-17T00:00:00,PRCP,GHCND:USC00335188,",,7,0800",0
6385,2021-04-18T00:00:00,PRCP,GHCND:USC00335188,",,7,0800",3
6386,2021-04-19T00:00:00,PRCP,GHCND:USC00335188,",,7,0800",0
6387,2021-04-20T00:00:00,PRCP,GHCND:USC00335188,",,7,0800",0
6388,2021-04-21T00:00:00,PRCP,GHCND:USC00335188,",,7,0800",94
6389,2021-04-22T00:00:00,PRCP,GHCND:USC00335188,",,7,0800",30
6390,2021-04-23T00:00:00,PRCP,GHCND:USC00335188,",,7,0800",0
6391,2021-04-24T00:00:00,PRCP,GHCND:USC00335188,",,7,0800",0
6392,2021-04-25T00:00:00,PRCP,GHCND:USC00335188,",,7,0800",20
6393,2021-04-26T00:00:00,PRCP,GHCND:USC00335188,",,7,0800",0
6394,2021-04-27T00:00:00,PRCP,GHCND:USC00335188,",,7,0800",0
6395,2021-04-28T00:00:00,PRCP,GHCND:USC00335188,",,7,0800",0
6396,2021-04-29T00:00:00,PRCP,GHCND:USC00335188,",,7,0800",224
6397,2021-04-30T00:00:00,PRCP,GHCND:USC00335188,",,7,0800",236
6398,2021-05-01T00:00:00,PRCP,GHCND:USC00335188,",,7,0800",3
6399,2021-05-02T00:00:00,PRCP,GHCND:USC00335188,",,7,0800",0
6400,2021-05-03T00:00:00,PRCP,GHCND:USC00335188,",,7,0800",66
6401,2021-05-04T00:00:00,PRCP,GHCND:USC00335188,",,7,0800",76
6402,2021-05-05T00:00:00,PRCP,GHCND:USC00335188,",,7,0800",178
6403,2021-05-06T00:00:00,PRCP,GHCND:USC00335188,",,7,0800",0
6404,2021-05-07T00:00:00,PRCP,GHCND:USC00335188,",,7,0800",36
6405,2021-05-08T00:00:00,PRCP,GHCND:USC00335188,",,7,0800",23
6406,2021-05-09T00:00:00,PRCP,GHCND:USC00335188,",,7,0800",10
6407,2021-05-10T00:00:00,PRCP,GHCND:USC00335188,",,7,0800",178
6408,2021-05-11T00:00:00,PRCP,GHCND:USC00335188,",,7,0800",0
6409,2021-05-12T00:00:00,PRCP,GHCND:USC00335188,",,7,0800",0
6410,2021-05-13T00:00:00,PRCP,GHCND:USC00335188,",,7,0800",0
6411,2021-05-14T00:00:00,PRCP,GHCND:USC00335188,",,7,0800",0
6412,2021-05-15T00:00:00,PRCP,GHCND:USC00335188,",,7,0800",0
6413,2021-05-16T00:00:00,PRCP,GHCND:USC00335188,",,7,0800",0
6414,2021-05-17T00:00:00,PRCP,GHCND:USC00335188,",,7,0800",119
6415,2021-05-18T00:00:00,PRCP,GHCND:USC00335188,",,7,0800",94
6416,2021-05-19T00:00:00,PRCP,GHCND:USC00335188,",,7,0800",0
6417,2021-05-20T00:00:00,PRCP,GHCND:USC00335188,",,7,0800",0
6418,2021-05-21T00:00:00,PRCP,GHCND:USC00335188,",,7,0800",0
6419,2021-05-22T00:00:00,PRCP,GHCND:USC00335188,",,7,0800",0
6420,2021-05-23T00:00:00,PRCP,GHCND:USC00335188,",,7,0800",0
6421,2021-05-24T00:00:00,PRCP,GHCND:USC00335188,",,7,0800",0
6422,2021-05-25T00:00:00,PRCP,GHCND:USC00335188,",,7,0800",0
6423,2021-05-26T00:00:00,PRCP,GHCND:USC00335188,",,7,0800",0
6424,2021-05-27T00:00:00,PRCP,GHCND:USC00335188,",,7,0800",99
6425,2021-05-28T00:00:00,PRCP,GHCND:USC00335188,",,7,0800",71
6426,2021-05-29T00:00:00,PRCP,GHCND:USC00335188,",,7,0800",91
6427,2021-05-30T00:00:00,PRCP,GHCND:USC00335188,",,7,0800",0
6428,2021-05-31T00:00:00,PRCP,GHCND:USC00335188,",,7,0800",0
6429,2021-06-01T00:00:00,PRCP,GHCND:USC00335188,",,7,0800",0
6430,2021-06-02T00:00:00,PRCP,GHCND:USC00335188,",,7,0800",99
6431,2021-06-03T00:00:00,PRCP,GHCND:USC00335188,",,7,0800",109
6432,2021-06-04T00:00:00,PRCP,GHCND:USC00335188,",,7,0800",130
6433,2021-06-05T00:00:00,PRCP,GHCND:USC00335188,",,7,0800",0
6434,2021-06-06T00:00:00,PRCP,GHCND:USC00335188,",,7,0800",0
6435,2021-06-07T00:00:00,PRCP,GHCND:USC00335188,",,7,0800",180
6436,2021-06-08T00:00:00,PRCP,GHCND:USC00335188,",,7,0800",25
6437,2021-06-09T00:00:00,PRCP,GHCND:USC00335188,",,7,0800",76
6438,2021-06-10T00:00:00,PRCP,GHCND:USC00335188,",,7,0800",28
6439,2021-06-11T00:00:00,PRCP,GHCND:USC00335188,",,7,0800",5
6440,2021-06-12T00:00:00,PRCP,GHCND:USC00335188,",,7,0800",13
6441,2021-06-13T00:00:00,PRCP,GHCND:USC00335188,",,7,0800",0
6442,2021-06-14T00:00:00,PRCP,GHCND:USC00335188,",,7,0800",8
6443,2021-06-15T00:00:00,PRCP,GHCND:USC00335188,",,7,0800",0
6444,2021-06-16T00:00:00,PRCP,GHCND:USC00335188,",,7,0800",0
6445,2021-06-17T00:00:00,PRCP,GHCND:USC00335188,",,7,0800",0
6446,2021-06-18T00:00:00,PRCP,GHCND:USC00335188,",,7,0800",0
6447,2021-06-19T00:00:00,PRCP,GHCND:USC00335188,",,7,0800",770
6448,2021-06-20T00:00:00,PRCP,GHCND:USC00335188,",,7,0800",79
6449,2021-06-21T00:00:00,PRCP,GHCND:USC00335188,",,7,0800",0
6450,2021-06-22T00:00:00,PRCP,GHCND:USC00335188,",,7,0800",5
6451,2021-06-23T00:00:00,PRCP,GHCND:USC00335188,",,7,0800",0
6452,2021-06-24T00:00:00,PRCP,GHCND:USC00335188,",,7,0800",0
6453,2021-06-25T00:00:00,PRCP,GHCND:USC00335188,",,7,0800",0
6454,2021-06-26T00:00:00,PRCP,GHCND:USC00335188,",,7,0800",0
6455,2021-06-27T00:00:00,PRCP,GHCND:USC00335188,",,7,0800",0
6456,2021-06-28T00:00:00,PRCP,GHCND:USC00335188,",,7,0800",8
6457,2021-06-29T00:00:00,PRCP,GHCND:USC00335188,",,7,0800",0
6458,2021-06-30T00:00:00,PRCP,GHCND:USC00335188,",,7,0800",74
6459,2021-07-01T00:00:00,PRCP,GHCND:USC00335188,",,7,0800",683
6460,2021-07-02T00:00:00,PRCP,GHCND:USC00335188,",,7,0800",185
6461,2021-07-03T00:00:00,PRCP,GHCND:USC00335188,",,7,0800",0
6462,2021-07-04T00:00:00,PRCP,GHCND:USC00335188,",,7,0800",0
6463,2021-07-05T00:00:00,PRCP,GHCND:USC00335188,",,7,0800",0
6464,2021-07-06T00:00:00,PRCP,GHCND:USC00335188,",,7,0800",0
6465,2021-07-07T00:00:00,PRCP,GHCND:USC00335188,",,7,0800",0
6466,2021-07-08T00:00:00,PRCP,GHCND:USC00335188,",,7,0800",8
6467,2021-07-09T00:00:00,PRCP,GHCND:USC00335188,",,7,0800",0
6468,2021-07-10T00:00:00,PRCP,GHCND:USC00335188,",,7,0800",0
6469,2021-07-11T00:00:00,PRCP,GHCND:USC00335188,",,7,0800",178
6470,2021-07-12T00:00:00,PRCP,GHCND:USC00335188,",,7,0800",25
6471,2021-07-13T00:00:00,PRCP,GHCND:USC00335188,",,7,0800",23
6472,2021-07-14T00:00:00,PRCP,GHCND:USC00335188,",,7,0800",51
6473,2021-07-15T00:00:00,PRCP,GHCND:USC00335188,",,7,0800",0
6474,2021-07-16T00:00:00,PRCP,GHCND:USC00335188,",,7,0800",0
6475,2021-07-17T00:00:00,PRCP,GHCND:USC00335188,",,7,0800",531
6476,2021-07-18T00:00:00,PRCP,GHCND:USC00335188,",,7,0800",8
6477,2021-07-19T00:00:00,PRCP,GHCND:USC00335188,",,7,0800",0
6478,2021-07-20T00:00:00,PRCP,GHCND:USC00335188,",,7,0800",0
6479,2021-07-21T00:00:00,PRCP,GHCND:USC00335188,",,7,0800",0
6480,2021-07-22T00:00:00,PRCP,GHCND:USC00335188,",,7,0800",0
6481,2021-07-23T00:00:00,PRCP,GHCND:USC00335188,",,7,0800",0
6482,2021-07-24T00:00:00,PRCP,GHCND:USC00335188,",,7,0800",0
6483,2021-07-25T00:00:00,PRCP,GHCND:USC00335188,",,7,0800",0
6484,2021-07-26T00:00:00,PRCP,GHCND:USC00335188,",,7,0800",0
6485,2021-07-27T00:00:00,PRCP,GHCND:USC00335188,",,7,0800",0
6486,2021-07-28T00:00:00,PRCP,GHCND:USC00335188,",,7,0800",0
6487,2021-07-29T00:00:00,PRCP,GHCND:USC00335188,",,7,0800",0
6488,2021-07-30T00:00:00,PRCP,GHCND:USC00335188,",,7,0800",0
6489,2021-07-31T00:00:00,PRCP,GHCND:USC00335188,",,7,0800",0
6490,2021-08-01T00:00:00,PRCP,GHCND:USC00335188,",,7,0800",3
6491,2021-08-02T00:00:00,PRCP,GHCND:USC00335188,",,7,0800",18
6492,2021-08-03T00:00:00,PRCP,GHCND:USC00335188,",,7,0800",0
6493,2021-08-04T00:00:00,PRCP,GHCND:USC00335188,",,7,0800",0
6494,2021-08-05T00:00:00,PRCP,GHCND:USC00335188,",,7,0800",0
6495,2021-08-06T00:00:00,PRCP,GHCND:USC00335188,",,7,0800",0
6496,2021-08-07T00:00:00,PRCP,GHCND:USC00335188,",,7,0800",0
6497,2021-08-08T00:00:00,PRCP,GHCND:USC00335188,",,7,0800",0
6498,2021-08-09T00:00:00,PRCP,GHCND:USC00335188,",,7,0800",0
6499,2021-08-10T00:00:00,PRCP,GHCND:USC00335188,",,7,0800",130
6500,2021-08-11T00:00:00,PRCP,GHCND:USC00335188,",,7,0800",0
6501,2021-08-12T00:00:00,PRCP,GHCND:USC00335188,",,7,0800",0
6502,2021-08-13T00:00:00,PRCP,GHCND:USC00335188,",,7,0800",0
6503,2021-08-14T00:00:00,PRCP,GHCND:USC00335188,",,7,0800",3
6504,2021-08-15T00:00:00,PRCP,GHCND:USC00335188,",,7,0800",0
6505,2021-08-16T00:00:00,PRCP,GHCND:USC00335188,",,7,0800",5
6506,2021-08-17T00:00:00,PRCP,GHCND:USC00335188,",,7,0800",132
6507,2021-08-18T00:00:00,PRCP,GHCND:USC00335188,",,7,0800",226
6508,2021-08-19T00:00:00,PRCP,GHCND:USC00335188,",,7,0800",0
6509,2021-08-20T00:00:00,PRCP,GHCND:USC00335188,",,7,0800",25
6510,2021-08-21T00:00:00,PRCP,GHCND:USC00335188,",,7,0800",0
6511,2021-08-22T00:00:00,PRCP,GHCND:USC00335188,",,7,0800",0
6512,2021-08-23T00:00:00,PRCP,GHCND:USC00335188,",,7,0800",0
6513,2021-08-24T00:00:00,PRCP,GHCND:USC00335188,",,7,0800",0
6514,2021-08-25T00:00:00,PRCP,GHCND:USC00335188,",,7,0800",0
6515,2021-08-26T00:00:00,PRCP,GHCND:USC00335188,",,7,0800",3
6516,2021-08-27T00:00:00,PRCP,GHCND:USC00335188,",,7,0800",0
6517,2021-08-28T00:00:00,PRCP,GHCND:USC00335188,",,7,0800",0
6518,2021-08-29T00:00:00,PRCP,GHCND:USC00335188,",,7,0800",0
6519,2021-08-30T00:00:00,PRCP,GHCND:USC00335188,",,7,0800",5
6520,2021-08-31T00:00:00,PRCP,GHCND:USC00335188,",,7,0800",86
6521,2021-09-01T00:00:00,PRCP,GHCND:USC00335188,",,7,0800",127
6522,2021-09-02T00:00:00,PRCP,GHCND:USC00335188,",,7,0800",0
6523,2021-09-03T00:00:00,PRCP,GHCND:USC00335188,",,7,0800",0
6524,2021-09-04T00:00:00,PRCP,GHCND:USC00335188,",,7,0800",0
6525,2021-09-05T00:00:00,PRCP,GHCND:USC00335188,",,7,0800",137
6526,2021-09-06T00:00:00,PRCP,GHCND:USC00335188,",,7,0800",5
6527,2021-09-07T00:00:00,PRCP,GHCND:USC00335188,",,7,0800",0
6528,2021-09-08T00:00:00,PRCP,GHCND:USC00335188,",,7,0800",20
6529,2021-09-09T00:00:00,PRCP,GHCND:USC00335188,",,7,0800",0
6530,2021-09-10T00:00:00,PRCP,GHCND:USC00335188,",,7,0800",0
6531,2021-09-11T00:00:00,PRCP,GHCND:USC00335188,",,7,0800",0
6532,2021-09-12T00:00:00,PRCP,GHCND:USC00335188,",,7,0800",0
6533,2021-09-13T00:00:00,PRCP,GHCND:USC00335188,",,7,0800",0
6534,2021-09-14T00:00:00,PRCP,GHCND:USC00335188,",,7,0800",0
6535,2021-09-15T00:00:00,PRCP,GHCND:USC00335188,",,7,0800",3
6536,2021-09-16T00:00:00,PRCP,GHCND:USC00335188,",,7,0800",10
6537,2021-09-17T00:00:00,PRCP,GHCND:USC00335188,",,7,0800",0
6538,2021-09-18T00:00:00,PRCP,GHCND:USC00335188,",,7,0800",0
6539,2021-09-19T00:00:00,PRCP,GHCND:USC00335188,",,7,0800",0
6540,2021-09-20T00:00:00,PRCP,GHCND:USC00335188,",,7,0800",13
6541,2021-09-21T00:00:00,PRCP,GHCND:USC00335188,",,7,0800",226
6542,2021-09-22T00:00:00,PRCP,GHCND:USC00335188,",,7,0800",97
6543,2021-09-23T00:00:00,PRCP,GHCND:USC00335188,",,7,0800",97
6544,2021-09-24T00:00:00,PRCP,GHCND:USC00335188,",,7,0800",3
6545,2021-09-25T00:00:00,PRCP,GHCND:USC00335188,",,7,0800",0
6546,2021-09-26T00:00:00,PRCP,GHCND:USC00335188,",,7,0800",5
6547,2021-09-27T00:00:00,PRCP,GHCND:USC00335188,",,7,0800",0
6548,2021-09-28T00:00:00,PRCP,GHCND:USC00335188,",,7,0800",46
6549,2021-09-29T00:00:00,PRCP,GHCND:USC00335188,",,7,0800",0
6550,2021-09-30T00:00:00,PRCP,GHCND:USC00335188,",,7,0800",0
6551,2021-10-01T00:00:00,PRCP,GHCND:USC00335188,",,7,0800",0
6552,2021-10-02T00:00:00,PRCP,GHCND:USC00335188,",,7,0800",0
6553,2021-10-03T00:00:00,PRCP,GHCND:USC00335188,",,7,0800",38
6554,2021-10-04T00:00:00,PRCP,GHCND:USC00335188,",,7,0800",69
6555,2021-10-05T00:00:00,PRCP,GHCND:USC00335188,",,7,0800",208
6556,2021-10-06T00:00:00,PRCP,GHCND:USC00335188,",,7,0800",3
6557,2021-10-07T00:00:00,PRCP,GHCND:USC00335188,",,7,0800",246
6558,2021-10-08T00:00:00,PRCP,GHCND:USC00335188,",,7,0800",46
6559,2021-10-09T00:00:00,PRCP,GHCND:USC00335188,",,7,0800",0
6560,2021-10-10T00:00:00,PRCP,GHCND:USC00335188,",,7,0800",0
6561,2021-10-11T00:00:00,PRCP,GHCND:USC00335188,",,7,0800",0
6562,2021-10-12T00:00:00,PRCP,GHCND:USC00335188,",,7,0800",0
6563,2021-10-13T00:00:00,PRCP,GHCND:USC00335188,",,7,0800",0
6564,2021-10-14T00:00:00,PRCP,GHCND:USC00335188,",,7,0800",18
6565,2021-10-15T00:00:00,PRCP,GHCND:USC00335188,",,7,0800",3
6566,2021-10-16T00:00:00,PRCP,GHCND:USC00335188,",,7,0800",160
6567,2021-10-17T00:00:00,PRCP,GHCND:USC00335188,",,7,0800",0
6568,2021-10-18T00:00:00,PRCP,GHCND:USC00335188,",,7,0800",0
6569,2021-10-19T00:00:00,PRCP,GHCND:USC00335188,",,7,0800",0
6570,2021-10-20T00:00:00,PRCP,GHCND:USC00335188,",,7,0800",0
6571,2021-10-21T00:00:00,PRCP,GHCND:USC00335188,",,7,0800",0
6572,2021-10-22T00:00:00,PRCP,GHCND:USC00335188,",,7,0800",0
6573,2021-10-23T00:00:00,PRCP,GHCND:USC00335188,",,7,0800",25
6574,2021-10-24T00:00:00,PRCP,GHCND:USC00335188,",,7,0800",13
6575,2021-10-25T00:00:00,PRCP,GHCND:USC00335188,",,7,0800",152
6576,2021-10-26T00:00:00,PRCP,GHCND:USC00335188,",,7,0800",8
6577,2021-10-27T00:00:00,PRCP,GHCND:USC00335188,",,7,0800",3
6578,2021-10-28T00:00:00,PRCP,GHCND:USC00335188,",,7,0800",0
6579,2021-10-29T00:00:00,PRCP,GHCND:USC00335188,",,7,0800",127
6580,2021-10-30T00:00:00,PRCP,GHCND:USC00335188,",,7,0800",178
6581,2021-10-31T00:00:00,PRCP,GHCND:USC00335188,",,7,0800",25
6582,2021-11-01T00:00:00,PRCP,GHCND:USC00335188,",,7,0800",0
6583,2021-11-02T00:00:00,PRCP,GHCND:USC00335188,",,7,0800",0
6584,2021-11-03T00:00:00,PRCP,GHCND:USC00335188,",,7,0800",0
6585,2021-11-04T00:00:00,PRCP,GHCND:USC00335188,",,7,0800",0
6586,2021-11-05T00:00:00,PRCP,GHCND:USC00335188,",,7,0800",0
6587,2021-11-06T00:00:00,PRCP,GHCND:USC00335188,",,7,0800",0
6588,2021-11-07T00:00:00,PRCP,GHCND:USC00335188,",,7,0800",0
6589,2021-11-08T00:00:00,PRCP,GHCND:USC00335188,",,7,0800",0
6590,2021-11-09T00:00:00,PRCP,GHCND:USC00335188,",,7,0800",0
6591,2021-11-10T00:00:00,PRCP,GHCND:USC00335188,",,7,0800",0
6592,2021-11-11T00:00:00,PRCP,GHCND:USC00335188,",,7,0800",0
6593,2021-11-12T00:00:00,PRCP,GHCND:USC00335188,",,7,0800",160
6594,2021-11-13T00:00:00,PRCP,GHCND:USC00335188,",,7,0800",8
6595,2021-11-14T00:00:00,PRCP,GHCND:USC00335188,",,7,0800",0
6596,2021-11-15T00:00:00,PRCP,GHCND:USC00335188,",,7,0800",46
6597,2021-11-16T00:00:00,PRCP,GHCND:USC00335188,",,7,0800",3
6598,2021-11-17T00:00:00,PRCP,GHCND:USC00335188,",,7,0800",0
6599,2021-11-18T00:00:00,PRCP,GHCND:USC00335188,",,7,0800",127
6600,2021-11-19T00:00:00,PRCP,GHCND:USC00335188,",,7,0800",0
6601,2021-11-20T00:00:00,PRCP,GHCND:USC00335188,",,7,0800",0
6602,2021-11-21T00:00:00,PRCP,GHCND:USC00335188,",,7,0800",51
6603,2021-11-22T00:00:00,PRCP,GHCND:USC00335188,",,7,0800",69
6604,2021-11-23T00:00:00,PRCP,GHCND:USC00335188,",,7,0800",3
6605,2021-11-24T00:00:00,PRCP,GHCND:USC00335188,",,7,0800",0
6606,2021-11-25T00:00:00,PRCP,GHCND:USC00335188,",,7,0800",0
6607,2021-11-26T00:00:00,PRCP,GHCND:USC00335188,",,7,0800",28
6608,2021-11-27T00:00:00,PRCP,GHCND:USC00335188,",,7,0800",0
6609,2021-11-28T00:00:00,PRCP,GHCND:USC00335188,",,7,0800",0
6610,2021-11-29T00:00:00,PRCP,GHCND:USC00335188,",,7,0800",0
6611,2021-11-30T00:00:00,PRCP,GHCND:USC00335188,",,7,0800",0
6612,2021-12-01T00:00:00,PRCP,GHCND:USC00335188,",,7,0800",0
6613,2021-12-02T00:00:00,PRCP,GHCND:USC00335188,",,7,0800",15
6614,2021-12-03T00:00:00,PRCP,GHCND:USC00335188,",,7,0800",0
6615,2021-12-04T00:00:00,PRCP,GHCND:USC00335188,",,7,0800",0
6616,2021-12-05T00:00:00,PRCP,GHCND:USC00335188,",,7,0800",0
6617,2021-12-06T00:00:00,PRCP,GHCND:USC00335188,",,7,0800",201
6618,2021-12-07T00:00:00,PRCP,GHCND:USC00335188,",,7,0800",0
6619,2021-12-08T00:00:00,PRCP,GHCND:USC00335188,",,7,0800",15
6620,2021-12-09T00:00:00,PRCP,GHCND:USC00335188,",,7,0800",3
6621,2021-12-10T00:00:00,PRCP,GHCND:USC00335188,",,7,0800",0
6622,2021-12-11T00:00:00,PRCP,GHCND:USC00335188,",,7,0800",127
6623,2021-12-12T00:00:00,PRCP,GHCND:USC00335188,",,7,0800",25
6624,2021-12-13T00:00:00,PRCP,GHCND:USC00335188,",,7,0800",0
6625,2021-12-14T00:00:00,PRCP,GHCND:USC00335188,",,7,0800",0
6626,2021-12-15T00:00:00,PRCP,GHCND:USC00335188,",,7,0800",5
6627,2021-12-16T00:00:00,PRCP,GHCND:USC00335188,",,7,0800",0
6628,2021-12-17T00:00:00,PRCP,GHCND:USC00335188,",,7,0800",46
6629,2021-12-18T00:00:00,PRCP,GHCND:USC00335188,",,7,0800",124
6630,2021-12-19T00:00:00,PRCP,GHCND:USC00335188,",,7,0800",13
6631,2021-12-20T00:00:00,PRCP,GHCND:USC00335188,",,7,0800",0
6632,2021-12-21T00:00:00,PRCP,GHCND:USC00335188,",,7,0800",3
6633,2021-12-22T00:00:00,PRCP,GHCND:USC00335188,",,7,0800",0
6634,2021-12-23T00:00:00,PRCP,GHCND:USC00335188,",,7,0800",0
6635,2021-12-24T00:00:00,PRCP,GHCND:USC00335188,",,7,0800",0
6636,2021-12-26T00:00:00,DAPR,GHCND:USC00335188,",,7,",2
6637,2021-12-26T00:00:00,MDPR,GHCND:USC00335188,",,7,",36
6638,2021-12-27T00:00:00,PRCP,GHCND:USC00335188,",,7,0800",5
6639,2021-12-28T00:00:00,PRCP,GHCND:USC00335188,",,7,0800",0
6640,2021-12-29T00:00:00,PRCP,GHCND:USC00335188,",,7,0800",135
6641,2021-12-30T00:00:00,PRCP,GHCND:USC00335188,",,7,0800",23
6642,2021-12-31T00:00:00,PRCP,GHCND:USC00335188,",,7,0800",5
6643,2022-01-03T00:00:00,DAPR,GHCND:USC00335188,",,7,",3
6644,2022-01-03T00:00:00,MDPR,GHCND:USC00335188,",,7,",371
6645,2022-01-04T00:00:00,PRCP,GHCND:USC00335188,",,7,0800",0
6646,2022-01-05T00:00:00,PRCP,GHCND:USC00335188,",,7,0800",0
6647,2022-01-06T00:00:00,PRCP,GHCND:USC00335188,",,7,0800",0
6648,2022-01-07T00:00:00,PRCP,GHCND:USC00335188,",,7,0800",3
6649,2022-01-08T00:00:00,PRCP,GHCND:USC00335188,",,7,0800",0
6650,2022-01-09T00:00:00,PRCP,GHCND:USC00335188,",,7,0800",208
6651,2022-01-10T00:00:00,PRCP,GHCND:USC00335188,",,7,0800",0
6652,2022-01-11T00:00:00,PRCP,GHCND:USC00335188,",,7,0800",0
6653,2022-01-12T00:00:00,PRCP,GHCND:USC00335188,",,7,0800",0
6654,2022-01-13T00:00:00,PRCP,GHCND:USC00335188,",,7,0800",0
6655,2022-01-14T00:00:00,PRCP,GHCND:USC00335188,",,7,0800",3
6656,2022-01-15T00:00:00,PRCP,GHCND:USC00335188,",,7,0800",0
6657,2022-01-16T00:00:00,PRCP,GHCND:USC00335188,",,7,0800",0
6658,2022-01-17T00:00:00,PRCP,GHCND:USC00335188,",,7,0800",28
6659,2022-01-18T00:00:00,PRCP,GHCND:USC00335188,",,7,0800",0
6660,2022-01-19T00:00:00,PRCP,GHCND:USC00335188,",,7,0800",0
6661,2022-01-20T00:00:00,PRCP,GHCND:USC00335188,",,7,0800",0
6662,2022-01-21T00:00:00,PRCP,GHCND:USC00335188,",,7,0800",0
6663,2022-01-22T00:00:00,PRCP,GHCND:USC00335188,",,7,0800",0
6664,2022-01-23T00:00:00,PRCP,GHCND:USC00335188,",,7,0800",0
6665,2022-01-24T00:00:00,PRCP,GHCND:USC00335188,",,7,0800",0
6666,2022-01-25T00:00:00,PRCP,GHCND:USC00335188,",,7,0800",20
6667,2022-01-26T00:00:00,PRCP,GHCND:USC00335188,",,7,0800",0
6668,2022-01-27T00:00:00,PRCP,GHCND:USC00335188,",,7,0800",0
6669,2022-01-28T00:00:00,PRCP,GHCND:USC00335188,",,7,0800",25
6670,2022-01-29T00:00:00,PRCP,GHCND:USC00335188,",,7,0800",18
6671,2022-01-30T00:00:00,PRCP,GHCND:USC00335188,",,7,0800",0
6672,2022-01-31T00:00:00,PRCP,GHCND:USC00335188,",,7,0800",0
6673,2022-02-01T00:00:00,PRCP,GHCND:USC00335188,",,7,0800",0
6674,2022-02-02T00:00:00,PRCP,GHCND:USC00335188,",,7,0800",13
6675,2022-02-03T00:00:00,PRCP,GHCND:USC00335188,",,7,0800",351
6676,2022-02-04T00:00:00,PRCP,GHCND:USC00335188,",,7,0800",38
6677,2022-02-05T00:00:00,PRCP,GHCND:USC00335188,",,7,0800",25
6678,2022-02-06T00:00:00,PRCP,GHCND:USC00335188,",,7,0800",0
6679,2022-02-07T00:00:00,PRCP,GHCND:USC00335188,",,7,0800",0
6680,2022-02-08T00:00:00,PRCP,GHCND:USC00335188,",,7,0800",0
6681,2022-02-09T00:00:00,PRCP,GHCND:USC00335188,",,7,0800",0
6682,2022-02-10T00:00:00,PRCP,GHCND:USC00335188,",,7,0800",0
6683,2022-02-11T00:00:00,PRCP,GHCND:USC00335188,",,7,0800",0
6684,2022-02-12T00:00:00,PRCP,GHCND:USC00335188,",,7,0800",8
6685,2022-02-13T00:00:00,PRCP,GHCND:USC00335188,",,7,0800",0
6686,2022-02-14T00:00:00,PRCP,GHCND:USC00335188,",,7,0800",5
6687,2022-02-15T00:00:00,PRCP,GHCND:USC00335188,",,7,0800",0
6688,2022-02-16T00:00:00,PRCP,GHCND:USC00335188,",,7,0800",0
6689,2022-02-17T00:00:00,PRCP,GHCND:USC00335188,",,7,0800",135
6690,2022-02-18T00:00:00,PRCP,GHCND:USC00335188,",,7,0800",396
6691,2022-02-19T00:00:00,PRCP,GHCND:USC00335188,",,7,0800",0
6692,2022-02-20T00:00:00,PRCP,GHCND:USC00335188,",,7,0800",0
6693,2022-02-21T00:00:00,PRCP,GHCND:USC00335188,",,7,0800",0
6694,2022-02-22T00:00:00,PRCP,GHCND:USC00335188,",,7,0800",112
6695,2022-02-23T00:00:00,PRCP,GHCND:USC00335188,",,7,0800",213
6696,2022-02-24T00:00:00,PRCP,GHCND:USC00335188,",,7,0800",5
6697,2022-02-25T00:00:00,PRCP,GHCND:USC00335188,",,7,0800",218
6698,2022-02-26T00:00:00,PRCP,GHCND:USC00335188,",,7,0800",0
6699,2022-02-27T00:00:00,PRCP,GHCND:USC00335188,",,7,0800",0
6700,2022-02-28T00:00:00,PRCP,GHCND:USC00335188,",,7,0800",3
6701,2022-03-01T00:00:00,PRCP,GHCND:USC00335188,",,7,0800",0
6702,2022-03-02T00:00:00,PRCP,GHCND:USC00335188,",,7,0800",0
6703,2022-03-03T00:00:00,PRCP,GHCND:USC00335188,",,7,0800",0
6704,2022-03-04T00:00:00,PRCP,GHCND:USC00335188,",,7,0800",0
6705,2022-03-05T00:00:00,PRCP,GHCND:USC00335188,",,7,0800",0
6706,2022-03-06T00:00:00,PRCP,GHCND:USC00335188,",,7,0800",46
6707,2022-03-07T00:00:00,PRCP,GHCND:USC00335188,",,7,0800",422
6708,2022-03-08T00:00:00,PRCP,GHCND:USC00335188,",,7,0800",18
6709,2022-03-09T00:00:00,PRCP,GHCND:USC00335188,",,7,0800",3
6710,2022-03-10T00:00:00,PRCP,GHCND:USC00335188,",,7,0800",0
6711,2022-03-11T00:00:00,PRCP,GHCND:USC00335188,",,7,0800",0
6712,2022-03-12T00:00:00,PRCP,GHCND:USC00335188,",,7,0800",15
6713,2022-03-13T00:00:00,PRCP,GHCND:USC00335188,",,7,0800",0
6714,2022-03-14T00:00:00,PRCP,GHCND:USC00335188,",,7,0800",0
6715,2022-03-15T00:00:00,PRCP,GHCND:USC00335188,",,7,0800",0
6716,2022-03-16T00:00:00,PRCP,GHCND:USC00335188,",,7,0800",0
6717,2022-03-17T00:00:00,PRCP,GHCND:USC00335188,",,7,0800",0
6718,2022-03-18T00:00:00,PRCP,GHCND:USC00335188,",,7,0800",0
6719,2022-03-19T00:00:00,PRCP,GHCND:USC00335188,",,7,0800",127
6720,2022-03-20T00:00:00,PRCP,GHCND:USC00335188,",,7,0800",23
6721,2022-03-21T00:00:00,PRCP,GHCND:USC00335188,",,7,0800",0
6722,2022-03-22T00:00:00,PRCP,GHCND:USC00335188,",,7,0800",5
6723,2022-03-23T00:00:00,PRCP,GHCND:USC00335188,",,7,0800",69
6724,2022-03-24T00:00:00,PRCP,GHCND:USC00335188,",,7,0800",5
6725,2022-03-25T00:00:00,PRCP,GHCND:USC00335188,",,7,0800",0
6726,2022-03-26T00:00:00,PRCP,GHCND:USC00335188,",,7,0800",3
6727,2022-03-27T00:00:00,PRCP,GHCND:USC00335188,",,7,0800",0
6728,2022-03-28T00:00:00,PRCP,GHCND:USC00335188,",,7,0800",0
6729,2022-03-29T00:00:00,PRCP,GHCND:USC00335188,",,7,0800",0
6730,2022-03-30T00:00:00,PRCP,GHCND:USC00335188,",,7,0800",0
6731,2022-03-31T00:00:00,PRCP,GHCND:USC00335188,",,7,0800",10
6732,2022-04-01T00:00:00,PRCP,GHCND:USC00335188,",,7,0800",15
6733,2022-04-02T00:00:00,PRCP,GHCND:USC00335188,",,7,0800",0
6734,2022-04-03T00:00:00,PRCP,GHCND:USC00335188,",,7,0800",0
6735,2022-04-04T00:00:00,PRCP,GHCND:USC00335188,",,7,0800",8
6736,2022-04-05T00:00:00,PRCP,GHCND:USC00335188,",,7,0800",0
6737,2022-04-06T00:00:00,PRCP,GHCND:USC00335188,",,7,0800",64
6738,2022-04-07T00:00:00,PRCP,GHCND:USC00335188,",,7,0800",71
6739,2022-04-08T00:00:00,PRCP,GHCND:USC00335188,",,7,0800",10
6740,2022-04-09T00:00:00,PRCP,GHCND:USC00335188,",,7,0800",5
6741,2022-04-10T00:00:00,PRCP,GHCND:USC00335188,",,7,0800",0
6742,2022-04-11T00:00:00,PRCP,GHCND:USC00335188,",,7,0800",0
6743,2022-04-12T00:00:00,PRCP,GHCND:USC00335188,",,7,0800",69
6744,2022-04-13T00:00:00,PRCP,GHCND:USC00335188,",,7,0800",0
6745,2022-04-14T00:00:00,PRCP,GHCND:USC00335188,",,7,0800",267
6746,2022-04-15T00:00:00,PRCP,GHCND:USC00335188,",,7,0800",3
6747,2022-04-16T00:00:00,PRCP,GHCND:USC00335188,",,7,0800",18
6748,2022-04-17T00:00:00,PRCP,GHCND:USC00335188,",,7,0800",0
6749,2022-04-18T00:00:00,PRCP,GHCND:USC00335188,",,7,0800",61
6750,2022-04-19T00:00:00,PRCP,GHCND:USC00335188,",,7,0800",56
6751,2022-04-20T00:00:00,PRCP,GHCND:USC00335188,",,7,0800",0
6752,2022-04-21T00:00:00,PRCP,GHCND:USC00335188,",,7,0800",41
6753,2022-04-22T00:00:00,PRCP,GHCND:USC00335188,",,7,0800",5
6754,2022-04-23T00:00:00,PRCP,GHCND:USC00335188,",,7,0800",0
6755,2022-04-24T00:00:00,PRCP,GHCND:USC00335188,",,7,0800",0
6756,2022-04-25T00:00:00,PRCP,GHCND:USC00335188,",,7,0800",0
6757,2022-04-26T00:00:00,PRCP,GHCND:USC00335188,",,7,0800",25
6758,2022-04-27T00:00:00,PRCP,GHCND:USC00335188,",,7,0800",0
6759,2022-04-28T00:00:00,PRCP,GHCND:USC00335188,",,7,0800",0
6760,2022-04-29T00:00:00,PRCP,GHCND:USC00335188,",,7,0800",0
6761,2022-04-30T00:00:00,PRCP,GHCND:USC00335188,",,7,0800",13
6762,2022-05-01T00:00:00,PRCP,GHCND:USC00335188,",,7,0800",3
6763,2022-05-02T00:00:00,PRCP,GHCND:USC00335188,",,7,0800",0
6764,2022-05-03T00:00:00,PRCP,GHCND:USC00335188,",,7,0800",99
6765,2022-05-04T00:00:00,PRCP,GHCND:USC00335188,",,7,0800",310
6766,2022-05-05T00:00:00,PRCP,GHCND:USC00335188,",,7,0800",0
6767,2022-05-06T00:00:00,PRCP,GHCND:USC00335188,",,7,0800",201
6768,2022-05-07T00:00:00,PRCP,GHCND:USC00335188,",,7,0800",272
6769,2022-05-08T00:00:00,PRCP,GHCND:USC00335188,",,7,0800",0
6770,2022-05-09T00:00:00,PRCP,GHCND:USC00335188,",,7,0800",0
6771,2022-05-10T00:00:00,PRCP,GHCND:USC00335188,",,7,0800",0
6772,2022-05-11T00:00:00,PRCP,GHCND:USC00335188,",,7,0800",0
6773,2022-05-12T00:00:00,PRCP,GHCND:USC00335188,",,7,0800",0
6774,2022-05-13T00:00:00,PRCP,GHCND:USC00335188,",,7,0800",0
6775,2022-05-14T00:00:00,PRCP,GHCND:USC00335188,",,7,0800",0
6776,2022-05-15T00:00:00,PRCP,GHCND:USC00335188,",,7,0800",89
6777,2022-05-16T00:00:00,PRCP,GHCND:USC00335188,",,7,0800",97
6778,2022-05-17T00:00:00,PRCP,GHCND:USC00335188,",,7,0800",0
6779,2022-05-18T00:00:00,PRCP,GHCND:USC00335188,",,7,0800",0
6780,2022-05-19T00:00:00,PRCP,GHCND:USC00335188,",,7,0800",117
6781,2022-05-20T00:00:00,PRCP,GHCND:USC00335188,",,7,0800",300
6782,2022-05-21T00:00:00,PRCP,GHCND:USC00335188,",,7,0800",0
6783,2022-05-22T00:00:00,PRCP,GHCND:USC00335188,",,7,0800",74
6784,2022-05-23T00:00:00,PRCP,GHCND:USC00335188,",,7,0800",3
6785,2022-05-24T00:00:00,PRCP,GHCND:USC00335188,",,7,0800",0
6786,2022-05-25T00:00:00,PRCP,GHCND:USC00335188,",,7,0800",0
6787,2022-05-26T00:00:00,PRCP,GHCND:USC00335188,",,7,0800",102
6788,2022-05-27T00:00:00,PRCP,GHCND:USC00335188,",,7,0800",191
6789,2022-05-28T00:00:00,PRCP,GHCND:USC00335188,",,7,0800",81
6790,2022-05-29T00:00:00,PRCP,GHCND:USC00335188,",,7,0800",0
6791,2022-05-30T00:00:00,PRCP,GHCND:USC00335188,",,7,0800",0
6792,2022-05-31T00:00:00,PRCP,GHCND:USC00335188,",,7,0800",0
6793,2022-06-01T00:00:00,PRCP,GHCND:USC00335188,",,7,0800",0
6794,2022-06-02T00:00:00,PRCP,GHCND:USC00335188,",,7,0800",10
6795,2022-06-03T00:00:00,PRCP,GHCND:USC00335188,",,7,0800",132
6796,2022-06-04T00:00:00,PRCP,GHCND:USC00335188,",,7,0800",0
6797,2022-06-05T00:00:00,PRCP,GHCND:USC00335188,",,7,0800",0
6798,2022-06-06T00:00:00,PRCP,GHCND:USC00335188,",,7,0800",0
6799,2022-06-07T00:00:00,PRCP,GHCND:USC00335188,",,7,0800",287
6800,2022-06-08T00:00:00,PRCP,GHCND:USC00335188,",,7,0800",3
6801,2022-06-09T00:00:00,PRCP,GHCND:USC00335188,",,7,0800",132
6802,2022-06-10T00:00:00,PRCP,GHCND:USC00335188,",,7,0800",0
6803,2022-06-11T00:00:00,PRCP,GHCND:USC00335188,",,7,0800",18
6804,2022-06-12T00:00:00,PRCP,GHCND:USC00335188,",,7,0800",76
6805,2022-06-13T00:00:00,PRCP,GHCND:USC00335188,",,7,0800",3
6806,2022-06-14T00:00:00,PRCP,GHCND:USC00335188,",,7,0800",122
6807,2022-06-15T00:00:00,PRCP,GHCND:USC00335188,",,7,0800",0
6808,2022-06-16T00:00:00,PRCP,GHCND:USC00335188,",,7,0800",0
6809,2022-06-17T00:00:00,PRCP,GHCND:USC00335188,",,7,0800",0
6810,2022-06-18T00:00:00,PRCP,GHCND:USC00335188,",,7,0800",0
6811,2022-06-19T00:00:00,PRCP,GHCND:USC00335188,",,7,0800",0
6812,2022-06-20T00:00:00,PRCP,GHCND:USC00335188,",,7,0800",0
6813,2022-06-21T00:00:00,PRCP,GHCND:USC00335188,",,7,0800",0
6814,2022-06-22T00:00:00,PRCP,GHCND:USC00335188,",,7,0800",0
6815,2022-06-23T00:00:00,PRCP,GHCND:USC00335188,",,7,0800",152
6816,2022-06-24T00:00:00,PRCP,GHCND:USC00335188,",,7,0800",0
6817,2022-06-25T00:00:00,PRCP,GHCND:USC00335188,",,7,0800",0
6818,2022-06-26T00:00:00,PRCP,GHCND:USC00335188,",,7,0800",0
6819,2022-06-27T00:00:00,PRCP,GHCND:USC00335188,",,7,0800",30
6820,2022-06-28T00:00:00,PRCP,GHCND:USC00335188,",,7,0800",0
6821,2022-06-29T00:00:00,PRCP,GHCND:USC00335188,",,7,0800",0
6822,2022-06-30T00:00:00,PRCP,GHCND:USC00335188,",,7,0800",0
6823,2022-07-01T00:00:00,PRCP,GHCND:USC00335188,",,7,0800",0
6824,2022-07-02T00:00:00,PRCP,GHCND:USC00335188,",,7,0800",15
6825,2022-07-03T00:00:00,PRCP,GHCND:USC00335188,",,7,0800",0
6826,2022-07-04T00:00:00,PRCP,GHCND:USC00335188,",,7,0800",0
6827,2022-07-05T00:00:00,PRCP,GHCND:USC00335188,",,7,0800",0
6828,2022-07-06T00:00:00,PRCP,GHCND:USC00335188,",,7,0800",3
6829,2022-07-07T00:00:00,PRCP,GHCND:USC00335188,",,7,0800",188
6830,2022-07-08T00:00:00,PRCP,GHCND:USC00335188,",,7,0800",10
6831,2022-07-09T00:00:00,PRCP,GHCND:USC00335188,",,7,0800",51
6832,2022-07-10T00:00:00,PRCP,GHCND:USC00335188,",,7,0800",0
6833,2022-07-11T00:00:00,PRCP,GHCND:USC00335188,",,7,0800",3
6834,2022-07-12T00:00:00,PRCP,GHCND:USC00335188,",,7,0800",0
6835,2022-07-13T00:00:00,PRCP,GHCND:USC00335188,",,7,0800",0
6836,2022-07-14T00:00:00,PRCP,GHCND:USC00335188,",,7,0800",33
6837,2022-07-15T00:00:00,PRCP,GHCND:USC00335188,",,7,0800",0
6838,2022-07-16T00:00:00,PRCP,GHCND:USC00335188,",,7,0800",20
6839,2022-07-17T00:00:00,PRCP,GHCND:USC00335188,",,7,0800",56
6840,2022-07-18T00:00:00,PRCP,GHCND:USC00335188,",,7,0800",343
6841,2022-07-19T00:00:00,PRCP,GHCND:USC00335188,",,7,0800",5
6842,2022-07-20T00:00:00,PRCP,GHCND:USC00335188,",,7,0800",0
6843,2022-07-21T00:00:00,PRCP,GHCND:USC00335188,",,7,0800",51
6844,2022-07-22T00:00:00,PRCP,GHCND:USC00335188,",,7,0800",0
6845,2022-07-23T00:00:00,PRCP,GHCND:USC00335188,",,7,0800",0
6846,2022-07-24T00:00:00,PRCP,GHCND:USC00335188,",,7,0800",0
6847,2022-07-25T00:00:00,PRCP,GHCND:USC00335188,",,7,0800",23
6848,2022-07-26T00:00:00,PRCP,GHCND:USC00335188,",,7,0800",3
6849,2022-07-27T00:00:00,PRCP,GHCND:USC00335188,",,7,0800",33
6850,2022-07-28T00:00:00,PRCP,GHCND:USC00335188,",,7,0800",99
6851,2022-07-29T00:00:00,PRCP,GHCND:USC00335188,",,7,0800",3
6852,2022-07-30T00:00:00,PRCP,GHCND:USC00335188,",,7,0800",0
6853,2022-07-31T00:00:00,PRCP,GHCND:USC00335188,",,7,0800",25
6854,2022-08-01T00:00:00,PRCP,GHCND:USC00335188,",,7,0800",48
6855,2022-08-02T00:00:00,PRCP,GHCND:USC00335188,",,7,0800",25
6856,2022-08-03T00:00:00,PRCP,GHCND:USC00335188,",,7,0800",0
6857,2022-08-04T00:00:00,PRCP,GHCND:USC00335188,",,7,0800",20
6858,2022-08-05T00:00:00,PRCP,GHCND:USC00335188,",,7,0800",140
6859,2022-08-06T00:00:00,PRCP,GHCND:USC00335188,",,7,0800",102
6860,2022-08-07T00:00:00,PRCP,GHCND:USC00335188,",,7,0800",15
6861,2022-08-08T00:00:00,PRCP,GHCND:USC00335188,",,7,0800",0
6862,2022-08-09T00:00:00,PRCP,GHCND:USC00335188,",,7,0800",3
6863,2022-08-10T00:00:00,PRCP,GHCND:USC00335188,",,7,0800",20
6864,2022-08-11T00:00:00,PRCP,GHCND:USC00335188,",,7,0800",3
6865,2022-08-12T00:00:00,PRCP,GHCND:USC00335188,",,7,0800",15
6866,2022-08-13T00:00:00,PRCP,GHCND:USC00335188,",,7,0800",0
6867,2022-08-14T00:00:00,PRCP,GHCND:USC00335188,",,7,0800",0
6868,2022-08-15T00:00:00,PRCP,GHCND:USC00335188,",,7,0800",56
6869,2022-08-16T00:00:00,PRCP,GHCND:USC00335188,",,7,0800",0
6870,2022-08-17T00:00:00,PRCP,GHCND:USC00335188,",,7,0800",0
6871,2022-08-18T00:00:00,PRCP,GHCND:USC00335188,",,7,0800",0
6872,2022-08-19T00:00:00,PRCP,GHCND:USC00335188,",,7,0800",0
6873,2022-08-20T00:00:00,PRCP,GHCND:USC00335188,",,7,0800",0
6874,2022-08-21T00:00:00,PRCP,GHCND:USC00335188,",,7,0800",112
6875,2022-08-22T00:00:00,PRCP,GHCND:USC00335188,",,7,0800",58
6876,2022-08-23T00:00:00,PRCP,GHCND:USC00335188,",,7,0800",0
6877,2022-08-24T00:00:00,PRCP,GHCND:USC00335188,",,7,0800",0
6878,2022-08-25T00:00:00,PRCP,GHCND:USC00335188,",,7,0800",0
6879,2022-08-26T00:00:00,PRCP,GHCND:USC00335188,",,7,0800",0
6880,2022-08-27T00:00:00,PRCP,GHCND:USC00335188,",,7,0800",0
6881,2022-08-28T00:00:00,PRCP,GHCND:USC00335188,",,7,0800",0
6882,2022-08-29T00:00:00,PRCP,GHCND:USC00335188,",,7,0800",0
6883,2022-08-30T00:00:00,PRCP,GHCND:USC00335188,",,7,0800",193
6884,2022-08-31T00:00:00,PRCP,GHCND:USC00335188,",,7,0800",0
6885,2022-09-01T00:00:00,PRCP,GHCND:USC00335188,",,7,0800",0
6886,2022-09-02T00:00:00,PRCP,GHCND:USC00335188,",,7,0800",0
6887,2022-09-03T00:00:00,PRCP,GHCND:USC00335188,",,7,0800",56
6888,2022-09-04T00:00:00,PRCP,GHCND:USC00335188,",,7,0800",264
6889,2022-09-05T00:00:00,PRCP,GHCND:USC00335188,",,7,0800",175
6890,2022-09-06T00:00:00,PRCP,GHCND:USC00335188,",,7,0800",3
6891,2022-09-07T00:00:00,PRCP,GHCND:USC00335188,",,7,0800",41
6892,2022-09-08T00:00:00,PRCP,GHCND:USC00335188,",,7,0800",0
6893,2022-09-09T00:00:00,PRCP,GHCND:USC00335188,",,7,0800",0
6894,2022-09-10T00:00:00,PRCP,GHCND:USC00335188,",,7,0800",0
6895,2022-09-11T00:00:00,PRCP,GHCND:USC00335188,",,7,0800",8
6896,2022-09-12T00:00:00,PRCP,GHCND:USC00335188,",,7,0800",145
6897,2022-09-13T00:00:00,PRCP,GHCND:USC00335188,",,7,0800",0
6898,2022-09-14T00:00:00,PRCP,GHCND:USC00335188,",,7,0800",0
6899,2022-09-15T00:00:00,PRCP,GHCND:USC00335188,",,7,0800",0
6900,2022-09-16T00:00:00,PRCP,GHCND:USC00335188,",,7,0800",0
6901,2022-09-17T00:00:00,PRCP,GHCND:USC00335188,",,7,0800",0
6902,2022-09-18T00:00:00,PRCP,GHCND:USC00335188,",,7,0800",0
6903,2022-09-19T00:00:00,PRCP,GHCND:USC00335188,",,7,0800",20
6904,2022-09-20T00:00:00,PRCP,GHCND:USC00335188,",,7,0800",3
6905,2022-09-21T00:00:00,PRCP,GHCND:USC00335188,",,7,0800",0
6906,2022-09-22T00:00:00,PRCP,GHCND:USC00335188,",,7,0800",5
6907,2022-09-23T00:00:00,PRCP,GHCND:USC00335188,",,7,0800",0
6908,2022-09-24T00:00:00,PRCP,GHCND:USC00335188,",,7,0800",25
6909,2022-09-25T00:00:00,PRCP,GHCND:USC00335188,",,7,0800",13
6910,2022-09-26T00:00:00,PRCP,GHCND:USC00335188,",,7,0800",3
6911,2022-09-27T00:00:00,PRCP,GHCND:USC00335188,",,7,0800",0
6912,2022-09-28T00:00:00,PRCP,GHCND:USC00335188,",,7,0800",0
6913,2022-09-29T00:00:00,PRCP,GHCND:USC00335188,",,7,0800",0
6914,2022-09-30T00:00:00,PRCP,GHCND:USC00335188,",,7,0800",0
6915,2022-10-01T00:00:00,PRCP,GHCND:USC00335188,",,7,0800",0
6916,2022-10-02T00:00:00,PRCP,GHCND:USC00335188,",,7,0800",0
6917,2022-10-03T00:00:00,PRCP,GHCND:USC00335188,",,7,0800",0
6918,2022-10-04T00:00:00,PRCP,GHCND:USC00335188,",,7,0800",0
6919,2022-10-05T00:00:00,PRCP,GHCND:USC00335188,",,7,0800",0
6920,2022-10-06T00:00:00,PRCP,GHCND:USC00335188,",,7,0800",0
6921,2022-10-07T00:00:00,PRCP,GHCND:USC00335188,",,7,0800",0
6922,2022-10-08T00:00:00,PRCP,GHCND:USC00335188,",,7,0800",0
6923,2022-10-09T00:00:00,PRCP,GHCND:USC00335188,",,7,0800",0
6924,2022-10-10T00:00:00,PRCP,GHCND:USC00335188,",,7,0800",0
6925,2022-10-11T00:00:00,PRCP,GHCND:USC00335188,",,7,0800",0
6926,2022-10-12T00:00:00,PRCP,GHCND:USC00335188,",,7,0800",0
6927,2022-10-13T00:00:00,PRCP,GHCND:USC00335188,",,7,0800",5
6928,2022-10-14T00:00:00,PRCP,GHCND:USC00335188,",,7,0800",3
6929,2022-10-15T00:00:00,PRCP,GHCND:USC00335188,",,7,0800",0
6930,2022-10-16T00:00:00,PRCP,GHCND:USC00335188,",,7,0800",0
6931,2022-10-17T00:00:00,PRCP,GHCND:USC00335188,",,7,0800",0
6932,2022-10-18T00:00:00,PRCP,GHCND:USC00335188,",,7,0800",0
6933,2022-10-19T00:00:00,PRCP,GHCND:USC00335188,",,7,0800",3
6934,2022-10-20T00:00:00,PRCP,GHCND:USC00335188,",,7,0800",0
6935,2022-10-21T00:00:00,PRCP,GHCND:USC00335188,",,7,0800",0
6936,2022-10-22T00:00:00,PRCP,GHCND:USC00335188,",,7,0800",0
6937,2022-10-23T00:00:00,PRCP,GHCND:USC00335188,",,7,0800",0
6938,2022-10-24T00:00:00,PRCP,GHCND:USC00335188,",,7,0800",0
6939,2022-10-25T00:00:00,PRCP,GHCND:USC00335188,",,7,0800",0
6940,2022-10-26T00:00:00,PRCP,GHCND:USC00335188,",,7,0800",112
6941,2022-10-27T00:00:00,PRCP,GHCND:USC00335188,",,7,0800",3
6942,2022-10-28T00:00:00,PRCP,GHCND:USC00335188,",,7,0800",0
6943,2022-10-29T00:00:00,PRCP,GHCND:USC00335188,",,7,0800",0
6944,2022-10-30T00:00:00,PRCP,GHCND:USC00335188,",,7,0800",0
6945,2022-10-31T00:00:00,PRCP,GHCND:USC00335188,",,7,0800",91
6946,2022-11-01T00:00:00,PRCP,GHCND:USC00335188,",,7,0800",18
6947,2022-11-02T00:00:00,PRCP,GHCND:USC00335188,",,7,0800",3
6948,2022-11-03T00:00:00,PRCP,GHCND:USC00335188,",,7,0800",0
6949,2022-11-04T00:00:00,PRCP,GHCND:USC00335188,",,7,0800",0
6950,2022-11-05T00:00:00,PRCP,GHCND:USC00335188,",,7,0800",0
6951,2022-11-06T00:00:00,PRCP,GHCND:USC00335188,",,7,0800",0
6952,2022-11-07T00:00:00,PRCP,GHCND:USC00335188,",,7,0800",0
6953,2022-11-08T00:00:00,PRCP,GHCND:USC00335188,",,7,0800",0
6954,2022-11-09T00:00:00,PRCP,GHCND:USC00335188,",,7,0800",0
6955,2022-11-10T00:00:00,PRCP,GHCND:USC00335188,",,7,0800",0
6956,2022-11-11T00:00:00,PRCP,GHCND:USC00335188,",,7,0800",41
6957,2022-11-12T00:00:00,PRCP,GHCND:USC00335188,",,7,0800",84
6958,2022-11-13T00:00:00,PRCP,GHCND:USC00335188,",,7,0800",43
6959,2022-11-14T00:00:00,PRCP,GHCND:USC00335188,",,7,0800",3
6960,2022-11-15T00:00:00,PRCP,GHCND:USC00335188,",,7,0800",0
6961,2022-11-16T00:00:00,PRCP,GHCND:USC00335188,",,7,0800",5
6962,2022-11-17T00:00:00,PRCP,GHCND:USC00335188,",,7,0800",0
6963,2022-11-18T00:00:00,PRCP,GHCND:USC00335188,",,7,0800",0
6964,2022-11-19T00:00:00,PRCP,GHCND:USC00335188,",,7,0800",0
6965,2022-11-20T00:00:00,PRCP,GHCND:USC00335188,",,7,0800",0
6966,2022-11-21T00:00:00,PRCP,GHCND:USC00335188,",,7,0800",0
6967,2022-11-22T00:00:00,PRCP,GHCND:USC00335188,",,7,0800",0
6968,2022-11-23T00:00:00,PRCP,GHCND:USC00335188,",,7,0800",0
6969,2022-11-24T00:00:00,PRCP,GHCND:USC00335188,",,7,0800",0
6970,2022-11-25T00:00:00,PRCP,GHCND:USC00335188,",,7,0800",5
6971,2022-11-26T00:00:00,PRCP,GHCND:USC00335188,",,7,0800",0
6972,2022-11-27T00:00:00,PRCP,GHCND:USC00335188,",,7,0800",99
6973,2022-11-28T00:00:00,PRCP,GHCND:USC00335188,",,7,0800",69
6974,2022-11-29T00:00:00,PRCP,GHCND:USC00335188,",,7,0800",3
6975,2022-11-30T00:00:00,PRCP,GHCND:USC00335188,",,7,0800",86
6976,2022-12-01T00:00:00,PRCP,GHCND:USC00335188,",,7,0800",3
6977,2022-12-02T00:00:00,PRCP,GHCND:USC00335188,",,7,0800",0
6978,2022-12-03T00:00:00,PRCP,GHCND:USC00335188,",,7,0800",33
6979,2022-12-04T00:00:00,PRCP,GHCND:USC00335188,",,7,0800",0
6980,2022-12-05T00:00:00,PRCP,GHCND:USC00335188,",,7,0800",0
6981,2022-12-06T00:00:00,PRCP,GHCND:USC00335188,",,7,0800",8
6982,2022-12-07T00:00:00,PRCP,GHCND:USC00335188,",,7,0800",109
6983,2022-12-08T00:00:00,PRCP,GHCND:USC00335188,",,7,0800",3
6984,2022-12-09T00:00:00,PRCP,GHCND:USC00335188,",,7,0800",5
6985,2022-12-10T00:00:00,PRCP,GHCND:USC00335188,",,7,0800",51
6986,2022-12-11T00:00:00,PRCP,GHCND:USC00335188,",,7,0800",0
6987,2022-12-12T00:00:00,PRCP,GHCND:USC00335188,",,7,0800",0
6988,2022-12-13T00:00:00,PRCP,GHCND:USC00335188,",,7,0800",0
6989,2022-12-14T00:00:00,PRCP,GHCND:USC00335188,",,7,0800",94
6990,2022-12-15T00:00:00,PRCP,GHCND:USC00335188,",,7,0800",165
6991,2022-12-16T00:00:00,PRCP,GHCND:USC00335188,",,7,0800",5
6992,2022-12-17T00:00:00,PRCP,GHCND:USC00335188,",,7,0800",0
6993,2022-12-18T00:00:00,PRCP,GHCND:USC00335188,",,7,0800",0
6994,2022-12-19T00:00:00,PRCP,GHCND:USC00335188,",,7,0800",0
6995,2022-12-20T00:00:00,PRCP,GHCND:USC00335188,",,7,0800",3
6996,2022-12-21T00:00:00,PRCP,GHCND:USC00335188,",,7,0800",0
6997,2022-12-22T00:00:00,PRCP,GHCND:USC00335188,",,7,0800",0
6998,2022-12-23T00:00:00,PRCP,GHCND:USC00335188,",,7,0800",51
6999,2022-12-24T00:00:00,PRCP,GHCND:USC00335188,",,7,0800",0
7000,2022-12-25T00:00:00,PRCP,GHCND:USC00335188,",,7,0800",0
7001,2022-12-26T00:00:00,PRCP,GHCND:USC00335188,",,7,0800",0
7002,2022-12-27T00:00:00,PRCP,GHCND:USC00335188,",,7,0800",10
7003,2022-12-28T00:00:00,PRCP,GHCND:USC00335188,",,7,0800",0
7004,2022-12-29T00:00:00,PRCP,GHCND:USC00335188,",,7,0800",0
7005,2022-12-30T00:00:00,PRCP,GHCND:USC00335188,",,7,0800",3
7006,2022-12-31T00:00:00,PRCP,GHCND:USC00335188,",,7,0800",91
7007,2023-01-01T00:00:00,PRCP,GHCND:USC00335188,",,7,0800",20
7008,2023-01-02T00:00:00,PRCP,GHCND:USC00335188,",,7,0800",3
7009,2023-01-03T00:00:00,PRCP,GHCND:USC00335188,",,7,0800",218
7010,2023-01-04T00:00:00,PRCP,GHCND:USC00335188,",,7,0800",18
7011,2023-01-05T00:00:00,PRCP,GHCND:USC00335188,",,7,0800",0
7012,2023-01-06T00:00:00,PRCP,GHCND:USC00335188,",,7,0800",0
7013,2023-01-07T00:00:00,PRCP,GHCND:USC00335188,",,7,0800",0
7014,2023-01-08T00:00:00,PRCP,GHCND:USC00335188,",,7,0800",0
7015,2023-01-09T00:00:00,PRCP,GHCND:USC00335188,",,7,0800",0
7016,2023-01-10T00:00:00,PRCP,GHCND:USC00335188,",,7,0800",0
7017,2023-01-11T00:00:00,PRCP,GHCND:USC00335188,",,7,0800",0
7018,2023-01-12T00:00:00,PRCP,GHCND:USC00335188,",,7,0800",165
7019,2023-01-13T00:00:00,PRCP,GHCND:USC00335188,",,7,0800",18
7020,2023-01-14T00:00:00,PRCP,GHCND:USC00335188,",,7,0800",0
7021,2023-01-15T00:00:00,PRCP,GHCND:USC00335188,",,7,0800",0
7022,2023-01-16T00:00:00,PRCP,GHCND:USC00335188,",,7,0800",0
7023,2023-01-17T00:00:00,PRCP,GHCND:USC00335188,",,7,0800",48
7024,2023-01-18T00:00:00,PRCP,GHCND:USC00335188,",,7,0800",0
7025,2023-01-19T00:00:00,PRCP,GHCND:USC00335188,",,7,0800",150
7026,2023-01-20T00:00:00,PRCP,GHCND:USC00335188,",,7,0800",10
7027,2023-01-21T00:00:00,PRCP,GHCND:USC00335188,",,7,0800",0
7028,2023-01-22T00:00:00,PRCP,GHCND:USC00335188,",,7,0800",0
7029,2023-01-23T00:00:00,PRCP,GHCND:USC00335188,",,7,0800",140
7030,2023-01-24T00:00:00,PRCP,GHCND:USC00335188,",,7,0800",0
7031,2023-01-25T00:00:00,PRCP,GHCND:USC00335188,",,7,0800",178
7032,2023-01-26T00:00:00,PRCP,GHCND:USC00335188,",,7,0800",5
7033,2023-01-27T00:00:00,PRCP,GHCND:USC00335188,",,7,0800",3
7034,2023-01-28T00:00:00,PRCP,GHCND:USC00335188,",,7,0800",0
7035,2023-01-29T00:00:00,PRCP,GHCND:USC00335188,",,7,0800",10
7036,2023-01-30T00:00:00,PRCP,GHCND:USC00335188,",,7,0800",3
7037,2023-01-31T00:00:00,PRCP,GHCND:USC00335188,",,7,0800",30
7038,2023-02-01T00:00:00,PRCP,GHCND:USC00335188,",,7,0800",0
7039,2023-02-02T00:00:00,PRCP,GHCND:USC00335188,",,7,0800",3
7040,2023-02-03T00:00:00,PRCP,GHCND:USC00335188,",,7,0800",0
7041,2023-02-04T00:00:00,PRCP,GHCND:USC00335188,",,7,0800",0
7042,2023-02-05T00:00:00,PRCP,GHCND:USC00335188,",,7,0800",0
7043,2023-02-06T00:00:00,PRCP,GHCND:USC00335188,",,7,0800",0
7044,2023-02-07T00:00:00,PRCP,GHCND:USC00335188,",,7,0800",0
7045,2023-02-08T00:00:00,PRCP,GHCND:USC00335188,",,7,0800",13
7046,2023-02-09T00:00:00,PRCP,GHCND:USC00335188,",,7,0800",76
7047,2023-02-10T00:00:00,PRCP,GHCND:USC00335188,",,7,0800",0
7048,2023-02-11T00:00:00,PRCP,GHCND:USC00335188,",,7,0800",0
7049,2023-02-12T00:00:00,PRCP,GHCND:USC00335188,",,7,0800",0
7050,2023-02-13T00:00:00,PRCP,GHCND:USC00335188,",,7,0800",0
7051,2023-02-14T00:00:00,PRCP,GHCND:USC00335188,",,7,0800",0
7052,2023-02-15T00:00:00,PRCP,GHCND:USC00335188,",,7,0800",15
7053,2023-02-16T00:00:00,PRCP,GHCND:USC00335188,",,7,0800",417
7054,2023-02-17T00:00:00,PRCP,GHCND:USC00335188,",,7,0800",15
7055,2023-02-18T00:00:00,PRCP,GHCND:USC00335188,",,7,0800",0
7056,2023-02-19T00:00:00,PRCP,GHCND:USC00335188,",,7,0800",0
7057,2023-02-20T00:00:00,PRCP,GHCND:USC00335188,",,7,0800",0
7058,2023-02-21T00:00:00,PRCP,GHCND:USC00335188,",,7,0800",5
7059,2023-02-22T00:00:00,PRCP,GHCND:USC00335188,",,7,0800",30
7060,2023-02-23T00:00:00,PRCP,GHCND:USC00335188,",,7,0800",64
7061,2023-02-24T00:00:00,PRCP,GHCND:USC00335188,",,7,0800",3
7062,2023-02-25T00:00:00,PRCP,GHCND:USC00335188,",,7,0800",3
7063,2023-02-26T00:00:00,PRCP,GHCND:USC00335188,",,7,0800",0
7064,2023-02-27T00:00:00,PRCP,GHCND:USC00335188,",,7,0800",5
7065,2023-02-28T00:00:00,PRCP,GHCND:USC00335188,",,7,0800",48
7066,2023-03-01T00:00:00,PRCP,GHCND:USC00335188,",,7,0800",0
7067,2023-03-02T00:00:00,PRCP,GHCND:USC00335188,",,7,0800",5
7068,2023-03-03T00:00:00,PRCP,GHCND:USC00335188,",,7,0800",729
7069,2023-03-04T00:00:00,PRCP,GHCND:USC00335188,",,7,0800",3
7070,2023-03-05T00:00:00,PRCP,GHCND:USC00335188,",,7,0800",0
7071,2023-03-06T00:00:00,PRCP,GHCND:USC00335188,",,7,0800",0
7072,2023-03-07T00:00:00,PRCP,GHCND:USC00335188,",,7,0800",0
7073,2023-03-08T00:00:00,PRCP,GHCND:USC00335188,",,7,0800",0
7074,2023-03-09T00:00:00,PRCP,GHCND:USC00335188,",,7,0800",0
7075,2023-03-10T00:00:00,PRCP,GHCND:USC00335188,",,7,0800",30
7076,2023-03-11T00:00:00,PRCP,GHCND:USC00335188,",,7,0800",3
7077,2023-03-12T00:00:00,PRCP,GHCND:USC00335188,",,7,0800",3
7078,2023-03-13T00:00:00,PRCP,GHCND:USC00335188,",,7,0800",13
7079,2023-03-14T00:00:00,PRCP,GHCND:USC00335188,",,7,0800",3
7080,2023-03-15T00:00:00,PRCP,GHCND:USC00335188,",,7,0800",0
7081,2023-03-16T00:00:00,PRCP,GHCND:USC00335188,",,7,0800",0
7082,2023-03-17T00:00:00,PRCP,GHCND:USC00335188,",,7,0800",53
7083,2023-03-18T00:00:00,PRCP,GHCND:USC00335188,",,7,0800",25
7084,2023-03-19T00:00:00,PRCP,GHCND:USC00335188,",,7,0800",0
7085,2023-03-20T00:00:00,PRCP,GHCND:USC00335188,",,7,0800",0
7086,2023-03-21T00:00:00,PRCP,GHCND:USC00335188,",,7,0800",0
7087,2023-03-22T00:00:00,PRCP,GHCND:USC00335188,",,7,0800",3
7088,2023-03-23T00:00:00,PRCP,GHCND:USC00335188,",,7,0800",13
7089,2023-03-24T00:00:00,PRCP,GHCND:USC00335188,",,7,0800",544
7090,2023-03-25T00:00:00,PRCP,GHCND:USC00335188,",,7,0800",462
7091,2023-03-26T00:00:00,PRCP,GHCND:USC00335188,",,7,0800",5
7092,2023-03-27T00:00:00,PRCP,GHCND:USC00335188,",,7,0800",13
7093,2023-03-28T00:00:00,PRCP,GHCND:USC00335188,",,7,0800",13
7094,2023-03-29T00:00:00,PRCP,GHCND:USC00335188,",,7,0800",3
7095,2023-03-30T00:00:00,PRCP,GHCND:USC00335188,",,7,0800",0
7096,2023-03-31T00:00:00,PRCP,GHCND:USC00335188,",,7,0800",56
7097,2023-04-01T00:00:00,PRCP,GHCND:USC00335188,",,7,0800",251
7098,2023-04-02T00:00:00,PRCP,GHCND:USC00335188,",,7,0800",0
7099,2023-04-03T00:00:00,PRCP,GHCND:USC00335188,",,7,0800",3
7100,2023-04-04T00:00:00,PRCP,GHCND:USC00335188,",,7,0800",13
7101,2023-04-05T00:00:00,PRCP,GHCND:USC00335188,",,7,0800",0
7102,2023-04-06T00:00:00,PRCP,GHCND:USC00335188,",,7,0800",462
7103,2023-04-07T00:00:00,PRCP,GHCND:USC00335188,",,7,0800",3
7104,2023-04-08T00:00:00,PRCP,GHCND:USC00335188,",,7,0800",3
7105,2023-04-09T00:00:00,PRCP,GHCND:USC00335188,",,7,0800",0
7106,2023-04-10T00:00:00,PRCP,GHCND:USC00335188,",,7,0800",0
7107,2023-04-11T00:00:00,PRCP,GHCND:USC00335188,",,7,0800",0
7108,2023-04-12T00:00:00,PRCP,GHCND:USC00335188,",,7,0800",0
7109,2023-04-13T00:00:00,PRCP,GHCND:USC00335188,",,7,0800",0
7110,2023-04-14T00:00:00,PRCP,GHCND:USC00335188,",,7,0800",0
7111,2023-04-15T00:00:00,PRCP,GHCND:USC00335188,",,7,0800",0
7112,2023-04-16T00:00:00,PRCP,GHCND:USC00335188,",,7,0800",0
7113,2023-04-17T00:00:00,PRCP,GHCND:USC00335188,",,7,0800",18
7114,2023-04-18T00:00:00,PRCP,GHCND:USC00335188,",,7,0800",3
7115,2023-04-19T00:00:00,PRCP,GHCND:USC00335188,",,7,0800",0
7116,2023-04-20T00:00:00,PRCP,GHCND:USC00335188,",,7,0800",0
7117,2023-04-21T00:00:00,PRCP,GHCND:USC00335188,",,7,0800",0
7118,2023-04-22T00:00:00,PRCP,GHCND:USC00335188,",,7,0800",203
7119,2023-04-23T00:00:00,PRCP,GHCND:USC00335188,",,7,0800",3
7120,2023-04-24T00:00:00,PRCP,GHCND:USC00335188,",,7,0800",3
7121,2023-04-25T00:00:00,PRCP,GHCND:USC00335188,",,7,0800",0
7122,2023-04-26T00:00:00,PRCP,GHCND:USC00335188,",,7,0800",3
7123,2023-04-27T00:00:00,PRCP,GHCND:USC00335188,",,7,0800",0
7124,2023-04-28T00:00:00,PRCP,GHCND:USC00335188,",,7,0800",185
7125,2023-04-29T00:00:00,PRCP,GHCND:USC00335188,",,7,0800",0
7126,2023-04-30T00:00:00,PRCP,GHCND:USC00335188,",,7,0800",81
7127,2023-05-01T00:00:00,PRCP,GHCND:USC00335188,",,7,0800",25
7128,2023-05-02T00:00:00,PRCP,GHCND:USC00335188,",,7,0800",74
7129,2023-05-03T00:00:00,PRCP,GHCND:USC00335188,",,7,0800",3
7130,2023-05-04T00:00:00,PRCP,GHCND:USC00335188,",,7,0800",0
7131,2023-05-05T00:00:00,PRCP,GHCND:USC00335188,",,7,0800",0
7132,2023-05-06T00:00:00,PRCP,GHCND:USC00335188,",,7,0800",0
7133,2023-05-07T00:00:00,PRCP,GHCND:USC00335188,",,7,0800",216
7134,2023-05-08T00:00:00,PRCP,GHCND:USC00335188,",,7,0800",84
7135,2023-05-09T00:00:00,PRCP,GHCND:USC00335188,",,7,0800",3
7136,2023-05-10T00:00:00,PRCP,GHCND:USC00335188,",,7,0800",0
7137,2023-05-11T00:00:00,PRCP,GHCND:USC00335188,",,7,0800",0
7138,2023-05-12T00:00:00,PRCP,GHCND:USC00335188,",,7,0800",0
7139,2023-05-13T00:00:00,PRCP,GHCND:USC00335188,",,7,0800",18
7140,2023-05-14T00:00:00,PRCP,GHCND:USC00335188,",,7,0800",0
7141,2023-05-15T00:00:00,PRCP,GHCND:USC00335188,",,7,0800",38
7142,2023-05-16T00:00:00,PRCP,GHCND:USC00335188,",,7,0800",23
7143,2023-05-17T00:00:00,PRCP,GHCND:USC00335188,",,7,0800",56
7144,2023-05-18T00:00:00,PRCP,GHCND:USC00335188,",,7,0800",0
7145,2023-05-19T00:00:00,PRCP,GHCND:USC00335188,",,7,0800",0
7146,2023-05-20T00:00:00,PRCP,GHCND:USC00335188,",,7,0800",46
7147,2023-05-21T00:00:00,PRCP,GHCND:USC00335188,",,7,0800",0
7148,2023-05-22T00:00:00,PRCP,GHCND:USC00335188,",,7,0800",0
7149,2023-05-23T00:00:00,PRCP,GHCND:USC00335188,",,7,0800",0
7150,2023-05-24T00:00:00,PRCP,GHCND:USC00335188,",,7,0800",0
7151,2023-05-25T00:00:00,PRCP,GHCND:USC00335188,",,7,0800",0
7152,2023-05-26T00:00:00,PRCP,GHCND:USC00335188,",,7,0800",0
7153,2023-05-27T00:00:00,PRCP,GHCND:USC00335188,",,7,0800",0
7154,2023-05-28T00:00:00,PRCP,GHCND:USC00335188,",,7,0800",0
7155,2023-05-29T00:00:00,PRCP,GHCND:USC00335188,",,7,0800",0
7156,2023-05-30T00:00:00,PRCP,GHCND:USC00335188,",,7,0800",0
7157,2023-05-31T00:00:00,PRCP,GHCND:USC00335188,",,7,0800",0
7158,2023-06-01T00:00:00,PRCP,GHCND:USC00335188,",,7,0800",0
7159,2023-06-02T00:00:00,PRCP,GHCND:USC00335188,",,7,0800",0
7160,2023-06-03T00:00:00,PRCP,GHCND:USC00335188,",,7,0800",0
7161,2023-06-04T00:00:00,PRCP,GHCND:USC00335188,",,7,0800",0
7162,2023-06-05T00:00:00,PRCP,GHCND:USC00335188,",,7,0800",0
7163,2023-06-06T00:00:00,PRCP,GHCND:USC00335188,",,7,0800",0
7164,2023-06-07T00:00:00,PRCP,GHCND:USC00335188,",,7,0800",10
7165,2023-06-08T00:00:00,PRCP,GHCND:USC00335188,",,7,0800",0
7166,2023-06-09T00:00:00,PRCP,GHCND:USC00335188,",,7,0800",0
7167,2023-06-10T00:00:00,PRCP,GHCND:USC00335188,",,7,0800",0
7168,2023-06-11T00:00:00,PRCP,GHCND:USC00335188,",,7,0800",0
7169,2023-06-12T00:00:00,PRCP,GHCND:USC00335188,",,7,0800",117
7170,2023-06-13T00:00:00,PRCP,GHCND:USC00335188,",,7,0800",3
7171,2023-06-14T00:00:00,PRCP,GHCND:USC00335188,",,7,0800",38
7172,2023-06-15T00:00:00,PRCP,GHCND:USC00335188,",,7,0800",3
7173,2023-06-16T00:00:00,PRCP,GHCND:USC00335188,",,7,0800",0
7174,2023-06-17T00:00:00,PRCP,GHCND:USC00335188,",,7,0800",0
7175,2023-06-18T00:00:00,PRCP,GHCND:USC00335188,",,7,0800",0
7176,2023-06-19T00:00:00,PRCP,GHCND:USC00335188,",,7,0800",0
7177,2023-06-20T00:00:00,PRCP,GHCND:USC00335188,",,7,0800",58
7178,2023-06-21T00:00:00,PRCP,GHCND:USC00335188,",,7,0800",8
7179,2023-06-22T00:00:00,PRCP,GHCND:USC00335188,",,7,0800",0
7180,2023-06-23T00:00:00,PRCP,GHCND:USC00335188,",,7,0800",23
7181,2023-06-24T00:00:00,PRCP,GHCND:USC00335188,",,7,0800",3
7182,2023-06-25T00:00:00,PRCP,GHCND:USC00335188,",,7,0800",0
7183,2023-06-26T00:00:00,PRCP,GHCND:USC00335188,",,7,0800",25
7184,2023-06-27T00:00:00,PRCP,GHCND:USC00335188,",,7,0800",13
7185,2023-06-28T00:00:00,PRCP,GHCND:USC00335188,",,7,0800",0
7186,2023-06-29T00:00:00,PRCP,GHCND:USC00335188,",,7,0800",0
7187,2023-06-30T00:00:00,PRCP,GHCND:USC00335188,",,7,0800",84
7188,2023-07-01T00:00:00,PRCP,GHCND:USC00335188,",,7,0800",28
7189,2023-07-02T00:00:00,PRCP,GHCND:USC00335188,",,7,0800",165
7190,2023-07-03T00:00:00,PRCP,GHCND:USC00335188,",,7,0800",69
7191,2023-07-04T00:00:00,PRCP,GHCND:USC00335188,",,7,0800",28
7192,2023-07-05T00:00:00,PRCP,GHCND:USC00335188,",,7,0800",0
7193,2023-07-06T00:00:00,PRCP,GHCND:USC00335188,",,7,0800",0
7194,2023-07-07T00:00:00,PRCP,GHCND:USC00335188,",,7,0800",0
7195,2023-07-08T00:00:00,PRCP,GHCND:USC00335188,",,7,0800",0
7196,2023-07-09T00:00:00,PRCP,GHCND:USC00335188,",,7,0800",114
7197,2023-07-10T00:00:00,PRCP,GHCND:USC00335188,",,7,0800",3
7198,2023-07-11T00:00:00,PRCP,GHCND:USC00335188,",,7,0800",0
7199,2023-07-12T00:00:00,PRCP,GHCND:USC00335188,",,7,0800",0
7200,2023-07-13T00:00:00,PRCP,GHCND:USC00335188,",,7,0800",0
7201,2023-07-14T00:00:00,PRCP,GHCND:USC00335188,",,7,0800",0
7202,2023-07-15T00:00:00,PRCP,GHCND:USC00335188,",,7,0800",0
7203,2023-07-16T00:00:00,PRCP,GHCND:USC00335188,",,7,0800",175
7204,2023-07-17T00:00:00,PRCP,GHCND:USC00335188,",,7,0800",124
7205,2023-07-18T00:00:00,PRCP,GHCND:USC00335188,",,7,0800",56
7206,2023-07-19T00:00:00,PRCP,GHCND:USC00335188,",,7,0800",3
7207,2023-07-20T00:00:00,PRCP,GHCND:USC00335188,",,7,0800",0
7208,2023-07-21T00:00:00,PRCP,GHCND:USC00335188,",,7,0800",0
7209,2023-07-22T00:00:00,PRCP,GHCND:USC00335188,",,7,0800",0
7210,2023-07-23T00:00:00,PRCP,GHCND:USC00335188,",,7,0800",0
7211,2023-07-24T00:00:00,PRCP,GHCND:USC00335188,",,7,0800",0
7212,2023-07-25T00:00:00,PRCP,GHCND:USC00335188,",,7,0800",0
7213,2023-07-26T00:00:00,PRCP,GHCND:USC00335188,",,7,0800",0
7214,2023-07-27T00:00:00,PRCP,GHCND:USC00335188,",,7,0800",0
7215,2023-07-28T00:00:00,PRCP,GHCND:USC00335188,",,7,0800",434
7216,2023-07-29T00:00:00,PRCP,GHCND:USC00335188,",,7,0800",74
7217,2023-07-30T00:00:00,PRCP,GHCND:USC00335188,",,7,0800",8
7218,2023-07-31T00:00:00,PRCP,GHCND:USC00335188,",,7,0800",0
7219,2023-08-01T00:00:00,PRCP,GHCND:USC00335188,",,7,0800",0
7220,2023-08-02T00:00:00,PRCP,GHCND:USC00335188,",,7,0800",0
7221,2023-08-03T00:00:00,PRCP,GHCND:USC00335188,",,7,0800",0
7222,2023-08-04T00:00:00,PRCP,GHCND:USC00335188,",,7,0800",0
7223,2023-08-05T00:00:00,PRCP,GHCND:USC00335188,",,7,0800",0
7224,2023-08-06T00:00:00,PRCP,GHCND:USC00335188,",,7,0800",0
7225,2023-08-07T00:00:00,PRCP,GHCND:USC00335188,",,7,0800",81
7226,2023-08-08T00:00:00,PRCP,GHCND:USC00335188,",,7,0800",51
7227,2023-08-09T00:00:00,PRCP,GHCND:USC00335188,",,7,0800",69
7228,2023-08-10T00:00:00,PRCP,GHCND:USC00335188,",,7,0800",48
7229,2023-08-11T00:00:00,PRCP,GHCND:USC00335188,",,7,0800",3
7230,2023-08-12T00:00:00,PRCP,GHCND:USC00335188,",,7,0800",0
7231,2023-08-13T00:00:00,PRCP,GHCND:USC00335188,",,7,0800",18
7232,2023-08-14T00:00:00,PRCP,GHCND:USC00335188,",,7,0800",3
7233,2023-08-15T00:00:00,PRCP,GHCND:USC00335188,",,7,0800",99
7234,2023-08-16T00:00:00,PRCP,GHCND:USC00335188,",,7,0800",0
7235,2023-08-17T00:00:00,PRCP,GHCND:USC00335188,",,7,0800",0
7236,2023-08-18T00:00:00,PRCP,GHCND:USC00335188,",,7,0800",30
7237,2023-08-19T00:00:00,PRCP,GHCND:USC00335188,",,7,0800",0
7238,2023-08-20T00:00:00,PRCP,GHCND:USC00335188,",,7,0800",0
7239,2023-08-21T00:00:00,PRCP,GHCND:USC00335188,",,7,0800",0
7240,2023-08-22T00:00:00,PRCP,GHCND:USC00335188,",,7,0800",0
7241,2023-08-23T00:00:00,PRCP,GHCND:USC00335188,",,7,0800",0
7242,2023-08-24T00:00:00,PRCP,GHCND:USC00335188,",,7,0800",193
7243,2023-08-25T00:00:00,PRCP,GHCND:USC00335188,",,7,0800",86
7244,2023-08-26T00:00:00,PRCP,GHCND:USC00335188,",,7,0800",25
7245,2023-08-27T00:00:00,PRCP,GHCND:USC00335188,",,7,0800",0
7246,2023-08-28T00:00:00,PRCP,GHCND:USC00335188,",,7,0800",0
7247,2023-08-29T00:00:00,PRCP,GHCND:USC00335188,",,7,0800",0
7248,2023-08-30T00:00:00,PRCP,GHCND:USC00335188,",,7,0800",0
7249,2023-08-31T00:00:00,PRCP,GHCND:USC00335188,",,7,0800",0
7250,2023-09-01T00:00:00,PRCP,GHCND:USC00335188,",,7,0800",0
7251,2023-09-02T00:00:00,PRCP,GHCND:USC00335188,",,7,0800",0
7252,2023-09-03T00:00:00,PRCP,GHCND:USC00335188,",,7,0800",0
7253,2023-09-04T00:00:00,PRCP,GHCND:USC00335188,",,7,0800",0
7254,2023-09-05T00:00:00,PRCP,GHCND:USC00335188,",,7,0800",0
7255,2023-09-06T00:00:00,PRCP,GHCND:USC00335188,",,7,0800",0
7256,2023-09-07T00:00:00,PRCP,GHCND:USC00335188,",,7,0800",0
7257,2023-09-08T00:00:00,PRCP,GHCND:USC00335188,",,7,0800",3
7258,2023-09-09T00:00:00,PRCP,GHCND:USC00335188,",,7,0800",0
7259,2023-09-10T00:00:00,PRCP,GHCND:USC00335188,",,7,0800",0
7260,2023-09-11T00:00:00,PRCP,GHCND:USC00335188,",,7,0800",0
7261,2023-09-12T00:00:00,PRCP,GHCND:USC00335188,",,7,0800",36
7262,2023-09-13T00:00:00,PRCP,GHCND:USC00335188,",,7,0800",5
7263,2023-09-14T00:00:00,PRCP,GHCND:USC00335188,",,7,0800",0
7264,2023-09-15T00:00:00,PRCP,GHCND:USC00335188,",,7,0800",0
7265,2023-09-16T00:00:00,PRCP,GHCND:USC00335188,",,7,0800",0
7266,2023-09-17T00:00:00,PRCP,GHCND:USC00335188,",,7,0800",0
7267,2023-09-18T00:00:00,PRCP,GHCND:USC00335188,",,7,0800",0
7268,2023-09-19T00:00:00,PRCP,GHCND:USC00335188,",,7,0800",0
7269,2023-09-20T00:00:00,PRCP,GHCND:USC00335188,",,7,0800",0
7270,2023-09-21T00:00:00,PRCP,GHCND:USC00335188,",,7,0800",0
7271,2023-09-22T00:00:00,PRCP,GHCND:USC00335188,",,7,0800",0
7272,2023-09-23T00:00:00,PRCP,GHCND:USC00335188,",,7,0800",0
7273,2023-09-24T00:00:00,PRCP,GHCND:USC00335188,",,7,0800",0
7274,2023-09-25T00:00:00,PRCP,GHCND:USC00335188,",,7,0800",0
7275,2023-09-26T00:00:00,PRCP,GHCND:USC00335188,",,7,0800",0
7276,2023-09-27T00:00:00,PRCP,GHCND:USC00335188,",,7,0800",328
7277,2023-09-28T00:00:00,PRCP,GHCND:USC00335188,",,7,0800",13
7278,2023-09-29T00:00:00,PRCP,GHCND:USC00335188,",,7,0800",38
7279,2023-09-30T00:00:00,PRCP,GHCND:USC00335188,",,7,0800",0
7280,2023-10-01T00:00:00,PRCP,GHCND:USC00335188,",,7,0800",0
7281,2023-10-02T00:00:00,PRCP,GHCND:USC00335188,",,7,0800",0
7282,2023-10-03T00:00:00,PRCP,GHCND:USC00335188,",,7,0800",3
7283,2023-10-04T00:00:00,PRCP,GHCND:USC00335188,",,7,0800",0
7284,2023-10-05T00:00:00,PRCP,GHCND:USC00335188,",,7,0800",0
7285,2023-10-06T00:00:00,PRCP,GHCND:USC00335188,",,7,0800",84
7286,2023-10-07T00:00:00,PRCP,GHCND:USC00335188,",,7,0800",0
7287,2023-10-08T00:00:00,PRCP,GHCND:USC00335188,",,7,0800",0
7288,2023-10-09T00:00:00,PRCP,GHCND:USC00335188,",,7,0800",3
7289,2023-10-10T00:00:00,PRCP,GHCND:USC00335188,",,7,0800",0
7290,2023-10-11T00:00:00,PRCP,GHCND:USC00335188,",,7,0800",0
7291,2023-10-12T00:00:00,PRCP,GHCND:USC00335188,",,7,0800",13
7292,2023-10-13T00:00:00,PRCP,GHCND:USC00335188,",,7,0800",3
7293,2023-10-14T00:00:00,PRCP,GHCND:USC00335188,",,7,0800",155
7294,2023-10-15T00:00:00,PRCP,GHCND:USC00335188,",,7,0800",10
7295,2023-10-16T00:00:00,PRCP,GHCND:USC00335188,",,7,0800",13
7296,2023-10-17T00:00:00,PRCP,GHCND:USC00335188,",,7,0800",3
7297,2023-10-18T00:00:00,PRCP,GHCND:USC00335188,",,7,0800",0
7298,2023-10-19T00:00:00,PRCP,GHCND:USC00335188,",,7,0800",0
7299,2023-10-20T00:00:00,PRCP,GHCND:USC00335188,",,7,0800",135
7300,2023-10-21T00:00:00,PRCP,GHCND:USC00335188,",,7,0800",3
7301,2023-10-22T00:00:00,PRCP,GHCND:USC00335188,",,7,0800",0
7302,2023-10-23T00:00:00,PRCP,GHCND:USC00335188,",,7,0800",0
7303,2023-10-24T00:00:00,PRCP,GHCND:USC00335188,",,7,0800",0
7304,2023-10-25T00:00:00,PRCP,GHCND:USC00335188,",,7,0800",3
7305,2023-10-26T00:00:00,PRCP,GHCND:USC00335188,",,7,0800",0
7306,2023-10-27T00:00:00,PRCP,GHCND:USC00335188,",,7,0800",46
7307,2023-10-28T00:00:00,PRCP,GHCND:USC00335188,",,7,0800",0
7308,2023-10-29T00:00:00,PRCP,GHCND:USC00335188,",,7,0800",330
7309,2023-10-30T00:00:00,PRCP,GHCND:USC00335188,",,7,0800",137
7310,2023-10-31T00:00:00,PRCP,GHCND:USC00335188,",,7,0800",3
7311,2023-11-01T00:00:00,PRCP,GHCND:USC00335188,",,7,0800",0
7312,2023-11-02T00:00:00,PRCP,GHCND:USC00335188,",,7,0800",0
7313,2023-11-03T00:00:00,PRCP,GHCND:USC00335188,",,7,0800",0
7314,2023-11-04T00:00:00,PRCP,GHCND:USC00335188,",,7,0800",0
7315,2023-11-05T00:00:00,PRCP,GHCND:USC00335188,",,7,0800",0
7316,2023-11-06T00:00:00,PRCP,GHCND:USC00335188,",,7,0800",0
7317,2023-11-07T00:00:00,PRCP,GHCND:USC00335188,",,7,0800",0
7318,2023-11-08T00:00:00,PRCP,GHCND:USC00335188,",,7,0800",0
7319,2023-11-09T00:00:00,PRCP,GHCND:USC00335188,",,7,0800",0
7320,2023-11-10T00:00:00,PRCP,GHCND:USC00335188,",,7,0800",0
7321,2023-11-11T00:00:00,PRCP,GHCND:USC00335188,",,7,0800",0
7322,2023-11-12T00:00:00,PRCP,GHCND:USC00335188,",,7,0800",0
7323,2023-11-13T00:00:00,PRCP,GHCND:USC00335188,",,7,0800",0
7324,2023-11-14T00:00:00,PRCP,GHCND:USC00335188,",,7,0800",0
7325,2023-11-15T00:00:00,PRCP,GHCND:USC00335188,",,7,0800",0
7326,2023-11-16T00:00:00,PRCP,GHCND:USC00335188,",,7,0800",0
7327,2023-11-17T00:00:00,PRCP,GHCND:USC00335188,",,7,0800",0
7328,2023-11-18T00:00:00,PRCP,GHCND:USC00335188,",,7,0800",117
7329,2023-11-19T00:00:00,PRCP,GHCND:USC00335188,",,7,0800",0
7330,2023-11-20T00:00:00,PRCP,GHCND:USC00335188,",,7,0800",0
7331,2023-11-21T00:00:00,PRCP,GHCND:USC00335188,",,7,0800",137
7332,2023-11-22T00:00:00,PRCP,GHCND:USC00335188,",,7,0800",5
7333,2023-11-23T00:00:00,PRCP,GHCND:USC00335188,",,7,0800",0
7334,2023-11-24T00:00:00,PRCP,GHCND:USC00335188,",,7,0800",0
7335,2023-11-25T00:00:00,PRCP,GHCND:USC00335188,",,7,0800",0
7336,2023-11-26T00:00:00,PRCP,GHCND:USC00335188,",,7,0800",0
7337,2023-11-27T00:00:00,PRCP,GHCND:USC00335188,",,7,0800",38
7338,2023-11-28T00:00:00,PRCP,GHCND:USC00335188,",,7,0800",3
7339,2023-11-29T00:00:00,PRCP,GHCND:USC00335188,",,7,0800",0
7340,2023-11-30T00:00:00,PRCP,GHCND:USC00335188,",,7,0800",0
7341,2023-12-01T00:00:00,PRCP,GHCND:USC00335188,",,7,0800",69
7342,2023-12-02T00:00:00,PRCP,GHCND:USC00335188,",,7,0800",3
7343,2023-12-03T00:00:00,PRCP,GHCND:USC00335188,",,7,0800",0
7344,2023-12-04T00:00:00,PRCP,GHCND:USC00335188,",,7,0800",0
7345,2023-12-05T00:00:00,PRCP,GHCND:USC00335188,",,7,0800",28
7346,2023-12-06T00:00:00,PRCP,GHCND:USC00335188,",,7,0800",10
7347,2023-12-07T00:00:00,PRCP,GHCND:USC00335188,",,7,0800",0
7348,2023-12-08T00:00:00,PRCP,GHCND:USC00335188,",,7,0800",0
7349,2023-12-09T00:00:00,PRCP,GHCND:USC00335188,",,7,0800",5
7350,2023-12-10T00:00:00,PRCP,GHCND:USC00335188,",,7,0800",147
7351,2023-12-11T00:00:00,PRCP,GHCND:USC00335188,",,7,0800",3
7352,2023-12-12T00:00:00,PRCP,GHCND:USC00335188,",,7,0800",0
7353,2023-12-13T00:00:00,PRCP,GHCND:USC00335188,",,7,0800",0
7354,2023-12-14T00:00:00,PRCP,GHCND:USC00335188,",,7,0800",0
7355,2023-12-15T00:00:00,PRCP,GHCND:USC00335188,",,7,0800",0
7356,2023-12-16T00:00:00,PRCP,GHCND:USC00335188,",,7,0800",0
7357,2023-12-17T00:00:00,PRCP,GHCND:USC00335188,",,7,0800",130
7358,2023-12-18T00:00:00,PRCP,GHCND:USC00335188,",,7,0800",10
7359,2023-12-19T00:00:00,PRCP,GHCND:USC00335188,",,7,0800",3
7360,2023-12-20T00:00:00,PRCP,GHCND:USC00335188,",,7,0800",0
7361,2023-12-21T00:00:00,PRCP,GHCND:USC00335188,",,7,0800",0
7362,2023-12-22T00:00:00,PRCP,GHCND:USC00335188,",,7,0800",0
7363,2023-12-23T00:00:00,PRCP,GHCND:USC00335188,",,7,0800",5
7364,2023-12-24T00:00:00,PRCP,GHCND:USC00335188,",,7,0800",8
7365,2023-12-25T00:00:00,PRCP,GHCND:USC00335188,",,7,0800",46
7366,2023-12-26T00:00:00,PRCP,GHCND:USC00335188,",,7,0800",43
7367,2023-12-27T00:00:00,PRCP,GHCND:USC00335188,",,7,0800",3
7368,2023-12-28T00:00:00,PRCP,GHCND:USC00335188,",,7,0800",0
7369,2023-12-29T00:00:00,PRCP,GHCND:USC00335188,",,7,0800",3
7370,2023-12-30T00:00:00,PRCP,GHCND:USC00335188,",,7,0800",10
7371,2023-12-31T00:00:00,PRCP,GHCND:USC00335188,",,7,0800",3
7372,2024-01-01T00:00:00,PRCP,GHCND:USC00335188,",,7,0800",0
7373,2024-01-02T00:00:00,PRCP,GHCND:USC00335188,",,7,0800",0
7374,2024-01-03T00:00:00,PRCP,GHCND:USC00335188,",,7,0800",0
7375,2024-01-04T00:00:00,PRCP,GHCND:USC00335188,",,7,0800",0
7376,2024-01-05T00:00:00,PRCP,GHCND:USC00335188,",,7,0800",0
7377,2024-01-06T00:00:00,PRCP,GHCND:USC00335188,",,7,0800",13
7378,2024-01-07T00:00:00,PRCP,GHCND:USC00335188,",,7,0800",51
7379,2024-01-08T00:00:00,PRCP,GHCND:USC00335188,",,7,0800",3
7380,2024-01-09T00:00:00,PRCP,GHCND:USC00335188,",,7,0800",249
7381,2024-01-10T00:00:00,PRCP,GHCND:USC00335188,",,7,0800",196
7382,2024-01-11T00:00:00,PRCP,GHCND:USC00335188,",,7,0800",5
7383,2024-01-12T00:00:00,PRCP,GHCND:USC00335188,",,7,0800",5
7384,2024-01-13T00:00:00,PRCP,GHCND:USC00335188,",,7,0800",231
7385,2024-01-14T00:00:00,PRCP,GHCND:USC00335188,",,7,0800",3
7386,2024-01-15T00:00:00,PRCP,GHCND:USC00335188,",,7,0800",0
7387,2024-01-16T00:00:00,PRCP,GHCND:USC00335188,",,7,0800",3
7388,2024-01-17T00:00:00,PRCP,GHCND:USC00335188,",,7,0800",0
7389,2024-01-18T00:00:00,PRCP,GHCND:USC00335188,",,7,0800",0
7390,2024-01-19T00:00:00,PRCP,GHCND:USC00335188,",,7,0800",38
7391,2024-01-20T00:00:00,PRCP,GHCND:USC00335188,",,7,0800",10
7392,2024-01-21T00:00:00,PRCP,GHCND:USC00335188,",,7,0800",0
7393,2024-01-22T00:00:00,PRCP,GHCND:USC00335188,",,7,0800",0
7394,2024-01-23T00:00:00,PRCP,GHCND:USC00335188,",,7,0800",64
7395,2024-01-24T00:00:00,PRCP,GHCND:USC00335188,",,7,0800",234
7396,2024-01-25T00:00:00,PRCP,GHCND:USC00335188,",,7,0800",64
7397,2024-01-26T00:00:00,PRCP,GHCND:USC00335188,",,7,0800",183
7398,2024-01-27T00:00:00,PRCP,GHCND:USC00335188,",,7,0800",0
7399,2024-01-28T00:00:00,PRCP,GHCND:USC00335188,",,7,0800",284
7400,2024-01-29T00:00:00,PRCP,GHCND:USC00335188,",,7,0800",112
7401,2024-01-30T00:00:00,PRCP,GHCND:USC00335188,",,7,0800",13
7402,2024-01-31T00:00:00,PRCP,GHCND:USC00335188,",,7,0800",13
7403,2024-02-01T00:00:00,PRCP,GHCND:USC00335188,",,7,0800",0
7404,2024-02-02T00:00:00,PRCP,GHCND:USC00335188,",,7,0800",0
7405,2024-02-03T00:00:00,PRCP,GHCND:USC00335188,",,7,0800",0
7406,2024-02-04T00:00:00,PRCP,GHCND:USC00335188,",,7,0800",0
7407,2024-02-05T00:00:00,PRCP,GHCND:USC00335188,",,7,0800",0
7408,2024-02-06T00:00:00,PRCP,GHCND:USC00335188,",,7,0800",0
7409,2024-02-07T00:00:00,PRCP,GHCND:USC00335188,",,7,0800",0
7410,2024-02-08T00:00:00,PRCP,GHCND:USC00335188,",,7,0800",0
7411,2024-02-09T00:00:00,PRCP,GHCND:USC00335188,",,7,0800",0
7412,2024-02-10T00:00:00,PRCP,GHCND:USC00335188,",,7,0800",152
7413,2024-02-11T00:00:00,PRCP,GHCND:USC00335188,",,7,0800",0
7414,2024-02-12T00:00:00,PRCP,GHCND:USC00335188,",,7,0800",3
7415,2024-02-13T00:00:00,PRCP,GHCND:USC00335188,",,7,0800",0
7416,2024-02-14T00:00:00,PRCP,GHCND:USC00335188,",,7,0800",0
7417,2024-02-15T00:00:00,PRCP,GHCND:USC00335188,",,7,0800",0
7418,2024-02-16T00:00:00,PRCP,GHCND:USC00335188,",,7,0800",0
7419,2024-02-17T00:00:00,PRCP,GHCND:USC00335188,",,7,0800",25
7420,2024-02-18T00:00:00,PRCP,GHCND:USC00335188,",,7,0800",0
7421,2024-02-19T00:00:00,PRCP,GHCND:USC00335188,",,7,0800",0
7422,2024-02-20T00:00:00,PRCP,GHCND:USC00335188,",,7,0800",0
7423,2024-02-21T00:00:00,PRCP,GHCND:USC00335188,",,7,0800",0
7424,2024-02-22T00:00:00,PRCP,GHCND:USC00335188,",,7,0800",0
7425,2024-02-23T00:00:00,PRCP,GHCND:USC00335188,",,7,0800",33
7426,2024-02-24T00:00:00,PRCP,GHCND:USC00335188,",,7,0800",3
7427,2024-02-25T00:00:00,PRCP,GHCND:USC00335188,",,7,0800",0
7428,2024-02-26T00:00:00,PRCP,GHCND:USC00335188,",,7,0800",0
7429,2024-02-27T00:00:00,PRCP,GHCND:USC00335188,",,7,0800",3
7430,2024-02-28T00:00:00,PRCP,GHCND:USC00335188,",,7,0800",160
7431,2024-02-29T00:00:00,PRCP,GHCND:USC00335188,",,7,0800",3
7432,2024-03-01T00:00:00,PRCP,GHCND:USC00335188,",,7,0800",0
7433,2024-03-02T00:00:00,PRCP,GHCND:USC00335188,",,7,0800",58
7434,2024-03-03T00:00:00,PRCP,GHCND:USC00335188,",,7,0800",0
7435,2024-03-04T00:00:00,PRCP,GHCND:USC00335188,",,7,0800",3
7436,2024-03-05T00:00:00,PRCP,GHCND:USC00335188,",,7,0800",0
7437,2024-03-06T00:00:00,PRCP,GHCND:USC00335188,",,7,0800",305
7438,2024-03-07T00:00:00,PRCP,GHCND:USC00335188,",,7,0800",0
7439,2024-03-08T00:00:00,PRCP,GHCND:USC00335188,",,7,0800",58
7440,2024-03-09T00:00:00,PRCP,GHCND:USC00335188,",,7,0800",64
7441,2024-03-10T00:00:00,PRCP,GHCND:USC00335188,",,7,0800",0
7442,2024-03-11T00:00:00,PRCP,GHCND:USC00335188,",,7,0800",3
7443,2024-03-12T00:00:00,PRCP,GHCND:USC00335188,",,7,0800",0
7444,2024-03-13T00:00:00,PRCP,GHCND:USC00335188,",,7,0800",0
7445,2024-03-14T00:00:00,PRCP,GHCND:USC00335188,",,7,0800",0
7446,2024-03-15T00:00:00,PRCP,GHCND:USC00335188,",,7,0800",272
7447,2024-03-16T00:00:00,PRCP,GHCND:USC00335188,",,7,0800",0
7448,2024-03-17T00:00:00,PRCP,GHCND:USC00335188,",,7,0800",0
7449,2024-03-18T00:00:00,PRCP,GHCND:USC00335188,",,7,0800",3
7450,2024-03-19T00:00:00,PRCP,GHCND:USC00335188,",,7,0800",0
7451,2024-03-20T00:00:00,PRCP,GHCND:USC00335188,",,7,0800",0
7452,2024-03-21T00:00:00,PRCP,GHCND:USC00335188,",,7,0800",0
7453,2024-03-22T00:00:00,PRCP,GHCND:USC00335188,",,7,0800",0
7454,2024-03-23T00:00:00,PRCP,GHCND:USC00335188,",,7,0800",5
7455,2024-03-24T00:00:00,PRCP,GHCND:USC00335188,",,7,0800",0
7456,2024-03-25T00:00:00,PRCP,GHCND:USC00335188,",,7,0800",0
7457,2024-03-26T00:00:00,PRCP,GHCND:USC00335188,",,7,0800",48
7458,2024-03-27T00:00:00,PRCP,GHCND:USC00335188,",,7,0800",18
7459,2024-03-28T00:00:00,PRCP,GHCND:USC00335188,",,7,0800",0
7460,2024-03-29T00:00:00,PRCP,GHCND:USC00335188,",,7,0800",0
7461,2024-03-30T00:00:00,PRCP,GHCND:USC00335188,",,7,0800",0
7462,2024-03-31T00:00:00,PRCP,GHCND:USC00335188,",,7,0800",112
7463,2024-04-01T00:00:00,PRCP,GHCND:USC00335188,",,7,0800",0
7464,2024-04-02T00:00:00,PRCP,GHCND:USC00335188,",,7,0800",152
7465,2024-04-03T00:00:00,PRCP,GHCND:USC00335188,",,7,0800",300
7466,2024-04-04T00:00:00,PRCP,GHCND:USC00335188,",,7,0800",15
7467,2024-04-05T00:00:00,PRCP,GHCND:USC00335188,",,7,0800",28
7468,2024-04-06T00:00:00,PRCP,GHCND:USC00335188,",,7,0800",5
7469,2024-04-07T00:00:00,PRCP,GHCND:USC00335188,",,7,0800",3
7470,2024-04-08T00:00:00,PRCP,GHCND:USC00335188,",,7,0800",3
7471,2024-04-09T00:00:00,PRCP,GHCND:USC00335188,",,7,0800",0
7472,2024-04-10T00:00:00,PRCP,GHCND:USC00335188,",,7,0800",20
7473,2024-04-11T00:00:00,PRCP,GHCND:USC00335188,",,7,0800",345
7474,2024-04-12T00:00:00,PRCP,GHCND:USC00335188,",,7,0800",46
7475,2024-04-13T00:00:00,PRCP,GHCND:USC00335188,",,7,0800",53
7476,2024-04-14T00:00:00,PRCP,GHCND:USC00335188,",,7,0800",0
7477,2024-04-15T00:00:00,PRCP,GHCND:USC00335188,",,7,0800",0
7478,2024-04-16T00:00:00,PRCP,GHCND:USC00335188,",,7,0800",0
7479,2024-04-17T00:00:00,PRCP,GHCND:USC00335188,",,7,0800",43
7480,2024-04-18T00:00:00,PRCP,GHCND:USC00335188,",,7,0800",0
7481,2024-04-19T00:00:00,PRCP,GHCND:USC00335188,",,7,0800",61
7482,2024-04-20T00:00:00,PRCP,GHCND:USC00335188,",,7,0800",0
7483,2024-04-21T00:00:00,PRCP,GHCND:USC00335188,",,7,0800",0
7484,2024-04-22T00:00:00,PRCP,GHCND:USC00335188,",,7,0800",0
7485,2024-04-23T00:00:00,PRCP,GHCND:USC00335188,",,7,0800",0
7486,2024-04-24T00:00:00,PRCP,GHCND:USC00335188,",,7,0800",36
7487,2024-04-25T00:00:00,PRCP,GHCND:USC00335188,",,7,0800",0
7488,2024-04-26T00:00:00,PRCP,GHCND:USC00335188,",,7,0800",0
7489,2024-04-27T00:00:00,PRCP,GHCND:USC00335188,",,7,0800",0
7490,2024-04-28T00:00:00,PRCP,GHCND:USC00335188,",,7,0800",0
7491,2024-04-29T00:00:00,PRCP,GHCND:USC00335188,",,7,0800",0
7492,2024-04-30T00:00:00,PRCP,GHCND:USC00335188,",,7,0800",183
7493,2024-05-01T00:00:00,PRCP,GHCND:USC00335188,",,7,0800",10
7494,2024-05-02T00:00:00,PRCP,GHCND:USC00335188,",,7,0800",0
7495,2024-05-03T00:00:00,PRCP,GHCND:USC00335188,",,7,0800",0
7496,2024-05-04T00:00:00,PRCP,GHCND:USC00335188,",,7,0800",3
7497,2024-05-05T00:00:00,PRCP,GHCND:USC00335188,",,7,0800",66
7498,2024-05-06T00:00:00,PRCP,GHCND:USC00335188,",,7,0800",5
7499,2024-05-07T00:00:00,PRCP,GHCND:USC00335188,",,7,0800",191
7500,2024-05-08T00:00:00,PRCP,GHCND:USC00335188,",,7,0800",399
7501,2024-05-09T00:00:00,PRCP,GHCND:USC00335188,",,7,0800",3
7502,2024-05-10T00:00:00,PRCP,GHCND:USC00335188,",,7,0800",61
7503,2024-05-11T00:00:00,PRCP,GHCND:USC00335188,",,7,0800",0
7504,2024-05-12T00:00:00,PRCP,GHCND:USC00335188,",,7,0800",0
7505,2024-05-13T00:00:00,PRCP,GHCND:USC00335188,",,7,0800",0
7506,2024-05-14T00:00:00,PRCP,GHCND:USC00335188,",,7,0800",8
7507,2024-05-15T00:00:00,PRCP,GHCND:USC00335188,",,7,0800",51
7508,2024-05-16T00:00:00,PRCP,GHCND:USC00335188,",,7,0800",3
7509,2024-05-17T00:00:00,PRCP,GHCND:USC00335188,",,7,0800",46
7510,2024-05-18T00:00:00,PRCP,GHCND:USC00335188,",,7,0800",18
7511,2024-05-19T00:00:00,PRCP,GHCND:USC00335188,",,7,0800",0
7512,2024-05-20T00:00:00,PRCP,GHCND:USC00335188,",,7,0800",0
7513,2024-05-21T00:00:00,PRCP,GHCND:USC00335188,",,7,0800",0
7514,2024-05-22T00:00:00,PRCP,GHCND:USC00335188,",,7,0800",38
7515,2024-05-23T00:00:00,PRCP,GHCND:USC00335188,",,7,0800",175
7516,2024-05-24T00:00:00,PRCP,GHCND:USC00335188,",,7,0800",0
7517,2024-05-25T00:00:00,PRCP,GHCND:USC00335188,",,7,0800",0
7518,2024-05-26T00:00:00,PRCP,GHCND:USC00335188,",,7,0800",0
7519,2024-05-27T00:00:00,PRCP,GHCND:USC00335188,",,7,0800",102
7520,2024-05-28T00:00:00,PRCP,GHCND:USC00335188,",,7,0800",3
7521,2024-05-29T00:00:00,PRCP,GHCND:USC00335188,",,7,0800",5
7522,2024-05-30T00:00:00,PRCP,GHCND:USC00335188,",,7,0800",0
7523,2024-05-31T00:00:00,PRCP,GHCND:USC00335188,",,7,0800",0
7524,2024-06-01T00:00:00,PRCP,GHCND:USC00335188,",,7,0800",0
7525,2024-06-02T00:00:00,PRCP,GHCND:USC00335188,",,7,0800",30
7526,2024-06-03T00:00:00,PRCP,GHCND:USC00335188,",,7,0800",3
7527,2024-06-04T00:00:00,PRCP,GHCND:USC00335188,",,7,0800",0
7528,2024-06-05T00:00:00,PRCP,GHCND:USC00335188,",,7,0800",28
7529,2024-06-06T00:00:00,PRCP,GHCND:USC00335188,",,7,0800",18
7530,2024-06-07T00:00:00,PRCP,GHCND:USC00335188,",,7,0800",0
7531,2024-06-08T00:00:00,PRCP,GHCND:USC00335188,",,7,0800",0
7532,2024-06-09T00:00:00,PRCP,GHCND:USC00335188,",,7,0800",0
7533,2024-06-10T00:00:00,PRCP,GHCND:USC00335188,",,7,0800",0
7534,2024-06-11T00:00:00,PRCP,GHCND:USC00335188,",,7,0800",0
7535,2024-06-12T00:00:00,PRCP,GHCND:USC00335188,",,7,0800",0
7536,2024-06-13T00:00:00,PRCP,GHCND:USC00335188,",,7,0800",61
7537,2024-06-14T00:00:00,PRCP,GHCND:USC00335188,",,7,0800",0
7538,2024-06-15T00:00:00,PRCP,GHCND:USC00335188,",,7,0800",0
7539,2024-06-16T00:00:00,PRCP,GHCND:USC00335188,",,7,0800",0
7540,2024-06-17T00:00:00,PRCP,GHCND:USC00335188,",,7,0800",0
7541,2024-06-18T00:00:00,PRCP,GHCND:USC00335188,",,7,0800",0
7542,2024-06-19T00:00:00,PRCP,GHCND:USC00335188,",,7,0800",0
7543,2024-06-20T00:00:00,PRCP,GHCND:USC00335188,",,7,0800",0
7544,2024-06-21T00:00:00,PRCP,GHCND:USC00335188,",,7,0800",0
7545,2024-06-22T00:00:00,PRCP,GHCND:USC00335188,",,7,0800",0
7546,2024-06-23T00:00:00,PRCP,GHCND:USC00335188,",,7,0800",0
7547,2024-06-24T00:00:00,PRCP,GHCND:USC00335188,",,7,0800",25
7548,2024-06-25T00:00:00,PRCP,GHCND:USC00335188,",,7,0800",0
7549,2024-06-26T00:00:00,PRCP,GHCND:USC00335188,",,7,0800",8
7550,2024-06-27T00:00:00,PRCP,GHCND:USC00335188,",,7,0800",132
7551,2024-06-28T00:00:00,PRCP,GHCND:USC00335188,",,7,0800",3
7552,2024-06-29T00:00:00,PRCP,GHCND:USC00335188,",,7,0800",0
7553,2024-06-30T00:00:00,PRCP,GHCND:USC00335188,",,7,0800",191
7554,2024-07-01T00:00:00,PRCP,GHCND:USC00335188,",,7,0800",0
7555,2024-07-02T00:00:00,PRCP,GHCND:USC00335188,",,7,0800",28
7556,2024-07-03T00:00:00,PRCP,GHCND:USC00335188,",,7,0800",0
7557,2024-07-04T00:00:00,PRCP,GHCND:USC00335188,",,7,0800",368
7558,2024-07-05T00:00:00,PRCP,GHCND:USC00335188,",,7,0800",305
7559,2024-07-06T00:00:00,PRCP,GHCND:USC00335188,",,7,0800",71
7560,2024-07-07T00:00:00,PRCP,GHCND:USC00335188,",,7,0800",0
7561,2024-07-08T00:00:00,PRCP,GHCND:USC00335188,",,7,0800",3
7562,2024-07-09T00:00:00,PRCP,GHCND:USC00335188,",,7,0800",3
7563,2024-07-10T00:00:00,PRCP,GHCND:USC00335188,",,7,0800",193
7564,2024-07-11T00:00:00,PRCP,GHCND:USC00335188,",,7,0800",3
7565,2024-07-12T00:00:00,PRCP,GHCND:USC00335188,",,7,0800",102
7566,2024-07-13T00:00:00,PRCP,GHCND:USC00335188,",,7,0800",25
7567,2024-07-14T00:00:00,PRCP,GHCND:USC00335188,",,7,0800",5
7568,2024-07-15T00:00:00,PRCP,GHCND:USC00335188,",,7,0800",79
7569,2024-07-16T00:00:00,PRCP,GHCND:USC00335188,",,7,0800",0
7570,2024-07-17T00:00:00,PRCP,GHCND:USC00335188,",,7,0800",3
7571,2024-07-18T00:00:00,PRCP,GHCND:USC00335188,",,7,0800",51
7572,2024-07-19T00:00:00,PRCP,GHCND:USC00335188,",,7,0800",0
7573,2024-07-20T00:00:00,PRCP,GHCND:USC00335188,",,7,0800",0
7574,2024-07-21T00:00:00,PRCP,GHCND:USC00335188,",,7,0800",0
7575,2024-07-22T00:00:00,PRCP,GHCND:USC00335188,",,7,0800",211
7576,2024-07-23T00:00:00,PRCP,GHCND:USC00335188,",,7,0800",5
7577,2024-07-24T00:00:00,PRCP,GHCND:USC00335188,",,7,0800",0
7578,2024-07-25T00:00:00,PRCP,GHCND:USC00335188,",,7,0800",102
7579,2024-07-26T00:00:00,PRCP,GHCND:USC00335188,",,7,0800",0
7580,2024-07-27T00:00:00,PRCP,GHCND:USC00335188,",,7,0800",0
7581,2024-07-28T00:00:00,PRCP,GHCND:USC00335188,",,7,0800",0
7582,2024-07-29T00:00:00,PRCP,GHCND:USC00335188,",,7,0800",8
7583,2024-07-30T00:00:00,PRCP,GHCND:USC00335188,",,7,0800",58
7584,2024-07-31T00:00:00,PRCP,GHCND:USC00335188,",,7,0800",23
7585,2024-08-01T00:00:00,PRCP,GHCND:USC00335188,",,7,0800",8
7586,2024-08-02T00:00:00,PRCP,GHCND:USC00335188,",,7,0800",20
7587,2024-08-03T00:00:00,PRCP,GHCND:USC00335188,",,7,0800",53
7588,2024-08-04T00:00:00,PRCP,GHCND:USC00335188,",,7,0800",0
7589,2024-08-05T00:00:00,PRCP,GHCND:USC00335188,",,7,0800",0
7590,2024-08-06T00:00:00,PRCP,GHCND:USC00335188,",,7,0800",0
7591,2024-08-07T00:00:00,PRCP,GHCND:USC00335188,",,7,0800",127
7592,2024-08-08T00:00:00,PRCP,GHCND:USC00335188,",,7,0800",0
7593,2024-08-09T00:00:00,PRCP,GHCND:USC00335188,",,7,0800",0
7594,2024-08-10T00:00:00,PRCP,GHCND:USC00335188,",,7,0800",0
7595,2024-08-11T00:00:00,PRCP,GHCND:USC00335188,",,7,0800",0
7596,2024-08-12T00:00:00,PRCP,GHCND:USC00335188,",,7,0800",0
7597,2024-08-13T00:00:00,PRCP,GHCND:USC00335188,",,7,0800",0
7598,2024-08-14T00:00:00,PRCP,GHCND:USC00335188,",,7,0800",0
7599,2024-08-15T00:00:00,PRCP,GHCND:USC00335188,",,7,0800",0
7600,2024-08-16T00:00:00,PRCP,GHCND:USC00335188,",,7,0800",74
7601,2024-08-17T00:00:00,PRCP,GHCND:USC00335188,",,7,0800",236
7602,2024-08-18T00:00:00,PRCP,GHCND:USC00335188,",,7,0800",0
7603,2024-08-19T00:00:00,PRCP,GHCND:USC00335188,",,7,0800",117
7604,2024-08-20T00:00:00,PRCP,GHCND:USC00335188,",,7,0800",0
7605,2024-08-21T00:00:00,PRCP,GHCND:USC00335188,",,7,0800",0
7606,2024-08-22T00:00:00,PRCP,GHCND:USC00335188,",,7,0800",0
7607,2024-08-23T00:00:00,PRCP,GHCND:USC00335188,",,7,0800",0
7608,2024-08-24T00:00:00,PRCP,GHCND:USC00335188,",,7,0800",0
7609,2024-08-25T00:00:00,PRCP,GHCND:USC00335188,",,7,0800",0
7610,2024-08-26T00:00:00,PRCP,GHCND:USC00335188,",,7,0800",0
7611,2024-08-27T00:00:00,PRCP,GHCND:USC00335188,",,7,0800",0
7612,2024-08-28T00:00:00,PRCP,GHCND:USC00335188,",,7,0800",0
7613,2024-08-29T00:00:00,PRCP,GHCND:USC00335188,",,7,0800",0
7614,2024-08-30T00:00:00,PRCP,GHCND:USC00335188,",,7,0800",0
7615,2024-08-31T00:00:00,PRCP,GHCND:USC00335188,",,7,0800",10
7616,2024-09-01T00:00:00,PRCP,GHCND:USC00335188,",,7,0800",0
7617,2024-09-02T00:00:00,PRCP,GHCND:USC00335188,",,7,0800",0
7618,2024-09-03T00:00:00,PRCP,GHCND:USC00335188,",,7,0800",0
7619,2024-09-04T00:00:00,PRCP,GHCND:USC00335188,",,7,0800",0
7620,2024-09-05T00:00:00,PRCP,GHCND:USC00335188,",,7,0800",0
7621,2024-09-06T00:00:00,PRCP,GHCND:USC00335188,",,7,0800",0
7622,2024-09-07T00:00:00,PRCP,GHCND:USC00335188,",,7,0800",0
7623,2024-09-08T00:00:00,PRCP,GHCND:USC00335188,",,7,0800",0
7624,2024-09-09T00:00:00,PRCP,GHCND:USC00335188,",,7,0800",0
7625,2024-09-10T00:00:00,PRCP,GHCND:USC00335188,",,7,0800",0
7626,2024-09-11T00:00:00,PRCP,GHCND:USC00335188,",,7,0800",0
7627,2024-09-12T00:00:00,PRCP,GHCND:USC00335188,",,7,0800",0
7628,2024-09-13T00:00:00,PRCP,GHCND:USC00335188,",,7,0800",0
7629,2024-09-14T00:00:00,PRCP,GHCND:USC00335188,",,7,0800",0
7630,2024-09-15T00:00:00,PRCP,GHCND:USC00335188,",,7,0800",0
7631,2024-09-16T00:00:00,PRCP,GHCND:USC00335188,",,7,0800",0
7632,2024-09-17T00:00:00,PRCP,GHCND:USC00335188,",,7,0800",0
7633,2024-09-18T00:00:00,PRCP,GHCND:USC00335188,",,7,0800",5
7634,2024-09-19T00:00:00,PRCP,GHCND:USC00335188,",,7,0800",0
7635,2024-09-20T00:00:00,PRCP,GHCND:USC00335188,",,7,0800",0
7636,2024-09-21T00:00:00,PRCP,GHCND:USC00335188,",,7,0800",0
7637,2024-09-22T00:00:00,PRCP,GHCND:USC00335188,",,7,0800",0
7638,2024-09-23T00:00:00,PRCP,GHCND:USC00335188,",,7,0800",3
7639,2024-09-24T00:00:00,PRCP,GHCND:USC00335188,",,7,0800",249
7640,2024-09-25T00:00:00,PRCP,GHCND:USC00335188,",,7,0800",10
7641,2024-09-26T00:00:00,PRCP,GHCND:USC00335188,",,7,0800",0
7642,2024-09-27T00:00:00,PRCP,GHCND:USC00335188,",,7,0800",107
7643,2024-09-28T00:00:00,PRCP,GHCND:USC00335188,",,7,0800",508
7644,2024-09-29T00:00:00,PRCP,GHCND:USC00335188,",,7,0800",173
7645,2024-09-30T00:00:00,PRCP,GHCND:USC00335188,",,7,0800",30
7646,2024-10-01T00:00:00,PRCP,GHCND:USC00335188,",,7,0800",25
7647,2024-10-02T00:00:00,PRCP,GHCND:USC00335188,",,7,0800",5
7648,2024-10-03T00:00:00,PRCP,GHCND:USC00335188,",,7,0800",0
7649,2024-10-04T00:00:00,PRCP,GHCND:USC00335188,",,7,0800",0
7650,2024-10-05T00:00:00,PRCP,GHCND:USC00335188,",,7,0800",0
7651,2024-10-06T00:00:00,PRCP,GHCND:USC00335188,",,7,0800",0
7652,2024-10-07T00:00:00,PRCP,GHCND:USC00335188,",,7,0800",0
7653,2024-10-08T00:00:00,PRCP,GHCND:USC00335188,",,7,0800",0
7654,2024-10-09T00:00:00,PRCP,GHCND:USC00335188,",,7,0800",0
7655,2024-10-10T00:00:00,PRCP,GHCND:USC00335188,",,7,0800",0
7656,2024-10-11T00:00:00,PRCP,GHCND:USC00335188,",,7,0800",0
7657,2024-10-12T00:00:00,PRCP,GHCND:USC00335188,",,7,0800",0
7658,2024-10-13T00:00:00,PRCP,GHCND:USC00335188,",,7,0800",0
7659,2024-10-14T00:00:00,PRCP,GHCND:USC00335188,",,7,0800",0
7660,2024-10-15T00:00:00,PRCP,GHCND:USC00335188,",,7,0800",0
7661,2024-10-16T00:00:00,PRCP,GHCND:USC00335188,",,7,0800",3
7662,2024-10-17T00:00:00,PRCP,GHCND:USC00335188,",,7,0800",0
7663,2024-10-18T00:00:00,PRCP,GHCND:USC00335188,",,7,0800",0
7664,2024-10-19T00:00:00,PRCP,GHCND:USC00335188,",,7,0800",0
7665,2024-10-20T00:00:00,PRCP,GHCND:USC00335188,",,7,0800",0
7666,2024-10-21T00:00:00,PRCP,GHCND:USC00335188,",,7,0800",0
7667,2024-10-22T00:00:00,PRCP,GHCND:USC00335188,",,7,0800",3
7668,2024-10-23T00:00:00,PRCP,GHCND:USC00335188,",,7,0800",0
7669,2024-10-24T00:00:00,PRCP,GHCND:USC00335188,",,7,0800",0
7670,2024-10-25T00:00:00,PRCP,GHCND:USC00335188,",,7,0800",0
7671,2024-10-26T00:00:00,PRCP,GHCND:USC00335188,",,7,0800",0
7672,2024-10-27T00:00:00,PRCP,GHCND:USC00335188,",,7,0800",0
7673,2024-10-28T00:00:00,PRCP,GHCND:USC00335188,",,7,0800",0
7674,2024-10-29T00:00:00,PRCP,GHCND:USC00335188,",,7,0800",0
7675,2024-10-30T00:00:00,PRCP,GHCND:USC00335188,",,7,0800",0
7676,2024-10-31T00:00:00,PRCP,GHCND:USC00335188,",,7,0800",0
7677,2024-11-01T00:00:00,PRCP,GHCND:USC00335188,",,7,0800",51
7678,2024-11-02T00:00:00,PRCP,GHCND:USC00335188,",,7,0800",0
7679,2024-11-03T00:00:00,PRCP,GHCND:USC00335188,",,7,0800",0
7680,2024-11-04T00:00:00,PRCP,GHCND:USC00335188,",,7,0800",0
7681,2024-11-05T00:00:00,PRCP,GHCND:USC00335188,",,7,0800",0
7682,2024-11-06T00:00:00,PRCP,GHCND:USC00335188,",,7,0800",160
7683,2024-11-07T00:00:00,PRCP,GHCND:USC00335188,",,7,0800",5
7684,2024-11-08T00:00:00,PRCP,GHCND:USC00335188,",,7,0800",0
7685,2024-11-09T00:00:00,PRCP,GHCND:USC00335188,",,7,0800",0
7686,2024-11-10T00:00:00,PRCP,GHCND:USC00335188,",,7,0800",193
7687,2024-11-11T00:00:00,PRCP,GHCND:USC00335188,",,7,0800",130
7688,2024-11-12T00:00:00,PRCP,GHCND:USC00335188,",,7,0800",3
7689,2024-11-13T00:00:00,PRCP,GHCND:USC00335188,",,7,0800",0
7690,2024-11-14T00:00:00,PRCP,GHCND:USC00335188,",,7,0800",351
7691,2024-11-15T00:00:00,PRCP,GHCND:USC00335188,",,7,0800",36
7692,2024-11-16T00:00:00,PRCP,GHCND:USC00335188,",,7,0800",0
7693,2024-11-17T00:00:00,PRCP,GHCND:USC00335188,",,7,0800",3
7694,2024-11-18T00:00:00,PRCP,GHCND:USC00335188,",,7,0800",0
7695,2024-11-19T00:00:00,PRCP,GHCND:USC00335188,",,7,0800",104
7696,2024-11-20T00:00:00,PRCP,GHCND:USC00335188,",,7,0800",5
7697,2024-11-21T00:00:00,PRCP,GHCND:USC00335188,",,7,0800",38
7698,2024-11-22T00:00:00,PRCP,GHCND:USC00335188,",,7,0800",30
7699,2024-11-23T00:00:00,PRCP,GHCND:USC00335188,",,7,0800",0
7700,2024-11-24T00:00:00,PRCP,GHCND:USC00335188,",,7,0800",0
7701,2024-11-25T00:00:00,PRCP,GHCND:USC00335188,",,7,0800",0
7702,2024-11-26T00:00:00,PRCP,GHCND:USC00335188,",,7,0800",48
7703,2024-11-27T00:00:00,PRCP,GHCND:USC00335188,",,7,0800",0
7704,2024-11-28T00:00:00,PRCP,GHCND:USC00335188,",,7,0800",140
7705,2024-11-29T00:00:00,PRCP,GHCND:USC00335188,",,7,0800",0
7706,2024-11-30T00:00:00,PRCP,GHCND:USC00335188,",,7,0800",0
7707,2024-12-01T00:00:00,PRCP,GHCND:USC00335188,",,7,0800",0
7708,2024-12-02T00:00:00,PRCP,GHCND:USC00335188,",,7,0800",0
7709,2024-12-03T00:00:00,PRCP,GHCND:USC00335188,",,7,0800",0
7710,2024-12-04T00:00:00,PRCP,GHCND:USC00335188,",,7,0800",0
7711,2024-12-05T00:00:00,PRCP,GHCND:USC00335188,",,7,0800",10
7712,2024-12-06T00:00:00,PRCP,GHCND:USC00335188,",,7,0800",0
7713,2024-12-07T00:00:00,PRCP,GHCND:USC00335188,",,7,0800",0
7714,2024-12-08T00:00:00,PRCP,GHCND:USC00335188,",,7,0800",0
7715,2024-12-09T00:00:00,PRCP,GHCND:USC00335188,",,7,0800",99
7716,2024-12-10T00:00:00,PRCP,GHCND:USC00335188,",,7,0800",10
7717,2024-12-11T00:00:00,PRCP,GHCND:USC00335188,",,7,0800",25
7718,2024-12-12T00:00:00,PRCP,GHCND:USC00335188,",,7,0800",0
7719,2024-12-13T00:00:00,PRCP,GHCND:USC00335188,",,7,0800",0
7720,2024-12-15T00:00:00,DAPR,GHCND:USC00335188,",,7,",2
7721,2024-12-15T00:00:00,MDPR,GHCND:USC00335188,",,7,",145
7722,2024-12-16T00:00:00,PRCP,GHCND:USC00335188,",,7,0800",56
7723,2024-12-17T00:00:00,PRCP,GHCND:USC00335188,",,7,0800",203
7724,2024-12-18T00:00:00,PRCP,GHCND:USC00335188,",,7,0800",56
7725,2024-12-19T00:00:00,PRCP,GHCND:USC00335188,",,7,0800",38
7726,2024-12-20T00:00:00,PRCP,GHCND:USC00335188,",,7,0800",13
7727,2024-12-21T00:00:00,PRCP,GHCND:USC00335188,",,7,0800",28
7728,2024-12-22T00:00:00,PRCP,GHCND:USC00335188,",,7,0800",0
7729,2024-12-23T00:00:00,PRCP,GHCND:USC00335188,",,7,0800",5
7730,2024-12-24T00:00:00,PRCP,GHCND:USC00335188,",,7,0800",3
7731,2024-12-25T00:00:00,PRCP,GHCND:USC00335188,",,7,0800",25
7732,2024-12-26T00:00:00,PRCP,GHCND:USC00335188,",,7,0800",30
7733,2024-12-27T00:00:00,PRCP,GHCND:USC00335188,",,7,0800",0
7734,2024-12-28T00:00:00,PRCP,GHCND:USC00335188,",,7,0800",23
7735,2024-12-29T00:00:00,PRCP,GHCND:USC00335188,",,7,0800",338
7736,2024-12-30T00:00:00,PRCP,GHCND:USC00335188,",,7,0800",25
7737,2024-12-31T00:00:00,PRCP,GHCND:USC00335188,",,7,0800",94
7738,2025-01-01T00:00:00,PRCP,GHCND:USC00335188,",,7,0800",89
7739,2025-01-02T00:00:00,PRCP,GHCND:USC00335188,",,7,0800",0
7740,2025-01-03T00:00:00,PRCP,GHCND:USC00335188,",,7,0800",8
7741,2025-01-04T00:00:00,PRCP,GHCND:USC00335188,",,7,0800",0
7742,2025-01-05T00:00:00,PRCP,GHCND:USC00335188,",,7,0800",0
7743,2025-01-06T00:00:00,PRCP,GHCND:USC00335188,",,7,0800",135
7744,2025-01-07T00:00:00,PRCP,GHCND:USC00335188,",,7,0800",0
7745,2025-01-08T00:00:00,PRCP,GHCND:USC00335188,",,7,0800",20
7746,2025-01-09T00:00:00,PRCP,GHCND:USC00335188,",,7,0800",0
7747,2025-01-10T00:00:00,PRCP,GHCND:USC00335188,",,7,0800",0
7748,2025-01-11T00:00:00,PRCP,GHCND:USC00335188,",,7,0800",3
7749,2025-01-12T00:00:00,PRCP,GHCND:USC00335188,",,7,0800",0
7750,2025-01-13T00:00:00,PRCP,GHCND:USC00335188,",,7,0800",41
7751,2025-01-14T00:00:00,PRCP,GHCND:USC00335188,",,7,0800",0
7752,2025-01-15T00:00:00,PRCP,GHCND:USC00335188,",,7,0800",0
7753,2025-01-16T00:00:00,PRCP,GHCND:USC00335188,",,7,0800",0
7754,2025-01-17T00:00:00,PRCP,GHCND:USC00335188,",,7,0800",0
7755,2025-01-18T00:00:00,PRCP,GHCND:USC00335188,",,7,0800",61
7756,2025-01-19T00:00:00,PRCP,GHCND:USC00335188,",,7,0800",0
7757,2025-01-20T00:00:00,PRCP,GHCND:USC00335188,",,7,0800",0
7758,2025-01-21T00:00:00,PRCP,GHCND:USC00335188,",,7,0800",0
7759,2025-01-22T00:00:00,PRCP,GHCND:USC00335188,",,7,0800",0
7760,2025-01-23T00:00:00,PRCP,GHCND:USC00335188,",,7,0800",0
7761,2025-01-24T00:00:00,PRCP,GHCND:USC00335188,",,7,0800",0
7762,2025-01-25T00:00:00,PRCP,GHCND:USC00335188,",,7,0800",0
7763,2025-01-26T00:00:00,PRCP,GHCND:USC00335188,",,7,0800",0
7764,2025-01-27T00:00:00,PRCP,GHCND:USC00335188,",,7,0800",0
7765,2025-01-28T00:00:00,PRCP,GHCND:USC00335188,",,7,0800",0
7766,2025-01-29T00:00:00,PRCP,GHCND:USC00335188,",,7,0800",0
7767,2025-01-30T00:00:00,PRCP,GHCND:USC00335188,",,7,0800",0
7768,2025-01-31T00:00:00,PRCP,GHCND:USC00335188,",,7,0800",66
7769,2025-02-01T00:00:00,PRCP,GHCND:USC00335188,",,7,0800",5
7770,2025-02-02T00:00:00,PRCP,GHCND:USC00335188,",,7,0800",0
7771,2025-02-03T00:00:00,PRCP,GHCND:USC00335188,",,7,0800",0
7772,2025-02-04T00:00:00,PRCP,GHCND:USC00335188,",,7,0800",0
7773,2025-02-05T00:00:00,PRCP,GHCND:USC00335188,",,7,0800",0
7774,2025-02-06T00:00:00,PRCP,GHCND:USC00335188,",,7,0800",163
7775,2025-02-07T00:00:00,PRCP,GHCND:USC00335188,",,7,0800",0
7776,2025-02-08T00:00:00,PRCP,GHCND:USC00335188,",,7,0800",0
7777,2025-02-09T00:00:00,PRCP,GHCND:USC00335188,",,7,0800",25
7778,2025-02-10T00:00:00,PRCP,GHCND:USC00335188,",,7,0800",0
7779,2025-02-11T00:00:00,PRCP,GHCND:USC00335188,",,7,0800",0
7780,2025-02-12T00:00:00,PRCP,GHCND:USC00335188,",,7,0800",15
7781,2025-02-13T00:00:00,PRCP,GHCND:USC00335188,",,7,0800",76
7782,2025-02-14T00:00:00,PRCP,GHCND:USC00335188,"T,,7,0800",0
7783,2025-02-15T00:00:00,PRCP,GHCND:USC00335188,",,7,0800",56
7784,2025-02-16T00:00:00,PRCP,GHCND:USC00335188,",,7,0800",533
7785,2025-02-17T00:00:00,PRCP,GHCND:USC00335188,",,7,0800",51
7786,2025-02-18T00:00:00,PRCP,GHCND:USC00335188,",,7,0800",5
7787,2025-02-19T00:00:00,PRCP,GHCND:USC00335188,",,7,0800",3
7788,2025-02-20T00:00:00,PRCP,GHCND:USC00335188,",,7,0800",13
7789,2025-02-21T00:00:00,PRCP,GHCND:USC00335188,",,7,0800",0
7790,2025-02-22T00:00:00,PRCP,GHCND:USC00335188,",,7,0800",0
7791,2025-02-23T00:00:00,PRCP,GHCND:USC00335188,",,7,0800",0
7792,2025-02-24T00:00:00,PRCP,GHCND:USC00335188,",,7,0800",0
7793,2025-02-25T00:00:00,PRCP,GHCND:USC00335188,",,7,0800",10
7794,2025-02-26T00:00:00,PRCP,GHCND:USC00335188,",,7,0800",0
7795,2025-02-27T00:00:00,PRCP,GHCND:USC00335188,",,7,0800",36
7796,2025-02-28T00:00:00,PRCP,GHCND:USC00335188,",,7,0800",5
7797,2025-03-01T00:00:00,PRCP,GHCND:USC00335188,",,7,0800",0
7798,2025-03-02T00:00:00,PRCP,GHCND:USC00335188,",,7,0800",0
7799,2025-03-03T00:00:00,PRCP,GHCND:USC00335188,",,7,0800",0
7800,2025-03-04T00:00:00,PRCP,GHCND:USC00335188,",,7,0800",0
7801,2025-03-05T00:00:00,PRCP,GHCND:USC00335188,",,7,0800",64
7802,2025-03-06T00:00:00,PRCP,GHCND:USC00335188,",,7,0800",41
7803,2025-03-07T00:00:00,PRCP,GHCND:USC00335188,",,7,0800",3
7804,2025-03-08T00:00:00,PRCP,GHCND:USC00335188,"T,,7,0800",0
7805,2025-03-09T00:00:00,PRCP,GHCND:USC00335188,",,7,0800",0
7806,2025-03-10T00:00:00,PRCP,GHCND:USC00335188,",,7,0800",0
7807,2025-03-11T00:00:00,PRCP,GHCND:USC00335188,",,7,0800",0
7808,2025-03-12T00:00:00,PRCP,GHCND:USC00335188,",,7,0800",0
7809,2025-03-13T00:00:00,PRCP,GHCND:USC00335188,",,7,0800",0
7810,2025-03-14T00:00:00,PRCP,GHCND:USC00335188,",,7,0800",0
7811,2025-03-15T00:00:00,PRCP,GHCND:USC00335188,",,7,0800",23
7812,2025-03-16T00:00:00,PRCP,GHCND:USC00335188,",,7,0800",483
7813,2025-03-17T00:00:00,PRCP,GHCND:USC00335188,",,7,0800",10
7814,2025-03-18T00:00:00,PRCP,GHCND:USC00335188,",,7,0800",0
7815,2025-03-19T00:00:00,PRCP,GHCND:USC00335188,",,7,0800",0
7816,2025-03-20T00:00:00,PRCP,GHCND:USC00335188,",,7,0800",150
7817,2025-03-21T00:00:00,PRCP,GHCND:USC00335188,",,7,0800",0
7818,2025-03-23T00:00:00,DAPR,GHCND:USC00335188,",,7,",2
7819,2025-03-23T00:00:00,MDPR,GHCND:USC00335188,",,7,",8
7820,2025-03-24T00:00:00,PRCP,GHCND:USC00335188,",,7,0800",229
7821,2025-03-25T00:00:00,PRCP,GHCND:USC00335188,",,7,0800",3
7822,2025-03-26T00:00:00,PRCP,GHCND:USC00335188,",,7,0800",8
7823,2025-03-27T00:00:00,PRCP,GHCND:USC00335188,",,7,0800",0
7824,2025-03-28T00:00:00,PRCP,GHCND:USC00335188,",,7,0800",13
7825,2025-03-29T00:00:00,PRCP,GHCND:USC00335188,",,7,0800",0
7826,2025-03-30T00:00:00,PRCP,GHCND:USC00335188,",,7,0800",51
7827,2025-03-31T00:00:00,PRCP,GHCND:USC00335188,",,7,0800",213
7828,2025-04-01T00:00:00,PRCP,GHCND:USC00335188,",,7,0800",3
7829,2025-04-02T00:00:00,PRCP,GHCND:USC00335188,",,7,0800",5
7830,2025-04-03T00:00:00,PRCP,GHCND:USC00335188,",,7,0800",264
7831,2025-04-04T00:00:00,PRCP,GHCND:USC00335188,",,7,0800",290
7832,2025-04-06T00:00:00,DAPR,GHCND:USC00335188,",,7,",2
7833,2025-04-06T00:00:00,MDPR,GHCND:USC00335188,",,7,",665
7834,2025-04-07T00:00:00,PRCP,GHCND:USC00335188,",,7,0800",25
7835,2025-04-08T00:00:00,PRCP,GHCND:USC00335188,",,7,0800",3
7836,2025-04-09T00:00:00,PRCP,GHCND:USC00335188,",,7,0800",0
7837,2025-04-10T00:00:00,PRCP,GHCND:USC00335188,",,7,0800",76
7838,2025-04-11T00:00:00,PRCP,GHCND:USC00335188,",,7,0800",3
7839,2025-04-12T00:00:00,PRCP,GHCND:USC00335188,",,7,0800",0
7840,2025-04-13T00:00:00,PRCP,GHCND:USC00335188,",,7,0800",0
7841,2025-04-14T00:00:00,PRCP,GHCND:USC00335188,",,7,0800",0
7842,2025-04-15T00:00:00,PRCP,GHCND:USC00335188,",,7,0800",58
7843,2025-04-16T00:00:00,PRCP,GHCND:USC00335188,",,7,0800",0
7844,2025-04-17T00:00:00,PRCP,GHCND:USC00335188,",,7,0800",0
7845,2025-04-18T00:00:00,PRCP,GHCND:USC00335188,",,7,0800",0
7846,2025-04-19T00:00:00,PRCP,GHCND:USC00335188,",,7,0800",0
7847,2025-04-20T00:00:00,PRCP,GHCND:USC00335188,",,7,0800",30
7848,2025-04-21T00:00:00,PRCP,GHCND:USC00335188,",,7,0800",3
7849,2025-04-22T00:00:00,PRCP,GHCND:USC00335188,",,7,0800",3
7850,2025-04-23T00:00:00,PRCP,GHCND:USC00335188,",,7,0800",0
7851,2025-04-24T00:00:00,PRCP,GHCND:USC00335188,",,7,0800",0
7852,2025-04-25T00:00:00,PRCP,GHCND:USC00335188,",,7,0800",36
7853,2025-04-26T00:00:00,PRCP,GHCND:USC00335188,",,7,0800",152
7854,2025-04-27T00:00:00,PRCP,GHCND:USC00335188,",,7,0800",0
7855,2025-04-28T00:00:00,PRCP,GHCND:USC00335188,",,7,0800",0
7856,2025-04-29T00:00:00,PRCP,GHCND:USC00335188,",,7,0800",0
7857,2025-04-30T00:00:00,PRCP,GHCND:USC00335188,",,7,0800",178
7858,2025-05-01T00:00:00,PRCP,GHCND:USC00335188,",,7,0800",97
7859,2025-05-02T00:00:00,PRCP,GHCND:USC00335188,",,7,0800",64
7860,2025-05-03T00:00:00,PRCP,GHCND:USC00335188,",,7,0800",132
7861,2025-05-04T00:00:00,PRCP,GHCND:USC00335188,",,7,0800",178
7862,2025-05-05T00:00:00,PRCP,GHCND:USC00335188,",,7,0800",30
7863,2025-05-06T00:00:00,PRCP,GHCND:USC00335188,",,7,0800",25
7864,2025-05-07T00:00:00,PRCP,GHCND:USC00335188,",,7,0800",3
7865,2025-05-08T00:00:00,PRCP,GHCND:USC00335188,",,7,0800",0
7866,2025-05-09T00:00:00,PRCP,GHCND:USC00335188,",,7,0800",3
7867,2025-05-10T00:00:00,PRCP,GHCND:USC00335188,",,7,0800",0
7868,2025-05-11T00:00:00,PRCP,GHCND:USC00335188,",,7,0800",0
7869,2025-05-12T00:00:00,PRCP,GHCND:USC00335188,",,7,0800",0
7870,2025-05-13T00:00:00,PRCP,GHCND:USC00335188,",,7,0800",10
7871,2025-05-14T00:00:00,PRCP,GHCND:USC00335188,",,7,0800",53
7872,2025-05-15T00:00:00,PRCP,GHCND:USC00335188,",,7,0800",30
7873,2025-05-16T00:00:00,PRCP,GHCND:USC00335188,",,7,0800",0
7874,2025-05-17T00:00:00,PRCP,GHCND:USC00335188,",,7,0800",5
7875,2025-05-18T00:00:00,PRCP,GHCND:USC00335188,",,7,0800",0
7876,2025-05-19T00:00:00,PRCP,GHCND:USC00335188,",,7,0800",0
7877,2025-05-20T00:00:00,PRCP,GHCND:USC00335188,",,7,0800",203
7878,2025-05-21T00:00:00,PRCP,GHCND:USC00335188,",,7,0800",33
7879,2025-05-22T00:00:00,PRCP,GHCND:USC00335188,",,7,0800",15
7880,2025-05-23T00:00:00,PRCP,GHCND:USC00335188,",,7,0800",20
7881,2025-05-24T00:00:00,PRCP,GHCND:USC00335188,",,7,0800",0
7882,2025-05-25T00:00:00,PRCP,GHCND:USC00335188,",,7,0800",0
7883,2025-05-26T00:00:00,PRCP,GHCND:USC00335188,",,7,0800",0
7884,2025-05-27T00:00:00,PRCP,GHCND:USC00335188,",,7,0800",0
7885,2025-05-28T00:00:00,PRCP,GHCND:USC00335188,",,7,0800",8
7886,2025-05-29T00:00:00,PRCP,GHCND:USC00335188,",,7,0800",5
7887,2025-05-30T00:00:00,PRCP,GHCND:USC00335188,",,7,0800",152
7888,2025-05-31T00:00:00,PRCP,GHCND:USC00335188,",,7,0800",43
7889,2025-06-01T00:00:00,PRCP,GHCND:USC00335188,",,7,0800",0
7890,2025-06-02T00:00:00,PRCP,GHCND:USC00335188,",,7,0800",0
7891,2025-06-03T00:00:00,PRCP,GHCND:USC00335188,",,7,0800",0
7892,2025-06-04T00:00:00,PRCP,GHCND:USC00335188,",,7,0800",0
7893,2025-06-05T00:00:00,PRCP,GHCND:USC00335188,",,7,0800",0
7894,2025-06-06T00:00:00,PRCP,GHCND:USC00335188,",,7,0800",61
7895,2025-06-07T00:00:00,PRCP,GHCND:USC00335188,",,7,0800",84
7896,2025-06-08T00:00:00,PRCP,GHCND:USC00335188,",,7,0800",86
7897,2025-06-09T00:00:00,PRCP,GHCND:USC00335188,",,7,0800",58
7898,2025-06-10T00:00:00,PRCP,GHCND:USC00335188,",,7,0800",30
7899,2025-06-11T00:00:00,PRCP,GHCND:USC00335188,",,7,0800",0
7900,2025-06-12T00:00:00,PRCP,GHCND:USC00335188,",,7,0800",0
7901,2025-06-13T00:00:00,PRCP,GHCND:USC00335188,",,7,0800",33
7902,2025-06-14T00:00:00,PRCP,GHCND:USC00335188,",,7,0800",86
7903,2025-06-15T00:00:00,PRCP,GHCND:USC00335188,",,7,0800",13
7904,2025-06-16T00:00:00,PRCP,GHCND:USC00335188,",,7,0800",0
7905,2025-06-17T00:00:00,PRCP,GHCND:USC00335188,",,7,0800",8
7906,2025-06-18T00:00:00,PRCP,GHCND:USC00335188,",,7,0800",76
7907,2025-06-19T00:00:00,PRCP,GHCND:USC00335188,",,7,0800",290
7908,2025-06-20T00:00:00,PRCP,GHCND:USC00335188,",,7,0800",5
7909,2025-06-21T00:00:00,PRCP,GHCND:USC00335188,",,7,0800",0
7910,2025-06-22T00:00:00,PRCP,GHCND:USC00335188,",,7,0800",0
7911,2025-06-23T00:00:00,PRCP,GHCND:USC00335188,",,7,0800",0
7912,2025-06-24T00:00:00,PRCP,GHCND:USC00335188,",,7,0800",0
7913,2025-06-25T00:00:00,PRCP,GHCND:USC00335188,",,7,0800",0
7914,2025-06-26T00:00:00,PRCP,GHCND:USC00335188,",,7,0800",0
7915,2025-06-27T00:00:00,PRCP,GHCND:USC00335188,",,7,0800",3
7916,2025-06-28T00:00:00,PRCP,GHCND:USC00335188,",,7,0800",56
7917,2025-06-29T00:00:00,PRCP,GHCND:USC00335188,",,7,0800",152
7918,2025-06-30T00:00:00,PRCP,GHCND:USC00335188,",,7,0800",99
7919,2025-07-01T00:00:00,PRCP,GHCND:USC00335188,",,7,0800",119
7920,2025-07-02T00:00:00,PRCP,GHCND:USC00335188,",,7,0800",38
7921,2025-07-03T00:00:00,PRCP,GHCND:USC00335188,",,7,0800",0
7922,2025-07-04T00:00:00,PRCP,GHCND:USC00335188,",,7,0800",0
7923,2025-07-05T00:00:00,PRCP,GHCND:USC00335188,",,7,0800",0
7924,2025-07-06T00:00:00,PRCP,GHCND:USC00335188,",,7,0800",0
7925,2025-07-07T00:00:00,PRCP,GHCND:USC00335188,",,7,0800",3
7926,2025-07-08T00:00:00,PRCP,GHCND:USC00335188,",,7,0800",140
7927,2025-07-09T00:00:00,PRCP,GHCND:USC00335188,",,7,0800",0
7928,2025-07-10T00:00:00,PRCP,GHCND:USC00335188,",,7,0800",94
7929,2025-07-11T00:00:00,PRCP,GHCND:USC00335188,",,7,0800",0
7930,2025-07-14T00:00:00,DAPR,GHCND:USC00335188,",,7,",3
7931,2025-07-14T00:00:00,MDPR,GHCND:USC00335188,",,7,",104
7932,2025-07-15T00:00:00,PRCP,GHCND:USC00335188,",,7,0800",0
7933,2025-07-16T00:00:00,PRCP,GHCND:USC00335188,",,7,0800",330
7934,2025-07-17T00:00:00,PRCP,GHCND:USC00335188,",,7,0800",56
7935,2025-07-18T00:00:00,PRCP,GHCND:USC00335188,",,7,0800",257
7936,2025-07-19T00:00:00,PRCP,GHCND:USC00335188,",,7,0800",74
7937,2025-07-20T00:00:00,PRCP,GHCND:USC00335188,",,7,0800",147
7938,2025-07-21T00:00:00,PRCP,GHCND:USC00335188,",,7,0800",290
7939,2025-07-22T00:00:00,PRCP,GHCND:USC00335188,",,7,0800",0
7940,2025-07-23T00:00:00,PRCP,GHCND:USC00335188,",,7,0800",0
7941,2025-07-24T00:00:00,PRCP,GHCND:USC00335188,",,7,0800",0
7942,2025-07-25T00:00:00,PRCP,GHCND:USC00335188,",,7,0800",0
7943,2025-07-26T00:00:00,PRCP,GHCND:USC00335188,",,7,0800",0
7944,2025-07-27T00:00:00,PRCP,GHCND:USC00335188,",,7,0800",257
7945,2025-07-28T00:00:00,PRCP,GHCND:USC00335188,",,7,0800",30
7946,2025-07-29T00:00:00,PRCP,GHCND:USC00335188,",,7,0800",58
7947,2025-07-30T00:00:00,PRCP,GHCND:USC00335188,",,7,0800",0
7948,2025-07-31T00:00:00,PRCP,GHCND:USC00335188,",,7,0800",0
7949,2025-08-01T00:00:00,PRCP,GHCND:USC00335188,",,7,0800",114
7950,2025-08-03T00:00:00,DAPR,GHCND:USC00335188,",,7,",2
7951,2025-08-03T00:00:00,MDPR,GHCND:USC00335188,",,7,",0
7952,2025-08-04T00:00:00,PRCP,GHCND:USC00335188,",,7,0800",0
7953,2025-08-05T00:00:00,PRCP,GHCND:USC00335188,",,7,0800",0
7954,2025-08-06T00:00:00,PRCP,GHCND:USC00335188,",,7,0800",0
7955,2025-08-07T00:00:00,PRCP,GHCND:USC00335188,",,7,0800",0
7956,2025-08-08T00:00:00,PRCP,GHCND:USC00335188,",,7,0800",0
7957,2025-08-09T00:00:00,PRCP,GHCND:USC00335188,",,7,0800",0
7958,2025-08-10T00:00:00,PRCP,GHCND:USC00335188,",,7,0800",0
7959,2025-08-11T00:00:00,PRCP,GHCND:USC00335188,",,7,0800",0
7960,2025-08-12T00:00:00,PRCP,GHCND:USC00335188,",,7,0800",0
7961,2025-08-13T00:00:00,PRCP,GHCND:USC00335188,",,7,0800",229
7962,2025-08-14T00:00:00,PRCP,GHCND:USC00335188,",,7,0800",122
7963,2025-08-15T00:00:00,PRCP,GHCND:USC00335188,",,7,0800",0
7964,2025-08-16T00:00:00,PRCP,GHCND:USC00335188,",,7,0800",0
7965,2025-08-17T00:00:00,PRCP,GHCND:USC00335188,",,7,0800",0
7966,2025-08-18T00:00:00,PRCP,GHCND:USC00335188,",,7,0800",0
7967,2025-08-19T00:00:00,PRCP,GHCND:USC00335188,",,7,0800",0
7968,2025-08-20T00:00:00,PRCP,GHCND:USC00335188,",,7,0800",185
7969,2025-08-21T00:00:00,PRCP,GHCND:USC00335188,",,7,0800",10
7970,2025-08-22T00:00:00,PRCP,GHCND:USC00335188,",,7,0800",0
7971,2025-08-23T00:00:00,PRCP,GHCND:USC00335188,",,7,0800",0
7972,2025-08-24T00:00:00,PRCP,GHCND:USC00335188,",,7,0800",0
7973,2025-08-25T00:00:00,PRCP,GHCND:USC00335188,",,7,0800",0
7974,2025-08-26T00:00:00,PRCP,GHCND:USC00335188,",,7,0800",0
7975,2025-08-27T00:00:00,PRCP,GHCND:USC00335188,",,7,0800",0
7976,2025-08-28T00:00:00,PRCP,GHCND:USC00335188,",,7,0800",0
7977,2025-08-29T00:00:00,PRCP,GHCND:USC00335188,",,7,0800",3
7978,2025-08-30T00:00:00,PRCP,GHCND:USC00335188,",,7,0800",0
7979,2025-08-31T00:00:00,PRCP,GHCND:USC00335188,",,7,0800",0
7980,2025-09-01T00:00:00,PRCP,GHCND:USC00335188,",,7,0800",0
7981,2025-09-02T00:00:00,PRCP,GHCND:USC00335188,",,7,0800",0
7982,2025-09-03T00:00:00,PRCP,GHCND:USC00335188,",,7,0800",0
7983,2025-09-04T00:00:00,PRCP,GHCND:USC00335188,",,7,0800",127
7984,2025-09-05T00:00:00,PRCP,GHCND:USC00335188,",,7,0800",3
7985,2025-09-06T00:00:00,PRCP,GHCND:USC00335188,",,7,0800",0
7986,2025-09-07T00:00:00,PRCP,GHCND:USC00335188,",,7,0800",0
7987,2025-09-08T00:00:00,PRCP,GHCND:USC00335188,",,7,0800",0
7988,2025-09-09T00:00:00,PRCP,GHCND:USC00335188,",,7,0800",0
7989,2025-09-10T00:00:00,PRCP,GHCND:USC00335188,",,7,0800",0
7990,2025-09-11T00:00:00,PRCP,GHCND:USC00335188,",,7,0800",0
7991,2025-09-12T00:00:00,PRCP,GHCND:USC00335188,",,7,0800",0
7992,2025-09-13T00:00:00,PRCP,GHCND:USC00335188,",,7,0800",0
7993,2025-09-14T00:00:00,PRCP,GHCND:USC00335188,",,7,0800",0
7994,2025-09-15T00:00:00,PRCP,GHCND:USC00335188,",,7,0800",0
7995,2025-09-16T00:00:00,PRCP,GHCND:USC00335188,",,7,0800",0
7996,2025-09-17T00:00:00,PRCP,GHCND:USC00335188,",,7,0800",0
7997,2025-09-18T00:00:00,PRCP,GHCND:USC00335188,",,7,0800",0
7998,2025-09-19T00:00:00,PRCP,GHCND:USC00335188,",,7,0800",0
7999,2025-09-20T00:00:00,PRCP,GHCND:USC00335188,",,7,0800",0
8000,2025-09-21T00:00:00,PRCP,GHCND:USC00335188,",,7,0800",0
8001,2025-09-22T00:00:00,PRCP,GHCND:USC00335188,",,7,0800",0
8002,2025-09-23T00:00:00,PRCP,GHCND:USC00335188,",,7,0800",226
8003,2025-09-24T00:00:00,PRCP,GHCND:USC00335188,",,7,0800",191
8004,2025-09-25T00:00:00,PRCP,GHCND:USC00335188,",,7,0800",25
8005,2025-09-26T00:00:00,PRCP,GHCND:USC00335188,",,7,0800",3
8006,2025-09-27T00:00:00,PRCP,GHCND:USC00335188,",,7,0800",0
8007,2025-09-28T00:00:00,PRCP,GHCND:USC00335188,",,7,0800",0
8008,2025-09-29T00:00:00,PRCP,GHCND:USC00335188,",,7,0800",0
8009,2025-09-30T00:00:00,PRCP,GHCND:USC00335188,",,7,0800",0
8010,2025-10-01T00:00:00,PRCP,GHCND:USC00335188,",,7,0800",0
8011,2025-10-02T00:00:00,PRCP,GHCND:USC00335188,",,7,0800",0
8012,2025-10-03T00:00:00,PRCP,GHCND:USC00335188,",,7,0800",0
8013,2025-10-04T00:00:00,PRCP,GHCND:USC00335188,",,7,0800",0
8014,2025-10-05T00:00:00,PRCP,GHCND:USC00335188,",,7,0800",0
8015,2025-10-06T00:00:00,PRCP,GHCND:USC00335188,",,7,0800",0
8016,2025-10-07T00:00:00,PRCP,GHCND:USC00335188,",,7,0800",201
8017,2025-10-08T00:00:00,PRCP,GHCND:USC00335188,",,7,0800",302
8018,2025-10-09T00:00:00,PRCP,GHCND:USC00335188,",,7,0800",0
8019,2025-10-10T00:00:00,PRCP,GHCND:USC00335188,",,7,0800",0
8020,2025-10-11T00:00:00,PRCP,GHCND:USC00335188,",,7,0800",0
8021,2025-10-12T00:00:00,PRCP,GHCND:USC00335188,",,7,0800",0
8022,2025-10-13T00:00:00,PRCP,GHCND:USC00335188,",,7,0800",0
8023,2025-10-14T00:00:00,PRCP,GHCND:USC00335188,",,7,0800",0
8024,2025-10-15T00:00:00,PRCP,GHCND:USC00335188,",,7,0800",0
8025,2025-10-16T00:00:00,PRCP,GHCND:USC00335188,",,7,0800",0
8026,2025-10-17T00:00:00,PRCP,GHCND:USC00335188,",,7,0800",0
8027,2025-10-18T00:00:00,PRCP,GHCND:USC00335188,",,7,0800",0
8028,2025-10-19T00:00:00,PRCP,GHCND:USC00335188,",,7,0800",46
8029,2025-10-20T00:00:00,PRCP,GHCND:USC00335188,",,7,0800",114
8030,2025-10-21T00:00:00,PRCP,GHCND:USC00335188,",,7,0800",0
8031,2025-10-22T00:00:00,PRCP,GHCND:USC00335188,",,7,0800",0
8032,2025-10-23T00:00:00,PRCP,GHCND:USC00335188,",,7,0800",0
8033,2025-10-24T00:00:00,PRCP,GHCND:USC00335188,",,7,0800",0
8034,2025-10-25T00:00:00,PRCP,GHCND:USC00335188,",,7,0800",0
8035,2025-10-26T00:00:00,PRCP,GHCND:USC00335188,",,7,0800",0
8036,2025-10-27T00:00:00,PRCP,GHCND:USC00335188,",,7,0800",0
8037,2025-10-28T00:00:00,PRCP,GHCND:USC00335188,",,7,0800",3
8038,2025-10-29T00:00:00,PRCP,GHCND:USC00335188,",,7,0800",30
8039,2025-10-30T00:00:00,PRCP,GHCND:USC00335188,",,7,0800",239
8040,2025-10-31T00:00:00,PRCP,GHCND:USC00335188,",,7,0800",81
8041,2025-11-01T00:00:00,PRCP,GHCND:USC00335188,",,7,0800",0
8042,2025-11-02T00:00:00,PRCP,GHCND:USC00335188,",,7,0800",0
8043,2025-11-03T00:00:00,PRCP,GHCND:USC00335188,",,7,0800",3
8044,2025-11-04T00:00:00,PRCP,GHCND:USC00335188,",,7,0800",0
8045,2025-11-05T00:00:00,PRCP,GHCND:USC00335188,",,7,0800",0
8046,2025-11-06T00:00:00,PRCP,GHCND:USC00335188,",,7,0800",0
8047,2025-11-07T00:00:00,PRCP,GHCND:USC00335188,",,7,0800",0
8048,2025-11-08T00:00:00,PRCP,GHCND:USC00335188,",,7,0800",23
8049,2025-11-09T00:00:00,PRCP,GHCND:USC00335188,",,7,0800",13
8050,2025-11-10T00:00:00,PRCP,GHCND:USC00335188,",,7,0800",3
8051,2025-11-11T00:00:00,PRCP,GHCND:USC00335188,",,7,0800",51
8052,2025-11-12T00:00:00,PRCP,GHCND:USC00335188,",,7,0800",3
8053,2025-11-13T00:00:00,PRCP,GHCND:USC00335188,",,7,0800",0
8054,2025-11-14T00:00:00,PRCP,GHCND:USC00335188,",,7,0800",0
8055,2025-11-15T00:00:00,PRCP,GHCND:USC00335188,",,7,0800",5
8056,2025-11-16T00:00:00,PRCP,GHCND:USC00335188,",,7,0800",0
8057,2025-11-17T00:00:00,PRCP,GHCND:USC00335188,",,7,0800",0
8058,2025-11-18T00:00:00,PRCP,GHCND:USC00335188,",,7,0800",74
8059,2025-11-19T00:00:00,PRCP,GHCND:USC00335188,",,7,0800",445
8060,2025-11-20T00:00:00,PRCP,GHCND:USC00335188,",,7,0800",3
8061,2025-11-21T00:00:00,PRCP,GHCND:USC00335188,",,7,0800",0
8062,2025-11-22T00:00:00,PRCP,GHCND:USC00335188,",,7,0800",89
8063,2025-11-23T00:00:00,PRCP,GHCND:USC00335188,",,7,0800",0
8064,2025-11-24T00:00:00,PRCP,GHCND:USC00335188,",,7,0800",0
8065,2025-11-25T00:00:00,PRCP,GHCND:USC00335188,",,7,0800",206
8066,2025-11-26T00:00:00,PRCP,GHCND:USC00335188,",,7,0800",84
8067,2025-11-27T00:00:00,PRCP,GHCND:USC00335188,",,7,0800",0
8068,2025-11-28T00:00:00,PRCP,GHCND:USC00335188,",,7,0800",0
8069,2025-11-29T00:00:00,PRCP,GHCND:USC00335188,",,7,0800",0
8070,2025-11-30T00:00:00,PRCP,GHCND:USC00335188,",,7,0800",36
8071,2025-12-01T00:00:00,PRCP,GHCND:USC00335188,",,H,0800",0
8072,2025-12-02T00:00:00,PRCP,GHCND:USC00335188,",,H,0800",91
8073,2025-12-03T00:00:00,PRCP,GHCND:USC00335188,",,H,0800",0
8074,2025-12-04T00:00:00,PRCP,GHCND:USC00335188,",,H,0800",0
8075,2025-12-05T00:00:00,PRCP,GHCND:USC00335188,",,H,0800",0
8076,2025-12-06T00:00:00,PRCP,GHCND:USC00335188,",,H,0800",0
8077,2025-12-07T00:00:00,PRCP,GHCND:USC00335188,",,H,0800",0
8078,2025-12-08T00:00:00,PRCP,GHCND:USC00335188,",,H,0800",0
8079,2025-12-09T00:00:00,PRCP,GHCND:USC00335188,",,H,0800",0
8080,2025-12-10T00:00:00,PRCP,GHCND:USC00335188,",,H,0800",28
8081,2025-12-11T00:00:00,PRCP,GHCND:USC00335188,",,H,0800",33
8082,2025-12-12T00:00:00,PRCP,GHCND:USC00335188,",,H,0800",28
8083,2025-12-13T00:00:00,PRCP,GHCND:USC00335188,",,H,0800",25
8084,2025-12-16T00:00:00,PRCP,GHCND:USC00335188,",,H,0800",0
8085,2025-12-17T00:00:00,PRCP,GHCND:USC00335188,",,H,0800",0
8086,2025-12-18T00:00:00,PRCP,GHCND:USC00335188,",,H,0800",0
8087,2025-12-19T00:00:00,PRCP,GHCND:USC00335188,",,H,0800",226
8088,2025-12-20T00:00:00,PRCP,GHCND:USC00335188,",,H,0800",0
8089,2025-12-21T00:00:00,PRCP,GHCND:USC00335188,",,H,0800",0
8090,2025-12-22T00:00:00,PRCP,GHCND:USC00335188,",,H,0800",3
8091,2025-12-23T00:00:00,PRCP,GHCND:USC00335188,",,H,0800",0
8092,2025-12-24T00:00:00,PRCP,GHCND:USC00335188,",,H,0800",3
8093,2025-12-27T00:00:00,PRCP,GHCND:USC00335188,",,H,0800",0
