,date,datatype,station,attributes,value
0,1990-01-01T00:00:00,PRCP,GHCND:USC00333292,"P,,6,",0
1,1990-01-01T00:00:00,SNOW,GHCND:USC00333292,",,6,",0
2,1990-01-02T00:00:00,PRCP,GHCND:USC00333292,"P,,6,",0
3,1990-01-02T00:00:00,SNOW,GHCND:USC00333292,",,6,",0
4,1990-01-02T00:00:00,SNWD,GHCND:USC00333292,",,6,",76
5,1990-01-02T00:00:00,TOBS,GHCND:USC00333292,",,6,",-39
6,1990-01-03T00:00:00,PRCP,GHCND:USC00333292,"P,,6,",0
7,1990-01-03T00:00:00,SNOW,GHCND:USC00333292,",,6,",0
8,1990-01-04T00:00:00,PRCP,GHCND:USC00333292,",,6,",91
9,1990-01-04T00:00:00,SNOW,GHCND:USC00333292,",,6,",0
10,1990-01-04T00:00:00,SNWD,GHCND:USC00333292,",,6,",0
11,1990-01-04T00:00:00,TOBS,GHCND:USC00333292,",,6,",61
12,1990-01-05T00:00:00,PRCP,GHCND:USC00333292,"P,,6,",0
13,1990-01-05T00:00:00,SNOW,GHCND:USC00333292,",,6,",0
14,1990-01-06T00:00:00,PRCP,GHCND:USC00333292,"P,,6,",0
15,1990-01-06T00:00:00,SNOW,GHCND:USC00333292,",,6,",0
16,1990-01-07T00:00:00,PRCP,GHCND:USC00333292,"P,,6,",0
17,1990-01-07T00:00:00,SNOW,GHCND:USC00333292,",,6,",0
18,1990-01-08T00:00:00,PRCP,GHCND:USC00333292,"P,,6,",0
19,1990-01-08T00:00:00,SNOW,GHCND:USC00333292,",,6,",0
20,1990-01-08T00:00:00,TOBS,GHCND:USC00333292,",,6,",-11
21,1990-01-09T00:00:00,PRCP,GHCND:USC00333292,",,6,",8
22,1990-01-09T00:00:00,SNOW,GHCND:USC00333292,",,6,",0
23,1990-01-09T00:00:00,TOBS,GHCND:USC00333292,",,6,",22
24,1990-01-10T00:00:00,PRCP,GHCND:USC00333292,",,6,",71
25,1990-01-10T00:00:00,SNOW,GHCND:USC00333292,",,6,",0
26,1990-01-10T00:00:00,TOBS,GHCND:USC00333292,",,6,",17
27,1990-01-11T00:00:00,PRCP,GHCND:USC00333292,"P,,6,",0
28,1990-01-11T00:00:00,SNOW,GHCND:USC00333292,",,6,",0
29,1990-01-11T00:00:00,TOBS,GHCND:USC00333292,",,6,",33
30,1990-01-12T00:00:00,PRCP,GHCND:USC00333292,"T,,6,",0
31,1990-01-12T00:00:00,SNOW,GHCND:USC00333292,",,6,",13
32,1990-01-12T00:00:00,SNWD,GHCND:USC00333292,",,6,",25
33,1990-01-12T00:00:00,TOBS,GHCND:USC00333292,",,6,",-22
34,1990-01-13T00:00:00,PRCP,GHCND:USC00333292,"P,,6,",0
35,1990-01-13T00:00:00,SNOW,GHCND:USC00333292,",,6,",0
36,1990-01-14T00:00:00,PRCP,GHCND:USC00333292,"P,,6,",0
37,1990-01-14T00:00:00,SNOW,GHCND:USC00333292,",,6,",0
38,1990-01-15T00:00:00,PRCP,GHCND:USC00333292,"P,,6,",0
39,1990-01-15T00:00:00,SNOW,GHCND:USC00333292,",,6,",0
40,1990-01-16T00:00:00,PRCP,GHCND:USC00333292,"T,,6,",0
41,1990-01-16T00:00:00,SNOW,GHCND:USC00333292,",,6,",0
42,1990-01-16T00:00:00,SNWD,GHCND:USC00333292,",,6,",0
43,1990-01-16T00:00:00,TOBS,GHCND:USC00333292,",,6,",44
44,1990-01-17T00:00:00,PRCP,GHCND:USC00333292,",,6,",46
45,1990-01-17T00:00:00,SNOW,GHCND:USC00333292,",,6,",0
46,1990-01-17T00:00:00,TOBS,GHCND:USC00333292,",,6,",89
47,1990-01-18T00:00:00,PRCP,GHCND:USC00333292,",,6,",165
48,1990-01-18T00:00:00,SNOW,GHCND:USC00333292,",,6,",0
49,1990-01-18T00:00:00,TOBS,GHCND:USC00333292,",,6,",39
50,1990-01-19T00:00:00,PRCP,GHCND:USC00333292,"P,,6,",0
51,1990-01-19T00:00:00,SNOW,GHCND:USC00333292,",,6,",0
52,1990-01-20T00:00:00,PRCP,GHCND:USC00333292,"T,,6,",0
53,1990-01-20T00:00:00,SNOW,GHCND:USC00333292,",,6,",0
54,1990-01-21T00:00:00,PRCP,GHCND:USC00333292,",,6,",99
55,1990-01-21T00:00:00,SNOW,GHCND:USC00333292,",,6,",0
56,1990-01-21T00:00:00,TOBS,GHCND:USC00333292,",,6,",17
57,1990-01-22T00:00:00,PRCP,GHCND:USC00333292,"P,,6,",0
58,1990-01-22T00:00:00,SNOW,GHCND:USC00333292,",,6,",0
59,1990-01-23T00:00:00,PRCP,GHCND:USC00333292,"P,,6,",0
60,1990-01-23T00:00:00,SNOW,GHCND:USC00333292,",,6,",0
61,1990-01-24T00:00:00,PRCP,GHCND:USC00333292,"T,,6,",0
62,1990-01-24T00:00:00,SNOW,GHCND:USC00333292,",,6,",0
63,1990-01-24T00:00:00,TOBS,GHCND:USC00333292,",,6,",50
64,1990-01-25T00:00:00,PRCP,GHCND:USC00333292,"T,,6,",0
65,1990-01-25T00:00:00,SNOW,GHCND:USC00333292,",,6,",0
66,1990-01-25T00:00:00,TOBS,GHCND:USC00333292,",,6,",83
67,1990-01-26T00:00:00,PRCP,GHCND:USC00333292,",,6,",18
68,1990-01-26T00:00:00,SNOW,GHCND:USC00333292,",,6,",0
69,1990-01-26T00:00:00,TOBS,GHCND:USC00333292,",,6,",-28
70,1990-01-27T00:00:00,PRCP,GHCND:USC00333292,"P,,6,",0
71,1990-01-27T00:00:00,SNOW,GHCND:USC00333292,",,6,",0
72,1990-01-28T00:00:00,PRCP,GHCND:USC00333292,"P,,6,",0
73,1990-01-28T00:00:00,SNOW,GHCND:USC00333292,",,6,",0
74,1990-01-29T00:00:00,PRCP,GHCND:USC00333292,"P,,6,",0
75,1990-01-29T00:00:00,SNOW,GHCND:USC00333292,",,6,",0
76,1990-01-29T00:00:00,TOBS,GHCND:USC00333292,",,6,",17
77,1990-01-30T00:00:00,PRCP,GHCND:USC00333292,",,6,",279
78,1990-01-30T00:00:00,SNOW,GHCND:USC00333292,",,6,",38
79,1990-01-30T00:00:00,SNWD,GHCND:USC00333292,",,6,",51
80,1990-01-30T00:00:00,TOBS,GHCND:USC00333292,",,6,",-50
81,1990-01-31T00:00:00,PRCP,GHCND:USC00333292,"P,,6,",0
82,1990-01-31T00:00:00,SNOW,GHCND:USC00333292,",,6,",0
83,1990-01-31T00:00:00,SNWD,GHCND:USC00333292,",,6,",0
84,1990-02-01T00:00:00,PRCP,GHCND:USC00333292,",,6,",3
85,1990-02-01T00:00:00,SNOW,GHCND:USC00333292,",,6,",0
86,1990-02-01T00:00:00,SNWD,GHCND:USC00333292,",,6,",0
87,1990-02-01T00:00:00,TOBS,GHCND:USC00333292,",,6,",33
88,1990-02-02T00:00:00,PRCP,GHCND:USC00333292,",,6,",175
89,1990-02-02T00:00:00,SNOW,GHCND:USC00333292,",,6,",0
90,1990-02-02T00:00:00,TOBS,GHCND:USC00333292,",,6,",11
91,1990-02-02T00:00:00,WT06,GHCND:USC00333292,",,6,",1
92,1990-02-03T00:00:00,PRCP,GHCND:USC00333292,",,6,",56
93,1990-02-03T00:00:00,SNOW,GHCND:USC00333292,",,6,",0
94,1990-02-03T00:00:00,TOBS,GHCND:USC00333292,",,6,",11
95,1990-02-03T00:00:00,WT06,GHCND:USC00333292,",,6,",1
96,1990-02-04T00:00:00,PRCP,GHCND:USC00333292,",,6,",74
97,1990-02-04T00:00:00,SNOW,GHCND:USC00333292,",,6,",51
98,1990-02-04T00:00:00,SNWD,GHCND:USC00333292,",,6,",51
99,1990-02-04T00:00:00,TOBS,GHCND:USC00333292,",,6,",-17
100,1990-02-04T00:00:00,WT06,GHCND:USC00333292,",,6,",1
101,1990-02-05T00:00:00,PRCP,GHCND:USC00333292,"P,,6,",0
102,1990-02-05T00:00:00,SNOW,GHCND:USC00333292,",,6,",0
103,1990-02-05T00:00:00,SNWD,GHCND:USC00333292,",,6,",0
104,1990-02-05T00:00:00,TOBS,GHCND:USC00333292,",,6,",-11
105,1990-02-06T00:00:00,PRCP,GHCND:USC00333292,"P,,6,",0
106,1990-02-06T00:00:00,SNOW,GHCND:USC00333292,",,6,",0
107,1990-02-06T00:00:00,TOBS,GHCND:USC00333292,",,6,",6
108,1990-02-07T00:00:00,PRCP,GHCND:USC00333292,",,6,",3
109,1990-02-07T00:00:00,SNOW,GHCND:USC00333292,",,6,",0
110,1990-02-08T00:00:00,PRCP,GHCND:USC00333292,"P,,6,",0
111,1990-02-08T00:00:00,SNOW,GHCND:USC00333292,",,6,",0
112,1990-02-08T00:00:00,TOBS,GHCND:USC00333292,",,6,",17
113,1990-02-09T00:00:00,PRCP,GHCND:USC00333292,"T,,6,",0
114,1990-02-09T00:00:00,SNOW,GHCND:USC00333292,",,6,",0
115,1990-02-09T00:00:00,TOBS,GHCND:USC00333292,",,6,",117
116,1990-02-10T00:00:00,PRCP,GHCND:USC00333292,"P,,6,",0
117,1990-02-10T00:00:00,SNOW,GHCND:USC00333292,",,6,",0
118,1990-02-10T00:00:00,TOBS,GHCND:USC00333292,",,6,",0
119,1990-02-11T00:00:00,PRCP,GHCND:USC00333292,"P,,6,",0
120,1990-02-11T00:00:00,SNOW,GHCND:USC00333292,",,6,",0
121,1990-02-12T00:00:00,PRCP,GHCND:USC00333292,"T,,6,",0
122,1990-02-12T00:00:00,SNOW,GHCND:USC00333292,",,6,",0
123,1990-02-12T00:00:00,TOBS,GHCND:USC00333292,",,6,",-22
124,1990-02-13T00:00:00,PRCP,GHCND:USC00333292,"P,,6,",0
125,1990-02-13T00:00:00,SNOW,GHCND:USC00333292,",,6,",0
126,1990-02-14T00:00:00,PRCP,GHCND:USC00333292,",,6,",46
127,1990-02-14T00:00:00,SNOW,GHCND:USC00333292,",,6,",38
128,1990-02-14T00:00:00,SNWD,GHCND:USC00333292,",,6,",51
129,1990-02-14T00:00:00,TOBS,GHCND:USC00333292,",,6,",-22
130,1990-02-15T00:00:00,PRCP,GHCND:USC00333292,",,6,",274
131,1990-02-15T00:00:00,SNOW,GHCND:USC00333292,",,6,",0
132,1990-02-15T00:00:00,SNWD,GHCND:USC00333292,",,6,",25
133,1990-02-15T00:00:00,TOBS,GHCND:USC00333292,",,6,",0
134,1990-02-15T00:00:00,WT05,GHCND:USC00333292,",,6,",1
135,1990-02-15T00:00:00,WT06,GHCND:USC00333292,",,6,",1
136,1990-02-16T00:00:00,PRCP,GHCND:USC00333292,",,6,",94
137,1990-02-16T00:00:00,SNOW,GHCND:USC00333292,",,6,",0
138,1990-02-16T00:00:00,SNWD,GHCND:USC00333292,",,6,",25
139,1990-02-16T00:00:00,TOBS,GHCND:USC00333292,",,6,",11
140,1990-02-16T00:00:00,WT05,GHCND:USC00333292,",,6,",1
141,1990-02-16T00:00:00,WT06,GHCND:USC00333292,",,6,",1
142,1990-02-17T00:00:00,PRCP,GHCND:USC00333292,"T,,6,",0
143,1990-02-17T00:00:00,SNOW,GHCND:USC00333292,"T,,6,",0
144,1990-02-17T00:00:00,SNWD,GHCND:USC00333292,",,6,",25
145,1990-02-17T00:00:00,TOBS,GHCND:USC00333292,",,6,",-33
146,1990-02-18T00:00:00,PRCP,GHCND:USC00333292,"P,,6,",0
147,1990-02-18T00:00:00,SNOW,GHCND:USC00333292,",,6,",0
148,1990-02-18T00:00:00,SNWD,GHCND:USC00333292,",,6,",0
149,1990-02-19T00:00:00,PRCP,GHCND:USC00333292,"P,,6,",0
150,1990-02-19T00:00:00,SNOW,GHCND:USC00333292,",,6,",0
151,1990-02-19T00:00:00,TOBS,GHCND:USC00333292,",,6,",-11
152,1990-02-20T00:00:00,PRCP,GHCND:USC00333292,"P,,6,",0
153,1990-02-20T00:00:00,SNOW,GHCND:USC00333292,",,6,",0
154,1990-02-20T00:00:00,TOBS,GHCND:USC00333292,",,6,",-61
155,1990-02-21T00:00:00,PRCP,GHCND:USC00333292,"P,,6,",0
156,1990-02-21T00:00:00,SNOW,GHCND:USC00333292,",,6,",0
157,1990-02-21T00:00:00,TOBS,GHCND:USC00333292,",,6,",-28
158,1990-02-22T00:00:00,PRCP,GHCND:USC00333292,",,6,",279
159,1990-02-22T00:00:00,SNOW,GHCND:USC00333292,",,6,",0
160,1990-02-22T00:00:00,TOBS,GHCND:USC00333292,",,6,",44
161,1990-02-23T00:00:00,PRCP,GHCND:USC00333292,",,6,",445
162,1990-02-23T00:00:00,SNOW,GHCND:USC00333292,",,6,",25
163,1990-02-23T00:00:00,SNWD,GHCND:USC00333292,",,6,",25
164,1990-02-23T00:00:00,TOBS,GHCND:USC00333292,",,6,",11
165,1990-02-24T00:00:00,PRCP,GHCND:USC00333292,",,6,",48
166,1990-02-24T00:00:00,SNOW,GHCND:USC00333292,",,6,",51
167,1990-02-24T00:00:00,SNWD,GHCND:USC00333292,",,6,",76
168,1990-02-24T00:00:00,TOBS,GHCND:USC00333292,",,6,",0
169,1990-02-24T00:00:00,WT11,GHCND:USC00333292,",,6,",1
170,1990-02-25T00:00:00,PRCP,GHCND:USC00333292,",,6,",10
171,1990-02-25T00:00:00,SNOW,GHCND:USC00333292,",,6,",8
172,1990-02-25T00:00:00,SNWD,GHCND:USC00333292,",,6,",76
173,1990-02-25T00:00:00,TOBS,GHCND:USC00333292,",,6,",-139
174,1990-02-26T00:00:00,PRCP,GHCND:USC00333292,"P,,6,",0
175,1990-02-26T00:00:00,SNOW,GHCND:USC00333292,",,6,",0
176,1990-02-26T00:00:00,SNWD,GHCND:USC00333292,",,6,",76
177,1990-02-26T00:00:00,TOBS,GHCND:USC00333292,",,6,",-133
178,1990-02-27T00:00:00,PRCP,GHCND:USC00333292,"P,,6,",0
179,1990-02-27T00:00:00,SNOW,GHCND:USC00333292,",,6,",0
180,1990-02-27T00:00:00,SNWD,GHCND:USC00333292,",,6,",76
181,1990-02-27T00:00:00,TOBS,GHCND:USC00333292,",,6,",17
182,1990-02-28T00:00:00,PRCP,GHCND:USC00333292,"P,,6,",0
183,1990-02-28T00:00:00,SNOW,GHCND:USC00333292,",,6,",0
184,1990-03-01T00:00:00,PRCP,GHCND:USC00333292,"P,,6,",0
185,1990-03-01T00:00:00,SNWD,GHCND:USC00333292,",,6,",0
186,1990-03-01T00:00:00,TOBS,GHCND:USC00333292,",,6,",-56
187,1990-03-02T00:00:00,PRCP,GHCND:USC00333292,"P,,6,",0
188,1990-03-02T00:00:00,TOBS,GHCND:USC00333292,",,6,",-28
189,1990-03-03T00:00:00,PRCP,GHCND:USC00333292,"P,,6,",0
190,1990-03-04T00:00:00,PRCP,GHCND:USC00333292,"P,,6,",0
191,1990-03-05T00:00:00,PRCP,GHCND:USC00333292,"P,,6,",0
192,1990-03-05T00:00:00,TOBS,GHCND:USC00333292,",,6,",-6
193,1990-03-06T00:00:00,PRCP,GHCND:USC00333292,",,6,",15
194,1990-03-06T00:00:00,SNOW,GHCND:USC00333292,",,6,",20
195,1990-03-06T00:00:00,SNWD,GHCND:USC00333292,",,6,",25
196,1990-03-06T00:00:00,TOBS,GHCND:USC00333292,",,6,",-33
197,1990-03-07T00:00:00,PRCP,GHCND:USC00333292,"P,,6,",0
198,1990-03-08T00:00:00,PRCP,GHCND:USC00333292,"P,,6,",0
199,1990-03-09T00:00:00,PRCP,GHCND:USC00333292,",,6,",114
200,1990-03-09T00:00:00,SNWD,GHCND:USC00333292,",,6,",0
201,1990-03-09T00:00:00,TOBS,GHCND:USC00333292,",,6,",89
202,1990-03-10T00:00:00,PRCP,GHCND:USC00333292,"P,,6,",0
203,1990-03-10T00:00:00,TOBS,GHCND:USC00333292,",,6,",61
204,1990-03-11T00:00:00,PRCP,GHCND:USC00333292,",,6,",97
205,1990-03-11T00:00:00,TOBS,GHCND:USC00333292,",,6,",111
206,1990-03-12T00:00:00,PRCP,GHCND:USC00333292,"P,,6,",0
207,1990-03-12T00:00:00,TOBS,GHCND:USC00333292,",,6,",161
208,1990-03-13T00:00:00,PRCP,GHCND:USC00333292,"P,,6,",0
209,1990-03-14T00:00:00,PRCP,GHCND:USC00333292,"P,,6,",0
210,1990-03-14T00:00:00,TOBS,GHCND:USC00333292,",,6,",156
211,1990-03-15T00:00:00,PRCP,GHCND:USC00333292,"P,,6,",0
212,1990-03-15T00:00:00,TOBS,GHCND:USC00333292,",,6,",194
213,1990-03-16T00:00:00,PRCP,GHCND:USC00333292,",,6,",178
214,1990-03-16T00:00:00,TOBS,GHCND:USC00333292,",,6,",111
215,1990-03-17T00:00:00,PRCP,GHCND:USC00333292,"P,,6,",0
216,1990-03-18T00:00:00,PRCP,GHCND:USC00333292,",,6,",8
217,1990-03-18T00:00:00,TOBS,GHCND:USC00333292,",,6,",22
218,1990-03-19T00:00:00,PRCP,GHCND:USC00333292,",,6,",124
219,1990-03-19T00:00:00,SNOW,GHCND:USC00333292,",,6,",51
220,1990-03-19T00:00:00,SNWD,GHCND:USC00333292,",,6,",51
221,1990-03-19T00:00:00,TOBS,GHCND:USC00333292,",,6,",-11
222,1990-03-20T00:00:00,PRCP,GHCND:USC00333292,",,6,",30
223,1990-03-20T00:00:00,SNOW,GHCND:USC00333292,",,6,",25
224,1990-03-20T00:00:00,SNWD,GHCND:USC00333292,",,6,",76
225,1990-03-20T00:00:00,TOBS,GHCND:USC00333292,",,6,",-11
226,1990-03-21T00:00:00,PRCP,GHCND:USC00333292,"P,,6,",0
227,1990-03-21T00:00:00,SNWD,GHCND:USC00333292,",,6,",0
228,1990-03-22T00:00:00,PRCP,GHCND:USC00333292,"T,,6,",0
229,1990-03-22T00:00:00,TOBS,GHCND:USC00333292,",,6,",78
230,1990-03-23T00:00:00,PRCP,GHCND:USC00333292,",,6,",25
231,1990-03-23T00:00:00,TOBS,GHCND:USC00333292,",,6,",11
232,1990-03-24T00:00:00,PRCP,GHCND:USC00333292,"P,,6,",0
233,1990-03-25T00:00:00,PRCP,GHCND:USC00333292,"P,,6,",0
234,1990-03-26T00:00:00,PRCP,GHCND:USC00333292,"P,,6,",0
235,1990-03-26T00:00:00,TOBS,GHCND:USC00333292,",,6,",-11
236,1990-03-27T00:00:00,PRCP,GHCND:USC00333292,"P,,6,",0
237,1990-03-28T00:00:00,PRCP,GHCND:USC00333292,"P,,6,",0
238,1990-03-29T00:00:00,PRCP,GHCND:USC00333292,"P,,6,",0
239,1990-03-30T00:00:00,PRCP,GHCND:USC00333292,",,6,",135
240,1990-03-30T00:00:00,TOBS,GHCND:USC00333292,",,6,",78
241,1990-03-31T00:00:00,PRCP,GHCND:USC00333292,",,6,",38
242,1990-03-31T00:00:00,TOBS,GHCND:USC00333292,",,6,",61
243,1990-04-01T00:00:00,PRCP,GHCND:USC00333292,",,6,",53
244,1990-04-02T00:00:00,PRCP,GHCND:USC00333292,"T,,6,",0
245,1990-04-03T00:00:00,PRCP,GHCND:USC00333292,",,6,",56
246,1990-04-03T00:00:00,TOBS,GHCND:USC00333292,",,6,",22
247,1990-04-04T00:00:00,PRCP,GHCND:USC00333292,"T,,6,",0
248,1990-04-04T00:00:00,SNOW,GHCND:USC00333292,"T,,6,",0
249,1990-04-04T00:00:00,SNWD,GHCND:USC00333292,",,6,",0
250,1990-04-05T00:00:00,PRCP,GHCND:USC00333292,"P,,6,",0
251,1990-04-06T00:00:00,PRCP,GHCND:USC00333292,",,6,",8
252,1990-04-06T00:00:00,TOBS,GHCND:USC00333292,",,6,",6
253,1990-04-07T00:00:00,PRCP,GHCND:USC00333292,",,6,",10
254,1990-04-07T00:00:00,SNOW,GHCND:USC00333292,",,6,",25
255,1990-04-07T00:00:00,SNWD,GHCND:USC00333292,",,6,",25
256,1990-04-07T00:00:00,TOBS,GHCND:USC00333292,",,6,",-39
257,1990-04-08T00:00:00,PRCP,GHCND:USC00333292,"P,,6,",0
258,1990-04-08T00:00:00,SNWD,GHCND:USC00333292,",,6,",0
259,1990-04-09T00:00:00,PRCP,GHCND:USC00333292,"P,,6,",0
260,1990-04-09T00:00:00,TOBS,GHCND:USC00333292,",,6,",72
261,1990-04-10T00:00:00,PRCP,GHCND:USC00333292,",,6,",53
262,1990-04-10T00:00:00,TOBS,GHCND:USC00333292,",,6,",94
263,1990-04-11T00:00:00,PRCP,GHCND:USC00333292,",,6,",244
264,1990-04-11T00:00:00,TOBS,GHCND:USC00333292,",,6,",6
265,1990-04-12T00:00:00,PRCP,GHCND:USC00333292,"P,,6,",0
266,1990-04-12T00:00:00,TOBS,GHCND:USC00333292,",,6,",-6
267,1990-04-13T00:00:00,PRCP,GHCND:USC00333292,"P,,6,",0
268,1990-04-13T00:00:00,TOBS,GHCND:USC00333292,",,6,",22
269,1990-04-14T00:00:00,PRCP,GHCND:USC00333292,",,6,",25
270,1990-04-14T00:00:00,TOBS,GHCND:USC00333292,",,6,",83
271,1990-04-15T00:00:00,PRCP,GHCND:USC00333292,"P,,6,",0
272,1990-04-16T00:00:00,PRCP,GHCND:USC00333292,"P,,6,",0
273,1990-04-17T00:00:00,PRCP,GHCND:USC00333292,",,6,",3
274,1990-04-17T00:00:00,TOBS,GHCND:USC00333292,",,6,",28
275,1990-04-18T00:00:00,PRCP,GHCND:USC00333292,"P,,6,",0
276,1990-04-18T00:00:00,TOBS,GHCND:USC00333292,",,6,",-6
277,1990-04-19T00:00:00,PRCP,GHCND:USC00333292,"P,,6,",0
278,1990-04-20T00:00:00,PRCP,GHCND:USC00333292,",,6,",5
279,1990-04-20T00:00:00,TOBS,GHCND:USC00333292,",,6,",122
280,1990-04-21T00:00:00,PRCP,GHCND:USC00333292,",,6,",175
281,1990-04-21T00:00:00,TOBS,GHCND:USC00333292,",,6,",122
282,1990-04-22T00:00:00,PRCP,GHCND:USC00333292,",,6,",5
283,1990-04-22T00:00:00,TOBS,GHCND:USC00333292,",,6,",133
284,1990-04-23T00:00:00,PRCP,GHCND:USC00333292,"P,,6,",0
285,1990-04-23T00:00:00,TOBS,GHCND:USC00333292,",,6,",100
286,1990-04-24T00:00:00,PRCP,GHCND:USC00333292,"P,,6,",0
287,1990-04-25T00:00:00,PRCP,GHCND:USC00333292,"P,,6,",0
288,1990-04-25T00:00:00,TOBS,GHCND:USC00333292,",,6,",167
289,1990-04-26T00:00:00,PRCP,GHCND:USC00333292,"P,,6,",0
290,1990-04-27T00:00:00,PRCP,GHCND:USC00333292,"P,,6,",0
291,1990-04-28T00:00:00,PRCP,GHCND:USC00333292,"P,,6,",0
292,1990-04-29T00:00:00,PRCP,GHCND:USC00333292,"P,,6,",0
293,1990-04-30T00:00:00,PRCP,GHCND:USC00333292,"P,,6,",0
294,1990-04-30T00:00:00,TOBS,GHCND:USC00333292,",,6,",117
295,1990-05-01T00:00:00,PRCP,GHCND:USC00333292,"P,,6,",0
296,1990-05-01T00:00:00,TOBS,GHCND:USC00333292,",,6,",100
297,1990-05-02T00:00:00,PRCP,GHCND:USC00333292,"P,,6,",0
298,1990-05-03T00:00:00,PRCP,GHCND:USC00333292,"P,,6,",0
299,1990-05-04T00:00:00,PRCP,GHCND:USC00333292,",,6,",23
300,1990-05-04T00:00:00,TOBS,GHCND:USC00333292,",,6,",106
301,1990-05-05T00:00:00,PRCP,GHCND:USC00333292,",,6,",358
302,1990-05-05T00:00:00,TOBS,GHCND:USC00333292,",,6,",78
303,1990-05-06T00:00:00,PRCP,GHCND:USC00333292,",,6,",3
304,1990-05-06T00:00:00,TOBS,GHCND:USC00333292,",,6,",72
305,1990-05-07T00:00:00,PRCP,GHCND:USC00333292,"P,,6,",0
306,1990-05-07T00:00:00,TOBS,GHCND:USC00333292,",,6,",106
307,1990-05-08T00:00:00,PRCP,GHCND:USC00333292,"P,,6,",0
308,1990-05-08T00:00:00,TOBS,GHCND:USC00333292,",,6,",156
309,1990-05-09T00:00:00,PRCP,GHCND:USC00333292,"P,,6,",0
310,1990-05-09T00:00:00,TOBS,GHCND:USC00333292,",,6,",167
311,1990-05-10T00:00:00,PRCP,GHCND:USC00333292,",,6,",18
312,1990-05-10T00:00:00,TOBS,GHCND:USC00333292,",,6,",106
313,1990-05-11T00:00:00,PRCP,GHCND:USC00333292,"T,,6,",0
314,1990-05-12T00:00:00,PRCP,GHCND:USC00333292,",,6,",353
315,1990-05-13T00:00:00,PRCP,GHCND:USC00333292,"P,,6,",0
316,1990-05-14T00:00:00,PRCP,GHCND:USC00333292,"P,,6,",0
317,1990-05-14T00:00:00,TOBS,GHCND:USC00333292,",,6,",83
318,1990-05-14T00:00:00,WT01,GHCND:USC00333292,",,6,",1
319,1990-05-15T00:00:00,PRCP,GHCND:USC00333292,",,6,",5
320,1990-05-15T00:00:00,TOBS,GHCND:USC00333292,",,6,",156
321,1990-05-16T00:00:00,PRCP,GHCND:USC00333292,",,6,",325
322,1990-05-16T00:00:00,TOBS,GHCND:USC00333292,",,6,",172
323,1990-05-17T00:00:00,PRCP,GHCND:USC00333292,",,6,",160
324,1990-05-17T00:00:00,TOBS,GHCND:USC00333292,",,6,",128
325,1990-05-18T00:00:00,PRCP,GHCND:USC00333292,",,6,",3
326,1990-05-18T00:00:00,TOBS,GHCND:USC00333292,",,6,",117
327,1990-05-19T00:00:00,PRCP,GHCND:USC00333292,"P,,6,",0
328,1990-05-20T00:00:00,PRCP,GHCND:USC00333292,",,6,",8
329,1990-05-20T00:00:00,TOBS,GHCND:USC00333292,",,6,",194
330,1990-05-21T00:00:00,PRCP,GHCND:USC00333292,"P,,6,",0
331,1990-05-21T00:00:00,TOBS,GHCND:USC00333292,",,6,",117
332,1990-05-22T00:00:00,PRCP,GHCND:USC00333292,"P,,6,",0
333,1990-05-23T00:00:00,PRCP,GHCND:USC00333292,"P,,6,",0
334,1990-05-24T00:00:00,PRCP,GHCND:USC00333292,"P,,6,",0
335,1990-05-25T00:00:00,PRCP,GHCND:USC00333292,"P,,6,",0
336,1990-05-26T00:00:00,PRCP,GHCND:USC00333292,",,6,",173
337,1990-05-26T00:00:00,TOBS,GHCND:USC00333292,",,6,",150
338,1990-05-27T00:00:00,PRCP,GHCND:USC00333292,"P,,6,",0
339,1990-05-28T00:00:00,PRCP,GHCND:USC00333292,"P,,6,",0
340,1990-05-29T00:00:00,PRCP,GHCND:USC00333292,"P,,6,",0
341,1990-05-29T00:00:00,TOBS,GHCND:USC00333292,",,6,",150
342,1990-05-30T00:00:00,PRCP,GHCND:USC00333292,"P,,6,",0
343,1990-05-31T00:00:00,PRCP,GHCND:USC00333292,"P,,6,",0
344,1990-05-31T00:00:00,TOBS,GHCND:USC00333292,",,6,",139
345,1990-06-01T00:00:00,PRCP,GHCND:USC00333292,"P,,6,",0
346,1990-06-02T00:00:00,PRCP,GHCND:USC00333292,"P,,6,",0
347,1990-06-03T00:00:00,PRCP,GHCND:USC00333292,",,6,",142
348,1990-06-03T00:00:00,TOBS,GHCND:USC00333292,",,6,",183
349,1990-06-03T00:00:00,WT03,GHCND:USC00333292,",,6,",1
350,1990-06-04T00:00:00,PRCP,GHCND:USC00333292,",,6,",91
351,1990-06-04T00:00:00,TOBS,GHCND:USC00333292,",,6,",94
352,1990-06-04T00:00:00,WT11,GHCND:USC00333292,",,6,",1
353,1990-06-05T00:00:00,PRCP,GHCND:USC00333292,"P,,6,",0
354,1990-06-06T00:00:00,PRCP,GHCND:USC00333292,"P,,6,",0
355,1990-06-06T00:00:00,TOBS,GHCND:USC00333292,",,6,",167
356,1990-06-07T00:00:00,PRCP,GHCND:USC00333292,"P,,6,",0
357,1990-06-08T00:00:00,PRCP,GHCND:USC00333292,",,6,",74
358,1990-06-08T00:00:00,TOBS,GHCND:USC00333292,",,6,",189
359,1990-06-09T00:00:00,PRCP,GHCND:USC00333292,",,6,",135
360,1990-06-09T00:00:00,TOBS,GHCND:USC00333292,",,6,",211
361,1990-06-10T00:00:00,PRCP,GHCND:USC00333292,"P,,6,",0
362,1990-06-11T00:00:00,PRCP,GHCND:USC00333292,"P,,6,",0
363,1990-06-11T00:00:00,TOBS,GHCND:USC00333292,",,6,",172
364,1990-06-12T00:00:00,PRCP,GHCND:USC00333292,"P,,6,",0
365,1990-06-12T00:00:00,TOBS,GHCND:USC00333292,",,6,",172
366,1990-06-13T00:00:00,PRCP,GHCND:USC00333292,"P,,6,",0
367,1990-06-14T00:00:00,PRCP,GHCND:USC00333292,"P,,6,",0
368,1990-06-15T00:00:00,PRCP,GHCND:USC00333292,",,6,",91
369,1990-06-15T00:00:00,TOBS,GHCND:USC00333292,",,6,",200
370,1990-06-16T00:00:00,PRCP,GHCND:USC00333292,"P,,6,",0
371,1990-06-17T00:00:00,PRCP,GHCND:USC00333292,"P,,6,",0
372,1990-06-18T00:00:00,PRCP,GHCND:USC00333292,"P,,6,",0
373,1990-06-19T00:00:00,PRCP,GHCND:USC00333292,"P,,6,",0
374,1990-06-20T00:00:00,PRCP,GHCND:USC00333292,"P,,6,",0
375,1990-06-21T00:00:00,PRCP,GHCND:USC00333292,"P,,6,",0
376,1990-06-22T00:00:00,PRCP,GHCND:USC00333292,",,6,",117
377,1990-06-22T00:00:00,TOBS,GHCND:USC00333292,",,6,",139
378,1990-06-23T00:00:00,PRCP,GHCND:USC00333292,"P,,6,",0
379,1990-06-24T00:00:00,PRCP,GHCND:USC00333292,"P,,6,",0
380,1990-06-25T00:00:00,PRCP,GHCND:USC00333292,",,6,",5
381,1990-06-25T00:00:00,TOBS,GHCND:USC00333292,",,6,",150
382,1990-06-26T00:00:00,PRCP,GHCND:USC00333292,"P,,6,",0
383,1990-06-27T00:00:00,PRCP,GHCND:USC00333292,",,6,",18
384,1990-06-27T00:00:00,TOBS,GHCND:USC00333292,",,6,",200
385,1990-06-28T00:00:00,PRCP,GHCND:USC00333292,"P,,6,",0
386,1990-06-29T00:00:00,PRCP,GHCND:USC00333292,",,6,",315
387,1990-06-29T00:00:00,TOBS,GHCND:USC00333292,",,6,",233
388,1990-06-30T00:00:00,PRCP,GHCND:USC00333292,"P,,6,",0
389,1990-07-01T00:00:00,PRCP,GHCND:USC00333292,"P,,6,",0
390,1990-07-02T00:00:00,PRCP,GHCND:USC00333292,"P,,6,",0
391,1990-07-02T00:00:00,TOBS,GHCND:USC00333292,",,6,",211
392,1990-07-03T00:00:00,PRCP,GHCND:USC00333292,"P,,6,",0
393,1990-07-04T00:00:00,PRCP,GHCND:USC00333292,"P,,6,",0
394,1990-07-05T00:00:00,PRCP,GHCND:USC00333292,"P,,6,",0
395,1990-07-06T00:00:00,PRCP,GHCND:USC00333292,"P,,6,",0
396,1990-07-06T00:00:00,TOBS,GHCND:USC00333292,",,6,",178
397,1990-07-07T00:00:00,PRCP,GHCND:USC00333292,"P,,6,",0
398,1990-07-08T00:00:00,PRCP,GHCND:USC00333292,"P,,6,",0
399,1990-07-09T00:00:00,PRCP,GHCND:USC00333292,"P,,6,",0
400,1990-07-09T00:00:00,TOBS,GHCND:USC00333292,",,6,",261
401,1990-07-10T00:00:00,PRCP,GHCND:USC00333292,",,6,",38
402,1990-07-10T00:00:00,TOBS,GHCND:USC00333292,",,6,",233
403,1990-07-11T00:00:00,PRCP,GHCND:USC00333292,",,6,",117
404,1990-07-12T00:00:00,PRCP,GHCND:USC00333292,",,6,",102
405,1990-07-12T00:00:00,TOBS,GHCND:USC00333292,",,6,",172
406,1990-07-13T00:00:00,PRCP,GHCND:USC00333292,",,6,",10
407,1990-07-13T00:00:00,TOBS,GHCND:USC00333292,",,6,",172
408,1990-07-14T00:00:00,PRCP,GHCND:USC00333292,",,6,",91
409,1990-07-14T00:00:00,TOBS,GHCND:USC00333292,",,6,",167
410,1990-07-15T00:00:00,PRCP,GHCND:USC00333292,",,6,",10
411,1990-07-15T00:00:00,TOBS,GHCND:USC00333292,",,6,",178
412,1990-07-16T00:00:00,PRCP,GHCND:USC00333292,"P,,6,",0
413,1990-07-16T00:00:00,TOBS,GHCND:USC00333292,",,6,",172
414,1990-07-17T00:00:00,PRCP,GHCND:USC00333292,",,6,",8
415,1990-07-17T00:00:00,TOBS,GHCND:USC00333292,",,6,",211
416,1990-07-18T00:00:00,PRCP,GHCND:USC00333292,"P,,6,",0
417,1990-07-18T00:00:00,TOBS,GHCND:USC00333292,",,6,",206
418,1990-07-19T00:00:00,PRCP,GHCND:USC00333292,"P,,6,",0
419,1990-07-20T00:00:00,PRCP,GHCND:USC00333292,",,6,",8
420,1990-07-20T00:00:00,TOBS,GHCND:USC00333292,",,6,",228
421,1990-07-21T00:00:00,PRCP,GHCND:USC00333292,",,6,",79
422,1990-07-21T00:00:00,TOBS,GHCND:USC00333292,",,6,",217
423,1990-07-22T00:00:00,PRCP,GHCND:USC00333292,"P,,6,",0
424,1990-07-23T00:00:00,PRCP,GHCND:USC00333292,",,6,",340
425,1990-07-23T00:00:00,TOBS,GHCND:USC00333292,",,6,",156
426,1990-07-24T00:00:00,PRCP,GHCND:USC00333292,"P,,6,",0
427,1990-07-24T00:00:00,TOBS,GHCND:USC00333292,",,6,",183
428,1990-07-25T00:00:00,PRCP,GHCND:USC00333292,"P,,6,",0
429,1990-07-26T00:00:00,PRCP,GHCND:USC00333292,"P,,6,",0
430,1990-07-27T00:00:00,PRCP,GHCND:USC00333292,"P,,6,",0
431,1990-07-28T00:00:00,PRCP,GHCND:USC00333292,"P,,6,",0
432,1990-07-29T00:00:00,PRCP,GHCND:USC00333292,"P,,6,",0
433,1990-07-30T00:00:00,PRCP,GHCND:USC00333292,"P,,6,",0
434,1990-07-30T00:00:00,TOBS,GHCND:USC00333292,",,6,",211
435,1990-07-31T00:00:00,PRCP,GHCND:USC00333292,"P,,6,",0
436,1990-07-31T00:00:00,TOBS,GHCND:USC00333292,",,6,",111
437,1990-08-01T00:00:00,PRCP,GHCND:USC00333292,"P,,6,",0
438,1990-08-02T00:00:00,PRCP,GHCND:USC00333292,"P,,6,",0
439,1990-08-03T00:00:00,PRCP,GHCND:USC00333292,"P,,6,",0
440,1990-08-04T00:00:00,PRCP,GHCND:USC00333292,"P,,6,",0
441,1990-08-05T00:00:00,PRCP,GHCND:USC00333292,",,6,",155
442,1990-08-05T00:00:00,TOBS,GHCND:USC00333292,",,6,",222
443,1990-08-06T00:00:00,PRCP,GHCND:USC00333292,",,6,",5
444,1990-08-06T00:00:00,TOBS,GHCND:USC00333292,",,6,",172
445,1990-08-07T00:00:00,PRCP,GHCND:USC00333292,",,6,",0
446,1990-08-08T00:00:00,PRCP,GHCND:USC00333292,",,6,",0
447,1990-08-08T00:00:00,TOBS,GHCND:USC00333292,",,6,",139
448,1990-08-09T00:00:00,PRCP,GHCND:USC00333292,",,6,",0
449,1990-08-10T00:00:00,PRCP,GHCND:USC00333292,",,6,",0
450,1990-08-10T00:00:00,TOBS,GHCND:USC00333292,",,6,",178
451,1990-08-11T00:00:00,PRCP,GHCND:USC00333292,"P,,6,",0
452,1990-08-12T00:00:00,PRCP,GHCND:USC00333292,"P,,6,",0
453,1990-08-13T00:00:00,PRCP,GHCND:USC00333292,",,6,",574
454,1990-08-13T00:00:00,TOBS,GHCND:USC00333292,",,6,",183
455,1990-08-13T00:00:00,WT03,GHCND:USC00333292,",,6,",1
456,1990-08-14T00:00:00,PRCP,GHCND:USC00333292,"P,,6,",0
457,1990-08-14T00:00:00,TOBS,GHCND:USC00333292,",,6,",172
458,1990-08-15T00:00:00,PRCP,GHCND:USC00333292,"P,,6,",0
459,1990-08-16T00:00:00,PRCP,GHCND:USC00333292,"P,,6,",0
460,1990-08-16T00:00:00,TOBS,GHCND:USC00333292,",,6,",189
461,1990-08-17T00:00:00,PRCP,GHCND:USC00333292,"P,,6,",0
462,1990-08-18T00:00:00,PRCP,GHCND:USC00333292,",,6,",25
463,1990-08-18T00:00:00,TOBS,GHCND:USC00333292,",,6,",222
464,1990-08-19T00:00:00,PRCP,GHCND:USC00333292,",,6,",18
465,1990-08-19T00:00:00,TOBS,GHCND:USC00333292,",,6,",228
466,1990-08-20T00:00:00,PRCP,GHCND:USC00333292,"T,,6,",0
467,1990-08-20T00:00:00,TOBS,GHCND:USC00333292,",,6,",161
468,1990-08-21T00:00:00,PRCP,GHCND:USC00333292,",,6,",114
469,1990-08-21T00:00:00,TOBS,GHCND:USC00333292,",,6,",211
470,1990-08-22T00:00:00,PRCP,GHCND:USC00333292,",,6,",559
471,1990-08-22T00:00:00,TOBS,GHCND:USC00333292,",,6,",194
472,1990-08-23T00:00:00,PRCP,GHCND:USC00333292,",,6,",15
473,1990-08-24T00:00:00,PRCP,GHCND:USC00333292,",,6,",3
474,1990-08-24T00:00:00,TOBS,GHCND:USC00333292,",,6,",194
475,1990-08-25T00:00:00,PRCP,GHCND:USC00333292,"P,,6,",0
476,1990-08-26T00:00:00,PRCP,GHCND:USC00333292,"P,,6,",0
477,1990-08-27T00:00:00,PRCP,GHCND:USC00333292,"P,,6,",0
478,1990-08-27T00:00:00,TOBS,GHCND:USC00333292,",,6,",222
479,1990-08-28T00:00:00,PRCP,GHCND:USC00333292,"P,,6,",0
480,1990-08-29T00:00:00,PRCP,GHCND:USC00333292,",,6,",3
481,1990-08-29T00:00:00,WT03,GHCND:USC00333292,",,6,",1
482,1990-08-30T00:00:00,PRCP,GHCND:USC00333292,"P,,6,",0
483,1990-08-31T00:00:00,PRCP,GHCND:USC00333292,"P,,6,",0
484,1990-09-01T00:00:00,PRCP,GHCND:USC00333292,"P,,6,",0
485,1990-09-02T00:00:00,PRCP,GHCND:USC00333292,"P,,6,",0
486,1990-09-03T00:00:00,PRCP,GHCND:USC00333292,"P,,6,",0
487,1990-09-04T00:00:00,PRCP,GHCND:USC00333292,"P,,6,",0
488,1990-09-05T00:00:00,PRCP,GHCND:USC00333292,"P,,6,",0
489,1990-09-06T00:00:00,PRCP,GHCND:USC00333292,"P,,6,",0
490,1990-09-07T00:00:00,PRCP,GHCND:USC00333292,",,6,",102
491,1990-09-08T00:00:00,PRCP,GHCND:USC00333292,"P,,6,",0
492,1990-09-09T00:00:00,PRCP,GHCND:USC00333292,",,6,",99
493,1990-09-10T00:00:00,PRCP,GHCND:USC00333292,"P,,6,",0
494,1990-09-11T00:00:00,PRCP,GHCND:USC00333292,"P,,6,",0
495,1990-09-12T00:00:00,PRCP,GHCND:USC00333292,"P,,6,",0
496,1990-09-13T00:00:00,PRCP,GHCND:USC00333292,"P,,6,",0
497,1990-09-13T00:00:00,WT01,GHCND:USC00333292,",,6,",1
498,1990-09-14T00:00:00,PRCP,GHCND:USC00333292,"P,,6,",0
499,1990-09-15T00:00:00,PRCP,GHCND:USC00333292,",,6,",99
500,1990-09-16T00:00:00,PRCP,GHCND:USC00333292,",,6,",43
501,1990-09-17T00:00:00,PRCP,GHCND:USC00333292,"P,,6,",0
502,1990-09-18T00:00:00,PRCP,GHCND:USC00333292,"P,,6,",0
503,1990-09-19T00:00:00,PRCP,GHCND:USC00333292,",,6,",43
504,1990-09-20T00:00:00,PRCP,GHCND:USC00333292,"P,,6,",0
505,1990-09-21T00:00:00,PRCP,GHCND:USC00333292,"P,,6,",0
506,1990-09-22T00:00:00,PRCP,GHCND:USC00333292,",,6,",99
507,1990-09-23T00:00:00,PRCP,GHCND:USC00333292,",,6,",8
508,1990-09-24T00:00:00,PRCP,GHCND:USC00333292,"P,,6,",0
509,1990-09-25T00:00:00,PRCP,GHCND:USC00333292,"P,,6,",0
510,1990-09-26T00:00:00,PRCP,GHCND:USC00333292,"P,,6,",0
511,1990-09-27T00:00:00,PRCP,GHCND:USC00333292,"P,,6,",0
512,1990-09-28T00:00:00,PRCP,GHCND:USC00333292,"P,,6,",0
513,1990-09-29T00:00:00,PRCP,GHCND:USC00333292,",,6,",5
514,1990-09-29T00:00:00,WT01,GHCND:USC00333292,",,6,",1
515,1990-09-30T00:00:00,PRCP,GHCND:USC00333292,",,6,",5
516,1990-10-01T00:00:00,PRCP,GHCND:USC00333292,"P,,6,",0
517,1990-10-02T00:00:00,PRCP,GHCND:USC00333292,"P,,6,",0
518,1990-10-03T00:00:00,PRCP,GHCND:USC00333292,"P,,6,",0
519,1990-10-04T00:00:00,PRCP,GHCND:USC00333292,",,6,",142
520,1990-10-05T00:00:00,PRCP,GHCND:USC00333292,",,6,",3
521,1990-10-06T00:00:00,PRCP,GHCND:USC00333292,"P,,6,",0
522,1990-10-07T00:00:00,PRCP,GHCND:USC00333292,"P,,6,",0
523,1990-10-08T00:00:00,PRCP,GHCND:USC00333292,",,6,",20
524,1990-10-09T00:00:00,PRCP,GHCND:USC00333292,",,6,",76
525,1990-10-10T00:00:00,PRCP,GHCND:USC00333292,",,6,",201
526,1990-10-11T00:00:00,PRCP,GHCND:USC00333292,",,6,",74
527,1990-10-12T00:00:00,PRCP,GHCND:USC00333292,"P,,6,",0
528,1990-10-13T00:00:00,PRCP,GHCND:USC00333292,",,6,",20
529,1990-10-14T00:00:00,PRCP,GHCND:USC00333292,"P,,6,",0
530,1990-10-15T00:00:00,PRCP,GHCND:USC00333292,",,6,",8
531,1990-10-16T00:00:00,PRCP,GHCND:USC00333292,"P,,6,",0
532,1990-10-17T00:00:00,PRCP,GHCND:USC00333292,"P,,6,",0
533,1990-10-18T00:00:00,PRCP,GHCND:USC00333292,",,6,",132
534,1990-10-19T00:00:00,PRCP,GHCND:USC00333292,",,6,",13
535,1990-10-20T00:00:00,PRCP,GHCND:USC00333292,"P,,6,",0
536,1990-10-21T00:00:00,PRCP,GHCND:USC00333292,"P,,6,",0
537,1990-10-22T00:00:00,PRCP,GHCND:USC00333292,",,6,",61
538,1990-10-23T00:00:00,PRCP,GHCND:USC00333292,"P,,6,",0
539,1990-10-24T00:00:00,PRCP,GHCND:USC00333292,"P,,6,",0
540,1990-10-25T00:00:00,PRCP,GHCND:USC00333292,"P,,6,",0
541,1990-10-26T00:00:00,PRCP,GHCND:USC00333292,"P,,6,",0
542,1990-10-27T00:00:00,PRCP,GHCND:USC00333292,"P,,6,",0
543,1990-10-28T00:00:00,PRCP,GHCND:USC00333292,"P,,6,",0
544,1990-10-29T00:00:00,PRCP,GHCND:USC00333292,"P,,6,",0
545,1990-10-30T00:00:00,PRCP,GHCND:USC00333292,"P,,6,",0
546,1990-10-31T00:00:00,PRCP,GHCND:USC00333292,"P,,6,",0
547,1990-11-01T00:00:00,PRCP,GHCND:USC00333292,"P,,6,",0
548,1990-11-02T00:00:00,PRCP,GHCND:USC00333292,"P,,6,",0
549,1990-11-03T00:00:00,PRCP,GHCND:USC00333292,"P,,6,",0
550,1990-11-04T00:00:00,PRCP,GHCND:USC00333292,"P,,6,",0
551,1990-11-05T00:00:00,PRCP,GHCND:USC00333292,",,6,",84
552,1990-11-06T00:00:00,PRCP,GHCND:USC00333292,",,6,",191
553,1990-11-07T00:00:00,PRCP,GHCND:USC00333292,"P,,6,",0
554,1990-11-08T00:00:00,PRCP,GHCND:USC00333292,"P,,6,",0
555,1990-11-09T00:00:00,PRCP,GHCND:USC00333292,"P,,6,",0
556,1990-11-10T00:00:00,PRCP,GHCND:USC00333292,",,6,",46
557,1990-11-10T00:00:00,TOBS,GHCND:USC00333292,",,6,",44
558,1990-11-11T00:00:00,PRCP,GHCND:USC00333292,"P,,6,",0
559,1990-11-12T00:00:00,PRCP,GHCND:USC00333292,",,6,",10
560,1990-11-12T00:00:00,SNOW,GHCND:USC00333292,"T,,6,",0
561,1990-11-12T00:00:00,TOBS,GHCND:USC00333292,",,6,",-11
562,1990-11-13T00:00:00,PRCP,GHCND:USC00333292,"P,,6,",0
563,1990-11-13T00:00:00,TOBS,GHCND:USC00333292,",,6,",-50
564,1990-11-14T00:00:00,PRCP,GHCND:USC00333292,"P,,6,",0
565,1990-11-15T00:00:00,PRCP,GHCND:USC00333292,"P,,6,",0
566,1990-11-15T00:00:00,TOBS,GHCND:USC00333292,",,6,",50
567,1990-11-16T00:00:00,PRCP,GHCND:USC00333292,"P,,6,",0
568,1990-11-17T00:00:00,PRCP,GHCND:USC00333292,"T,,6,",0
569,1990-11-18T00:00:00,PRCP,GHCND:USC00333292,"P,,6,",0
570,1990-11-19T00:00:00,PRCP,GHCND:USC00333292,"P,,6,",0
571,1990-11-20T00:00:00,PRCP,GHCND:USC00333292,"P,,6,",0
572,1990-11-21T00:00:00,PRCP,GHCND:USC00333292,"P,,6,",0
573,1990-11-22T00:00:00,PRCP,GHCND:USC00333292,",,6,",114
574,1990-11-23T00:00:00,PRCP,GHCND:USC00333292,",,6,",3
575,1990-11-23T00:00:00,TOBS,GHCND:USC00333292,",,6,",0
576,1990-11-24T00:00:00,PRCP,GHCND:USC00333292,"P,,6,",0
577,1990-11-25T00:00:00,PRCP,GHCND:USC00333292,"P,,6,",0
578,1990-11-26T00:00:00,PRCP,GHCND:USC00333292,"P,,6,",0
579,1990-11-27T00:00:00,PRCP,GHCND:USC00333292,",,6,",53
580,1990-11-27T00:00:00,TOBS,GHCND:USC00333292,",,6,",167
581,1990-11-28T00:00:00,PRCP,GHCND:USC00333292,",,6,",76
582,1990-11-28T00:00:00,TOBS,GHCND:USC00333292,",,6,",122
583,1990-11-29T00:00:00,PRCP,GHCND:USC00333292,"P,,6,",0
584,1990-11-30T00:00:00,PRCP,GHCND:USC00333292,"P,,6,",0
585,1990-11-30T00:00:00,TOBS,GHCND:USC00333292,",,6,",-17
586,1990-12-01T00:00:00,PRCP,GHCND:USC00333292,"P,,6,",0
587,1990-12-01T00:00:00,SNOW,GHCND:USC00333292,",,6,",0
588,1990-12-02T00:00:00,PRCP,GHCND:USC00333292,"P,,6,",0
589,1990-12-02T00:00:00,SNOW,GHCND:USC00333292,",,6,",0
590,1990-12-03T00:00:00,PRCP,GHCND:USC00333292,",,6,",340
591,1990-12-03T00:00:00,SNOW,GHCND:USC00333292,",,6,",0
592,1990-12-04T00:00:00,PRCP,GHCND:USC00333292,",,6,",61
593,1990-12-04T00:00:00,SNOW,GHCND:USC00333292,",,6,",13
594,1990-12-04T00:00:00,SNWD,GHCND:USC00333292,",,6,",25
595,1990-12-05T00:00:00,PRCP,GHCND:USC00333292,",,6,",41
596,1990-12-05T00:00:00,SNOW,GHCND:USC00333292,",,6,",76
597,1990-12-05T00:00:00,SNWD,GHCND:USC00333292,",,6,",76
598,1990-12-06T00:00:00,PRCP,GHCND:USC00333292,"P,,6,",0
599,1990-12-06T00:00:00,SNOW,GHCND:USC00333292,",,6,",0
600,1990-12-06T00:00:00,SNWD,GHCND:USC00333292,",,6,",25
601,1990-12-07T00:00:00,PRCP,GHCND:USC00333292,"P,,6,",0
602,1990-12-07T00:00:00,SNOW,GHCND:USC00333292,",,6,",0
603,1990-12-07T00:00:00,SNWD,GHCND:USC00333292,",,6,",0
604,1990-12-08T00:00:00,PRCP,GHCND:USC00333292,"P,,6,",0
605,1990-12-08T00:00:00,SNOW,GHCND:USC00333292,",,6,",0
606,1990-12-09T00:00:00,PRCP,GHCND:USC00333292,"P,,6,",0
607,1990-12-09T00:00:00,SNOW,GHCND:USC00333292,",,6,",0
608,1990-12-10T00:00:00,PRCP,GHCND:USC00333292,"P,,6,",0
609,1990-12-10T00:00:00,SNOW,GHCND:USC00333292,",,6,",0
610,1990-12-11T00:00:00,PRCP,GHCND:USC00333292,"P,,6,",0
611,1990-12-11T00:00:00,SNOW,GHCND:USC00333292,",,6,",0
612,1990-12-12T00:00:00,PRCP,GHCND:USC00333292,"P,,6,",0
613,1990-12-12T00:00:00,SNOW,GHCND:USC00333292,",,6,",0
614,1990-12-13T00:00:00,PRCP,GHCND:USC00333292,",,6,",3
615,1990-12-13T00:00:00,SNOW,GHCND:USC00333292,",,6,",0
616,1990-12-14T00:00:00,PRCP,GHCND:USC00333292,"P,,6,",0
617,1990-12-14T00:00:00,SNOW,GHCND:USC00333292,",,6,",0
618,1990-12-15T00:00:00,PRCP,GHCND:USC00333292,",,6,",127
619,1990-12-15T00:00:00,SNOW,GHCND:USC00333292,",,6,",0
620,1990-12-16T00:00:00,PRCP,GHCND:USC00333292,",,6,",3
621,1990-12-16T00:00:00,SNOW,GHCND:USC00333292,",,6,",0
622,1990-12-17T00:00:00,PRCP,GHCND:USC00333292,"P,,6,",0
623,1990-12-17T00:00:00,SNOW,GHCND:USC00333292,",,6,",0
624,1990-12-18T00:00:00,PRCP,GHCND:USC00333292,",,6,",28
625,1990-12-18T00:00:00,SNOW,GHCND:USC00333292,",,6,",0
626,1990-12-19T00:00:00,PRCP,GHCND:USC00333292,",,6,",99
627,1990-12-19T00:00:00,SNOW,GHCND:USC00333292,",,6,",0
628,1990-12-20T00:00:00,PRCP,GHCND:USC00333292,"P,,6,",0
629,1990-12-20T00:00:00,SNOW,GHCND:USC00333292,",,6,",0
630,1990-12-21T00:00:00,PRCP,GHCND:USC00333292,"T,,6,",0
631,1990-12-21T00:00:00,SNOW,GHCND:USC00333292,",,6,",0
632,1990-12-22T00:00:00,PRCP,GHCND:USC00333292,",,6,",132
633,1990-12-22T00:00:00,SNOW,GHCND:USC00333292,",,6,",0
634,1990-12-23T00:00:00,PRCP,GHCND:USC00333292,",,6,",191
635,1990-12-23T00:00:00,SNOW,GHCND:USC00333292,",,6,",23
636,1990-12-23T00:00:00,SNWD,GHCND:USC00333292,",,6,",25
637,1990-12-24T00:00:00,PRCP,GHCND:USC00333292,",,6,",48
638,1990-12-24T00:00:00,SNOW,GHCND:USC00333292,",,6,",53
639,1990-12-24T00:00:00,SNWD,GHCND:USC00333292,",,6,",76
640,1990-12-25T00:00:00,PRCP,GHCND:USC00333292,"P,,6,",0
641,1990-12-25T00:00:00,SNOW,GHCND:USC00333292,",,6,",0
642,1990-12-26T00:00:00,PRCP,GHCND:USC00333292,"P,,6,",0
643,1990-12-26T00:00:00,SNOW,GHCND:USC00333292,",,6,",0
644,1990-12-26T00:00:00,SNWD,GHCND:USC00333292,",,6,",76
645,1990-12-27T00:00:00,PRCP,GHCND:USC00333292,"P,,6,",0
646,1990-12-27T00:00:00,SNOW,GHCND:USC00333292,",,6,",0
647,1990-12-27T00:00:00,SNWD,GHCND:USC00333292,",,6,",76
648,1990-12-28T00:00:00,PRCP,GHCND:USC00333292,",,6,",41
649,1990-12-28T00:00:00,SNOW,GHCND:USC00333292,",,6,",51
650,1990-12-28T00:00:00,SNWD,GHCND:USC00333292,",,6,",102
651,1990-12-29T00:00:00,PRCP,GHCND:USC00333292,",,6,",10
652,1990-12-29T00:00:00,SNOW,GHCND:USC00333292,",,6,",0
653,1990-12-29T00:00:00,SNWD,GHCND:USC00333292,",,6,",0
654,1990-12-30T00:00:00,PRCP,GHCND:USC00333292,",,6,",424
655,1990-12-30T00:00:00,SNOW,GHCND:USC00333292,",,6,",0
656,1990-12-31T00:00:00,PRCP,GHCND:USC00333292,",,6,",56
657,1990-12-31T00:00:00,SNOW,GHCND:USC00333292,",,6,",0
658,1991-01-01T00:00:00,PRCP,GHCND:USC00333292,"T,,6,",0
659,1991-01-01T00:00:00,SNOW,GHCND:USC00333292,"T,,6,",0
660,1991-01-01T00:00:00,SNWD,GHCND:USC00333292,"T,,6,",0
661,1991-01-02T00:00:00,PRCP,GHCND:USC00333292,"P,,6,",0
662,1991-01-02T00:00:00,SNWD,GHCND:USC00333292,",,6,",0
663,1991-01-03T00:00:00,PRCP,GHCND:USC00333292,"P,,6,",0
664,1991-01-04T00:00:00,PRCP,GHCND:USC00333292,"P,,6,",0
665,1991-01-05T00:00:00,PRCP,GHCND:USC00333292,"P,,6,",0
666,1991-01-06T00:00:00,PRCP,GHCND:USC00333292,"P,,6,",0
667,1991-01-07T00:00:00,PRCP,GHCND:USC00333292,"P,,6,",0
668,1991-01-08T00:00:00,PRCP,GHCND:USC00333292,"P,,6,",0
669,1991-01-09T00:00:00,PRCP,GHCND:USC00333292,",,6,",20
670,1991-01-09T00:00:00,SNOW,GHCND:USC00333292,"T,,6,",0
671,1991-01-09T00:00:00,SNWD,GHCND:USC00333292,"T,,6,",0
672,1991-01-10T00:00:00,PRCP,GHCND:USC00333292,"T,,6,",0
673,1991-01-10T00:00:00,SNWD,GHCND:USC00333292,"T,,6,",0
674,1991-01-11T00:00:00,PRCP,GHCND:USC00333292,",,6,",46
675,1991-01-11T00:00:00,SNWD,GHCND:USC00333292,"T,,6,",0
676,1991-01-12T00:00:00,PRCP,GHCND:USC00333292,",,6,",84
677,1991-01-12T00:00:00,SNWD,GHCND:USC00333292,"T,,6,",0
678,1991-01-13T00:00:00,PRCP,GHCND:USC00333292,"P,,6,",0
679,1991-01-14T00:00:00,PRCP,GHCND:USC00333292,"P,,6,",0
680,1991-01-14T00:00:00,SNWD,GHCND:USC00333292,"T,,6,",0
681,1991-01-15T00:00:00,PRCP,GHCND:USC00333292,"P,,6,",0
682,1991-01-16T00:00:00,PRCP,GHCND:USC00333292,",,6,",53
683,1991-01-16T00:00:00,SNWD,GHCND:USC00333292,",,6,",0
684,1991-01-17T00:00:00,PRCP,GHCND:USC00333292,",,6,",33
685,1991-01-18T00:00:00,PRCP,GHCND:USC00333292,"P,,6,",0
686,1991-01-19T00:00:00,PRCP,GHCND:USC00333292,"P,,6,",0
687,1991-01-20T00:00:00,PRCP,GHCND:USC00333292,"P,,6,",0
688,1991-01-21T00:00:00,PRCP,GHCND:USC00333292,",,6,",86
689,1991-01-21T00:00:00,SNOW,GHCND:USC00333292,",,6,",51
690,1991-01-21T00:00:00,SNWD,GHCND:USC00333292,",,6,",51
691,1991-01-21T00:00:00,TOBS,GHCND:USC00333292,",,6,",-122
692,1991-01-22T00:00:00,PRCP,GHCND:USC00333292,"P,,6,",0
693,1991-01-22T00:00:00,SNWD,GHCND:USC00333292,",,6,",51
694,1991-01-23T00:00:00,PRCP,GHCND:USC00333292,"P,,6,",0
695,1991-01-24T00:00:00,PRCP,GHCND:USC00333292,"P,,6,",0
696,1991-01-25T00:00:00,PRCP,GHCND:USC00333292,"P,,6,",0
697,1991-01-26T00:00:00,PRCP,GHCND:USC00333292,",,6,",8
698,1991-01-26T00:00:00,SNOW,GHCND:USC00333292,",,6,",25
699,1991-01-26T00:00:00,SNWD,GHCND:USC00333292,",,6,",51
700,1991-01-27T00:00:00,PRCP,GHCND:USC00333292,",,6,",3
701,1991-01-27T00:00:00,SNOW,GHCND:USC00333292,"T,,6,",0
702,1991-01-27T00:00:00,SNWD,GHCND:USC00333292,",,6,",51
703,1991-01-28T00:00:00,PRCP,GHCND:USC00333292,",,6,",5
704,1991-01-28T00:00:00,SNOW,GHCND:USC00333292,",,6,",25
705,1991-01-28T00:00:00,SNWD,GHCND:USC00333292,",,6,",76
706,1991-01-29T00:00:00,PRCP,GHCND:USC00333292,"P,,6,",0
707,1991-01-29T00:00:00,WT01,GHCND:USC00333292,",,6,",1
708,1991-01-30T00:00:00,PRCP,GHCND:USC00333292,",,6,",36
709,1991-01-30T00:00:00,SNOW,GHCND:USC00333292,",,6,",51
710,1991-01-30T00:00:00,SNWD,GHCND:USC00333292,",,6,",102
711,1991-01-31T00:00:00,PRCP,GHCND:USC00333292,"P,,6,",0
712,1991-02-01T00:00:00,PRCP,GHCND:USC00333292,"P,,6,",0
713,1991-02-01T00:00:00,SNOW,GHCND:USC00333292,",,6,",0
714,1991-02-01T00:00:00,SNWD,GHCND:USC00333292,",,6,",76
715,1991-02-02T00:00:00,PRCP,GHCND:USC00333292,"P,,6,",0
716,1991-02-02T00:00:00,SNOW,GHCND:USC00333292,",,6,",0
717,1991-02-02T00:00:00,SNWD,GHCND:USC00333292,",,6,",51
718,1991-02-03T00:00:00,PRCP,GHCND:USC00333292,"P,,6,",0
719,1991-02-03T00:00:00,SNOW,GHCND:USC00333292,",,6,",0
720,1991-02-03T00:00:00,SNWD,GHCND:USC00333292,",,6,",0
721,1991-02-04T00:00:00,PRCP,GHCND:USC00333292,"P,,6,",0
722,1991-02-04T00:00:00,SNOW,GHCND:USC00333292,",,6,",0
723,1991-02-04T00:00:00,SNWD,GHCND:USC00333292,",,6,",0
724,1991-02-05T00:00:00,PRCP,GHCND:USC00333292,"P,,6,",0
725,1991-02-05T00:00:00,SNOW,GHCND:USC00333292,",,6,",0
726,1991-02-05T00:00:00,WT01,GHCND:USC00333292,",,6,",1
727,1991-02-06T00:00:00,PRCP,GHCND:USC00333292,"P,,6,",0
728,1991-02-06T00:00:00,SNOW,GHCND:USC00333292,",,6,",0
729,1991-02-06T00:00:00,WT01,GHCND:USC00333292,",,6,",1
730,1991-02-07T00:00:00,PRCP,GHCND:USC00333292,",,6,",5
731,1991-02-07T00:00:00,SNOW,GHCND:USC00333292,",,6,",0
732,1991-02-08T00:00:00,PRCP,GHCND:USC00333292,"P,,6,",0
733,1991-02-08T00:00:00,SNOW,GHCND:USC00333292,",,6,",0
734,1991-02-09T00:00:00,PRCP,GHCND:USC00333292,"P,,6,",0
735,1991-02-09T00:00:00,SNOW,GHCND:USC00333292,",,6,",0
736,1991-02-10T00:00:00,PRCP,GHCND:USC00333292,"P,,6,",0
737,1991-02-10T00:00:00,SNOW,GHCND:USC00333292,",,6,",0
738,1991-02-11T00:00:00,PRCP,GHCND:USC00333292,"P,,6,",0
739,1991-02-11T00:00:00,SNOW,GHCND:USC00333292,",,6,",0
740,1991-02-12T00:00:00,PRCP,GHCND:USC00333292,"P,,6,",0
741,1991-02-12T00:00:00,SNOW,GHCND:USC00333292,",,6,",0
742,1991-02-13T00:00:00,PRCP,GHCND:USC00333292,"P,,6,",0
743,1991-02-13T00:00:00,SNOW,GHCND:USC00333292,",,6,",0
744,1991-02-14T00:00:00,PRCP,GHCND:USC00333292,",,6,",127
745,1991-02-14T00:00:00,SNOW,GHCND:USC00333292,",,6,",51
746,1991-02-14T00:00:00,SNWD,GHCND:USC00333292,",,6,",51
747,1991-02-15T00:00:00,PRCP,GHCND:USC00333292,",,6,",43
748,1991-02-15T00:00:00,SNOW,GHCND:USC00333292,",,6,",51
749,1991-02-15T00:00:00,SNWD,GHCND:USC00333292,",,6,",102
750,1991-02-16T00:00:00,PRCP,GHCND:USC00333292,"P,,6,",0
751,1991-02-16T00:00:00,SNOW,GHCND:USC00333292,",,6,",0
752,1991-02-17T00:00:00,PRCP,GHCND:USC00333292,",,6,",18
753,1991-02-17T00:00:00,SNOW,GHCND:USC00333292,",,6,",38
754,1991-02-17T00:00:00,SNWD,GHCND:USC00333292,",,6,",127
755,1991-02-18T00:00:00,PRCP,GHCND:USC00333292,",,6,",10
756,1991-02-18T00:00:00,SNOW,GHCND:USC00333292,",,6,",13
757,1991-02-18T00:00:00,SNWD,GHCND:USC00333292,",,6,",76
758,1991-02-19T00:00:00,PRCP,GHCND:USC00333292,",,6,",51
759,1991-02-19T00:00:00,SNOW,GHCND:USC00333292,",,6,",0
760,1991-02-19T00:00:00,SNWD,GHCND:USC00333292,",,6,",0
761,1991-02-20T00:00:00,PRCP,GHCND:USC00333292,",,6,",3
762,1991-02-20T00:00:00,SNOW,GHCND:USC00333292,",,6,",0
763,1991-02-21T00:00:00,PRCP,GHCND:USC00333292,"P,,6,",0
764,1991-02-21T00:00:00,SNOW,GHCND:USC00333292,",,6,",0
765,1991-02-22T00:00:00,PRCP,GHCND:USC00333292,"P,,6,",0
766,1991-02-22T00:00:00,SNOW,GHCND:USC00333292,",,6,",0
767,1991-02-23T00:00:00,PRCP,GHCND:USC00333292,"P,,6,",0
768,1991-02-23T00:00:00,SNOW,GHCND:USC00333292,",,6,",0
769,1991-02-24T00:00:00,PRCP,GHCND:USC00333292,"P,,6,",0
770,1991-02-24T00:00:00,SNOW,GHCND:USC00333292,",,6,",0
771,1991-02-25T00:00:00,PRCP,GHCND:USC00333292,"P,,6,",0
772,1991-02-25T00:00:00,SNOW,GHCND:USC00333292,",,6,",0
773,1991-02-26T00:00:00,PRCP,GHCND:USC00333292,"P,,6,",0
774,1991-02-26T00:00:00,SNOW,GHCND:USC00333292,",,6,",0
775,1991-02-27T00:00:00,PRCP,GHCND:USC00333292,"T,,6,",0
776,1991-02-27T00:00:00,SNOW,GHCND:USC00333292,",,6,",13
777,1991-02-27T00:00:00,SNWD,GHCND:USC00333292,",,6,",25
778,1991-02-28T00:00:00,PRCP,GHCND:USC00333292,",,6,",30
779,1991-02-28T00:00:00,SNOW,GHCND:USC00333292,",,6,",38
780,1991-02-28T00:00:00,SNWD,GHCND:USC00333292,",,6,",51
781,1991-03-01T00:00:00,PRCP,GHCND:USC00333292,",,6,",3
782,1991-03-01T00:00:00,SNWD,GHCND:USC00333292,",,6,",0
783,1991-03-02T00:00:00,PRCP,GHCND:USC00333292,",,6,",23
784,1991-03-03T00:00:00,PRCP,GHCND:USC00333292,",,6,",84
785,1991-03-04T00:00:00,PRCP,GHCND:USC00333292,"P,,6,",0
786,1991-03-05T00:00:00,PRCP,GHCND:USC00333292,"P,,6,",0
787,1991-03-06T00:00:00,PRCP,GHCND:USC00333292,",,6,",13
788,1991-03-07T00:00:00,PRCP,GHCND:USC00333292,"P,,6,",0
789,1991-03-08T00:00:00,PRCP,GHCND:USC00333292,"P,,6,",0
790,1991-03-09T00:00:00,PRCP,GHCND:USC00333292,"P,,6,",0
791,1991-03-10T00:00:00,PRCP,GHCND:USC00333292,"T,,6,",0
792,1991-03-10T00:00:00,SNOW,GHCND:USC00333292,"T,,6,",0
793,1991-03-10T00:00:00,SNWD,GHCND:USC00333292,",,6,",0
794,1991-03-11T00:00:00,PRCP,GHCND:USC00333292,"P,,6,",0
795,1991-03-12T00:00:00,PRCP,GHCND:USC00333292,"P,,6,",0
796,1991-03-13T00:00:00,PRCP,GHCND:USC00333292,"P,,6,",0
797,1991-03-14T00:00:00,PRCP,GHCND:USC00333292,"P,,6,",0
798,1991-03-15T00:00:00,PRCP,GHCND:USC00333292,"P,,6,",0
799,1991-03-16T00:00:00,PRCP,GHCND:USC00333292,"P,,6,",0
800,1991-03-17T00:00:00,PRCP,GHCND:USC00333292,"P,,6,",0
801,1991-03-18T00:00:00,PRCP,GHCND:USC00333292,",,6,",104
802,1991-03-19T00:00:00,PRCP,GHCND:USC00333292,",,6,",10
803,1991-03-20T00:00:00,PRCP,GHCND:USC00333292,"P,,6,",0
804,1991-03-21T00:00:00,PRCP,GHCND:USC00333292,"P,,6,",0
805,1991-03-22T00:00:00,PRCP,GHCND:USC00333292,",,6,",3
806,1991-03-23T00:00:00,PRCP,GHCND:USC00333292,",,6,",61
807,1991-03-23T00:00:00,WT03,GHCND:USC00333292,",,6,",1
808,1991-03-24T00:00:00,PRCP,GHCND:USC00333292,",,6,",38
809,1991-03-25T00:00:00,PRCP,GHCND:USC00333292,"P,,6,",0
810,1991-03-26T00:00:00,PRCP,GHCND:USC00333292,"P,,6,",0
811,1991-03-27T00:00:00,PRCP,GHCND:USC00333292,",,6,",25
812,1991-03-28T00:00:00,PRCP,GHCND:USC00333292,",,6,",15
813,1991-03-28T00:00:00,WT11,GHCND:USC00333292,",,6,",1
814,1991-03-29T00:00:00,PRCP,GHCND:USC00333292,"P,,6,",0
815,1991-03-30T00:00:00,PRCP,GHCND:USC00333292,"P,,6,",0
816,1991-03-31T00:00:00,PRCP,GHCND:USC00333292,"P,,6,",0
817,1991-04-01T00:00:00,PRCP,GHCND:USC00333292,",,6,",8
818,1991-04-02T00:00:00,PRCP,GHCND:USC00333292,"P,,6,",0
819,1991-04-03T00:00:00,PRCP,GHCND:USC00333292,"P,,6,",0
820,1991-04-04T00:00:00,PRCP,GHCND:USC00333292,"P,,6,",0
821,1991-04-05T00:00:00,PRCP,GHCND:USC00333292,",,6,",36
822,1991-04-06T00:00:00,PRCP,GHCND:USC00333292,"P,,6,",0
823,1991-04-07T00:00:00,PRCP,GHCND:USC00333292,"P,,6,",0
824,1991-04-08T00:00:00,PRCP,GHCND:USC00333292,"P,,6,",0
825,1991-04-09T00:00:00,PRCP,GHCND:USC00333292,",,6,",373
826,1991-04-10T00:00:00,PRCP,GHCND:USC00333292,",,6,",56
827,1991-04-11T00:00:00,PRCP,GHCND:USC00333292,"P,,6,",0
828,1991-04-12T00:00:00,PRCP,GHCND:USC00333292,"P,,6,",0
829,1991-04-13T00:00:00,PRCP,GHCND:USC00333292,",,6,",25
830,1991-04-14T00:00:00,PRCP,GHCND:USC00333292,",,6,",36
831,1991-04-15T00:00:00,PRCP,GHCND:USC00333292,",,6,",53
832,1991-04-16T00:00:00,PRCP,GHCND:USC00333292,",,6,",10
833,1991-04-17T00:00:00,PRCP,GHCND:USC00333292,",,6,",155
834,1991-04-18T00:00:00,PRCP,GHCND:USC00333292,"P,,6,",0
835,1991-04-19T00:00:00,PRCP,GHCND:USC00333292,"P,,6,",0
836,1991-04-20T00:00:00,PRCP,GHCND:USC00333292,",,6,",432
837,1991-04-21T00:00:00,PRCP,GHCND:USC00333292,",,6,",5
838,1991-04-22T00:00:00,PRCP,GHCND:USC00333292,",,6,",10
839,1991-04-23T00:00:00,PRCP,GHCND:USC00333292,"P,,6,",0
840,1991-04-24T00:00:00,PRCP,GHCND:USC00333292,",,6,",102
841,1991-04-25T00:00:00,PRCP,GHCND:USC00333292,"P,,6,",0
842,1991-04-26T00:00:00,PRCP,GHCND:USC00333292,"T,,6,",0
843,1991-04-27T00:00:00,PRCP,GHCND:USC00333292,"P,,6,",0
844,1991-04-28T00:00:00,PRCP,GHCND:USC00333292,",,6,",13
845,1991-04-29T00:00:00,PRCP,GHCND:USC00333292,"P,,6,",0
846,1991-04-30T00:00:00,PRCP,GHCND:USC00333292,",,6,",5
847,1991-05-01T00:00:00,PRCP,GHCND:USC00333292,",,6,",46
848,1991-05-02T00:00:00,PRCP,GHCND:USC00333292,",,6,",61
849,1991-05-03T00:00:00,PRCP,GHCND:USC00333292,"P,,6,",0
850,1991-05-04T00:00:00,PRCP,GHCND:USC00333292,"P,,6,",0
851,1991-05-05T00:00:00,PRCP,GHCND:USC00333292,"P,,6,",0
852,1991-05-06T00:00:00,PRCP,GHCND:USC00333292,",,6,",249
853,1991-05-07T00:00:00,PRCP,GHCND:USC00333292,"P,,6,",0
854,1991-05-08T00:00:00,PRCP,GHCND:USC00333292,"T,,6,",0
855,1991-05-09T00:00:00,PRCP,GHCND:USC00333292,",,6,",46
856,1991-05-10T00:00:00,PRCP,GHCND:USC00333292,"P,,6,",0
857,1991-05-11T00:00:00,PRCP,GHCND:USC00333292,"P,,6,",0
858,1991-05-12T00:00:00,PRCP,GHCND:USC00333292,"P,,6,",0
859,1991-05-13T00:00:00,PRCP,GHCND:USC00333292,"P,,6,",0
860,1991-05-14T00:00:00,PRCP,GHCND:USC00333292,",,6,",5
861,1991-05-15T00:00:00,PRCP,GHCND:USC00333292,"P,,6,",0
862,1991-05-16T00:00:00,PRCP,GHCND:USC00333292,"P,,6,",0
863,1991-05-17T00:00:00,PRCP,GHCND:USC00333292,",,6,",8
864,1991-05-18T00:00:00,PRCP,GHCND:USC00333292,"P,,6,",0
865,1991-05-19T00:00:00,PRCP,GHCND:USC00333292,",,6,",163
866,1991-05-20T00:00:00,PRCP,GHCND:USC00333292,"P,,6,",0
867,1991-05-21T00:00:00,PRCP,GHCND:USC00333292,"P,,6,",0
868,1991-05-22T00:00:00,PRCP,GHCND:USC00333292,"P,,6,",0
869,1991-05-23T00:00:00,PRCP,GHCND:USC00333292,"P,,6,",0
870,1991-05-24T00:00:00,PRCP,GHCND:USC00333292,"P,,6,",0
871,1991-05-25T00:00:00,PRCP,GHCND:USC00333292,"P,,6,",0
872,1991-05-26T00:00:00,PRCP,GHCND:USC00333292,",,6,",587
873,1991-05-27T00:00:00,PRCP,GHCND:USC00333292,",,6,",8
874,1991-05-28T00:00:00,PRCP,GHCND:USC00333292,"P,,6,",0
875,1991-05-29T00:00:00,PRCP,GHCND:USC00333292,"P,,6,",0
876,1991-05-30T00:00:00,PRCP,GHCND:USC00333292,",,6,",10
877,1991-05-30T00:00:00,WT03,GHCND:USC00333292,",,6,",1
878,1991-05-31T00:00:00,PRCP,GHCND:USC00333292,",,6,",239
879,1991-05-31T00:00:00,WT03,GHCND:USC00333292,",,6,",1
880,1991-06-01T00:00:00,PRCP,GHCND:USC00333292,",,6,",58
881,1991-06-01T00:00:00,WT03,GHCND:USC00333292,",,6,",1
882,1991-06-02T00:00:00,PRCP,GHCND:USC00333292,"P,,6,",0
883,1991-06-03T00:00:00,PRCP,GHCND:USC00333292,",,6,",15
884,1991-06-04T00:00:00,PRCP,GHCND:USC00333292,"P,,6,",0
885,1991-06-05T00:00:00,PRCP,GHCND:USC00333292,"P,,6,",0
886,1991-06-06T00:00:00,PRCP,GHCND:USC00333292,"P,,6,",0
887,1991-06-07T00:00:00,PRCP,GHCND:USC00333292,"P,,6,",0
888,1991-06-08T00:00:00,PRCP,GHCND:USC00333292,"P,,6,",0
889,1991-06-09T00:00:00,PRCP,GHCND:USC00333292,"P,,6,",0
890,1991-06-10T00:00:00,PRCP,GHCND:USC00333292,"P,,6,",0
891,1991-06-11T00:00:00,PRCP,GHCND:USC00333292,"P,,6,",0
892,1991-06-12T00:00:00,PRCP,GHCND:USC00333292,",,6,",69
893,1991-06-12T00:00:00,WT03,GHCND:USC00333292,",,6,",1
894,1991-06-13T00:00:00,PRCP,GHCND:USC00333292,"P,,6,",0
895,1991-06-14T00:00:00,PRCP,GHCND:USC00333292,"P,,6,",0
896,1991-06-15T00:00:00,PRCP,GHCND:USC00333292,"P,,6,",0
897,1991-06-16T00:00:00,PRCP,GHCND:USC00333292,",,6,",20
898,1991-06-17T00:00:00,PRCP,GHCND:USC00333292,"P,,6,",0
899,1991-06-18T00:00:00,PRCP,GHCND:USC00333292,"P,,6,",0
900,1991-06-19T00:00:00,PRCP,GHCND:USC00333292,"P,,6,",0
901,1991-06-20T00:00:00,PRCP,GHCND:USC00333292,"P,,6,",0
902,1991-06-21T00:00:00,PRCP,GHCND:USC00333292,"P,,6,",0
903,1991-06-22T00:00:00,PRCP,GHCND:USC00333292,"P,,6,",0
904,1991-06-23T00:00:00,PRCP,GHCND:USC00333292,",,6,",3
905,1991-06-24T00:00:00,PRCP,GHCND:USC00333292,"P,,6,",0
906,1991-06-25T00:00:00,PRCP,GHCND:USC00333292,"P,,6,",0
907,1991-06-26T00:00:00,PRCP,GHCND:USC00333292,"P,,6,",0
908,1991-06-27T00:00:00,PRCP,GHCND:USC00333292,"P,,6,",0
909,1991-06-28T00:00:00,PRCP,GHCND:USC00333292,"P,,6,",0
910,1991-06-29T00:00:00,PRCP,GHCND:USC00333292,"P,,6,",0
911,1991-06-30T00:00:00,PRCP,GHCND:USC00333292,"P,,6,",0
912,1991-07-01T00:00:00,PRCP,GHCND:USC00333292,",,6,",201
913,1991-07-02T00:00:00,PRCP,GHCND:USC00333292,",,6,",86
914,1991-07-03T00:00:00,PRCP,GHCND:USC00333292,"T,,6,",0
915,1991-07-04T00:00:00,PRCP,GHCND:USC00333292,",,6,",43
916,1991-07-05T00:00:00,PRCP,GHCND:USC00333292,",,6,",8
917,1991-07-06T00:00:00,PRCP,GHCND:USC00333292,"P,,6,",0
918,1991-07-07T00:00:00,PRCP,GHCND:USC00333292,"P,,6,",0
919,1991-07-08T00:00:00,PRCP,GHCND:USC00333292,",,6,",25
920,1991-07-09T00:00:00,PRCP,GHCND:USC00333292,"P,,6,",0
921,1991-07-10T00:00:00,PRCP,GHCND:USC00333292,"P,,6,",0
922,1991-07-11T00:00:00,PRCP,GHCND:USC00333292,"P,,6,",0
923,1991-07-12T00:00:00,PRCP,GHCND:USC00333292,"P,,6,",0
924,1991-07-13T00:00:00,PRCP,GHCND:USC00333292,",,6,",71
925,1991-07-14T00:00:00,PRCP,GHCND:USC00333292,"P,,6,",0
926,1991-07-15T00:00:00,PRCP,GHCND:USC00333292,"P,,6,",0
927,1991-07-16T00:00:00,PRCP,GHCND:USC00333292,"P,,6,",0
928,1991-07-17T00:00:00,PRCP,GHCND:USC00333292,"P,,6,",0
929,1991-07-18T00:00:00,PRCP,GHCND:USC00333292,"P,,6,",0
930,1991-07-19T00:00:00,PRCP,GHCND:USC00333292,"P,,6,",0
931,1991-07-20T00:00:00,PRCP,GHCND:USC00333292,"P,,6,",0
932,1991-07-21T00:00:00,PRCP,GHCND:USC00333292,"P,,6,",0
933,1991-07-22T00:00:00,PRCP,GHCND:USC00333292,",,6,",51
934,1991-07-23T00:00:00,PRCP,GHCND:USC00333292,"P,,6,",0
935,1991-07-24T00:00:00,PRCP,GHCND:USC00333292,"P,,6,",0
936,1991-07-25T00:00:00,PRCP,GHCND:USC00333292,"P,,6,",0
937,1991-07-26T00:00:00,PRCP,GHCND:USC00333292,"P,,6,",0
938,1991-07-27T00:00:00,PRCP,GHCND:USC00333292,"P,,6,",0
939,1991-07-28T00:00:00,PRCP,GHCND:USC00333292,"P,,6,",0
940,1991-07-29T00:00:00,PRCP,GHCND:USC00333292,"P,,6,",0
941,1991-07-30T00:00:00,PRCP,GHCND:USC00333292,",,6,",20
942,1991-07-31T00:00:00,PRCP,GHCND:USC00333292,"P,,6,",0
943,1991-08-01T00:00:00,PRCP,GHCND:USC00333292,"P,,6,",0
944,1991-08-02T00:00:00,PRCP,GHCND:USC00333292,"P,,6,",0
945,1991-08-03T00:00:00,PRCP,GHCND:USC00333292,",,6,",216
946,1991-08-04T00:00:00,PRCP,GHCND:USC00333292,"P,,6,",0
947,1991-08-05T00:00:00,PRCP,GHCND:USC00333292,"P,,6,",0
948,1991-08-06T00:00:00,PRCP,GHCND:USC00333292,"P,,6,",0
949,1991-08-07T00:00:00,PRCP,GHCND:USC00333292,"P,,6,",0
950,1991-08-08T00:00:00,PRCP,GHCND:USC00333292,"P,,6,",0
951,1991-08-09T00:00:00,PRCP,GHCND:USC00333292,",,6,",127
952,1991-08-10T00:00:00,PRCP,GHCND:USC00333292,"P,,6,",0
953,1991-08-11T00:00:00,PRCP,GHCND:USC00333292,"P,,6,",0
954,1991-08-12T00:00:00,PRCP,GHCND:USC00333292,"P,,6,",0
955,1991-08-13T00:00:00,PRCP,GHCND:USC00333292,"P,,6,",0
956,1991-08-14T00:00:00,PRCP,GHCND:USC00333292,"P,,6,",0
957,1991-08-15T00:00:00,PRCP,GHCND:USC00333292,",,6,",30
958,1991-08-16T00:00:00,PRCP,GHCND:USC00333292,"P,,6,",0
959,1991-08-17T00:00:00,PRCP,GHCND:USC00333292,"P,,6,",0
960,1991-08-18T00:00:00,PRCP,GHCND:USC00333292,",,6,",91
961,1991-08-19T00:00:00,PRCP,GHCND:USC00333292,",,6,",43
962,1991-08-20T00:00:00,PRCP,GHCND:USC00333292,",,6,",147
963,1991-08-21T00:00:00,PRCP,GHCND:USC00333292,",,6,",25
964,1991-08-22T00:00:00,PRCP,GHCND:USC00333292,"P,,6,",0
965,1991-08-23T00:00:00,PRCP,GHCND:USC00333292,"P,,6,",0
966,1991-08-24T00:00:00,PRCP,GHCND:USC00333292,"P,,6,",0
967,1991-08-25T00:00:00,PRCP,GHCND:USC00333292,"P,,6,",0
968,1991-08-26T00:00:00,PRCP,GHCND:USC00333292,"P,,6,",0
969,1991-08-27T00:00:00,PRCP,GHCND:USC00333292,"P,,6,",0
970,1991-08-28T00:00:00,PRCP,GHCND:USC00333292,"P,,6,",0
971,1991-08-29T00:00:00,PRCP,GHCND:USC00333292,"P,,6,",0
972,1991-08-30T00:00:00,PRCP,GHCND:USC00333292,"P,,6,",0
973,1991-08-31T00:00:00,PRCP,GHCND:USC00333292,"P,,6,",0
974,1991-09-01T00:00:00,PRCP,GHCND:USC00333292,"P,,6,",0
975,1991-09-02T00:00:00,PRCP,GHCND:USC00333292,"P,,6,",0
976,1991-09-03T00:00:00,PRCP,GHCND:USC00333292,"P,,6,",0
977,1991-09-04T00:00:00,PRCP,GHCND:USC00333292,",,6,",152
978,1991-09-05T00:00:00,PRCP,GHCND:USC00333292,"P,,6,",0
979,1991-09-06T00:00:00,PRCP,GHCND:USC00333292,"P,,6,",0
980,1991-09-07T00:00:00,PRCP,GHCND:USC00333292,"P,,6,",0
981,1991-09-08T00:00:00,PRCP,GHCND:USC00333292,"P,,6,",0
982,1991-09-09T00:00:00,PRCP,GHCND:USC00333292,"P,,6,",0
983,1991-09-10T00:00:00,PRCP,GHCND:USC00333292,",,6,",91
984,1991-09-11T00:00:00,PRCP,GHCND:USC00333292,"P,,6,",0
985,1991-09-12T00:00:00,PRCP,GHCND:USC00333292,"P,,6,",0
986,1991-09-13T00:00:00,PRCP,GHCND:USC00333292,",,6,",13
987,1991-09-14T00:00:00,PRCP,GHCND:USC00333292,"P,,6,",0
988,1991-09-15T00:00:00,PRCP,GHCND:USC00333292,"P,,6,",0
989,1991-09-16T00:00:00,PRCP,GHCND:USC00333292,"P,,6,",0
990,1991-09-17T00:00:00,PRCP,GHCND:USC00333292,"P,,6,",0
991,1991-09-18T00:00:00,PRCP,GHCND:USC00333292,"P,,6,",0
992,1991-09-19T00:00:00,PRCP,GHCND:USC00333292,"T,,6,",0
993,1991-09-20T00:00:00,PRCP,GHCND:USC00333292,"P,,6,",0
994,1991-09-21T00:00:00,PRCP,GHCND:USC00333292,"P,,6,",0
995,1991-09-22T00:00:00,PRCP,GHCND:USC00333292,"P,,6,",0
996,1991-09-23T00:00:00,PRCP,GHCND:USC00333292,",,6,",43
997,1991-09-24T00:00:00,PRCP,GHCND:USC00333292,"P,,6,",0
998,1991-09-25T00:00:00,PRCP,GHCND:USC00333292,"P,,6,",0
999,1991-09-26T00:00:00,PRCP,GHCND:USC00333292,"P,,6,",0
1000,1991-09-27T00:00:00,PRCP,GHCND:USC00333292,"P,,6,",0
1001,1991-09-28T00:00:00,PRCP,GHCND:USC00333292,"P,,6,",0
1002,1991-09-29T00:00:00,PRCP,GHCND:USC00333292,"P,,6,",0
1003,1991-09-30T00:00:00,PRCP,GHCND:USC00333292,"P,,6,",0
1004,1991-10-01T00:00:00,PRCP,GHCND:USC00333292,"P,,6,",0
1005,1991-10-02T00:00:00,PRCP,GHCND:USC00333292,"P,,6,",0
1006,1991-10-03T00:00:00,PRCP,GHCND:USC00333292,"P,,6,",0
1007,1991-10-04T00:00:00,PRCP,GHCND:USC00333292,",,6,",282
1008,1991-10-05T00:00:00,PRCP,GHCND:USC00333292,",,6,",13
1009,1991-10-06T00:00:00,PRCP,GHCND:USC00333292,",,6,",8
1010,1991-10-07T00:00:00,PRCP,GHCND:USC00333292,",,6,",3
1011,1991-10-08T00:00:00,PRCP,GHCND:USC00333292,"P,,6,",0
1012,1991-10-09T00:00:00,PRCP,GHCND:USC00333292,"P,,6,",0
1013,1991-10-10T00:00:00,PRCP,GHCND:USC00333292,",,6,",41
1014,1991-10-11T00:00:00,PRCP,GHCND:USC00333292,"T,,6,",0
1015,1991-10-12T00:00:00,PRCP,GHCND:USC00333292,",,6,",10
1016,1991-10-13T00:00:00,PRCP,GHCND:USC00333292,"P,,6,",0
1017,1991-10-14T00:00:00,PRCP,GHCND:USC00333292,",,6,",3
1018,1991-10-15T00:00:00,PRCP,GHCND:USC00333292,",,6,",5
1019,1991-10-16T00:00:00,PRCP,GHCND:USC00333292,"P,,6,",0
1020,1991-10-17T00:00:00,PRCP,GHCND:USC00333292,"P,,6,",0
1021,1991-10-18T00:00:00,PRCP,GHCND:USC00333292,"P,,6,",0
1022,1991-10-19T00:00:00,PRCP,GHCND:USC00333292,",,6,",94
1023,1991-10-20T00:00:00,PRCP,GHCND:USC00333292,"P,,6,",0
1024,1991-10-21T00:00:00,PRCP,GHCND:USC00333292,"P,,6,",0
1025,1991-10-22T00:00:00,PRCP,GHCND:USC00333292,"P,,6,",0
1026,1991-10-23T00:00:00,PRCP,GHCND:USC00333292,"P,,6,",0
1027,1991-10-24T00:00:00,PRCP,GHCND:USC00333292,"P,,6,",0
1028,1991-10-25T00:00:00,PRCP,GHCND:USC00333292,",,6,",137
1029,1991-10-26T00:00:00,PRCP,GHCND:USC00333292,",,6,",737
1030,1991-10-27T00:00:00,PRCP,GHCND:USC00333292,",,6,",188
1031,1991-10-28T00:00:00,PRCP,GHCND:USC00333292,",,6,",3
1032,1991-10-29T00:00:00,PRCP,GHCND:USC00333292,"P,,6,",0
1033,1991-10-30T00:00:00,PRCP,GHCND:USC00333292,"T,,6,",0
1034,1991-10-31T00:00:00,PRCP,GHCND:USC00333292,",,6,",61
1035,1991-11-01T00:00:00,PRCP,GHCND:USC00333292,",,6,",5
1036,1991-11-02T00:00:00,PRCP,GHCND:USC00333292,",,6,",30
1037,1991-11-03T00:00:00,PRCP,GHCND:USC00333292,"P,,6,",0
1038,1991-11-04T00:00:00,PRCP,GHCND:USC00333292,"P,,6,",0
1039,1991-11-05T00:00:00,PRCP,GHCND:USC00333292,"P,,6,",0
1040,1991-11-06T00:00:00,PRCP,GHCND:USC00333292,"P,,6,",0
1041,1991-11-07T00:00:00,PRCP,GHCND:USC00333292,",,6,",36
1042,1991-11-07T00:00:00,SNOW,GHCND:USC00333292,",,6,",41
1043,1991-11-07T00:00:00,SNWD,GHCND:USC00333292,",,6,",51
1044,1991-11-08T00:00:00,PRCP,GHCND:USC00333292,"P,,6,",0
1045,1991-11-09T00:00:00,PRCP,GHCND:USC00333292,"P,,6,",0
1046,1991-11-09T00:00:00,SNWD,GHCND:USC00333292,",,6,",25
1047,1991-11-10T00:00:00,PRCP,GHCND:USC00333292,"P,,6,",0
1048,1991-11-10T00:00:00,SNWD,GHCND:USC00333292,",,6,",0
1049,1991-11-11T00:00:00,PRCP,GHCND:USC00333292,"P,,6,",0
1050,1991-11-12T00:00:00,PRCP,GHCND:USC00333292,",,6,",3
1051,1991-11-13T00:00:00,PRCP,GHCND:USC00333292,",,6,",18
1052,1991-11-14T00:00:00,PRCP,GHCND:USC00333292,"P,,6,",0
1053,1991-11-15T00:00:00,PRCP,GHCND:USC00333292,",,6,",15
1054,1991-11-16T00:00:00,PRCP,GHCND:USC00333292,",,6,",10
1055,1991-11-17T00:00:00,PRCP,GHCND:USC00333292,",,6,",10
1056,1991-11-18T00:00:00,PRCP,GHCND:USC00333292,"P,,6,",0
1057,1991-11-19T00:00:00,PRCP,GHCND:USC00333292,",,6,",53
1058,1991-11-20T00:00:00,PRCP,GHCND:USC00333292,",,6,",84
1059,1991-11-21T00:00:00,PRCP,GHCND:USC00333292,",,6,",226
1060,1991-11-22T00:00:00,PRCP,GHCND:USC00333292,"T,,6,",0
1061,1991-11-23T00:00:00,PRCP,GHCND:USC00333292,"P,,6,",0
1062,1991-11-24T00:00:00,PRCP,GHCND:USC00333292,",,6,",10
1063,1991-11-25T00:00:00,PRCP,GHCND:USC00333292,"T,,6,",0
1064,1991-11-26T00:00:00,PRCP,GHCND:USC00333292,"P,,6,",0
1065,1991-11-27T00:00:00,PRCP,GHCND:USC00333292,",,6,",5
1066,1991-11-27T00:00:00,WT06,GHCND:USC00333292,",,6,",1
1067,1991-11-28T00:00:00,PRCP,GHCND:USC00333292,",,6,",13
1068,1991-11-29T00:00:00,PRCP,GHCND:USC00333292,",,6,",20
1069,1991-11-30T00:00:00,PRCP,GHCND:USC00333292,",,6,",8
1070,1991-12-01T00:00:00,PRCP,GHCND:USC00333292,"P,,6,",0
1071,1991-12-02T00:00:00,PRCP,GHCND:USC00333292,"P,,6,",0
1072,1991-12-03T00:00:00,PRCP,GHCND:USC00333292,",,6,",152
1073,1991-12-04T00:00:00,PRCP,GHCND:USC00333292,",,6,",3
1074,1991-12-04T00:00:00,SNOW,GHCND:USC00333292,",,6,",13
1075,1991-12-04T00:00:00,SNWD,GHCND:USC00333292,",,6,",25
1076,1991-12-05T00:00:00,PRCP,GHCND:USC00333292,"T,,6,",0
1077,1991-12-05T00:00:00,SNWD,GHCND:USC00333292,",,6,",25
1078,1991-12-06T00:00:00,PRCP,GHCND:USC00333292,"P,,6,",0
1079,1991-12-06T00:00:00,SNWD,GHCND:USC00333292,",,6,",0
1080,1991-12-07T00:00:00,PRCP,GHCND:USC00333292,"P,,6,",0
1081,1991-12-08T00:00:00,PRCP,GHCND:USC00333292,"P,,6,",0
1082,1991-12-09T00:00:00,PRCP,GHCND:USC00333292,"P,,6,",0
1083,1991-12-10T00:00:00,PRCP,GHCND:USC00333292,"P,,6,",0
1084,1991-12-10T00:00:00,WT01,GHCND:USC00333292,",,6,",1
1085,1991-12-11T00:00:00,PRCP,GHCND:USC00333292,"P,,6,",0
1086,1991-12-12T00:00:00,PRCP,GHCND:USC00333292,"P,,6,",0
1087,1991-12-13T00:00:00,PRCP,GHCND:USC00333292,",,6,",91
1088,1991-12-14T00:00:00,PRCP,GHCND:USC00333292,",,6,",5
1089,1991-12-15T00:00:00,PRCP,GHCND:USC00333292,",,6,",3
1090,1991-12-15T00:00:00,SNOW,GHCND:USC00333292,"T,,6,",0
1091,1991-12-16T00:00:00,PRCP,GHCND:USC00333292,",,6,",5
1092,1991-12-16T00:00:00,SNOW,GHCND:USC00333292,",,6,",13
1093,1991-12-16T00:00:00,SNWD,GHCND:USC00333292,",,6,",25
1094,1991-12-17T00:00:00,PRCP,GHCND:USC00333292,"T,,6,",0
1095,1991-12-17T00:00:00,SNWD,GHCND:USC00333292,"T,,6,",0
1096,1991-12-18T00:00:00,PRCP,GHCND:USC00333292,"T,,6,",0
1097,1991-12-18T00:00:00,SNOW,GHCND:USC00333292,",,6,",5
1098,1991-12-18T00:00:00,SNWD,GHCND:USC00333292,"T,,6,",0
1099,1991-12-19T00:00:00,PRCP,GHCND:USC00333292,"P,,6,",0
1100,1991-12-19T00:00:00,SNWD,GHCND:USC00333292,",,6,",0
1101,1991-12-20T00:00:00,PRCP,GHCND:USC00333292,"P,,6,",0
1102,1991-12-21T00:00:00,PRCP,GHCND:USC00333292,",,6,",56
1103,1991-12-21T00:00:00,SNOW,GHCND:USC00333292,",,6,",25
1104,1991-12-21T00:00:00,SNWD,GHCND:USC00333292,",,6,",25
1105,1991-12-22T00:00:00,PRCP,GHCND:USC00333292,"P,,6,",0
1106,1991-12-22T00:00:00,SNWD,GHCND:USC00333292,",,6,",0
1107,1991-12-23T00:00:00,PRCP,GHCND:USC00333292,",,6,",8
1108,1991-12-24T00:00:00,PRCP,GHCND:USC00333292,"T,,6,",0
1109,1991-12-25T00:00:00,PRCP,GHCND:USC00333292,"P,,6,",0
1110,1991-12-26T00:00:00,PRCP,GHCND:USC00333292,"P,,6,",0
1111,1991-12-27T00:00:00,PRCP,GHCND:USC00333292,"P,,6,",0
1112,1991-12-28T00:00:00,PRCP,GHCND:USC00333292,"P,,6,",0
1113,1991-12-29T00:00:00,PRCP,GHCND:USC00333292,",,6,",46
1114,1991-12-30T00:00:00,PRCP,GHCND:USC00333292,",,6,",8
1115,1991-12-31T00:00:00,PRCP,GHCND:USC00333292,"T,,6,",0
1116,1992-01-01T00:00:00,PRCP,GHCND:USC00333292,"P,,6,",0
1117,1992-01-02T00:00:00,PRCP,GHCND:USC00333292,"P,,6,",0
1118,1992-01-03T00:00:00,PRCP,GHCND:USC00333292,",,6,",33
1119,1992-01-04T00:00:00,PRCP,GHCND:USC00333292,",,6,",33
1120,1992-01-05T00:00:00,PRCP,GHCND:USC00333292,"P,,6,",0
1121,1992-01-06T00:00:00,PRCP,GHCND:USC00333292,"P,,6,",0
1122,1992-01-07T00:00:00,PRCP,GHCND:USC00333292,"P,,6,",0
1123,1992-01-08T00:00:00,PRCP,GHCND:USC00333292,"P,,6,",0
1124,1992-01-09T00:00:00,PRCP,GHCND:USC00333292,",,6,",3
1125,1992-01-10T00:00:00,PRCP,GHCND:USC00333292,",,6,",5
1126,1992-01-11T00:00:00,PRCP,GHCND:USC00333292,"P,,6,",0
1127,1992-01-12T00:00:00,PRCP,GHCND:USC00333292,"P,,6,",0
1128,1992-01-13T00:00:00,PRCP,GHCND:USC00333292,",,6,",15
1129,1992-01-14T00:00:00,PRCP,GHCND:USC00333292,",,6,",302
1130,1992-01-14T00:00:00,SNOW,GHCND:USC00333292,",,6,",241
1131,1992-01-14T00:00:00,SNWD,GHCND:USC00333292,",,6,",254
1132,1992-01-15T00:00:00,PRCP,GHCND:USC00333292,"P,,6,",0
1133,1992-01-15T00:00:00,SNWD,GHCND:USC00333292,",,6,",254
1134,1992-01-16T00:00:00,PRCP,GHCND:USC00333292,",,6,",20
1135,1992-01-16T00:00:00,SNOW,GHCND:USC00333292,",,6,",18
1136,1992-01-16T00:00:00,SNWD,GHCND:USC00333292,",,6,",229
1137,1992-01-17T00:00:00,PRCP,GHCND:USC00333292,"P,,6,",0
1138,1992-01-17T00:00:00,SNWD,GHCND:USC00333292,",,6,",229
1139,1992-01-18T00:00:00,PRCP,GHCND:USC00333292,"T,,6,",0
1140,1992-01-18T00:00:00,SNOW,GHCND:USC00333292,"T,,6,",0
1141,1992-01-18T00:00:00,SNWD,GHCND:USC00333292,",,6,",203
1142,1992-01-19T00:00:00,PRCP,GHCND:USC00333292,"P,,6,",0
1143,1992-01-20T00:00:00,PRCP,GHCND:USC00333292,"P,,6,",0
1144,1992-01-21T00:00:00,PRCP,GHCND:USC00333292,"P,,6,",0
1145,1992-01-22T00:00:00,PRCP,GHCND:USC00333292,"P,,6,",0
1146,1992-01-23T00:00:00,PRCP,GHCND:USC00333292,"P,,6,",0
1147,1992-01-24T00:00:00,PRCP,GHCND:USC00333292,"P,,6,",0
1148,1992-01-25T00:00:00,PRCP,GHCND:USC00333292,"P,,6,",0
1149,1992-01-26T00:00:00,PRCP,GHCND:USC00333292,"P,,6,",0
1150,1992-01-27T00:00:00,PRCP,GHCND:USC00333292,"P,,6,",0
1151,1992-01-28T00:00:00,PRCP,GHCND:USC00333292,"P,,6,",0
1152,1992-01-29T00:00:00,PRCP,GHCND:USC00333292,"P,,6,",0
1153,1992-01-30T00:00:00,PRCP,GHCND:USC00333292,"P,,6,",0
1154,1992-01-31T00:00:00,PRCP,GHCND:USC00333292,"P,,6,",0
1155,1992-02-01T00:00:00,PRCP,GHCND:USC00333292,"P,,6,",0
1156,1992-02-01T00:00:00,SNOW,GHCND:USC00333292,",,6,",0
1157,1992-02-02T00:00:00,PRCP,GHCND:USC00333292,"P,,6,",0
1158,1992-02-02T00:00:00,SNOW,GHCND:USC00333292,",,6,",0
1159,1992-02-03T00:00:00,PRCP,GHCND:USC00333292,"P,,6,",0
1160,1992-02-03T00:00:00,SNOW,GHCND:USC00333292,",,6,",0
1161,1992-02-04T00:00:00,PRCP,GHCND:USC00333292,"P,,6,",0
1162,1992-02-04T00:00:00,SNOW,GHCND:USC00333292,",,6,",0
1163,1992-02-05T00:00:00,PRCP,GHCND:USC00333292,"P,,6,",0
1164,1992-02-05T00:00:00,SNOW,GHCND:USC00333292,",,6,",0
1165,1992-02-06T00:00:00,PRCP,GHCND:USC00333292,"P,,6,",0
1166,1992-02-06T00:00:00,SNOW,GHCND:USC00333292,",,6,",0
1167,1992-02-07T00:00:00,PRCP,GHCND:USC00333292,"P,,6,",0
1168,1992-02-07T00:00:00,SNOW,GHCND:USC00333292,",,6,",0
1169,1992-02-08T00:00:00,PRCP,GHCND:USC00333292,",,6,",198
1170,1992-02-08T00:00:00,SNOW,GHCND:USC00333292,",,6,",0
1171,1992-02-09T00:00:00,PRCP,GHCND:USC00333292,"P,,6,",0
1172,1992-02-09T00:00:00,SNOW,GHCND:USC00333292,",,6,",0
1173,1992-02-09T00:00:00,SNWD,GHCND:USC00333292,",,6,",51
1174,1992-02-10T00:00:00,PRCP,GHCND:USC00333292,"T,,6,",0
1175,1992-02-10T00:00:00,SNOW,GHCND:USC00333292,"T,,6,",0
1176,1992-02-10T00:00:00,SNWD,GHCND:USC00333292,",,6,",51
1177,1992-02-11T00:00:00,PRCP,GHCND:USC00333292,"P,,6,",0
1178,1992-02-11T00:00:00,SNOW,GHCND:USC00333292,",,6,",0
1179,1992-02-11T00:00:00,SNWD,GHCND:USC00333292,",,6,",25
1180,1992-02-12T00:00:00,PRCP,GHCND:USC00333292,"P,,6,",0
1181,1992-02-12T00:00:00,SNOW,GHCND:USC00333292,",,6,",0
1182,1992-02-13T00:00:00,PRCP,GHCND:USC00333292,"P,,6,",0
1183,1992-02-13T00:00:00,SNOW,GHCND:USC00333292,",,6,",0
1184,1992-02-14T00:00:00,PRCP,GHCND:USC00333292,",,6,",18
1185,1992-02-14T00:00:00,SNOW,GHCND:USC00333292,",,6,",25
1186,1992-02-14T00:00:00,SNWD,GHCND:USC00333292,",,6,",25
1187,1992-02-15T00:00:00,PRCP,GHCND:USC00333292,",,6,",109
1188,1992-02-15T00:00:00,SNOW,GHCND:USC00333292,",,6,",0
1189,1992-02-15T00:00:00,SNWD,GHCND:USC00333292,",,6,",25
1190,1992-02-16T00:00:00,PRCP,GHCND:USC00333292,",,6,",104
1191,1992-02-16T00:00:00,SNOW,GHCND:USC00333292,"T,,6,",0
1192,1992-02-16T00:00:00,SNWD,GHCND:USC00333292,"T,,6,",0
1193,1992-02-17T00:00:00,PRCP,GHCND:USC00333292,"P,,6,",0
1194,1992-02-17T00:00:00,SNOW,GHCND:USC00333292,",,6,",0
1195,1992-02-17T00:00:00,SNWD,GHCND:USC00333292,",,6,",0
1196,1992-02-18T00:00:00,PRCP,GHCND:USC00333292,",,6,",8
1197,1992-02-18T00:00:00,SNOW,GHCND:USC00333292,",,6,",0
1198,1992-02-19T00:00:00,PRCP,GHCND:USC00333292,",,6,",112
1199,1992-02-19T00:00:00,SNOW,GHCND:USC00333292,",,6,",0
1200,1992-02-20T00:00:00,PRCP,GHCND:USC00333292,",,6,",8
1201,1992-02-20T00:00:00,SNOW,GHCND:USC00333292,",,6,",0
1202,1992-02-21T00:00:00,PRCP,GHCND:USC00333292,"P,,6,",0
1203,1992-02-21T00:00:00,SNOW,GHCND:USC00333292,",,6,",0
1204,1992-02-22T00:00:00,PRCP,GHCND:USC00333292,"T,,6,",0
1205,1992-02-22T00:00:00,SNOW,GHCND:USC00333292,",,6,",0
1206,1992-02-23T00:00:00,PRCP,GHCND:USC00333292,",,6,",8
1207,1992-02-23T00:00:00,SNOW,GHCND:USC00333292,",,6,",0
1208,1992-02-24T00:00:00,PRCP,GHCND:USC00333292,"P,,6,",0
1209,1992-02-24T00:00:00,SNOW,GHCND:USC00333292,",,6,",0
1210,1992-02-25T00:00:00,PRCP,GHCND:USC00333292,",,6,",13
1211,1992-02-25T00:00:00,SNOW,GHCND:USC00333292,",,6,",0
1212,1992-02-26T00:00:00,PRCP,GHCND:USC00333292,"P,,6,",0
1213,1992-02-26T00:00:00,SNOW,GHCND:USC00333292,",,6,",0
1214,1992-02-27T00:00:00,PRCP,GHCND:USC00333292,"P,,6,",0
1215,1992-02-27T00:00:00,SNOW,GHCND:USC00333292,",,6,",0
1216,1992-02-28T00:00:00,PRCP,GHCND:USC00333292,"P,,6,",0
1217,1992-02-28T00:00:00,SNOW,GHCND:USC00333292,",,6,",0
1218,1992-02-29T00:00:00,PRCP,GHCND:USC00333292,",,6,",15
1219,1992-02-29T00:00:00,SNOW,GHCND:USC00333292,",,6,",0
1220,1992-03-01T00:00:00,PRCP,GHCND:USC00333292,"P,,6,",0
1221,1992-03-01T00:00:00,SNOW,GHCND:USC00333292,",,6,",0
1222,1992-03-02T00:00:00,PRCP,GHCND:USC00333292,"P,,6,",0
1223,1992-03-02T00:00:00,SNOW,GHCND:USC00333292,",,6,",0
1224,1992-03-03T00:00:00,PRCP,GHCND:USC00333292,"P,,6,",0
1225,1992-03-03T00:00:00,SNOW,GHCND:USC00333292,",,6,",0
1226,1992-03-04T00:00:00,PRCP,GHCND:USC00333292,"P,,6,",0
1227,1992-03-04T00:00:00,SNOW,GHCND:USC00333292,",,6,",0
1228,1992-03-05T00:00:00,PRCP,GHCND:USC00333292,"P,,6,",0
1229,1992-03-05T00:00:00,SNOW,GHCND:USC00333292,",,6,",0
1230,1992-03-06T00:00:00,PRCP,GHCND:USC00333292,",,6,",8
1231,1992-03-06T00:00:00,SNOW,GHCND:USC00333292,",,6,",0
1232,1992-03-07T00:00:00,PRCP,GHCND:USC00333292,",,6,",112
1233,1992-03-07T00:00:00,SNOW,GHCND:USC00333292,",,6,",0
1234,1992-03-08T00:00:00,PRCP,GHCND:USC00333292,",,6,",5
1235,1992-03-08T00:00:00,SNOW,GHCND:USC00333292,",,6,",0
1236,1992-03-09T00:00:00,PRCP,GHCND:USC00333292,"T,,6,",0
1237,1992-03-09T00:00:00,SNOW,GHCND:USC00333292,",,6,",0
1238,1992-03-10T00:00:00,PRCP,GHCND:USC00333292,"T,,6,",0
1239,1992-03-10T00:00:00,SNOW,GHCND:USC00333292,",,6,",0
1240,1992-03-11T00:00:00,PRCP,GHCND:USC00333292,",,6,",191
1241,1992-03-11T00:00:00,SNOW,GHCND:USC00333292,",,6,",51
1242,1992-03-11T00:00:00,SNWD,GHCND:USC00333292,",,6,",51
1243,1992-03-12T00:00:00,PRCP,GHCND:USC00333292,"T,,6,",0
1244,1992-03-12T00:00:00,SNOW,GHCND:USC00333292,"T,,6,",0
1245,1992-03-12T00:00:00,SNWD,GHCND:USC00333292,",,6,",25
1246,1992-03-13T00:00:00,PRCP,GHCND:USC00333292,"P,,6,",0
1247,1992-03-13T00:00:00,SNOW,GHCND:USC00333292,",,6,",0
1248,1992-03-13T00:00:00,SNWD,GHCND:USC00333292,",,6,",0
1249,1992-03-14T00:00:00,PRCP,GHCND:USC00333292,"T,,6,",0
1250,1992-03-14T00:00:00,SNOW,GHCND:USC00333292,"T,,6,",0
1251,1992-03-15T00:00:00,PRCP,GHCND:USC00333292,"T,,6,",0
1252,1992-03-15T00:00:00,SNOW,GHCND:USC00333292,"T,,6,",0
1253,1992-03-16T00:00:00,PRCP,GHCND:USC00333292,"P,,6,",0
1254,1992-03-16T00:00:00,SNOW,GHCND:USC00333292,",,6,",0
1255,1992-03-17T00:00:00,PRCP,GHCND:USC00333292,",,6,",86
1256,1992-03-17T00:00:00,SNOW,GHCND:USC00333292,",,6,",25
1257,1992-03-17T00:00:00,SNWD,GHCND:USC00333292,",,6,",25
1258,1992-03-18T00:00:00,PRCP,GHCND:USC00333292,"P,,6,",0
1259,1992-03-18T00:00:00,SNOW,GHCND:USC00333292,",,6,",0
1260,1992-03-18T00:00:00,SNWD,GHCND:USC00333292,",,6,",0
1261,1992-03-19T00:00:00,PRCP,GHCND:USC00333292,",,6,",76
1262,1992-03-19T00:00:00,SNOW,GHCND:USC00333292,",,6,",25
1263,1992-03-19T00:00:00,SNWD,GHCND:USC00333292,",,6,",25
1264,1992-03-20T00:00:00,PRCP,GHCND:USC00333292,"P,,6,",0
1265,1992-03-20T00:00:00,SNOW,GHCND:USC00333292,",,6,",0
1266,1992-03-20T00:00:00,SNWD,GHCND:USC00333292,",,6,",0
1267,1992-03-21T00:00:00,PRCP,GHCND:USC00333292,",,6,",3
1268,1992-03-21T00:00:00,SNOW,GHCND:USC00333292,"T,,6,",0
1269,1992-03-21T00:00:00,SNWD,GHCND:USC00333292,"T,,6,",0
1270,1992-03-22T00:00:00,PRCP,GHCND:USC00333292,",,6,",84
1271,1992-03-22T00:00:00,SNOW,GHCND:USC00333292,",,6,",51
1272,1992-03-22T00:00:00,SNWD,GHCND:USC00333292,",,6,",51
1273,1992-03-23T00:00:00,PRCP,GHCND:USC00333292,",,6,",20
1274,1992-03-23T00:00:00,SNOW,GHCND:USC00333292,",,6,",25
1275,1992-03-23T00:00:00,SNWD,GHCND:USC00333292,",,6,",76
1276,1992-03-24T00:00:00,PRCP,GHCND:USC00333292,"P,,6,",0
1277,1992-03-24T00:00:00,SNOW,GHCND:USC00333292,",,6,",0
1278,1992-03-24T00:00:00,SNWD,GHCND:USC00333292,",,6,",51
1279,1992-03-25T00:00:00,PRCP,GHCND:USC00333292,"P,,6,",0
1280,1992-03-25T00:00:00,SNOW,GHCND:USC00333292,",,6,",0
1281,1992-03-25T00:00:00,SNWD,GHCND:USC00333292,",,6,",0
1282,1992-03-26T00:00:00,PRCP,GHCND:USC00333292,",,6,",38
1283,1992-03-26T00:00:00,SNOW,GHCND:USC00333292,",,6,",0
1284,1992-03-27T00:00:00,PRCP,GHCND:USC00333292,",,6,",30
1285,1992-03-27T00:00:00,SNOW,GHCND:USC00333292,"T,,6,",0
1286,1992-03-27T00:00:00,SNWD,GHCND:USC00333292,"T,,6,",0
1287,1992-03-28T00:00:00,PRCP,GHCND:USC00333292,"P,,6,",0
1288,1992-03-28T00:00:00,SNOW,GHCND:USC00333292,",,6,",0
1289,1992-03-28T00:00:00,SNWD,GHCND:USC00333292,",,6,",0
1290,1992-03-29T00:00:00,PRCP,GHCND:USC00333292,"P,,6,",0
1291,1992-03-29T00:00:00,SNOW,GHCND:USC00333292,",,6,",0
1292,1992-03-30T00:00:00,PRCP,GHCND:USC00333292,",,6,",58
1293,1992-03-30T00:00:00,SNOW,GHCND:USC00333292,",,6,",0
1294,1992-03-31T00:00:00,PRCP,GHCND:USC00333292,"P,,6,",0
1295,1992-03-31T00:00:00,SNOW,GHCND:USC00333292,",,6,",0
1296,1992-04-01T00:00:00,PRCP,GHCND:USC00333292,",,6,",41
1297,1992-04-01T00:00:00,SNOW,GHCND:USC00333292,",,6,",25
1298,1992-04-01T00:00:00,SNWD,GHCND:USC00333292,",,6,",25
1299,1992-04-02T00:00:00,PRCP,GHCND:USC00333292,",,6,",8
1300,1992-04-02T00:00:00,SNOW,GHCND:USC00333292,",,6,",25
1301,1992-04-02T00:00:00,SNWD,GHCND:USC00333292,",,6,",25
1302,1992-04-03T00:00:00,SNWD,GHCND:USC00333292,",,6,",0
1303,1992-04-05T00:00:00,PRCP,GHCND:USC00333292,",,6,",25
1304,1992-04-11T00:00:00,PRCP,GHCND:USC00333292,",,6,",20
1305,1992-04-12T00:00:00,PRCP,GHCND:USC00333292,",,6,",5
1306,1992-04-16T00:00:00,PRCP,GHCND:USC00333292,",,6,",18
1307,1992-04-17T00:00:00,PRCP,GHCND:USC00333292,",,6,",114
1308,1992-04-18T00:00:00,PRCP,GHCND:USC00333292,",,6,",119
1309,1992-04-19T00:00:00,PRCP,GHCND:USC00333292,",,6,",20
1310,1992-04-20T00:00:00,PRCP,GHCND:USC00333292,",,6,",28
1311,1992-04-21T00:00:00,PRCP,GHCND:USC00333292,",,6,",89
1312,1992-04-21T00:00:00,WT03,GHCND:USC00333292,",,6,",1
1313,1992-04-22T00:00:00,PRCP,GHCND:USC00333292,",,6,",178
1314,1992-04-24T00:00:00,PRCP,GHCND:USC00333292,",,6,",76
1315,1992-04-25T00:00:00,PRCP,GHCND:USC00333292,",,6,",69
1316,1992-04-26T00:00:00,PRCP,GHCND:USC00333292,",,6,",15
1317,1992-04-27T00:00:00,PRCP,GHCND:USC00333292,",,6,",30
1318,1992-04-28T00:00:00,PRCP,GHCND:USC00333292,",,6,",10
1319,1992-04-30T00:00:00,PRCP,GHCND:USC00333292,",,6,",28
1320,1992-05-01T00:00:00,PRCP,GHCND:USC00333292,",,6,",10
1321,1992-05-02T00:00:00,PRCP,GHCND:USC00333292,"P,,6,",0
1322,1992-05-03T00:00:00,PRCP,GHCND:USC00333292,"P,,6,",0
1323,1992-05-04T00:00:00,PRCP,GHCND:USC00333292,"P,,6,",0
1324,1992-05-05T00:00:00,PRCP,GHCND:USC00333292,",,6,",23
1325,1992-05-06T00:00:00,PRCP,GHCND:USC00333292,",,6,",23
1326,1992-05-07T00:00:00,PRCP,GHCND:USC00333292,"P,,6,",0
1327,1992-05-08T00:00:00,PRCP,GHCND:USC00333292,"P,,6,",0
1328,1992-05-09T00:00:00,PRCP,GHCND:USC00333292,",,6,",23
1329,1992-05-10T00:00:00,PRCP,GHCND:USC00333292,"P,,6,",0
1330,1992-05-11T00:00:00,PRCP,GHCND:USC00333292,"P,,6,",0
1331,1992-05-12T00:00:00,PRCP,GHCND:USC00333292,"P,,6,",0
1332,1992-05-13T00:00:00,PRCP,GHCND:USC00333292,"P,,6,",0
1333,1992-05-14T00:00:00,PRCP,GHCND:USC00333292,"T,,6,",0
1334,1992-05-15T00:00:00,PRCP,GHCND:USC00333292,",,6,",13
1335,1992-05-16T00:00:00,PRCP,GHCND:USC00333292,"P,,6,",0
1336,1992-05-17T00:00:00,PRCP,GHCND:USC00333292,"P,,6,",0
1337,1992-05-18T00:00:00,PRCP,GHCND:USC00333292,",,6,",178
1338,1992-05-19T00:00:00,PRCP,GHCND:USC00333292,"P,,6,",0
1339,1992-05-20T00:00:00,PRCP,GHCND:USC00333292,"P,,6,",0
1340,1992-05-21T00:00:00,PRCP,GHCND:USC00333292,"P,,6,",0
1341,1992-05-22T00:00:00,PRCP,GHCND:USC00333292,"P,,6,",0
1342,1992-05-23T00:00:00,PRCP,GHCND:USC00333292,"P,,6,",0
1343,1992-05-24T00:00:00,PRCP,GHCND:USC00333292,",,6,",318
1344,1992-05-25T00:00:00,PRCP,GHCND:USC00333292,"P,,6,",0
1345,1992-05-26T00:00:00,PRCP,GHCND:USC00333292,"P,,6,",0
1346,1992-05-27T00:00:00,PRCP,GHCND:USC00333292,",,6,",5
1347,1992-05-28T00:00:00,PRCP,GHCND:USC00333292,"P,,6,",0
1348,1992-05-29T00:00:00,PRCP,GHCND:USC00333292,"P,,6,",0
1349,1992-05-30T00:00:00,PRCP,GHCND:USC00333292,",,6,",157
1350,1992-05-31T00:00:00,PRCP,GHCND:USC00333292,",,6,",140
1351,1992-06-01T00:00:00,PRCP,GHCND:USC00333292,"P,,6,",0
1352,1992-06-02T00:00:00,PRCP,GHCND:USC00333292,"P,,6,",0
1353,1992-06-03T00:00:00,PRCP,GHCND:USC00333292,"P,,6,",0
1354,1992-06-04T00:00:00,PRCP,GHCND:USC00333292,"P,,6,",0
1355,1992-06-05T00:00:00,PRCP,GHCND:USC00333292,"T,,6,",0
1356,1992-06-06T00:00:00,PRCP,GHCND:USC00333292,"T,,6,",0
1357,1992-06-07T00:00:00,PRCP,GHCND:USC00333292,",,6,",74
1358,1992-06-08T00:00:00,PRCP,GHCND:USC00333292,"P,,6,",0
1359,1992-06-09T00:00:00,PRCP,GHCND:USC00333292,"P,,6,",0
1360,1992-06-10T00:00:00,PRCP,GHCND:USC00333292,"P,,6,",0
1361,1992-06-11T00:00:00,PRCP,GHCND:USC00333292,"P,,6,",0
1362,1992-06-12T00:00:00,PRCP,GHCND:USC00333292,"P,,6,",0
1363,1992-06-13T00:00:00,PRCP,GHCND:USC00333292,"P,,6,",0
1364,1992-06-14T00:00:00,PRCP,GHCND:USC00333292,"P,,6,",0
1365,1992-06-15T00:00:00,PRCP,GHCND:USC00333292,"P,,6,",0
1366,1992-06-16T00:00:00,PRCP,GHCND:USC00333292,"P,,6,",0
1367,1992-06-17T00:00:00,PRCP,GHCND:USC00333292,"P,,6,",0
1368,1992-06-18T00:00:00,PRCP,GHCND:USC00333292,",,6,",259
1369,1992-06-19T00:00:00,PRCP,GHCND:USC00333292,",,6,",5
1370,1992-06-20T00:00:00,PRCP,GHCND:USC00333292,"P,,6,",0
1371,1992-06-21T00:00:00,PRCP,GHCND:USC00333292,"P,,6,",0
1372,1992-06-22T00:00:00,PRCP,GHCND:USC00333292,"P,,6,",0
1373,1992-06-23T00:00:00,PRCP,GHCND:USC00333292,"P,,6,",0
1374,1992-06-24T00:00:00,PRCP,GHCND:USC00333292,",,6,",30
1375,1992-06-25T00:00:00,PRCP,GHCND:USC00333292,",,6,",23
1376,1992-06-26T00:00:00,PRCP,GHCND:USC00333292,",,6,",5
1377,1992-06-27T00:00:00,PRCP,GHCND:USC00333292,"P,,6,",0
1378,1992-06-28T00:00:00,PRCP,GHCND:USC00333292,"P,,6,",0
1379,1992-06-29T00:00:00,PRCP,GHCND:USC00333292,"P,,6,",0
1380,1992-06-30T00:00:00,PRCP,GHCND:USC00333292,"P,,6,",0
1381,1992-07-01T00:00:00,PRCP,GHCND:USC00333292,"P,,6,",0
1382,1992-07-02T00:00:00,PRCP,GHCND:USC00333292,"P,,6,",0
1383,1992-07-03T00:00:00,PRCP,GHCND:USC00333292,",,6,",3
1384,1992-07-04T00:00:00,PRCP,GHCND:USC00333292,"P,,6,",0
1385,1992-07-05T00:00:00,PRCP,GHCND:USC00333292,"P,,6,",0
1386,1992-07-06T00:00:00,PRCP,GHCND:USC00333292,"P,,6,",0
1387,1992-07-07T00:00:00,PRCP,GHCND:USC00333292,"P,,6,",0
1388,1992-07-08T00:00:00,PRCP,GHCND:USC00333292,"P,,6,",0
1389,1992-07-09T00:00:00,PRCP,GHCND:USC00333292,",,6,",18
1390,1992-07-10T00:00:00,PRCP,GHCND:USC00333292,",,6,",94
1391,1992-07-11T00:00:00,PRCP,GHCND:USC00333292,"P,,6,",0
1392,1992-07-12T00:00:00,PRCP,GHCND:USC00333292,",,6,",15
1393,1992-07-13T00:00:00,PRCP,GHCND:USC00333292,",,6,",320
1394,1992-07-13T00:00:00,WT03,GHCND:USC00333292,",,6,",1
1395,1992-07-14T00:00:00,PRCP,GHCND:USC00333292,",,6,",102
1396,1992-07-14T00:00:00,WT03,GHCND:USC00333292,",,6,",1
1397,1992-07-15T00:00:00,PRCP,GHCND:USC00333292,",,6,",191
1398,1992-07-15T00:00:00,WT03,GHCND:USC00333292,",,6,",1
1399,1992-07-16T00:00:00,PRCP,GHCND:USC00333292,",,6,",5
1400,1992-07-17T00:00:00,PRCP,GHCND:USC00333292,",,6,",23
1401,1992-07-18T00:00:00,PRCP,GHCND:USC00333292,",,6,",20
1402,1992-07-19T00:00:00,PRCP,GHCND:USC00333292,"P,,6,",0
1403,1992-07-20T00:00:00,PRCP,GHCND:USC00333292,",,6,",56
1404,1992-07-21T00:00:00,PRCP,GHCND:USC00333292,",,6,",356
1405,1992-07-22T00:00:00,PRCP,GHCND:USC00333292,"P,,6,",0
1406,1992-07-23T00:00:00,PRCP,GHCND:USC00333292,",,6,",150
1407,1992-07-23T00:00:00,WT03,GHCND:USC00333292,",,6,",1
1408,1992-07-24T00:00:00,PRCP,GHCND:USC00333292,",,6,",28
1409,1992-07-25T00:00:00,PRCP,GHCND:USC00333292,"P,,6,",0
1410,1992-07-25T00:00:00,WT01,GHCND:USC00333292,",,6,",1
1411,1992-07-26T00:00:00,PRCP,GHCND:USC00333292,",,6,",15
1412,1992-07-27T00:00:00,PRCP,GHCND:USC00333292,",,6,",51
1413,1992-07-28T00:00:00,PRCP,GHCND:USC00333292,"P,,6,",0
1414,1992-07-29T00:00:00,PRCP,GHCND:USC00333292,",,6,",13
1415,1992-07-29T00:00:00,WT03,GHCND:USC00333292,",,6,",1
1416,1992-07-30T00:00:00,PRCP,GHCND:USC00333292,"P,,6,",0
1417,1992-07-31T00:00:00,PRCP,GHCND:USC00333292,",,6,",140
1418,1992-08-01T00:00:00,PRCP,GHCND:USC00333292,"P,,6,",0
1419,1992-08-02T00:00:00,PRCP,GHCND:USC00333292,"P,,6,",0
1420,1992-08-03T00:00:00,PRCP,GHCND:USC00333292,"T,,6,",0
1421,1992-08-04T00:00:00,PRCP,GHCND:USC00333292,",,6,",64
1422,1992-08-04T00:00:00,WT03,GHCND:USC00333292,",,6,",1
1423,1992-08-05T00:00:00,PRCP,GHCND:USC00333292,"P,,6,",0
1424,1992-08-06T00:00:00,PRCP,GHCND:USC00333292,"P,,6,",0
1425,1992-08-07T00:00:00,PRCP,GHCND:USC00333292,"P,,6,",0
1426,1992-08-08T00:00:00,PRCP,GHCND:USC00333292,",,6,",46
1427,1992-08-09T00:00:00,PRCP,GHCND:USC00333292,"P,,6,",0
1428,1992-08-10T00:00:00,PRCP,GHCND:USC00333292,",,6,",152
1429,1992-08-11T00:00:00,PRCP,GHCND:USC00333292,",,6,",140
1430,1992-08-11T00:00:00,WT03,GHCND:USC00333292,",,6,",1
1431,1992-08-12T00:00:00,PRCP,GHCND:USC00333292,"P,,6,",0
1432,1992-08-13T00:00:00,PRCP,GHCND:USC00333292,",,6,",124
1433,1992-08-14T00:00:00,PRCP,GHCND:USC00333292,"P,,6,",0
1434,1992-08-15T00:00:00,PRCP,GHCND:USC00333292,"P,,6,",0
1435,1992-08-16T00:00:00,PRCP,GHCND:USC00333292,"P,,6,",0
1436,1992-08-17T00:00:00,PRCP,GHCND:USC00333292,"P,,6,",0
1437,1992-08-18T00:00:00,PRCP,GHCND:USC00333292,"P,,6,",0
1438,1992-08-19T00:00:00,PRCP,GHCND:USC00333292,"P,,6,",0
1439,1992-08-20T00:00:00,PRCP,GHCND:USC00333292,",,6,",117
1440,1992-08-21T00:00:00,PRCP,GHCND:USC00333292,"P,,6,",0
1441,1992-08-22T00:00:00,PRCP,GHCND:USC00333292,"P,,6,",0
1442,1992-08-23T00:00:00,PRCP,GHCND:USC00333292,"P,,6,",0
1443,1992-08-24T00:00:00,PRCP,GHCND:USC00333292,",,6,",20
1444,1992-08-25T00:00:00,PRCP,GHCND:USC00333292,",,6,",64
1445,1992-08-26T00:00:00,PRCP,GHCND:USC00333292,",,6,",0
1446,1992-08-27T00:00:00,PRCP,GHCND:USC00333292,",,6,",107
1447,1992-08-28T00:00:00,PRCP,GHCND:USC00333292,",,6,",150
1448,1992-08-29T00:00:00,PRCP,GHCND:USC00333292,",,6,",0
1449,1992-08-30T00:00:00,PRCP,GHCND:USC00333292,",,6,",0
1450,1992-08-31T00:00:00,PRCP,GHCND:USC00333292,",,6,",0
1451,1992-09-01T00:00:00,PRCP,GHCND:USC00333292,"P,,6,",0
1452,1992-09-02T00:00:00,PRCP,GHCND:USC00333292,"P,,6,",0
1453,1992-09-03T00:00:00,PRCP,GHCND:USC00333292,",,6,",74
1454,1992-09-04T00:00:00,PRCP,GHCND:USC00333292,"P,,6,",0
1455,1992-09-05T00:00:00,PRCP,GHCND:USC00333292,"P,,6,",0
1456,1992-09-06T00:00:00,PRCP,GHCND:USC00333292,",,6,",38
1457,1992-09-07T00:00:00,PRCP,GHCND:USC00333292,",,6,",23
1458,1992-09-08T00:00:00,PRCP,GHCND:USC00333292,",,6,",18
1459,1992-09-09T00:00:00,PRCP,GHCND:USC00333292,"P,,6,",0
1460,1992-09-10T00:00:00,PRCP,GHCND:USC00333292,",,6,",414
1461,1992-09-10T00:00:00,WT03,GHCND:USC00333292,",,6,",1
1462,1992-09-11T00:00:00,PRCP,GHCND:USC00333292,"P,,6,",0
1463,1992-09-12T00:00:00,PRCP,GHCND:USC00333292,"P,,6,",0
1464,1992-09-12T00:00:00,WT01,GHCND:USC00333292,",,6,",1
1465,1992-09-13T00:00:00,PRCP,GHCND:USC00333292,"P,,6,",0
1466,1992-09-14T00:00:00,PRCP,GHCND:USC00333292,"P,,6,",0
1467,1992-09-15T00:00:00,PRCP,GHCND:USC00333292,"P,,6,",0
1468,1992-09-16T00:00:00,PRCP,GHCND:USC00333292,"P,,6,",0
1469,1992-09-17T00:00:00,PRCP,GHCND:USC00333292,"P,,6,",0
1470,1992-09-18T00:00:00,PRCP,GHCND:USC00333292,"P,,6,",0
1471,1992-09-19T00:00:00,PRCP,GHCND:USC00333292,",,6,",122
1472,1992-09-20T00:00:00,PRCP,GHCND:USC00333292,"P,,6,",0
1473,1992-09-21T00:00:00,PRCP,GHCND:USC00333292,",,6,",86
1474,1992-09-22T00:00:00,PRCP,GHCND:USC00333292,",,6,",566
1475,1992-09-22T00:00:00,WT03,GHCND:USC00333292,",,6,",1
1476,1992-09-23T00:00:00,PRCP,GHCND:USC00333292,"P,,6,",0
1477,1992-09-24T00:00:00,PRCP,GHCND:USC00333292,"P,,6,",0
1478,1992-09-25T00:00:00,PRCP,GHCND:USC00333292,"P,,6,",0
1479,1992-09-26T00:00:00,PRCP,GHCND:USC00333292,"P,,6,",0
1480,1992-09-27T00:00:00,PRCP,GHCND:USC00333292,",,6,",33
1481,1992-09-28T00:00:00,PRCP,GHCND:USC00333292,"P,,6,",0
1482,1992-09-29T00:00:00,PRCP,GHCND:USC00333292,"P,,6,",0
1483,1992-09-30T00:00:00,PRCP,GHCND:USC00333292,"P,,6,",0
1484,1992-10-01T00:00:00,PRCP,GHCND:USC00333292,"P,,6,",0
1485,1992-10-02T00:00:00,PRCP,GHCND:USC00333292,"P,,6,",0
1486,1992-10-03T00:00:00,PRCP,GHCND:USC00333292,"P,,6,",0
1487,1992-10-04T00:00:00,PRCP,GHCND:USC00333292,"P,,6,",0
1488,1992-10-05T00:00:00,PRCP,GHCND:USC00333292,"P,,6,",0
1489,1992-10-06T00:00:00,PRCP,GHCND:USC00333292,"P,,6,",0
1490,1992-10-07T00:00:00,PRCP,GHCND:USC00333292,"P,,6,",0
1491,1992-10-08T00:00:00,PRCP,GHCND:USC00333292,"P,,6,",0
1492,1992-10-09T00:00:00,PRCP,GHCND:USC00333292,",,6,",99
1493,1992-10-09T00:00:00,WT03,GHCND:USC00333292,",,6,",1
1494,1992-10-10T00:00:00,PRCP,GHCND:USC00333292,"P,,6,",0
1495,1992-10-11T00:00:00,PRCP,GHCND:USC00333292,",,6,",28
1496,1992-10-12T00:00:00,PRCP,GHCND:USC00333292,",,6,",18
1497,1992-10-13T00:00:00,PRCP,GHCND:USC00333292,"P,,6,",0
1498,1992-10-14T00:00:00,PRCP,GHCND:USC00333292,",,6,",86
1499,1992-10-15T00:00:00,PRCP,GHCND:USC00333292,",,6,",3
1500,1992-10-16T00:00:00,PRCP,GHCND:USC00333292,",,6,",107
1501,1992-10-17T00:00:00,PRCP,GHCND:USC00333292,"P,,6,",0
1502,1992-10-18T00:00:00,PRCP,GHCND:USC00333292,"P,,6,",0
1503,1992-10-19T00:00:00,PRCP,GHCND:USC00333292,",,6,",43
1504,1992-10-20T00:00:00,PRCP,GHCND:USC00333292,",,6,",3
1505,1992-10-20T00:00:00,SNOW,GHCND:USC00333292,"T,,6,",0
1506,1992-10-20T00:00:00,SNWD,GHCND:USC00333292,"T,,6,",0
1507,1992-10-21T00:00:00,PRCP,GHCND:USC00333292,",,6,",10
1508,1992-10-21T00:00:00,SNWD,GHCND:USC00333292,",,6,",0
1509,1992-10-22T00:00:00,PRCP,GHCND:USC00333292,"P,,6,",0
1510,1992-10-23T00:00:00,PRCP,GHCND:USC00333292,"P,,6,",0
1511,1992-10-24T00:00:00,PRCP,GHCND:USC00333292,"P,,6,",0
1512,1992-10-25T00:00:00,PRCP,GHCND:USC00333292,"P,,6,",0
1513,1992-10-26T00:00:00,PRCP,GHCND:USC00333292,"P,,6,",0
1514,1992-10-27T00:00:00,PRCP,GHCND:USC00333292,"P,,6,",0
1515,1992-10-28T00:00:00,PRCP,GHCND:USC00333292,"P,,6,",0
1516,1992-10-29T00:00:00,PRCP,GHCND:USC00333292,",,6,",3
1517,1992-10-30T00:00:00,PRCP,GHCND:USC00333292,"P,,6,",0
1518,1992-10-31T00:00:00,PRCP,GHCND:USC00333292,"P,,6,",0
1519,1992-11-01T00:00:00,PRCP,GHCND:USC00333292,",,6,",13
1520,1992-11-02T00:00:00,PRCP,GHCND:USC00333292,",,6,",320
1521,1992-11-03T00:00:00,PRCP,GHCND:USC00333292,",,6,",33
1522,1992-11-04T00:00:00,PRCP,GHCND:USC00333292,",,6,",38
1523,1992-11-05T00:00:00,PRCP,GHCND:USC00333292,"P,,6,",0
1524,1992-11-06T00:00:00,PRCP,GHCND:USC00333292,",,6,",3
1525,1992-11-07T00:00:00,PRCP,GHCND:USC00333292,"P,,6,",0
1526,1992-11-08T00:00:00,PRCP,GHCND:USC00333292,"P,,6,",0
1527,1992-11-09T00:00:00,PRCP,GHCND:USC00333292,"P,,6,",0
1528,1992-11-10T00:00:00,PRCP,GHCND:USC00333292,",,6,",5
1529,1992-11-11T00:00:00,PRCP,GHCND:USC00333292,",,6,",86
1530,1992-11-12T00:00:00,PRCP,GHCND:USC00333292,",,6,",147
1531,1992-11-13T00:00:00,PRCP,GHCND:USC00333292,",,6,",203
1532,1992-11-14T00:00:00,PRCP,GHCND:USC00333292,"P,,6,",0
1533,1992-11-15T00:00:00,PRCP,GHCND:USC00333292,"T,,6,",0
1534,1992-11-15T00:00:00,SNOW,GHCND:USC00333292,"T,,6,",0
1535,1992-11-15T00:00:00,SNWD,GHCND:USC00333292,"T,,6,",0
1536,1992-11-16T00:00:00,PRCP,GHCND:USC00333292,"P,,6,",0
1537,1992-11-16T00:00:00,SNWD,GHCND:USC00333292,",,6,",0
1538,1992-11-17T00:00:00,PRCP,GHCND:USC00333292,"P,,6,",0
1539,1992-11-18T00:00:00,PRCP,GHCND:USC00333292,"P,,6,",0
1540,1992-11-19T00:00:00,PRCP,GHCND:USC00333292,"T,,6,",0
1541,1992-11-20T00:00:00,PRCP,GHCND:USC00333292,"P,,6,",0
1542,1992-11-21T00:00:00,PRCP,GHCND:USC00333292,",,6,",20
1543,1992-11-22T00:00:00,PRCP,GHCND:USC00333292,"T,,6,",0
1544,1992-11-23T00:00:00,PRCP,GHCND:USC00333292,",,6,",279
1545,1992-11-24T00:00:00,PRCP,GHCND:USC00333292,",,6,",3
1546,1992-11-25T00:00:00,PRCP,GHCND:USC00333292,",,6,",18
1547,1992-11-26T00:00:00,PRCP,GHCND:USC00333292,",,6,",23
1548,1992-11-27T00:00:00,PRCP,GHCND:USC00333292,",,6,",3
1549,1992-11-28T00:00:00,PRCP,GHCND:USC00333292,"P,,6,",0
1550,1992-11-29T00:00:00,PRCP,GHCND:USC00333292,"P,,6,",0
1551,1992-11-30T00:00:00,PRCP,GHCND:USC00333292,"P,,6,",0
1552,1992-12-01T00:00:00,PRCP,GHCND:USC00333292,"P,,6,",0
1553,1992-12-01T00:00:00,SNOW,GHCND:USC00333292,",,6,",0
1554,1992-12-02T00:00:00,PRCP,GHCND:USC00333292,"T,,6,",0
1555,1992-12-02T00:00:00,SNOW,GHCND:USC00333292,",,6,",0
1556,1992-12-03T00:00:00,PRCP,GHCND:USC00333292,"T,,6,",0
1557,1992-12-03T00:00:00,SNOW,GHCND:USC00333292,",,6,",0
1558,1992-12-04T00:00:00,PRCP,GHCND:USC00333292,"P,,6,",0
1559,1992-12-04T00:00:00,SNOW,GHCND:USC00333292,",,6,",0
1560,1992-12-05T00:00:00,PRCP,GHCND:USC00333292,"T,,6,",0
1561,1992-12-05T00:00:00,SNOW,GHCND:USC00333292,",,6,",0
1562,1992-12-05T00:00:00,SNWD,GHCND:USC00333292,"T,,6,",0
1563,1992-12-06T00:00:00,PRCP,GHCND:USC00333292,"P,,6,",0
1564,1992-12-06T00:00:00,SNOW,GHCND:USC00333292,",,6,",0
1565,1992-12-07T00:00:00,PRCP,GHCND:USC00333292,"T,,6,",0
1566,1992-12-07T00:00:00,SNOW,GHCND:USC00333292,",,6,",0
1567,1992-12-07T00:00:00,SNWD,GHCND:USC00333292,"T,,6,",0
1568,1992-12-08T00:00:00,PRCP,GHCND:USC00333292,"P,,6,",0
1569,1992-12-08T00:00:00,SNOW,GHCND:USC00333292,",,6,",0
1570,1992-12-09T00:00:00,PRCP,GHCND:USC00333292,"P,,6,",0
1571,1992-12-09T00:00:00,SNOW,GHCND:USC00333292,",,6,",0
1572,1992-12-10T00:00:00,PRCP,GHCND:USC00333292,",,6,",117
1573,1992-12-10T00:00:00,SNOW,GHCND:USC00333292,",,6,",81
1574,1992-12-10T00:00:00,SNWD,GHCND:USC00333292,",,6,",76
1575,1992-12-11T00:00:00,PRCP,GHCND:USC00333292,"T,,6,",0
1576,1992-12-11T00:00:00,SNOW,GHCND:USC00333292,",,6,",0
1577,1992-12-11T00:00:00,SNWD,GHCND:USC00333292,",,6,",51
1578,1992-12-12T00:00:00,PRCP,GHCND:USC00333292,"T,,6,",0
1579,1992-12-12T00:00:00,SNOW,GHCND:USC00333292,",,6,",0
1580,1992-12-12T00:00:00,SNWD,GHCND:USC00333292,",,6,",25
1581,1992-12-13T00:00:00,PRCP,GHCND:USC00333292,"P,,6,",0
1582,1992-12-13T00:00:00,SNOW,GHCND:USC00333292,",,6,",0
1583,1992-12-13T00:00:00,SNWD,GHCND:USC00333292,",,6,",0
1584,1992-12-14T00:00:00,PRCP,GHCND:USC00333292,"P,,6,",0
1585,1992-12-14T00:00:00,SNOW,GHCND:USC00333292,",,6,",0
1586,1992-12-15T00:00:00,PRCP,GHCND:USC00333292,"P,,6,",0
1587,1992-12-15T00:00:00,SNOW,GHCND:USC00333292,",,6,",0
1588,1992-12-15T00:00:00,WT01,GHCND:USC00333292,",,6,",1
1589,1992-12-16T00:00:00,PRCP,GHCND:USC00333292,",,6,",3
1590,1992-12-16T00:00:00,SNOW,GHCND:USC00333292,",,6,",0
1591,1992-12-17T00:00:00,PRCP,GHCND:USC00333292,"T,,6,",0
1592,1992-12-17T00:00:00,SNOW,GHCND:USC00333292,",,6,",0
1593,1992-12-18T00:00:00,PRCP,GHCND:USC00333292,",,6,",3
1594,1992-12-18T00:00:00,SNOW,GHCND:USC00333292,",,6,",0
1595,1992-12-19T00:00:00,PRCP,GHCND:USC00333292,"P,,6,",0
1596,1992-12-19T00:00:00,SNOW,GHCND:USC00333292,",,6,",0
1597,1992-12-20T00:00:00,PRCP,GHCND:USC00333292,",,6,",66
1598,1992-12-20T00:00:00,SNOW,GHCND:USC00333292,",,6,",0
1599,1992-12-21T00:00:00,PRCP,GHCND:USC00333292,"P,,6,",0
1600,1992-12-21T00:00:00,SNOW,GHCND:USC00333292,",,6,",0
1601,1992-12-22T00:00:00,PRCP,GHCND:USC00333292,"P,,6,",0
1602,1992-12-22T00:00:00,SNOW,GHCND:USC00333292,",,6,",0
1603,1992-12-23T00:00:00,PRCP,GHCND:USC00333292,"P,,6,",0
1604,1992-12-23T00:00:00,SNOW,GHCND:USC00333292,",,6,",0
1605,1992-12-24T00:00:00,PRCP,GHCND:USC00333292,"T,,6,",0
1606,1992-12-24T00:00:00,SNOW,GHCND:USC00333292,"T,,6,",0
1607,1992-12-24T00:00:00,SNWD,GHCND:USC00333292,"T,,6,",0
1608,1992-12-25T00:00:00,PRCP,GHCND:USC00333292,"P,,6,",0
1609,1992-12-25T00:00:00,SNOW,GHCND:USC00333292,",,6,",0
1610,1992-12-26T00:00:00,PRCP,GHCND:USC00333292,"P,,6,",0
1611,1992-12-26T00:00:00,SNOW,GHCND:USC00333292,",,6,",0
1612,1992-12-27T00:00:00,PRCP,GHCND:USC00333292,"P,,6,",0
1613,1992-12-27T00:00:00,SNOW,GHCND:USC00333292,",,6,",0
1614,1992-12-28T00:00:00,PRCP,GHCND:USC00333292,"P,,6,",0
1615,1992-12-28T00:00:00,SNOW,GHCND:USC00333292,",,6,",0
1616,1992-12-29T00:00:00,PRCP,GHCND:USC00333292,"T,,6,",0
1617,1992-12-29T00:00:00,SNOW,GHCND:USC00333292,",,6,",0
1618,1992-12-30T00:00:00,PRCP,GHCND:USC00333292,",,6,",104
1619,1992-12-30T00:00:00,SNOW,GHCND:USC00333292,",,6,",0
1620,1992-12-30T00:00:00,WT01,GHCND:USC00333292,",,6,",1
1621,1992-12-31T00:00:00,PRCP,GHCND:USC00333292,",,6,",574
1622,1992-12-31T00:00:00,SNOW,GHCND:USC00333292,",,6,",0
1623,1993-01-01T00:00:00,PRCP,GHCND:USC00333292,"T,,6,",0
1624,1993-01-02T00:00:00,PRCP,GHCND:USC00333292,"P,,6,",0
1625,1993-01-03T00:00:00,PRCP,GHCND:USC00333292,",,6,",28
1626,1993-01-04T00:00:00,PRCP,GHCND:USC00333292,",,6,",152
1627,1993-01-05T00:00:00,PRCP,GHCND:USC00333292,",,6,",198
1628,1993-01-06T00:00:00,PRCP,GHCND:USC00333292,"P,,6,",0
1629,1993-01-07T00:00:00,PRCP,GHCND:USC00333292,"P,,6,",0
1630,1993-01-08T00:00:00,PRCP,GHCND:USC00333292,",,6,",3
1631,1993-01-08T00:00:00,SNWD,GHCND:USC00333292,"T,,6,",0
1632,1993-01-09T00:00:00,PRCP,GHCND:USC00333292,"P,,6,",0
1633,1993-01-10T00:00:00,PRCP,GHCND:USC00333292,",,6,",119
1634,1993-01-10T00:00:00,SNOW,GHCND:USC00333292,",,6,",135
1635,1993-01-10T00:00:00,SNWD,GHCND:USC00333292,",,6,",127
1636,1993-01-11T00:00:00,PRCP,GHCND:USC00333292,",,6,",43
1637,1993-01-11T00:00:00,SNOW,GHCND:USC00333292,",,6,",51
1638,1993-01-11T00:00:00,SNWD,GHCND:USC00333292,",,6,",178
1639,1993-01-11T00:00:00,WT01,GHCND:USC00333292,",,6,",1
1640,1993-01-12T00:00:00,PRCP,GHCND:USC00333292,",,6,",145
1641,1993-01-12T00:00:00,SNWD,GHCND:USC00333292,",,6,",127
1642,1993-01-13T00:00:00,PRCP,GHCND:USC00333292,"P,,6,",0
1643,1993-01-14T00:00:00,PRCP,GHCND:USC00333292,",,6,",10
1644,1993-01-14T00:00:00,SNOW,GHCND:USC00333292,"T,,6,",0
1645,1993-01-14T00:00:00,SNWD,GHCND:USC00333292,",,6,",102
1646,1993-01-14T00:00:00,WT06,GHCND:USC00333292,",,6,",1
1647,1993-01-15T00:00:00,PRCP,GHCND:USC00333292,"T,,6,",0
1648,1993-01-15T00:00:00,SNOW,GHCND:USC00333292,"T,,6,",0
1649,1993-01-15T00:00:00,SNWD,GHCND:USC00333292,",,6,",102
1650,1993-01-16T00:00:00,PRCP,GHCND:USC00333292,"P,,6,",0
1651,1993-01-17T00:00:00,PRCP,GHCND:USC00333292,",,6,",0
1652,1993-01-17T00:00:00,SNOW,GHCND:USC00333292,",,6,",0
1653,1993-01-17T00:00:00,SNWD,GHCND:USC00333292,",,6,",102
1654,1993-01-18T00:00:00,PRCP,GHCND:USC00333292,"T,,6,",0
1655,1993-01-18T00:00:00,SNOW,GHCND:USC00333292,"T,,6,",0
1656,1993-01-19T00:00:00,PRCP,GHCND:USC00333292,",,6,",0
1657,1993-01-19T00:00:00,SNOW,GHCND:USC00333292,",,6,",0
1658,1993-01-20T00:00:00,PRCP,GHCND:USC00333292,",,6,",0
1659,1993-01-20T00:00:00,SNOW,GHCND:USC00333292,",,6,",0
1660,1993-01-20T00:00:00,SNWD,GHCND:USC00333292,",,6,",102
1661,1993-01-21T00:00:00,PRCP,GHCND:USC00333292,",,6,",84
1662,1993-01-22T00:00:00,PRCP,GHCND:USC00333292,",,6,",127
1663,1993-01-22T00:00:00,SNWD,GHCND:USC00333292,",,6,",0
1664,1993-01-23T00:00:00,PRCP,GHCND:USC00333292,",,6,",5
1665,1993-01-24T00:00:00,PRCP,GHCND:USC00333292,",,6,",38
1666,1993-01-24T00:00:00,SNWD,GHCND:USC00333292,"T,,6,",0
1667,1993-01-25T00:00:00,PRCP,GHCND:USC00333292,",,6,",10
1668,1993-01-25T00:00:00,SNWD,GHCND:USC00333292,"T,,6,",0
1669,1993-01-26T00:00:00,PRCP,GHCND:USC00333292,",,6,",0
1670,1993-01-26T00:00:00,SNOW,GHCND:USC00333292,",,6,",0
1671,1993-01-26T00:00:00,SNWD,GHCND:USC00333292,",,6,",0
1672,1993-01-27T00:00:00,PRCP,GHCND:USC00333292,",,6,",0
1673,1993-01-27T00:00:00,SNOW,GHCND:USC00333292,",,6,",0
1674,1993-01-27T00:00:00,SNWD,GHCND:USC00333292,",,6,",0
1675,1993-01-28T00:00:00,PRCP,GHCND:USC00333292,",,6,",10
1676,1993-01-28T00:00:00,SNOW,GHCND:USC00333292,",,6,",33
1677,1993-01-28T00:00:00,SNWD,GHCND:USC00333292,",,6,",25
1678,1993-01-29T00:00:00,PRCP,GHCND:USC00333292,",,6,",0
1679,1993-01-29T00:00:00,SNOW,GHCND:USC00333292,",,6,",0
1680,1993-01-29T00:00:00,SNWD,GHCND:USC00333292,",,6,",0
1681,1993-01-30T00:00:00,PRCP,GHCND:USC00333292,"P,,6,",0
1682,1993-01-31T00:00:00,PRCP,GHCND:USC00333292,"P,,6,",0
1683,1993-02-01T00:00:00,PRCP,GHCND:USC00333292,",,6,",0
1684,1993-02-01T00:00:00,SNOW,GHCND:USC00333292,",,6,",0
1685,1993-02-02T00:00:00,PRCP,GHCND:USC00333292,",,6,",0
1686,1993-02-02T00:00:00,SNOW,GHCND:USC00333292,",,6,",0
1687,1993-02-03T00:00:00,PRCP,GHCND:USC00333292,",,6,",0
1688,1993-02-03T00:00:00,SNOW,GHCND:USC00333292,",,6,",0
1689,1993-02-04T00:00:00,PRCP,GHCND:USC00333292,"P,,6,",0
1690,1993-02-04T00:00:00,SNOW,GHCND:USC00333292,",,6,",0
1691,1993-02-05T00:00:00,PRCP,GHCND:USC00333292,",,6,",0
1692,1993-02-05T00:00:00,SNOW,GHCND:USC00333292,",,6,",0
1693,1993-02-06T00:00:00,PRCP,GHCND:USC00333292,"T,,6,",0
1694,1993-02-06T00:00:00,SNOW,GHCND:USC00333292,"T,,6,",0
1695,1993-02-06T00:00:00,SNWD,GHCND:USC00333292,"T,,6,",0
1696,1993-02-07T00:00:00,PRCP,GHCND:USC00333292,"P,,6,",0
1697,1993-02-07T00:00:00,SNOW,GHCND:USC00333292,",,6,",0
1698,1993-02-08T00:00:00,PRCP,GHCND:USC00333292,"P,,6,",0
1699,1993-02-08T00:00:00,SNOW,GHCND:USC00333292,",,6,",0
1700,1993-02-09T00:00:00,PRCP,GHCND:USC00333292,"P,,6,",0
1701,1993-02-09T00:00:00,SNOW,GHCND:USC00333292,",,6,",0
1702,1993-02-10T00:00:00,PRCP,GHCND:USC00333292,"T,,6,",0
1703,1993-02-10T00:00:00,SNOW,GHCND:USC00333292,",,6,",0
1704,1993-02-11T00:00:00,PRCP,GHCND:USC00333292,"P,,6,",0
1705,1993-02-11T00:00:00,SNOW,GHCND:USC00333292,",,6,",0
1706,1993-02-12T00:00:00,PRCP,GHCND:USC00333292,",,6,",127
1707,1993-02-12T00:00:00,SNOW,GHCND:USC00333292,",,6,",0
1708,1993-02-12T00:00:00,WT06,GHCND:USC00333292,",,6,",1
1709,1993-02-13T00:00:00,PRCP,GHCND:USC00333292,",,6,",58
1710,1993-02-13T00:00:00,SNOW,GHCND:USC00333292,",,6,",25
1711,1993-02-13T00:00:00,SNWD,GHCND:USC00333292,",,6,",25
1712,1993-02-14T00:00:00,PRCP,GHCND:USC00333292,",,6,",5
1713,1993-02-14T00:00:00,SNOW,GHCND:USC00333292,",,6,",76
1714,1993-02-14T00:00:00,SNWD,GHCND:USC00333292,",,6,",25
1715,1993-02-15T00:00:00,PRCP,GHCND:USC00333292,"T,,6,",0
1716,1993-02-15T00:00:00,SNOW,GHCND:USC00333292,"T,,6,",0
1717,1993-02-15T00:00:00,SNWD,GHCND:USC00333292,",,6,",25
1718,1993-02-16T00:00:00,PRCP,GHCND:USC00333292,",,6,",86
1719,1993-02-16T00:00:00,SNOW,GHCND:USC00333292,",,6,",114
1720,1993-02-16T00:00:00,SNWD,GHCND:USC00333292,",,6,",127
1721,1993-02-17T00:00:00,PRCP,GHCND:USC00333292,",,6,",3
1722,1993-02-17T00:00:00,SNOW,GHCND:USC00333292,",,6,",13
1723,1993-02-17T00:00:00,SNWD,GHCND:USC00333292,",,6,",102
1724,1993-02-18T00:00:00,PRCP,GHCND:USC00333292,"P,,6,",0
1725,1993-02-18T00:00:00,SNOW,GHCND:USC00333292,",,6,",0
1726,1993-02-19T00:00:00,PRCP,GHCND:USC00333292,"P,,6,",0
1727,1993-02-19T00:00:00,SNOW,GHCND:USC00333292,",,6,",0
1728,1993-02-19T00:00:00,SNWD,GHCND:USC00333292,",,6,",102
1729,1993-02-20T00:00:00,PRCP,GHCND:USC00333292,"P,,6,",0
1730,1993-02-20T00:00:00,SNOW,GHCND:USC00333292,",,6,",0
1731,1993-02-21T00:00:00,PRCP,GHCND:USC00333292,",,6,",43
1732,1993-02-21T00:00:00,SNOW,GHCND:USC00333292,",,6,",25
1733,1993-02-21T00:00:00,SNWD,GHCND:USC00333292,",,6,",102
1734,1993-02-22T00:00:00,PRCP,GHCND:USC00333292,",,6,",91
1735,1993-02-22T00:00:00,SNOW,GHCND:USC00333292,",,6,",25
1736,1993-02-22T00:00:00,SNWD,GHCND:USC00333292,",,6,",127
1737,1993-02-23T00:00:00,PRCP,GHCND:USC00333292,",,6,",58
1738,1993-02-23T00:00:00,SNOW,GHCND:USC00333292,",,6,",64
1739,1993-02-23T00:00:00,SNWD,GHCND:USC00333292,",,6,",152
1740,1993-02-24T00:00:00,PRCP,GHCND:USC00333292,",,6,",23
1741,1993-02-24T00:00:00,SNOW,GHCND:USC00333292,",,6,",25
1742,1993-02-24T00:00:00,SNWD,GHCND:USC00333292,",,6,",152
1743,1993-02-25T00:00:00,PRCP,GHCND:USC00333292,",,6,",30
1744,1993-02-25T00:00:00,SNOW,GHCND:USC00333292,",,6,",38
1745,1993-02-25T00:00:00,SNWD,GHCND:USC00333292,",,6,",152
1746,1993-02-26T00:00:00,PRCP,GHCND:USC00333292,"P,,6,",0
1747,1993-02-26T00:00:00,SNOW,GHCND:USC00333292,",,6,",0
1748,1993-02-27T00:00:00,PRCP,GHCND:USC00333292,"P,,6,",0
1749,1993-02-27T00:00:00,SNOW,GHCND:USC00333292,",,6,",0
1750,1993-02-28T00:00:00,PRCP,GHCND:USC00333292,"P,,6,",0
1751,1993-02-28T00:00:00,SNOW,GHCND:USC00333292,",,6,",0
1752,1993-02-28T00:00:00,SNWD,GHCND:USC00333292,",,6,",152
1753,1993-03-01T00:00:00,PRCP,GHCND:USC00333292,"P,,6,",0
1754,1993-03-01T00:00:00,SNWD,GHCND:USC00333292,",,6,",152
1755,1993-03-02T00:00:00,PRCP,GHCND:USC00333292,"P,,6,",0
1756,1993-03-02T00:00:00,SNWD,GHCND:USC00333292,",,6,",127
1757,1993-03-03T00:00:00,PRCP,GHCND:USC00333292,"P,,6,",0
1758,1993-03-04T00:00:00,PRCP,GHCND:USC00333292,",,6,",20
1759,1993-03-04T00:00:00,SNWD,GHCND:USC00333292,",,6,",51
1760,1993-03-05T00:00:00,PRCP,GHCND:USC00333292,",,6,",229
1761,1993-03-05T00:00:00,SNOW,GHCND:USC00333292,",,6,",254
1762,1993-03-05T00:00:00,SNWD,GHCND:USC00333292,",,6,",305
1763,1993-03-05T00:00:00,WT06,GHCND:USC00333292,",,6,",1
1764,1993-03-06T00:00:00,PRCP,GHCND:USC00333292,"P,,6,",0
1765,1993-03-07T00:00:00,PRCP,GHCND:USC00333292,"P,,6,",0
1766,1993-03-08T00:00:00,PRCP,GHCND:USC00333292,",,6,",18
1767,1993-03-08T00:00:00,SNWD,GHCND:USC00333292,",,6,",152
1768,1993-03-09T00:00:00,PRCP,GHCND:USC00333292,"T,,6,",0
1769,1993-03-09T00:00:00,SNOW,GHCND:USC00333292,"T,,6,",0
1770,1993-03-09T00:00:00,SNWD,GHCND:USC00333292,",,6,",127
1771,1993-03-10T00:00:00,PRCP,GHCND:USC00333292,",,6,",30
1772,1993-03-10T00:00:00,SNOW,GHCND:USC00333292,",,6,",51
1773,1993-03-10T00:00:00,SNWD,GHCND:USC00333292,",,6,",152
1774,1993-03-11T00:00:00,PRCP,GHCND:USC00333292,",,6,",53
1775,1993-03-11T00:00:00,SNOW,GHCND:USC00333292,",,6,",51
1776,1993-03-11T00:00:00,SNWD,GHCND:USC00333292,",,6,",203
1777,1993-03-12T00:00:00,PRCP,GHCND:USC00333292,",,6,",28
1778,1993-03-12T00:00:00,SNOW,GHCND:USC00333292,",,6,",38
1779,1993-03-12T00:00:00,SNWD,GHCND:USC00333292,",,6,",178
1780,1993-03-13T00:00:00,PRCP,GHCND:USC00333292,"P,,6,",0
1781,1993-03-14T00:00:00,PRCP,GHCND:USC00333292,",,6,",8
1782,1993-03-14T00:00:00,SNOW,GHCND:USC00333292,",,6,",8
1783,1993-03-14T00:00:00,SNWD,GHCND:USC00333292,",,6,",127
1784,1993-03-15T00:00:00,PRCP,GHCND:USC00333292,",,6,",5
1785,1993-03-15T00:00:00,SNOW,GHCND:USC00333292,",,6,",13
1786,1993-03-15T00:00:00,SNWD,GHCND:USC00333292,",,6,",102
1787,1993-03-16T00:00:00,PRCP,GHCND:USC00333292,",,6,",3
1788,1993-03-16T00:00:00,SNWD,GHCND:USC00333292,",,6,",102
1789,1993-03-17T00:00:00,PRCP,GHCND:USC00333292,",,6,",71
1790,1993-03-17T00:00:00,SNWD,GHCND:USC00333292,",,6,",51
1791,1993-03-18T00:00:00,PRCP,GHCND:USC00333292,"T,,6,",0
1792,1993-03-18T00:00:00,SNWD,GHCND:USC00333292,",,6,",25
1793,1993-03-19T00:00:00,PRCP,GHCND:USC00333292,"P,,6,",0
1794,1993-03-20T00:00:00,PRCP,GHCND:USC00333292,",,6,",71
1795,1993-03-20T00:00:00,SNWD,GHCND:USC00333292,",,6,",25
1796,1993-03-21T00:00:00,PRCP,GHCND:USC00333292,",,6,",8
1797,1993-03-21T00:00:00,SNWD,GHCND:USC00333292,",,6,",25
1798,1993-03-22T00:00:00,PRCP,GHCND:USC00333292,"P,,6,",0
1799,1993-03-22T00:00:00,SNWD,GHCND:USC00333292,",,6,",25
1800,1993-03-23T00:00:00,PRCP,GHCND:USC00333292,",,6,",165
1801,1993-03-24T00:00:00,PRCP,GHCND:USC00333292,",,6,",66
1802,1993-03-25T00:00:00,PRCP,GHCND:USC00333292,",,6,",20
1803,1993-03-26T00:00:00,PRCP,GHCND:USC00333292,"T,,6,",0
1804,1993-03-27T00:00:00,PRCP,GHCND:USC00333292,"P,,6,",0
1805,1993-03-28T00:00:00,PRCP,GHCND:USC00333292,"P,,6,",0
1806,1993-03-29T00:00:00,PRCP,GHCND:USC00333292,",,6,",3
1807,1993-03-30T00:00:00,PRCP,GHCND:USC00333292,"P,,6,",0
1808,1993-03-31T00:00:00,PRCP,GHCND:USC00333292,"P,,6,",0
1809,1993-04-01T00:00:00,PRCP,GHCND:USC00333292,",,6,",163
1810,1993-04-02T00:00:00,PRCP,GHCND:USC00333292,",,6,",10
1811,1993-04-03T00:00:00,PRCP,GHCND:USC00333292,",,6,",3
1812,1993-04-09T00:00:00,PRCP,GHCND:USC00333292,",,6,",23
1813,1993-04-10T00:00:00,PRCP,GHCND:USC00333292,",,6,",142
1814,1993-04-12T00:00:00,PRCP,GHCND:USC00333292,",,6,",23
1815,1993-04-15T00:00:00,PRCP,GHCND:USC00333292,"T,,6,",0
1816,1993-04-16T00:00:00,PRCP,GHCND:USC00333292,",,6,",188
1817,1993-04-18T00:00:00,PRCP,GHCND:USC00333292,",,6,",13
1818,1993-04-20T00:00:00,PRCP,GHCND:USC00333292,",,6,",84
1819,1993-04-21T00:00:00,PRCP,GHCND:USC00333292,",,6,",56
1820,1993-04-25T00:00:00,PRCP,GHCND:USC00333292,",,6,",378
1821,1993-04-26T00:00:00,PRCP,GHCND:USC00333292,",,6,",13
1822,1993-04-30T00:00:00,SNOW,GHCND:USC00333292,",,6,",5
1823,1993-05-01T00:00:00,PRCP,GHCND:USC00333292,"P,,6,",0
1824,1993-05-02T00:00:00,PRCP,GHCND:USC00333292,"P,,6,",0
1825,1993-05-03T00:00:00,PRCP,GHCND:USC00333292,"P,,6,",0
1826,1993-05-04T00:00:00,PRCP,GHCND:USC00333292,",,6,",28
1827,1993-05-05T00:00:00,PRCP,GHCND:USC00333292,",,6,",48
1828,1993-05-06T00:00:00,PRCP,GHCND:USC00333292,"P,,6,",0
1829,1993-05-07T00:00:00,PRCP,GHCND:USC00333292,"P,,6,",0
1830,1993-05-08T00:00:00,PRCP,GHCND:USC00333292,"P,,6,",0
1831,1993-05-09T00:00:00,PRCP,GHCND:USC00333292,"P,,6,",0
1832,1993-05-10T00:00:00,PRCP,GHCND:USC00333292,"P,,6,",0
1833,1993-05-11T00:00:00,PRCP,GHCND:USC00333292,"P,,6,",0
1834,1993-05-12T00:00:00,PRCP,GHCND:USC00333292,",,6,",51
1835,1993-05-13T00:00:00,PRCP,GHCND:USC00333292,"P,,6,",0
1836,1993-05-14T00:00:00,PRCP,GHCND:USC00333292,"P,,6,",0
1837,1993-05-15T00:00:00,PRCP,GHCND:USC00333292,"P,,6,",0
1838,1993-05-16T00:00:00,PRCP,GHCND:USC00333292,"P,,6,",0
1839,1993-05-17T00:00:00,PRCP,GHCND:USC00333292,"P,,6,",0
1840,1993-05-18T00:00:00,PRCP,GHCND:USC00333292,"P,,6,",0
1841,1993-05-19T00:00:00,PRCP,GHCND:USC00333292,",,6,",33
1842,1993-05-20T00:00:00,PRCP,GHCND:USC00333292,"P,,6,",0
1843,1993-05-21T00:00:00,PRCP,GHCND:USC00333292,"P,,6,",0
1844,1993-05-22T00:00:00,PRCP,GHCND:USC00333292,"P,,6,",0
1845,1993-05-23T00:00:00,PRCP,GHCND:USC00333292,",,6,",23
1846,1993-05-24T00:00:00,PRCP,GHCND:USC00333292,",,6,",66
1847,1993-05-25T00:00:00,PRCP,GHCND:USC00333292,",,6,",127
1848,1993-05-26T00:00:00,PRCP,GHCND:USC00333292,"P,,6,",0
1849,1993-05-27T00:00:00,PRCP,GHCND:USC00333292,"P,,6,",0
1850,1993-05-28T00:00:00,PRCP,GHCND:USC00333292,"P,,6,",0
1851,1993-05-29T00:00:00,PRCP,GHCND:USC00333292,"P,,6,",0
1852,1993-05-30T00:00:00,PRCP,GHCND:USC00333292,"P,,6,",0
1853,1993-05-31T00:00:00,PRCP,GHCND:USC00333292,",,6,",201
1854,1993-06-01T00:00:00,PRCP,GHCND:USC00333292,"P,,6,",0
1855,1993-06-02T00:00:00,PRCP,GHCND:USC00333292,"P,,6,",0
1856,1993-06-03T00:00:00,PRCP,GHCND:USC00333292,"P,,6,",0
1857,1993-06-04T00:00:00,PRCP,GHCND:USC00333292,"P,,6,",0
1858,1993-06-05T00:00:00,PRCP,GHCND:USC00333292,",,6,",107
1859,1993-06-06T00:00:00,PRCP,GHCND:USC00333292,"P,,6,",0
1860,1993-06-07T00:00:00,PRCP,GHCND:USC00333292,"P,,6,",0
1861,1993-06-08T00:00:00,PRCP,GHCND:USC00333292,",,6,",239
1862,1993-06-09T00:00:00,PRCP,GHCND:USC00333292,",,6,",81
1863,1993-06-10T00:00:00,PRCP,GHCND:USC00333292,",,6,",56
1864,1993-06-11T00:00:00,PRCP,GHCND:USC00333292,"P,,6,",0
1865,1993-06-12T00:00:00,PRCP,GHCND:USC00333292,"P,,6,",0
1866,1993-06-13T00:00:00,PRCP,GHCND:USC00333292,"P,,6,",0
1867,1993-06-14T00:00:00,PRCP,GHCND:USC00333292,"P,,6,",0
1868,1993-06-15T00:00:00,PRCP,GHCND:USC00333292,",,6,",114
1869,1993-06-16T00:00:00,PRCP,GHCND:USC00333292,"P,,6,",0
1870,1993-06-17T00:00:00,PRCP,GHCND:USC00333292,"P,,6,",0
1871,1993-06-18T00:00:00,PRCP,GHCND:USC00333292,"P,,6,",0
1872,1993-06-19T00:00:00,PRCP,GHCND:USC00333292,"P,,6,",0
1873,1993-06-20T00:00:00,PRCP,GHCND:USC00333292,"P,,6,",0
1874,1993-06-21T00:00:00,PRCP,GHCND:USC00333292,",,6,",201
1875,1993-06-22T00:00:00,PRCP,GHCND:USC00333292,",,6,",5
1876,1993-06-23T00:00:00,PRCP,GHCND:USC00333292,"P,,6,",0
1877,1993-06-24T00:00:00,PRCP,GHCND:USC00333292,"P,,6,",0
1878,1993-06-25T00:00:00,PRCP,GHCND:USC00333292,"P,,6,",0
1879,1993-06-26T00:00:00,PRCP,GHCND:USC00333292,",,6,",163
1880,1993-06-27T00:00:00,PRCP,GHCND:USC00333292,"P,,6,",0
1881,1993-06-28T00:00:00,PRCP,GHCND:USC00333292,"P,,6,",0
1882,1993-06-29T00:00:00,PRCP,GHCND:USC00333292,",,6,",10
1883,1993-06-30T00:00:00,PRCP,GHCND:USC00333292,"P,,6,",0
1884,1993-07-01T00:00:00,PRCP,GHCND:USC00333292,",,6,",25
1885,1993-07-02T00:00:00,PRCP,GHCND:USC00333292,",,6,",41
1886,1993-07-03T00:00:00,PRCP,GHCND:USC00333292,",,6,",64
1887,1993-07-03T00:00:00,WT03,GHCND:USC00333292,",,6,",1
1888,1993-07-04T00:00:00,PRCP,GHCND:USC00333292,"P,,6,",0
1889,1993-07-05T00:00:00,PRCP,GHCND:USC00333292,"P,,6,",0
1890,1993-07-06T00:00:00,PRCP,GHCND:USC00333292,"P,,6,",0
1891,1993-07-07T00:00:00,PRCP,GHCND:USC00333292,"P,,6,",0
1892,1993-07-08T00:00:00,PRCP,GHCND:USC00333292,",,6,",3
1893,1993-07-09T00:00:00,PRCP,GHCND:USC00333292,"P,,6,",0
1894,1993-07-10T00:00:00,PRCP,GHCND:USC00333292,",,6,",91
1895,1993-07-11T00:00:00,PRCP,GHCND:USC00333292,"P,,6,",0
1896,1993-07-12T00:00:00,PRCP,GHCND:USC00333292,",,6,",94
1897,1993-07-13T00:00:00,PRCP,GHCND:USC00333292,"P,,6,",0
1898,1993-07-14T00:00:00,PRCP,GHCND:USC00333292,"P,,6,",0
1899,1993-07-15T00:00:00,PRCP,GHCND:USC00333292,",,6,",5
1900,1993-07-16T00:00:00,PRCP,GHCND:USC00333292,"P,,6,",0
1901,1993-07-17T00:00:00,PRCP,GHCND:USC00333292,"P,,6,",0
1902,1993-07-18T00:00:00,PRCP,GHCND:USC00333292,"P,,6,",0
1903,1993-07-19T00:00:00,PRCP,GHCND:USC00333292,",,6,",282
1904,1993-07-20T00:00:00,PRCP,GHCND:USC00333292,"P,,6,",0
1905,1993-07-21T00:00:00,PRCP,GHCND:USC00333292,"P,,6,",0
1906,1993-07-22T00:00:00,PRCP,GHCND:USC00333292,"P,,6,",0
1907,1993-07-23T00:00:00,PRCP,GHCND:USC00333292,"P,,6,",0
1908,1993-07-24T00:00:00,PRCP,GHCND:USC00333292,"P,,6,",0
1909,1993-07-25T00:00:00,PRCP,GHCND:USC00333292,",,6,",36
1910,1993-07-26T00:00:00,PRCP,GHCND:USC00333292,",,6,",102
1911,1993-07-27T00:00:00,PRCP,GHCND:USC00333292,"P,,6,",0
1912,1993-07-28T00:00:00,PRCP,GHCND:USC00333292,"P,,6,",0
1913,1993-07-29T00:00:00,PRCP,GHCND:USC00333292,",,6,",5
1914,1993-07-30T00:00:00,PRCP,GHCND:USC00333292,"P,,6,",0
1915,1993-07-31T00:00:00,PRCP,GHCND:USC00333292,"P,,6,",0
1916,1993-08-01T00:00:00,PRCP,GHCND:USC00333292,"P,,6,",0
1917,1993-08-02T00:00:00,PRCP,GHCND:USC00333292,",,6,",196
1918,1993-08-03T00:00:00,PRCP,GHCND:USC00333292,"P,,6,",0
1919,1993-08-04T00:00:00,PRCP,GHCND:USC00333292,",,6,",33
1920,1993-08-05T00:00:00,PRCP,GHCND:USC00333292,"P,,6,",0
1921,1993-08-06T00:00:00,PRCP,GHCND:USC00333292,"P,,6,",0
1922,1993-08-07T00:00:00,PRCP,GHCND:USC00333292,"P,,6,",0
1923,1993-08-08T00:00:00,PRCP,GHCND:USC00333292,"P,,6,",0
1924,1993-08-09T00:00:00,PRCP,GHCND:USC00333292,"P,,6,",0
1925,1993-08-10T00:00:00,PRCP,GHCND:USC00333292,"P,,6,",0
1926,1993-08-11T00:00:00,PRCP,GHCND:USC00333292,",,6,",25
1927,1993-08-12T00:00:00,PRCP,GHCND:USC00333292,"P,,6,",0
1928,1993-08-13T00:00:00,PRCP,GHCND:USC00333292,",,6,",3
1929,1993-08-14T00:00:00,PRCP,GHCND:USC00333292,"P,,6,",0
1930,1993-08-15T00:00:00,PRCP,GHCND:USC00333292,"P,,6,",0
1931,1993-08-16T00:00:00,PRCP,GHCND:USC00333292,",,6,",3
1932,1993-08-17T00:00:00,PRCP,GHCND:USC00333292,"P,,6,",0
1933,1993-08-18T00:00:00,PRCP,GHCND:USC00333292,"P,,6,",0
1934,1993-08-19T00:00:00,PRCP,GHCND:USC00333292,"P,,6,",0
1935,1993-08-20T00:00:00,PRCP,GHCND:USC00333292,",,6,",15
1936,1993-08-21T00:00:00,PRCP,GHCND:USC00333292,"P,,6,",0
1937,1993-08-22T00:00:00,PRCP,GHCND:USC00333292,"P,,6,",0
1938,1993-08-23T00:00:00,PRCP,GHCND:USC00333292,"P,,6,",0
1939,1993-08-24T00:00:00,PRCP,GHCND:USC00333292,"P,,6,",0
1940,1993-08-25T00:00:00,PRCP,GHCND:USC00333292,"P,,6,",0
1941,1993-08-26T00:00:00,PRCP,GHCND:USC00333292,"P,,6,",0
1942,1993-08-27T00:00:00,PRCP,GHCND:USC00333292,",,6,",122
1943,1993-08-28T00:00:00,PRCP,GHCND:USC00333292,"P,,6,",0
1944,1993-08-29T00:00:00,PRCP,GHCND:USC00333292,"P,,6,",0
1945,1993-08-30T00:00:00,PRCP,GHCND:USC00333292,"T,,6,",0
1946,1993-08-31T00:00:00,PRCP,GHCND:USC00333292,",,6,",18
1947,1993-09-01T00:00:00,PRCP,GHCND:USC00333292,",,6,",56
1948,1993-09-02T00:00:00,PRCP,GHCND:USC00333292,",,6,",3
1949,1993-09-03T00:00:00,PRCP,GHCND:USC00333292,",,6,",251
1950,1993-09-04T00:00:00,PRCP,GHCND:USC00333292,"P,,6,",0
1951,1993-09-05T00:00:00,PRCP,GHCND:USC00333292,",,6,",325
1952,1993-09-06T00:00:00,PRCP,GHCND:USC00333292,"P,,6,",0
1953,1993-09-07T00:00:00,PRCP,GHCND:USC00333292,"P,,6,",0
1954,1993-09-08T00:00:00,PRCP,GHCND:USC00333292,",,6,",25
1955,1993-09-09T00:00:00,PRCP,GHCND:USC00333292,"P,,6,",0
1956,1993-09-10T00:00:00,PRCP,GHCND:USC00333292,"P,,6,",0
1957,1993-09-11T00:00:00,PRCP,GHCND:USC00333292,"P,,6,",0
1958,1993-09-12T00:00:00,PRCP,GHCND:USC00333292,"T,,6,",0
1959,1993-09-13T00:00:00,PRCP,GHCND:USC00333292,"T,,6,",0
1960,1993-09-14T00:00:00,PRCP,GHCND:USC00333292,"P,,6,",0
1961,1993-09-15T00:00:00,PRCP,GHCND:USC00333292,",,6,",150
1962,1993-09-16T00:00:00,PRCP,GHCND:USC00333292,"P,,6,",0
1963,1993-09-17T00:00:00,PRCP,GHCND:USC00333292,"P,,6,",0
1964,1993-09-18T00:00:00,PRCP,GHCND:USC00333292,"P,,6,",0
1965,1993-09-19T00:00:00,PRCP,GHCND:USC00333292,"P,,6,",0
1966,1993-09-20T00:00:00,PRCP,GHCND:USC00333292,"P,,6,",0
1967,1993-09-21T00:00:00,PRCP,GHCND:USC00333292,"P,,6,",0
1968,1993-09-22T00:00:00,PRCP,GHCND:USC00333292,",,6,",5
1969,1993-09-23T00:00:00,PRCP,GHCND:USC00333292,",,6,",18
1970,1993-09-24T00:00:00,PRCP,GHCND:USC00333292,",,6,",20
1971,1993-09-25T00:00:00,PRCP,GHCND:USC00333292,"P,,6,",0
1972,1993-09-26T00:00:00,PRCP,GHCND:USC00333292,",,6,",157
1973,1993-09-27T00:00:00,PRCP,GHCND:USC00333292,",,6,",10
1974,1993-09-28T00:00:00,PRCP,GHCND:USC00333292,",,6,",86
1975,1993-09-29T00:00:00,PRCP,GHCND:USC00333292,",,6,",5
1976,1993-09-30T00:00:00,PRCP,GHCND:USC00333292,",,6,",38
1977,1993-10-01T00:00:00,PRCP,GHCND:USC00333292,"T,,6,",0
1978,1993-10-02T00:00:00,PRCP,GHCND:USC00333292,"P,,6,",0
1979,1993-10-03T00:00:00,PRCP,GHCND:USC00333292,"P,,6,",0
1980,1993-10-04T00:00:00,PRCP,GHCND:USC00333292,"P,,6,",0
1981,1993-10-05T00:00:00,PRCP,GHCND:USC00333292,"P,,6,",0
1982,1993-10-06T00:00:00,PRCP,GHCND:USC00333292,"P,,6,",0
1983,1993-10-07T00:00:00,PRCP,GHCND:USC00333292,"P,,6,",0
1984,1993-10-08T00:00:00,PRCP,GHCND:USC00333292,"P,,6,",0
1985,1993-10-09T00:00:00,PRCP,GHCND:USC00333292,",,6,",157
1986,1993-10-10T00:00:00,PRCP,GHCND:USC00333292,"P,,6,",0
1987,1993-10-11T00:00:00,PRCP,GHCND:USC00333292,"P,,6,",0
1988,1993-10-12T00:00:00,PRCP,GHCND:USC00333292,"P,,6,",0
1989,1993-10-13T00:00:00,PRCP,GHCND:USC00333292,"P,,6,",0
1990,1993-10-14T00:00:00,PRCP,GHCND:USC00333292,"P,,6,",0
1991,1993-10-15T00:00:00,PRCP,GHCND:USC00333292,"P,,6,",0
1992,1993-10-16T00:00:00,PRCP,GHCND:USC00333292,"P,,6,",0
1993,1993-10-17T00:00:00,PRCP,GHCND:USC00333292,",,6,",41
1994,1993-10-18T00:00:00,PRCP,GHCND:USC00333292,",,6,",102
1995,1993-10-19T00:00:00,PRCP,GHCND:USC00333292,"P,,6,",0
1996,1993-10-20T00:00:00,PRCP,GHCND:USC00333292,"P,,6,",0
1997,1993-10-21T00:00:00,PRCP,GHCND:USC00333292,",,6,",61
1998,1993-10-22T00:00:00,PRCP,GHCND:USC00333292,"P,,6,",0
1999,1993-10-23T00:00:00,PRCP,GHCND:USC00333292,"P,,6,",0
2000,1993-10-24T00:00:00,PRCP,GHCND:USC00333292,"P,,6,",0
2001,1993-10-25T00:00:00,PRCP,GHCND:USC00333292,"P,,6,",0
2002,1993-10-26T00:00:00,PRCP,GHCND:USC00333292,"P,,6,",0
2003,1993-10-27T00:00:00,PRCP,GHCND:USC00333292,"P,,6,",0
2004,1993-10-28T00:00:00,PRCP,GHCND:USC00333292,"P,,6,",0
2005,1993-10-29T00:00:00,PRCP,GHCND:USC00333292,"P,,6,",0
2006,1993-10-30T00:00:00,PRCP,GHCND:USC00333292,"P,,6,",0
2007,1993-10-31T00:00:00,PRCP,GHCND:USC00333292,",,6,",36
2008,1993-11-01T00:00:00,PRCP,GHCND:USC00333292,"T,,6,",0
2009,1993-11-02T00:00:00,PRCP,GHCND:USC00333292,"P,,6,",0
2010,1993-11-03T00:00:00,PRCP,GHCND:USC00333292,",,6,",18
2011,1993-11-04T00:00:00,PRCP,GHCND:USC00333292,"P,,6,",0
2012,1993-11-05T00:00:00,PRCP,GHCND:USC00333292,",,6,",5
2013,1993-11-06T00:00:00,PRCP,GHCND:USC00333292,"T,,6,",0
2014,1993-11-07T00:00:00,PRCP,GHCND:USC00333292,"P,,6,",0
2015,1993-11-08T00:00:00,PRCP,GHCND:USC00333292,"P,,6,",0
2016,1993-11-09T00:00:00,PRCP,GHCND:USC00333292,"P,,6,",0
2017,1993-11-10T00:00:00,PRCP,GHCND:USC00333292,"P,,6,",0
2018,1993-11-11T00:00:00,PRCP,GHCND:USC00333292,"P,,6,",0
2019,1993-11-12T00:00:00,PRCP,GHCND:USC00333292,"P,,6,",0
2020,1993-11-13T00:00:00,PRCP,GHCND:USC00333292,",,6,",10
2021,1993-11-14T00:00:00,PRCP,GHCND:USC00333292,",,6,",163
2022,1993-11-15T00:00:00,PRCP,GHCND:USC00333292,",,6,",86
2023,1993-11-16T00:00:00,PRCP,GHCND:USC00333292,"P,,6,",0
2024,1993-11-17T00:00:00,PRCP,GHCND:USC00333292,",,6,",119
2025,1993-11-18T00:00:00,PRCP,GHCND:USC00333292,",,6,",48
2026,1993-11-19T00:00:00,PRCP,GHCND:USC00333292,"P,,6,",0
2027,1993-11-20T00:00:00,PRCP,GHCND:USC00333292,"T,,6,",0
2028,1993-11-21T00:00:00,PRCP,GHCND:USC00333292,"P,,6,",0
2029,1993-11-22T00:00:00,PRCP,GHCND:USC00333292,"P,,6,",0
2030,1993-11-23T00:00:00,PRCP,GHCND:USC00333292,"P,,6,",0
2031,1993-11-24T00:00:00,PRCP,GHCND:USC00333292,",,6,",13
2032,1993-11-25T00:00:00,PRCP,GHCND:USC00333292,",,6,",25
2033,1993-11-26T00:00:00,PRCP,GHCND:USC00333292,",,6,",20
2034,1993-11-27T00:00:00,PRCP,GHCND:USC00333292,",,6,",198
2035,1993-11-27T00:00:00,SNWD,GHCND:USC00333292,"T,,6,",0
2036,1993-11-28T00:00:00,PRCP,GHCND:USC00333292,"P,,6,",0
2037,1993-11-29T00:00:00,PRCP,GHCND:USC00333292,",,6,",15
2038,1993-11-29T00:00:00,SNOW,GHCND:USC00333292,",,6,",25
2039,1993-11-29T00:00:00,SNWD,GHCND:USC00333292,",,6,",25
2040,1993-11-30T00:00:00,PRCP,GHCND:USC00333292,"P,,6,",0
2041,1993-12-01T00:00:00,PRCP,GHCND:USC00333292,"P,,6,",0
2042,1993-12-01T00:00:00,SNOW,GHCND:USC00333292,",,6,",0
2043,1993-12-02T00:00:00,PRCP,GHCND:USC00333292,"P,,6,",0
2044,1993-12-02T00:00:00,SNOW,GHCND:USC00333292,",,6,",0
2045,1993-12-03T00:00:00,PRCP,GHCND:USC00333292,",,6,",20
2046,1993-12-03T00:00:00,SNOW,GHCND:USC00333292,",,6,",0
2047,1993-12-04T00:00:00,PRCP,GHCND:USC00333292,",,6,",56
2048,1993-12-04T00:00:00,SNOW,GHCND:USC00333292,",,6,",0
2049,1993-12-05T00:00:00,PRCP,GHCND:USC00333292,",,6,",74
2050,1993-12-05T00:00:00,SNOW,GHCND:USC00333292,",,6,",0
2051,1993-12-06T00:00:00,PRCP,GHCND:USC00333292,"T,,6,",0
2052,1993-12-06T00:00:00,SNOW,GHCND:USC00333292,",,6,",0
2053,1993-12-07T00:00:00,PRCP,GHCND:USC00333292,",,6,",8
2054,1993-12-07T00:00:00,SNOW,GHCND:USC00333292,",,6,",0
2055,1993-12-08T00:00:00,PRCP,GHCND:USC00333292,"P,,6,",0
2056,1993-12-08T00:00:00,SNOW,GHCND:USC00333292,",,6,",0
2057,1993-12-09T00:00:00,PRCP,GHCND:USC00333292,"P,,6,",0
2058,1993-12-09T00:00:00,SNOW,GHCND:USC00333292,",,6,",0
2059,1993-12-10T00:00:00,PRCP,GHCND:USC00333292,"T,,6,",0
2060,1993-12-10T00:00:00,SNOW,GHCND:USC00333292,",,6,",0
2061,1993-12-11T00:00:00,PRCP,GHCND:USC00333292,"T,,6,",0
2062,1993-12-11T00:00:00,SNOW,GHCND:USC00333292,"T,,6,",0
2063,1993-12-11T00:00:00,SNWD,GHCND:USC00333292,"T,,6,",0
2064,1993-12-12T00:00:00,PRCP,GHCND:USC00333292,"P,,6,",0
2065,1993-12-12T00:00:00,SNOW,GHCND:USC00333292,",,6,",0
2066,1993-12-12T00:00:00,SNWD,GHCND:USC00333292,",,6,",0
2067,1993-12-13T00:00:00,PRCP,GHCND:USC00333292,"P,,6,",0
2068,1993-12-13T00:00:00,SNOW,GHCND:USC00333292,",,6,",0
2069,1993-12-14T00:00:00,PRCP,GHCND:USC00333292,"P,,6,",0
2070,1993-12-14T00:00:00,SNOW,GHCND:USC00333292,",,6,",0
2071,1993-12-15T00:00:00,PRCP,GHCND:USC00333292,"T,,6,",0
2072,1993-12-15T00:00:00,SNOW,GHCND:USC00333292,",,6,",0
2073,1993-12-16T00:00:00,PRCP,GHCND:USC00333292,"P,,6,",0
2074,1993-12-16T00:00:00,SNOW,GHCND:USC00333292,",,6,",0
2075,1993-12-17T00:00:00,PRCP,GHCND:USC00333292,"P,,6,",0
2076,1993-12-17T00:00:00,SNOW,GHCND:USC00333292,",,6,",0
2077,1993-12-18T00:00:00,PRCP,GHCND:USC00333292,"P,,6,",0
2078,1993-12-18T00:00:00,SNOW,GHCND:USC00333292,",,6,",0
2079,1993-12-19T00:00:00,PRCP,GHCND:USC00333292,",,6,",33
2080,1993-12-19T00:00:00,SNOW,GHCND:USC00333292,",,6,",0
2081,1993-12-20T00:00:00,PRCP,GHCND:USC00333292,",,6,",3
2082,1993-12-20T00:00:00,SNOW,GHCND:USC00333292,",,6,",0
2083,1993-12-21T00:00:00,PRCP,GHCND:USC00333292,",,6,",76
2084,1993-12-21T00:00:00,SNOW,GHCND:USC00333292,",,6,",25
2085,1993-12-21T00:00:00,SNWD,GHCND:USC00333292,",,6,",25
2086,1993-12-22T00:00:00,PRCP,GHCND:USC00333292,"T,,6,",0
2087,1993-12-22T00:00:00,SNOW,GHCND:USC00333292,"T,,6,",0
2088,1993-12-22T00:00:00,SNWD,GHCND:USC00333292,",,6,",25
2089,1993-12-23T00:00:00,PRCP,GHCND:USC00333292,",,6,",5
2090,1993-12-23T00:00:00,SNOW,GHCND:USC00333292,",,6,",25
2091,1993-12-23T00:00:00,SNWD,GHCND:USC00333292,",,6,",51
2092,1993-12-24T00:00:00,PRCP,GHCND:USC00333292,"T,,6,",0
2093,1993-12-24T00:00:00,SNOW,GHCND:USC00333292,"T,,6,",0
2094,1993-12-24T00:00:00,SNWD,GHCND:USC00333292,",,6,",51
2095,1993-12-25T00:00:00,PRCP,GHCND:USC00333292,",,6,",8
2096,1993-12-25T00:00:00,SNOW,GHCND:USC00333292,",,6,",25
2097,1993-12-25T00:00:00,SNWD,GHCND:USC00333292,",,6,",76
2098,1993-12-26T00:00:00,PRCP,GHCND:USC00333292,",,6,",5
2099,1993-12-26T00:00:00,SNOW,GHCND:USC00333292,",,6,",25
2100,1993-12-26T00:00:00,SNWD,GHCND:USC00333292,",,6,",76
2101,1993-12-27T00:00:00,PRCP,GHCND:USC00333292,"P,,6,",0
2102,1993-12-27T00:00:00,SNOW,GHCND:USC00333292,",,6,",0
2103,1993-12-27T00:00:00,SNWD,GHCND:USC00333292,",,6,",76
2104,1993-12-28T00:00:00,PRCP,GHCND:USC00333292,"P,,6,",0
2105,1993-12-28T00:00:00,SNOW,GHCND:USC00333292,",,6,",0
2106,1993-12-28T00:00:00,SNWD,GHCND:USC00333292,",,6,",76
2107,1993-12-29T00:00:00,PRCP,GHCND:USC00333292,"P,,6,",0
2108,1993-12-29T00:00:00,SNOW,GHCND:USC00333292,",,6,",0
2109,1993-12-29T00:00:00,SNWD,GHCND:USC00333292,",,6,",76
2110,1993-12-30T00:00:00,PRCP,GHCND:USC00333292,"T,,6,",0
2111,1993-12-30T00:00:00,SNOW,GHCND:USC00333292,"T,,6,",0
2112,1993-12-30T00:00:00,SNWD,GHCND:USC00333292,",,6,",76
2113,1993-12-31T00:00:00,PRCP,GHCND:USC00333292,"T,,6,",0
2114,1993-12-31T00:00:00,SNOW,GHCND:USC00333292,"T,,6,",0
2115,1993-12-31T00:00:00,SNWD,GHCND:USC00333292,",,6,",76
2116,1994-01-01T00:00:00,PRCP,GHCND:USC00333292,"P,,6,",0
2117,1994-01-01T00:00:00,SNWD,GHCND:USC00333292,",,6,",76
2118,1994-01-02T00:00:00,PRCP,GHCND:USC00333292,"T,,6,",0
2119,1994-01-02T00:00:00,SNWD,GHCND:USC00333292,",,6,",25
2120,1994-01-03T00:00:00,PRCP,GHCND:USC00333292,"P,,6,",0
2121,1994-01-04T00:00:00,PRCP,GHCND:USC00333292,"P,,6,",0
2122,1994-01-04T00:00:00,SNWD,GHCND:USC00333292,",,6,",0
2123,1994-01-05T00:00:00,PRCP,GHCND:USC00333292,"T,,6,",0
2124,1994-01-05T00:00:00,SNOW,GHCND:USC00333292,"T,,6,",0
2125,1994-01-05T00:00:00,SNWD,GHCND:USC00333292,"T,,6,",0
2126,1994-01-06T00:00:00,PRCP,GHCND:USC00333292,",,6,",53
2127,1994-01-06T00:00:00,SNOW,GHCND:USC00333292,",,6,",64
2128,1994-01-06T00:00:00,SNWD,GHCND:USC00333292,",,6,",76
2129,1994-01-07T00:00:00,PRCP,GHCND:USC00333292,",,6,",58
2130,1994-01-07T00:00:00,SNOW,GHCND:USC00333292,",,6,",76
2131,1994-01-07T00:00:00,SNWD,GHCND:USC00333292,",,6,",127
2132,1994-01-08T00:00:00,PRCP,GHCND:USC00333292,",,6,",10
2133,1994-01-08T00:00:00,SNOW,GHCND:USC00333292,",,6,",25
2134,1994-01-08T00:00:00,SNWD,GHCND:USC00333292,",,6,",152
2135,1994-01-09T00:00:00,PRCP,GHCND:USC00333292,"P,,6,",0
2136,1994-01-09T00:00:00,SNWD,GHCND:USC00333292,",,6,",152
2137,1994-01-10T00:00:00,PRCP,GHCND:USC00333292,"P,,6,",0
2138,1994-01-10T00:00:00,SNWD,GHCND:USC00333292,",,6,",127
2139,1994-01-11T00:00:00,PRCP,GHCND:USC00333292,",,6,",3
2140,1994-01-11T00:00:00,SNOW,GHCND:USC00333292,",,6,",25
2141,1994-01-11T00:00:00,SNWD,GHCND:USC00333292,",,6,",152
2142,1994-01-12T00:00:00,PRCP,GHCND:USC00333292,"P,,6,",0
2143,1994-01-12T00:00:00,WT01,GHCND:USC00333292,",,6,",1
2144,1994-01-13T00:00:00,PRCP,GHCND:USC00333292,"P,,6,",0
2145,1994-01-13T00:00:00,SNWD,GHCND:USC00333292,",,6,",127
2146,1994-01-14T00:00:00,PRCP,GHCND:USC00333292,",,6,",10
2147,1994-01-14T00:00:00,SNOW,GHCND:USC00333292,",,6,",38
2148,1994-01-14T00:00:00,SNWD,GHCND:USC00333292,",,6,",152
2149,1994-01-15T00:00:00,PRCP,GHCND:USC00333292,"P,,6,",0
2150,1994-01-16T00:00:00,PRCP,GHCND:USC00333292,"P,,6,",0
2151,1994-01-17T00:00:00,PRCP,GHCND:USC00333292,",,6,",41
2152,1994-01-17T00:00:00,SNOW,GHCND:USC00333292,",,6,",127
2153,1994-01-18T00:00:00,PRCP,GHCND:USC00333292,"P,,6,",0
2154,1994-01-19T00:00:00,PRCP,GHCND:USC00333292,"P,,6,",0
2155,1994-01-20T00:00:00,PRCP,GHCND:USC00333292,"P,,6,",0
2156,1994-01-21T00:00:00,PRCP,GHCND:USC00333292,"T,,6,",0
2157,1994-01-21T00:00:00,SNOW,GHCND:USC00333292,"T,,6,",0
2158,1994-01-22T00:00:00,PRCP,GHCND:USC00333292,"P,,6,",0
2159,1994-01-22T00:00:00,SNOW,GHCND:USC00333292,",,6,",0
2160,1994-01-23T00:00:00,PRCP,GHCND:USC00333292,"P,,6,",0
2161,1994-01-23T00:00:00,SNOW,GHCND:USC00333292,",,6,",0
2162,1994-01-24T00:00:00,PRCP,GHCND:USC00333292,"P,,6,",0
2163,1994-01-24T00:00:00,SNOW,GHCND:USC00333292,",,6,",0
2164,1994-01-25T00:00:00,PRCP,GHCND:USC00333292,",,6,",5
2165,1994-01-25T00:00:00,SNOW,GHCND:USC00333292,",,6,",0
2166,1994-01-26T00:00:00,PRCP,GHCND:USC00333292,",,6,",56
2167,1994-01-26T00:00:00,SNWD,GHCND:USC00333292,",,6,",178
2168,1994-01-27T00:00:00,PRCP,GHCND:USC00333292,"T,,6,",0
2169,1994-01-28T00:00:00,PRCP,GHCND:USC00333292,",,6,",257
2170,1994-01-28T00:00:00,SNOW,GHCND:USC00333292,"T,,6,",0
2171,1994-01-28T00:00:00,SNWD,GHCND:USC00333292,"T,,6,",0
2172,1994-01-29T00:00:00,PRCP,GHCND:USC00333292,",,6,",18
2173,1994-01-29T00:00:00,SNOW,GHCND:USC00333292,"T,,6,",0
2174,1994-01-29T00:00:00,SNWD,GHCND:USC00333292,"T,,6,",0
2175,1994-01-30T00:00:00,PRCP,GHCND:USC00333292,"T,,6,",0
2176,1994-01-30T00:00:00,SNOW,GHCND:USC00333292,",,6,",0
2177,1994-01-30T00:00:00,SNWD,GHCND:USC00333292,"T,,6,",0
2178,1994-01-31T00:00:00,PRCP,GHCND:USC00333292,"T,,6,",0
2179,1994-01-31T00:00:00,SNOW,GHCND:USC00333292,"T,,6,",0
2180,1994-01-31T00:00:00,SNWD,GHCND:USC00333292,"T,,6,",0
2181,1994-02-01T00:00:00,PRCP,GHCND:USC00333292,"T,,6,",0
2182,1994-02-01T00:00:00,SNOW,GHCND:USC00333292,"T,,6,",0
2183,1994-02-02T00:00:00,PRCP,GHCND:USC00333292,"T,,6,",0
2184,1994-02-02T00:00:00,SNOW,GHCND:USC00333292,"T,,6,",0
2185,1994-02-03T00:00:00,PRCP,GHCND:USC00333292,"T,,6,",0
2186,1994-02-03T00:00:00,SNOW,GHCND:USC00333292,"T,,6,",0
2187,1994-02-04T00:00:00,SNOW,GHCND:USC00333292,"T,,6,",0
2188,1994-02-04T00:00:00,SNWD,GHCND:USC00333292,",,6,",25
2189,1994-02-05T00:00:00,PRCP,GHCND:USC00333292,"P,,6,",0
2190,1994-02-05T00:00:00,SNWD,GHCND:USC00333292,",,6,",25
2191,1994-02-06T00:00:00,PRCP,GHCND:USC00333292,"P,,6,",0
2192,1994-02-06T00:00:00,SNWD,GHCND:USC00333292,",,6,",25
2193,1994-02-07T00:00:00,PRCP,GHCND:USC00333292,"P,,6,",0
2194,1994-02-07T00:00:00,SNWD,GHCND:USC00333292,",,6,",25
2195,1994-02-08T00:00:00,PRCP,GHCND:USC00333292,",,6,",76
2196,1994-02-08T00:00:00,SNOW,GHCND:USC00333292,",,6,",76
2197,1994-02-08T00:00:00,SNWD,GHCND:USC00333292,",,6,",76
2198,1994-02-09T00:00:00,PRCP,GHCND:USC00333292,",,6,",46
2199,1994-02-09T00:00:00,SNOW,GHCND:USC00333292,",,6,",25
2200,1994-02-09T00:00:00,SNWD,GHCND:USC00333292,",,6,",102
2201,1994-02-09T00:00:00,WT05,GHCND:USC00333292,",,6,",1
2202,1994-02-10T00:00:00,PRCP,GHCND:USC00333292,"P,,6,",0
2203,1994-02-11T00:00:00,PRCP,GHCND:USC00333292,"P,,6,",0
2204,1994-02-11T00:00:00,SNWD,GHCND:USC00333292,",,6,",102
2205,1994-02-12T00:00:00,PRCP,GHCND:USC00333292,"P,,6,",0
2206,1994-02-13T00:00:00,PRCP,GHCND:USC00333292,"T,,6,",0
2207,1994-02-14T00:00:00,PRCP,GHCND:USC00333292,"P,,6,",0
2208,1994-02-14T00:00:00,SNWD,GHCND:USC00333292,",,6,",76
2209,1994-02-15T00:00:00,PRCP,GHCND:USC00333292,"P,,6,",0
2210,1994-02-16T00:00:00,PRCP,GHCND:USC00333292,"P,,6,",0
2211,1994-02-17T00:00:00,PRCP,GHCND:USC00333292,"P,,6,",0
2212,1994-02-17T00:00:00,SNWD,GHCND:USC00333292,",,6,",51
2213,1994-02-18T00:00:00,PRCP,GHCND:USC00333292,"P,,6,",0
2214,1994-02-19T00:00:00,PRCP,GHCND:USC00333292,"P,,6,",0
2215,1994-02-19T00:00:00,SNWD,GHCND:USC00333292,",,6,",25
2216,1994-02-20T00:00:00,PRCP,GHCND:USC00333292,"T,,6,",0
2217,1994-02-20T00:00:00,SNWD,GHCND:USC00333292,",,6,",0
2218,1994-02-21T00:00:00,PRCP,GHCND:USC00333292,"T,,6,",0
2219,1994-02-22T00:00:00,PRCP,GHCND:USC00333292,"P,,6,",0
2220,1994-02-23T00:00:00,PRCP,GHCND:USC00333292,",,6,",94
2221,1994-02-23T00:00:00,SNOW,GHCND:USC00333292,",,6,",51
2222,1994-02-23T00:00:00,SNWD,GHCND:USC00333292,",,6,",51
2223,1994-02-23T00:00:00,WT06,GHCND:USC00333292,",,6,",1
2224,1994-02-24T00:00:00,PRCP,GHCND:USC00333292,",,6,",48
2225,1994-02-24T00:00:00,SNOW,GHCND:USC00333292,",,6,",13
2226,1994-02-24T00:00:00,SNWD,GHCND:USC00333292,",,6,",51
2227,1994-02-24T00:00:00,WT06,GHCND:USC00333292,",,6,",1
2228,1994-02-25T00:00:00,PRCP,GHCND:USC00333292,"P,,6,",0
2229,1994-02-25T00:00:00,SNWD,GHCND:USC00333292,",,6,",51
2230,1994-02-26T00:00:00,PRCP,GHCND:USC00333292,",,6,",89
2231,1994-02-26T00:00:00,SNOW,GHCND:USC00333292,",,6,",127
2232,1994-02-26T00:00:00,SNWD,GHCND:USC00333292,",,6,",178
2233,1994-02-27T00:00:00,PRCP,GHCND:USC00333292,"P,,6,",0
2234,1994-02-28T00:00:00,PRCP,GHCND:USC00333292,"P,,6,",0
2235,1994-02-28T00:00:00,SNWD,GHCND:USC00333292,",,6,",152
2236,1994-03-01T00:00:00,PRCP,GHCND:USC00333292,"P,,6,",0
2237,1994-03-01T00:00:00,SNWD,GHCND:USC00333292,",,6,",102
2238,1994-03-02T00:00:00,PRCP,GHCND:USC00333292,"P,,6,",0
2239,1994-03-03T00:00:00,PRCP,GHCND:USC00333292,"P,,6,",0
2240,1994-03-04T00:00:00,PRCP,GHCND:USC00333292,"P,,6,",0
2241,1994-03-04T00:00:00,SNWD,GHCND:USC00333292,",,6,",51
2242,1994-03-05T00:00:00,PRCP,GHCND:USC00333292,"P,,6,",0
2243,1994-03-06T00:00:00,PRCP,GHCND:USC00333292,",,6,",3
2244,1994-03-06T00:00:00,SNWD,GHCND:USC00333292,",,6,",25
2245,1994-03-07T00:00:00,PRCP,GHCND:USC00333292,",,6,",170
2246,1994-03-07T00:00:00,SNWD,GHCND:USC00333292,",,6,",0
2247,1994-03-08T00:00:00,PRCP,GHCND:USC00333292,"P,,6,",0
2248,1994-03-09T00:00:00,PRCP,GHCND:USC00333292,"P,,6,",0
2249,1994-03-10T00:00:00,PRCP,GHCND:USC00333292,",,6,",142
2250,1994-03-10T00:00:00,SNOW,GHCND:USC00333292,",,6,",89
2251,1994-03-10T00:00:00,SNWD,GHCND:USC00333292,",,6,",102
2252,1994-03-11T00:00:00,PRCP,GHCND:USC00333292,"P,,6,",0
2253,1994-03-11T00:00:00,SNWD,GHCND:USC00333292,",,6,",51
2254,1994-03-12T00:00:00,PRCP,GHCND:USC00333292,"P,,6,",0
2255,1994-03-13T00:00:00,PRCP,GHCND:USC00333292,",,6,",30
2256,1994-03-13T00:00:00,SNWD,GHCND:USC00333292,",,6,",0
2257,1994-03-14T00:00:00,PRCP,GHCND:USC00333292,"T,,6,",0
2258,1994-03-15T00:00:00,PRCP,GHCND:USC00333292,"P,,6,",0
2259,1994-03-16T00:00:00,PRCP,GHCND:USC00333292,"T,,6,",0
2260,1994-03-16T00:00:00,SNOW,GHCND:USC00333292,"T,,6,",0
2261,1994-03-16T00:00:00,SNWD,GHCND:USC00333292,"T,,6,",0
2262,1994-03-17T00:00:00,PRCP,GHCND:USC00333292,"P,,6,",0
2263,1994-03-18T00:00:00,PRCP,GHCND:USC00333292,",,6,",5
2264,1994-03-18T00:00:00,SNWD,GHCND:USC00333292,"T,,6,",0
2265,1994-03-19T00:00:00,PRCP,GHCND:USC00333292,"P,,6,",0
2266,1994-03-20T00:00:00,PRCP,GHCND:USC00333292,"P,,6,",0
2267,1994-03-21T00:00:00,PRCP,GHCND:USC00333292,",,6,",33
2268,1994-03-22T00:00:00,PRCP,GHCND:USC00333292,",,6,",13
2269,1994-03-23T00:00:00,PRCP,GHCND:USC00333292,"P,,6,",0
2270,1994-03-24T00:00:00,PRCP,GHCND:USC00333292,"P,,6,",0
2271,1994-03-25T00:00:00,PRCP,GHCND:USC00333292,"P,,6,",0
2272,1994-03-26T00:00:00,PRCP,GHCND:USC00333292,"P,,6,",0
2273,1994-03-27T00:00:00,PRCP,GHCND:USC00333292,",,6,",51
2274,1994-03-28T00:00:00,PRCP,GHCND:USC00333292,"P,,6,",0
2275,1994-03-29T00:00:00,PRCP,GHCND:USC00333292,"P,,6,",0
2276,1994-03-30T00:00:00,PRCP,GHCND:USC00333292,"T,,6,",0
2277,1994-03-30T00:00:00,SNOW,GHCND:USC00333292,"T,,6,",0
2278,1994-03-30T00:00:00,SNWD,GHCND:USC00333292,",,6,",0
2279,1994-03-31T00:00:00,PRCP,GHCND:USC00333292,"P,,6,",0
2280,1994-04-01T00:00:00,PRCP,GHCND:USC00333292,"P,,6,",0
2281,1994-04-02T00:00:00,PRCP,GHCND:USC00333292,"P,,6,",0
2282,1994-04-03T00:00:00,PRCP,GHCND:USC00333292,",,6,",89
2283,1994-04-03T00:00:00,SNOW,GHCND:USC00333292,",,6,",25
2284,1994-04-03T00:00:00,SNWD,GHCND:USC00333292,",,6,",25
2285,1994-04-04T00:00:00,PRCP,GHCND:USC00333292,"T,,6,",0
2286,1994-04-04T00:00:00,SNWD,GHCND:USC00333292,",,6,",0
2287,1994-04-05T00:00:00,PRCP,GHCND:USC00333292,"T,,6,",0
2288,1994-04-06T00:00:00,PRCP,GHCND:USC00333292,",,6,",165
2289,1994-04-06T00:00:00,SNOW,GHCND:USC00333292,",,6,",51
2290,1994-04-06T00:00:00,SNWD,GHCND:USC00333292,",,6,",51
2291,1994-04-07T00:00:00,PRCP,GHCND:USC00333292,",,6,",89
2292,1994-04-07T00:00:00,SNOW,GHCND:USC00333292,",,6,",76
2293,1994-04-07T00:00:00,SNWD,GHCND:USC00333292,",,6,",127
2294,1994-04-08T00:00:00,PRCP,GHCND:USC00333292,"P,,6,",0
2295,1994-04-08T00:00:00,SNWD,GHCND:USC00333292,",,6,",0
2296,1994-04-09T00:00:00,PRCP,GHCND:USC00333292,"P,,6,",0
2297,1994-04-10T00:00:00,PRCP,GHCND:USC00333292,",,6,",152
2298,1994-04-11T00:00:00,PRCP,GHCND:USC00333292,"P,,6,",0
2299,1994-04-12T00:00:00,PRCP,GHCND:USC00333292,",,6,",229
2300,1994-04-13T00:00:00,PRCP,GHCND:USC00333292,",,6,",203
2301,1994-04-14T00:00:00,PRCP,GHCND:USC00333292,",,6,",8
2302,1994-04-15T00:00:00,PRCP,GHCND:USC00333292,"P,,6,",0
2303,1994-04-16T00:00:00,PRCP,GHCND:USC00333292,",,6,",15
2304,1994-04-17T00:00:00,PRCP,GHCND:USC00333292,"P,,6,",0
2305,1994-04-18T00:00:00,PRCP,GHCND:USC00333292,"P,,6,",0
2306,1994-04-19T00:00:00,PRCP,GHCND:USC00333292,",,6,",3
2307,1994-04-20T00:00:00,PRCP,GHCND:USC00333292,"P,,6,",0
2308,1994-04-21T00:00:00,PRCP,GHCND:USC00333292,"P,,6,",0
2309,1994-04-22T00:00:00,PRCP,GHCND:USC00333292,"P,,6,",0
2310,1994-04-23T00:00:00,PRCP,GHCND:USC00333292,"P,,6,",0
2311,1994-04-24T00:00:00,PRCP,GHCND:USC00333292,"P,,6,",0
2312,1994-04-25T00:00:00,PRCP,GHCND:USC00333292,"P,,6,",0
2313,1994-04-26T00:00:00,PRCP,GHCND:USC00333292,"P,,6,",0
2314,1994-04-27T00:00:00,PRCP,GHCND:USC00333292,",,6,",201
2315,1994-04-27T00:00:00,WT03,GHCND:USC00333292,",,6,",1
2316,1994-04-28T00:00:00,PRCP,GHCND:USC00333292,"P,,6,",0
2317,1994-04-29T00:00:00,PRCP,GHCND:USC00333292,",,6,",201
2318,1994-04-30T00:00:00,PRCP,GHCND:USC00333292,"P,,6,",0
2319,1994-05-01T00:00:00,PRCP,GHCND:USC00333292,",,6,",137
2320,1994-05-02T00:00:00,PRCP,GHCND:USC00333292,"P,,6,",0
2321,1994-05-03T00:00:00,PRCP,GHCND:USC00333292,"P,,6,",0
2322,1994-05-04T00:00:00,PRCP,GHCND:USC00333292,"P,,6,",0
2323,1994-05-05T00:00:00,PRCP,GHCND:USC00333292,"P,,6,",0
2324,1994-05-06T00:00:00,PRCP,GHCND:USC00333292,"P,,6,",0
2325,1994-05-07T00:00:00,PRCP,GHCND:USC00333292,"T,,6,",0
2326,1994-05-08T00:00:00,PRCP,GHCND:USC00333292,",,6,",64
2327,1994-05-09T00:00:00,PRCP,GHCND:USC00333292,"P,,6,",0
2328,1994-05-10T00:00:00,PRCP,GHCND:USC00333292,"P,,6,",0
2329,1994-05-11T00:00:00,PRCP,GHCND:USC00333292,"P,,6,",0
2330,1994-05-12T00:00:00,PRCP,GHCND:USC00333292,",,6,",76
2331,1994-05-13T00:00:00,PRCP,GHCND:USC00333292,"P,,6,",0
2332,1994-05-14T00:00:00,PRCP,GHCND:USC00333292,"P,,6,",0
2333,1994-05-15T00:00:00,PRCP,GHCND:USC00333292,",,6,",33
2334,1994-05-16T00:00:00,PRCP,GHCND:USC00333292,"P,,6,",0
2335,1994-05-17T00:00:00,PRCP,GHCND:USC00333292,"P,,6,",0
2336,1994-05-18T00:00:00,PRCP,GHCND:USC00333292,"P,,6,",0
2337,1994-05-19T00:00:00,PRCP,GHCND:USC00333292,"P,,6,",0
2338,1994-05-20T00:00:00,PRCP,GHCND:USC00333292,"P,,6,",0
2339,1994-05-21T00:00:00,PRCP,GHCND:USC00333292,"P,,6,",0
2340,1994-05-22T00:00:00,PRCP,GHCND:USC00333292,"P,,6,",0
2341,1994-05-23T00:00:00,PRCP,GHCND:USC00333292,"P,,6,",0
2342,1994-05-24T00:00:00,PRCP,GHCND:USC00333292,"P,,6,",0
2343,1994-05-25T00:00:00,PRCP,GHCND:USC00333292,"P,,6,",0
2344,1994-05-26T00:00:00,PRCP,GHCND:USC00333292,",,6,",160
2345,1994-05-27T00:00:00,PRCP,GHCND:USC00333292,"P,,6,",0
2346,1994-05-28T00:00:00,PRCP,GHCND:USC00333292,"P,,6,",0
2347,1994-05-29T00:00:00,PRCP,GHCND:USC00333292,"P,,6,",0
2348,1994-05-30T00:00:00,PRCP,GHCND:USC00333292,"P,,6,",0
2349,1994-05-31T00:00:00,PRCP,GHCND:USC00333292,"P,,6,",0
2350,1994-06-01T00:00:00,PRCP,GHCND:USC00333292,",,6,",36
2351,1994-06-02T00:00:00,PRCP,GHCND:USC00333292,"P,,6,",0
2352,1994-06-03T00:00:00,PRCP,GHCND:USC00333292,"P,,6,",0
2353,1994-06-04T00:00:00,PRCP,GHCND:USC00333292,"P,,6,",0
2354,1994-06-05T00:00:00,PRCP,GHCND:USC00333292,"P,,6,",0
2355,1994-06-06T00:00:00,PRCP,GHCND:USC00333292,"P,,6,",0
2356,1994-06-07T00:00:00,PRCP,GHCND:USC00333292,"P,,6,",0
2357,1994-06-08T00:00:00,PRCP,GHCND:USC00333292,"P,,6,",0
2358,1994-06-09T00:00:00,PRCP,GHCND:USC00333292,"T,,6,",0
2359,1994-06-10T00:00:00,PRCP,GHCND:USC00333292,"P,,6,",0
2360,1994-06-11T00:00:00,PRCP,GHCND:USC00333292,"P,,6,",0
2361,1994-06-12T00:00:00,PRCP,GHCND:USC00333292,",,6,",5
2362,1994-06-13T00:00:00,PRCP,GHCND:USC00333292,",,6,",8
2363,1994-06-14T00:00:00,PRCP,GHCND:USC00333292,",,6,",38
2364,1994-06-15T00:00:00,PRCP,GHCND:USC00333292,"T,,6,",0
2365,1994-06-16T00:00:00,PRCP,GHCND:USC00333292,"P,,6,",0
2366,1994-06-17T00:00:00,PRCP,GHCND:USC00333292,",,6,",127
2367,1994-06-18T00:00:00,PRCP,GHCND:USC00333292,",,6,",0
2368,1994-06-19T00:00:00,PRCP,GHCND:USC00333292,"P,,6,",0
2369,1994-06-20T00:00:00,PRCP,GHCND:USC00333292,"P,,6,",0
2370,1994-06-21T00:00:00,PRCP,GHCND:USC00333292,",,6,",117
2371,1994-06-22T00:00:00,PRCP,GHCND:USC00333292,"P,,6,",0
2372,1994-06-23T00:00:00,PRCP,GHCND:USC00333292,"P,,6,",0
2373,1994-06-24T00:00:00,PRCP,GHCND:USC00333292,",,6,",165
2374,1994-06-25T00:00:00,PRCP,GHCND:USC00333292,",,6,",178
2375,1994-06-26T00:00:00,PRCP,GHCND:USC00333292,",,6,",58
2376,1994-06-27T00:00:00,PRCP,GHCND:USC00333292,",,6,",41
2377,1994-06-28T00:00:00,PRCP,GHCND:USC00333292,",,6,",3
2378,1994-06-29T00:00:00,PRCP,GHCND:USC00333292,",,6,",48
2379,1994-06-30T00:00:00,PRCP,GHCND:USC00333292,"P,,6,",0
2380,1994-07-01T00:00:00,PRCP,GHCND:USC00333292,"P,,6,",0
2381,1994-07-02T00:00:00,PRCP,GHCND:USC00333292,"P,,6,",0
2382,1994-07-03T00:00:00,PRCP,GHCND:USC00333292,"P,,6,",0
2383,1994-07-04T00:00:00,PRCP,GHCND:USC00333292,"P,,6,",0
2384,1994-07-05T00:00:00,PRCP,GHCND:USC00333292,"P,,6,",0
2385,1994-07-06T00:00:00,PRCP,GHCND:USC00333292,",,6,",76
2386,1994-07-07T00:00:00,PRCP,GHCND:USC00333292,",,6,",13
2387,1994-07-08T00:00:00,PRCP,GHCND:USC00333292,",,6,",10
2388,1994-07-09T00:00:00,PRCP,GHCND:USC00333292,",,6,",99
2389,1994-07-10T00:00:00,PRCP,GHCND:USC00333292,"P,,6,",0
2390,1994-07-11T00:00:00,PRCP,GHCND:USC00333292,"P,,6,",0
2391,1994-07-12T00:00:00,PRCP,GHCND:USC00333292,"P,,6,",0
2392,1994-07-13T00:00:00,PRCP,GHCND:USC00333292,"P,,6,",0
2393,1994-07-14T00:00:00,PRCP,GHCND:USC00333292,"P,,6,",0
2394,1994-07-15T00:00:00,PRCP,GHCND:USC00333292,"P,,6,",0
2395,1994-07-16T00:00:00,PRCP,GHCND:USC00333292,"P,,6,",0
2396,1994-07-17T00:00:00,PRCP,GHCND:USC00333292,"P,,6,",0
2397,1994-07-18T00:00:00,PRCP,GHCND:USC00333292,",,6,",5
2398,1994-07-19T00:00:00,PRCP,GHCND:USC00333292,"P,,6,",0
2399,1994-07-20T00:00:00,PRCP,GHCND:USC00333292,"P,,6,",0
2400,1994-07-21T00:00:00,PRCP,GHCND:USC00333292,",,6,",25
2401,1994-07-22T00:00:00,PRCP,GHCND:USC00333292,",,6,",142
2402,1994-07-23T00:00:00,PRCP,GHCND:USC00333292,",,6,",3
2403,1994-07-24T00:00:00,PRCP,GHCND:USC00333292,"P,,6,",0
2404,1994-07-25T00:00:00,PRCP,GHCND:USC00333292,"P,,6,",0
2405,1994-07-25T00:00:00,WT01,GHCND:USC00333292,",,6,",1
2406,1994-07-26T00:00:00,PRCP,GHCND:USC00333292,",,6,",86
2407,1994-07-27T00:00:00,PRCP,GHCND:USC00333292,"P,,6,",0
2408,1994-07-28T00:00:00,PRCP,GHCND:USC00333292,"P,,6,",0
2409,1994-07-29T00:00:00,PRCP,GHCND:USC00333292,"P,,6,",0
2410,1994-07-30T00:00:00,PRCP,GHCND:USC00333292,",,6,",10
2411,1994-07-31T00:00:00,PRCP,GHCND:USC00333292,"P,,6,",0
2412,1994-08-01T00:00:00,PRCP,GHCND:USC00333292,"P,,6,",0
2413,1994-08-02T00:00:00,PRCP,GHCND:USC00333292,"P,,6,",0
2414,1994-08-03T00:00:00,PRCP,GHCND:USC00333292,",,6,",48
2415,1994-08-03T00:00:00,WT01,GHCND:USC00333292,",,6,",1
2416,1994-08-04T00:00:00,PRCP,GHCND:USC00333292,"P,,6,",0
2417,1994-08-05T00:00:00,PRCP,GHCND:USC00333292,",,6,",102
2418,1994-08-06T00:00:00,PRCP,GHCND:USC00333292,"P,,6,",0
2419,1994-08-07T00:00:00,PRCP,GHCND:USC00333292,"P,,6,",0
2420,1994-08-08T00:00:00,PRCP,GHCND:USC00333292,"P,,6,",0
2421,1994-08-09T00:00:00,PRCP,GHCND:USC00333292,"P,,6,",0
2422,1994-08-10T00:00:00,PRCP,GHCND:USC00333292,"P,,6,",0
2423,1994-08-11T00:00:00,PRCP,GHCND:USC00333292,",,6,",41
2424,1994-08-12T00:00:00,PRCP,GHCND:USC00333292,",,6,",36
2425,1994-08-13T00:00:00,PRCP,GHCND:USC00333292,",,6,",61
2426,1994-08-14T00:00:00,PRCP,GHCND:USC00333292,",,6,",104
2427,1994-08-15T00:00:00,PRCP,GHCND:USC00333292,",,6,",0
2428,1994-08-16T00:00:00,PRCP,GHCND:USC00333292,"P,,6,",0
2429,1994-08-17T00:00:00,PRCP,GHCND:USC00333292,"P,,6,",0
2430,1994-08-18T00:00:00,PRCP,GHCND:USC00333292,"P,,6,",0
2431,1994-08-19T00:00:00,PRCP,GHCND:USC00333292,"P,,6,",0
2432,1994-08-20T00:00:00,PRCP,GHCND:USC00333292,"P,,6,",0
2433,1994-08-21T00:00:00,PRCP,GHCND:USC00333292,",,6,",124
2434,1994-08-22T00:00:00,PRCP,GHCND:USC00333292,"P,,6,",0
2435,1994-08-23T00:00:00,PRCP,GHCND:USC00333292,"P,,6,",0
2436,1994-08-24T00:00:00,PRCP,GHCND:USC00333292,"P,,6,",0
2437,1994-08-25T00:00:00,PRCP,GHCND:USC00333292,"P,,6,",0
2438,1994-08-26T00:00:00,PRCP,GHCND:USC00333292,"P,,6,",0
2439,1994-08-27T00:00:00,PRCP,GHCND:USC00333292,"P,,6,",0
2440,1994-08-28T00:00:00,PRCP,GHCND:USC00333292,"P,,6,",0
2441,1994-08-29T00:00:00,PRCP,GHCND:USC00333292,",,6,",61
2442,1994-08-30T00:00:00,PRCP,GHCND:USC00333292,"P,,6,",0
2443,1994-08-31T00:00:00,PRCP,GHCND:USC00333292,",,6,",25
2444,1994-09-01T00:00:00,PRCP,GHCND:USC00333292,"P,,6,",0
2445,1994-09-02T00:00:00,PRCP,GHCND:USC00333292,"P,,6,",0
2446,1994-09-03T00:00:00,PRCP,GHCND:USC00333292,"P,,6,",0
2447,1994-09-04T00:00:00,PRCP,GHCND:USC00333292,"P,,6,",0
2448,1994-09-05T00:00:00,PRCP,GHCND:USC00333292,"P,,6,",0
2449,1994-09-06T00:00:00,PRCP,GHCND:USC00333292,"P,,6,",0
2450,1994-09-07T00:00:00,PRCP,GHCND:USC00333292,",,6,",5
2451,1994-09-08T00:00:00,PRCP,GHCND:USC00333292,"P,,6,",0
2452,1994-09-09T00:00:00,PRCP,GHCND:USC00333292,",,6,",3
2453,1994-09-10T00:00:00,PRCP,GHCND:USC00333292,"P,,6,",0
2454,1994-09-11T00:00:00,PRCP,GHCND:USC00333292,"P,,6,",0
2455,1994-09-12T00:00:00,PRCP,GHCND:USC00333292,"P,,6,",0
2456,1994-09-13T00:00:00,PRCP,GHCND:USC00333292,"P,,6,",0
2457,1994-09-14T00:00:00,PRCP,GHCND:USC00333292,"P,,6,",0
2458,1994-09-15T00:00:00,PRCP,GHCND:USC00333292,",,6,",13
2459,1994-09-16T00:00:00,PRCP,GHCND:USC00333292,"P,,6,",0
2460,1994-09-17T00:00:00,PRCP,GHCND:USC00333292,"T,,6,",0
2461,1994-09-18T00:00:00,PRCP,GHCND:USC00333292,"P,,6,",0
2462,1994-09-19T00:00:00,PRCP,GHCND:USC00333292,"P,,6,",0
2463,1994-09-20T00:00:00,PRCP,GHCND:USC00333292,"P,,6,",0
2464,1994-09-21T00:00:00,PRCP,GHCND:USC00333292,"P,,6,",0
2465,1994-09-22T00:00:00,PRCP,GHCND:USC00333292,"P,,6,",0
2466,1994-09-23T00:00:00,PRCP,GHCND:USC00333292,"P,,6,",0
2467,1994-09-24T00:00:00,PRCP,GHCND:USC00333292,"P,,6,",0
2468,1994-09-25T00:00:00,PRCP,GHCND:USC00333292,",,6,",53
2469,1994-09-26T00:00:00,PRCP,GHCND:USC00333292,"P,,6,",0
2470,1994-09-27T00:00:00,PRCP,GHCND:USC00333292,",,6,",107
2471,1994-09-28T00:00:00,PRCP,GHCND:USC00333292,",,6,",13
2472,1994-09-29T00:00:00,PRCP,GHCND:USC00333292,",,6,",36
2473,1994-09-30T00:00:00,PRCP,GHCND:USC00333292,"P,,6,",0
2474,1994-10-01T00:00:00,PRCP,GHCND:USC00333292,",,6,",20
2475,1994-10-02T00:00:00,PRCP,GHCND:USC00333292,"P,,6,",0
2476,1994-10-03T00:00:00,PRCP,GHCND:USC00333292,"P,,6,",0
2477,1994-10-04T00:00:00,PRCP,GHCND:USC00333292,"P,,6,",0
2478,1994-10-05T00:00:00,PRCP,GHCND:USC00333292,"P,,6,",0
2479,1994-10-06T00:00:00,PRCP,GHCND:USC00333292,"P,,6,",0
2480,1994-10-07T00:00:00,PRCP,GHCND:USC00333292,"P,,6,",0
2481,1994-10-08T00:00:00,PRCP,GHCND:USC00333292,"P,,6,",0
2482,1994-10-09T00:00:00,PRCP,GHCND:USC00333292,",,6,",99
2483,1994-10-10T00:00:00,PRCP,GHCND:USC00333292,"P,,6,",0
2484,1994-10-11T00:00:00,PRCP,GHCND:USC00333292,"P,,6,",0
2485,1994-10-12T00:00:00,PRCP,GHCND:USC00333292,"P,,6,",0
2486,1994-10-13T00:00:00,PRCP,GHCND:USC00333292,"P,,6,",0
2487,1994-10-14T00:00:00,PRCP,GHCND:USC00333292,"P,,6,",0
2488,1994-10-15T00:00:00,PRCP,GHCND:USC00333292,"P,,6,",0
2489,1994-10-16T00:00:00,PRCP,GHCND:USC00333292,"P,,6,",0
2490,1994-10-17T00:00:00,PRCP,GHCND:USC00333292,"P,,6,",0
2491,1994-10-18T00:00:00,PRCP,GHCND:USC00333292,"P,,6,",0
2492,1994-10-19T00:00:00,PRCP,GHCND:USC00333292,",,6,",69
2493,1994-10-20T00:00:00,PRCP,GHCND:USC00333292,",,6,",28
2494,1994-10-21T00:00:00,PRCP,GHCND:USC00333292,"P,,6,",0
2495,1994-10-22T00:00:00,PRCP,GHCND:USC00333292,"P,,6,",0
2496,1994-10-23T00:00:00,PRCP,GHCND:USC00333292,"P,,6,",0
2497,1994-10-24T00:00:00,PRCP,GHCND:USC00333292,"P,,6,",0
2498,1994-10-25T00:00:00,PRCP,GHCND:USC00333292,",,6,",33
2499,1994-10-26T00:00:00,PRCP,GHCND:USC00333292,"P,,6,",0
2500,1994-10-27T00:00:00,PRCP,GHCND:USC00333292,"P,,6,",0
2501,1994-10-28T00:00:00,PRCP,GHCND:USC00333292,"P,,6,",0
2502,1994-10-29T00:00:00,PRCP,GHCND:USC00333292,"P,,6,",0
2503,1994-10-30T00:00:00,PRCP,GHCND:USC00333292,"P,,6,",0
2504,1994-10-31T00:00:00,PRCP,GHCND:USC00333292,"P,,6,",0
2505,1994-11-01T00:00:00,PRCP,GHCND:USC00333292,",,6,",201
2506,1994-11-01T00:00:00,SNWD,GHCND:USC00333292,",,6,",0
2507,1994-11-01T00:00:00,WT03,GHCND:USC00333292,",,6,",1
2508,1994-11-02T00:00:00,PRCP,GHCND:USC00333292,",,6,",61
2509,1994-11-03T00:00:00,PRCP,GHCND:USC00333292,"P,,6,",0
2510,1994-11-04T00:00:00,PRCP,GHCND:USC00333292,",,6,",8
2511,1994-11-05T00:00:00,PRCP,GHCND:USC00333292,",,6,",48
2512,1994-11-06T00:00:00,PRCP,GHCND:USC00333292,",,6,",69
2513,1994-11-07T00:00:00,PRCP,GHCND:USC00333292,"P,,6,",0
2514,1994-11-08T00:00:00,PRCP,GHCND:USC00333292,"P,,6,",0
2515,1994-11-09T00:00:00,PRCP,GHCND:USC00333292,",,6,",84
2516,1994-11-10T00:00:00,PRCP,GHCND:USC00333292,",,6,",165
2517,1994-11-11T00:00:00,PRCP,GHCND:USC00333292,"P,,6,",0
2518,1994-11-12T00:00:00,PRCP,GHCND:USC00333292,"P,,6,",0
2519,1994-11-13T00:00:00,PRCP,GHCND:USC00333292,"P,,6,",0
2520,1994-11-14T00:00:00,PRCP,GHCND:USC00333292,"P,,6,",0
2521,1994-11-15T00:00:00,PRCP,GHCND:USC00333292,",,6,",3
2522,1994-11-16T00:00:00,PRCP,GHCND:USC00333292,"P,,6,",0
2523,1994-11-17T00:00:00,PRCP,GHCND:USC00333292,"P,,6,",0
2524,1994-11-18T00:00:00,PRCP,GHCND:USC00333292,"P,,6,",0
2525,1994-11-19T00:00:00,PRCP,GHCND:USC00333292,"P,,6,",0
2526,1994-11-20T00:00:00,PRCP,GHCND:USC00333292,"T,,6,",0
2527,1994-11-21T00:00:00,PRCP,GHCND:USC00333292,",,6,",3
2528,1994-11-22T00:00:00,PRCP,GHCND:USC00333292,"P,,6,",0
2529,1994-11-23T00:00:00,PRCP,GHCND:USC00333292,"P,,6,",0
2530,1994-11-24T00:00:00,PRCP,GHCND:USC00333292,"P,,6,",0
2531,1994-11-25T00:00:00,PRCP,GHCND:USC00333292,"P,,6,",0
2532,1994-11-26T00:00:00,PRCP,GHCND:USC00333292,"P,,6,",0
2533,1994-11-27T00:00:00,PRCP,GHCND:USC00333292,"P,,6,",0
2534,1994-11-28T00:00:00,PRCP,GHCND:USC00333292,",,6,",183
2535,1994-11-29T00:00:00,PRCP,GHCND:USC00333292,"P,,6,",0
2536,1994-11-30T00:00:00,PRCP,GHCND:USC00333292,"P,,6,",0
2537,1994-12-01T00:00:00,PRCP,GHCND:USC00333292,"P,,6,",0
2538,1994-12-01T00:00:00,SNOW,GHCND:USC00333292,",,6,",0
2539,1994-12-02T00:00:00,PRCP,GHCND:USC00333292,"P,,6,",0
2540,1994-12-02T00:00:00,SNOW,GHCND:USC00333292,",,6,",0
2541,1994-12-03T00:00:00,PRCP,GHCND:USC00333292,"P,,6,",0
2542,1994-12-03T00:00:00,SNOW,GHCND:USC00333292,",,6,",0
2543,1994-12-04T00:00:00,PRCP,GHCND:USC00333292,"P,,6,",0
2544,1994-12-04T00:00:00,SNOW,GHCND:USC00333292,",,6,",0
2545,1994-12-05T00:00:00,PRCP,GHCND:USC00333292,",,6,",71
2546,1994-12-05T00:00:00,SNOW,GHCND:USC00333292,",,6,",0
2547,1994-12-06T00:00:00,PRCP,GHCND:USC00333292,"P,,6,",0
2548,1994-12-06T00:00:00,SNOW,GHCND:USC00333292,",,6,",0
2549,1994-12-07T00:00:00,PRCP,GHCND:USC00333292,",,6,",254
2550,1994-12-07T00:00:00,SNOW,GHCND:USC00333292,",,6,",0
2551,1994-12-08T00:00:00,PRCP,GHCND:USC00333292,",,6,",30
2552,1994-12-08T00:00:00,SNOW,GHCND:USC00333292,",,6,",0
2553,1994-12-09T00:00:00,PRCP,GHCND:USC00333292,",,6,",15
2554,1994-12-09T00:00:00,SNOW,GHCND:USC00333292,",,6,",0
2555,1994-12-09T00:00:00,WT06,GHCND:USC00333292,",,6,",1
2556,1994-12-10T00:00:00,PRCP,GHCND:USC00333292,",,6,",56
2557,1994-12-10T00:00:00,SNOW,GHCND:USC00333292,",,6,",0
2558,1994-12-11T00:00:00,PRCP,GHCND:USC00333292,",,6,",81
2559,1994-12-11T00:00:00,SNOW,GHCND:USC00333292,",,6,",127
2560,1994-12-11T00:00:00,SNWD,GHCND:USC00333292,",,6,",127
2561,1994-12-12T00:00:00,PRCP,GHCND:USC00333292,"P,,6,",0
2562,1994-12-12T00:00:00,SNOW,GHCND:USC00333292,",,6,",0
2563,1994-12-12T00:00:00,SNWD,GHCND:USC00333292,",,6,",76
2564,1994-12-13T00:00:00,PRCP,GHCND:USC00333292,"P,,6,",0
2565,1994-12-13T00:00:00,SNOW,GHCND:USC00333292,",,6,",0
2566,1994-12-14T00:00:00,PRCP,GHCND:USC00333292,"P,,6,",0
2567,1994-12-14T00:00:00,SNOW,GHCND:USC00333292,",,6,",0
2568,1994-12-15T00:00:00,PRCP,GHCND:USC00333292,"P,,6,",0
2569,1994-12-15T00:00:00,SNOW,GHCND:USC00333292,",,6,",0
2570,1994-12-15T00:00:00,SNWD,GHCND:USC00333292,",,6,",51
2571,1994-12-16T00:00:00,PRCP,GHCND:USC00333292,"P,,6,",0
2572,1994-12-16T00:00:00,SNOW,GHCND:USC00333292,",,6,",0
2573,1994-12-17T00:00:00,PRCP,GHCND:USC00333292,",,6,",150
2574,1994-12-17T00:00:00,SNOW,GHCND:USC00333292,",,6,",0
2575,1994-12-17T00:00:00,SNWD,GHCND:USC00333292,",,6,",0
2576,1994-12-18T00:00:00,PRCP,GHCND:USC00333292,",,6,",8
2577,1994-12-18T00:00:00,SNOW,GHCND:USC00333292,",,6,",0
2578,1994-12-19T00:00:00,PRCP,GHCND:USC00333292,"P,,6,",0
2579,1994-12-19T00:00:00,SNOW,GHCND:USC00333292,",,6,",0
2580,1994-12-20T00:00:00,PRCP,GHCND:USC00333292,"P,,6,",0
2581,1994-12-20T00:00:00,SNOW,GHCND:USC00333292,",,6,",0
2582,1994-12-21T00:00:00,PRCP,GHCND:USC00333292,"P,,6,",0
2583,1994-12-21T00:00:00,SNOW,GHCND:USC00333292,",,6,",0
2584,1994-12-22T00:00:00,PRCP,GHCND:USC00333292,"P,,6,",0
2585,1994-12-22T00:00:00,SNOW,GHCND:USC00333292,",,6,",0
2586,1994-12-23T00:00:00,PRCP,GHCND:USC00333292,"P,,6,",0
2587,1994-12-23T00:00:00,SNOW,GHCND:USC00333292,",,6,",0
2588,1994-12-24T00:00:00,PRCP,GHCND:USC00333292,"P,,6,",0
2589,1994-12-24T00:00:00,SNOW,GHCND:USC00333292,",,6,",0
2590,1994-12-25T00:00:00,PRCP,GHCND:USC00333292,"P,,6,",0
2591,1994-12-25T00:00:00,SNOW,GHCND:USC00333292,",,6,",0
2592,1994-12-25T00:00:00,WT01,GHCND:USC00333292,",,6,",1
2593,1994-12-26T00:00:00,PRCP,GHCND:USC00333292,"P,,6,",0
2594,1994-12-26T00:00:00,SNOW,GHCND:USC00333292,",,6,",0
2595,1994-12-26T00:00:00,WT01,GHCND:USC00333292,",,6,",1
2596,1994-12-27T00:00:00,PRCP,GHCND:USC00333292,"P,,6,",0
2597,1994-12-27T00:00:00,SNOW,GHCND:USC00333292,",,6,",0
2598,1994-12-28T00:00:00,PRCP,GHCND:USC00333292,"P,,6,",0
2599,1994-12-28T00:00:00,SNOW,GHCND:USC00333292,",,6,",0
2600,1994-12-29T00:00:00,PRCP,GHCND:USC00333292,"P,,6,",0
2601,1994-12-29T00:00:00,SNOW,GHCND:USC00333292,",,6,",0
2602,1994-12-30T00:00:00,PRCP,GHCND:USC00333292,"P,,6,",0
2603,1994-12-30T00:00:00,SNOW,GHCND:USC00333292,",,6,",0
2604,1994-12-31T00:00:00,PRCP,GHCND:USC00333292,",,6,",3
2605,1994-12-31T00:00:00,SNOW,GHCND:USC00333292,",,6,",0
2606,2011-01-02T00:00:00,DAPR,GHCND:USC00333292,",,7,",2
2607,2011-01-02T00:00:00,MDPR,GHCND:USC00333292,",,7,",226
2608,2011-01-02T00:00:00,SNOW,GHCND:USC00333292,",,7,",0
2609,2011-01-02T00:00:00,SNWD,GHCND:USC00333292,",,7,",0
2610,2011-01-03T00:00:00,PRCP,GHCND:USC00333292,",,7,",0
2611,2011-01-03T00:00:00,SNOW,GHCND:USC00333292,",,7,",0
2612,2011-01-03T00:00:00,SNWD,GHCND:USC00333292,",,7,",0
2613,2011-01-04T00:00:00,PRCP,GHCND:USC00333292,",,7,",0
2614,2011-01-07T00:00:00,PRCP,GHCND:USC00333292,",,7,",23
2615,2011-01-07T00:00:00,SNOW,GHCND:USC00333292,",,7,",33
2616,2011-01-07T00:00:00,SNWD,GHCND:USC00333292,",,7,",25
2617,2011-01-08T00:00:00,PRCP,GHCND:USC00333292,"T,,7,",0
2618,2011-01-08T00:00:00,SNOW,GHCND:USC00333292,",,7,",25
2619,2011-01-08T00:00:00,SNWD,GHCND:USC00333292,",,7,",51
2620,2011-01-09T00:00:00,PRCP,GHCND:USC00333292,",,7,",10
2621,2011-01-09T00:00:00,SNOW,GHCND:USC00333292,",,7,",0
2622,2011-01-09T00:00:00,SNWD,GHCND:USC00333292,",,7,",51
2623,2011-01-10T00:00:00,PRCP,GHCND:USC00333292,",,7,",0
2624,2011-01-10T00:00:00,SNOW,GHCND:USC00333292,",,7,",0
2625,2011-01-10T00:00:00,SNWD,GHCND:USC00333292,",,7,",25
2626,2011-01-13T00:00:00,PRCP,GHCND:USC00333292,",,7,",91
2627,2011-01-13T00:00:00,SNOW,GHCND:USC00333292,",,7,",102
2628,2011-01-13T00:00:00,SNWD,GHCND:USC00333292,",,7,",127
2629,2011-01-14T00:00:00,PRCP,GHCND:USC00333292,"T,,7,",0
2630,2011-01-14T00:00:00,SNOW,GHCND:USC00333292,"T,,7,",0
2631,2011-01-14T00:00:00,SNWD,GHCND:USC00333292,",,7,",127
2632,2011-01-15T00:00:00,PRCP,GHCND:USC00333292,",,7,",178
2633,2011-01-16T00:00:00,PRCP,GHCND:USC00333292,"T,,7,",0
2634,2011-01-16T00:00:00,SNOW,GHCND:USC00333292,"T,,7,",0
2635,2011-01-16T00:00:00,SNWD,GHCND:USC00333292,",,7,",127
2636,2011-01-17T00:00:00,PRCP,GHCND:USC00333292,",,7,",0
2637,2011-01-17T00:00:00,SNOW,GHCND:USC00333292,",,7,",0
2638,2011-01-17T00:00:00,SNWD,GHCND:USC00333292,",,7,",102
2639,2011-01-18T00:00:00,PRCP,GHCND:USC00333292,",,7,",28
2640,2011-01-18T00:00:00,SNOW,GHCND:USC00333292,",,7,",0
2641,2011-01-18T00:00:00,SNWD,GHCND:USC00333292,",,7,",76
2642,2011-01-19T00:00:00,PRCP,GHCND:USC00333292,",,7,",25
2643,2011-01-19T00:00:00,SNOW,GHCND:USC00333292,",,7,",5
2644,2011-01-19T00:00:00,SNWD,GHCND:USC00333292,",,7,",51
2645,2011-01-20T00:00:00,PRCP,GHCND:USC00333292,"T,,7,",0
2646,2011-01-20T00:00:00,SNOW,GHCND:USC00333292,",,7,",0
2647,2011-01-20T00:00:00,SNWD,GHCND:USC00333292,",,7,",51
2648,2011-01-23T00:00:00,DAPR,GHCND:USC00333292,",,7,",3
2649,2011-01-23T00:00:00,MDPR,GHCND:USC00333292,",,7,",30
2650,2011-01-23T00:00:00,SNOW,GHCND:USC00333292,",,7,",46
2651,2011-01-23T00:00:00,SNWD,GHCND:USC00333292,",,7,",102
2652,2011-01-26T00:00:00,DAPR,GHCND:USC00333292,",,7,",3
2653,2011-01-26T00:00:00,MDPR,GHCND:USC00333292,",,7,",8
2654,2011-01-26T00:00:00,SNOW,GHCND:USC00333292,",,7,",13
2655,2011-01-26T00:00:00,SNWD,GHCND:USC00333292,",,7,",76
2656,2011-01-30T00:00:00,DAPR,GHCND:USC00333292,",,7,",5
2657,2011-01-30T00:00:00,MDPR,GHCND:USC00333292,",,7,",33
2658,2011-01-30T00:00:00,SNOW,GHCND:USC00333292,",,7,",81
2659,2011-01-30T00:00:00,SNWD,GHCND:USC00333292,",,7,",102
2660,2011-01-31T00:00:00,PRCP,GHCND:USC00333292,",,7,",0
2661,2011-01-31T00:00:00,SNOW,GHCND:USC00333292,",,7,",0
2662,2011-01-31T00:00:00,SNWD,GHCND:USC00333292,",,7,",102
2663,2011-02-01T00:00:00,PRCP,GHCND:USC00333292,",,7,",33
2664,2011-02-01T00:00:00,SNOW,GHCND:USC00333292,",,7,",79
2665,2011-02-01T00:00:00,SNWD,GHCND:USC00333292,",,7,",178
2666,2011-02-03T00:00:00,DAPR,GHCND:USC00333292,",,7,",2
2667,2011-02-03T00:00:00,MDPR,GHCND:USC00333292,",,7,",160
2668,2011-02-03T00:00:00,SNOW,GHCND:USC00333292,",,7,",102
2669,2011-02-03T00:00:00,SNWD,GHCND:USC00333292,",,7,",229
2670,2011-02-06T00:00:00,DAPR,GHCND:USC00333292,",,7,",2
2671,2011-02-06T00:00:00,MDPR,GHCND:USC00333292,",,7,",122
2672,2011-02-06T00:00:00,SNOW,GHCND:USC00333292,",,7,",152
2673,2011-02-06T00:00:00,SNWD,GHCND:USC00333292,",,7,",356
2674,2011-02-07T00:00:00,PRCP,GHCND:USC00333292,",,7,",10
2675,2011-02-07T00:00:00,SNOW,GHCND:USC00333292,",,7,",13
2676,2011-02-07T00:00:00,SNWD,GHCND:USC00333292,",,7,",356
2677,2011-02-08T00:00:00,PRCP,GHCND:USC00333292,"T,,7,",0
2678,2011-02-08T00:00:00,SNOW,GHCND:USC00333292,"T,,7,",0
2679,2011-02-08T00:00:00,SNWD,GHCND:USC00333292,",,7,",305
2680,2011-02-09T00:00:00,PRCP,GHCND:USC00333292,",,7,",0
2681,2011-02-09T00:00:00,SNOW,GHCND:USC00333292,",,7,",0
2682,2011-02-09T00:00:00,SNWD,GHCND:USC00333292,",,7,",305
2683,2011-02-10T00:00:00,PRCP,GHCND:USC00333292,",,7,",0
2684,2011-02-10T00:00:00,SNOW,GHCND:USC00333292,",,7,",0
2685,2011-02-10T00:00:00,SNWD,GHCND:USC00333292,",,7,",305
2686,2011-02-13T00:00:00,PRCP,GHCND:USC00333292,",,7,",0
2687,2011-02-13T00:00:00,SNOW,GHCND:USC00333292,",,7,",0
2688,2011-02-13T00:00:00,SNWD,GHCND:USC00333292,",,7,",279
2689,2011-02-14T00:00:00,PRCP,GHCND:USC00333292,",,7,",0
2690,2011-02-14T00:00:00,SNWD,GHCND:USC00333292,",,7,",203
2691,2011-02-15T00:00:00,PRCP,GHCND:USC00333292,",,7,",0
2692,2011-02-15T00:00:00,SNWD,GHCND:USC00333292,",,7,",0
2693,2011-02-16T00:00:00,PRCP,GHCND:USC00333292,",,7,",0
2694,2011-02-17T00:00:00,PRCP,GHCND:USC00333292,",,7,",0
2695,2011-02-17T00:00:00,SNOW,GHCND:USC00333292,",,7,",0
2696,2011-02-17T00:00:00,SNWD,GHCND:USC00333292,",,7,",127
2697,2011-02-18T00:00:00,PRCP,GHCND:USC00333292,",,7,",0
2698,2011-02-18T00:00:00,SNWD,GHCND:USC00333292,",,7,",0
2699,2011-02-20T00:00:00,PRCP,GHCND:USC00333292,",,7,",0
2700,2011-02-20T00:00:00,SNOW,GHCND:USC00333292,",,7,",0
2701,2011-02-20T00:00:00,SNWD,GHCND:USC00333292,",,7,",0
2702,2011-02-21T00:00:00,PRCP,GHCND:USC00333292,",,7,",206
2703,2011-02-22T00:00:00,PRCP,GHCND:USC00333292,",,7,",63
2704,2011-02-22T00:00:00,SNOW,GHCND:USC00333292,",,7,",102
2705,2011-02-22T00:00:00,SNWD,GHCND:USC00333292,",,7,",102
2706,2011-02-23T00:00:00,PRCP,GHCND:USC00333292,",,7,",0
2707,2011-02-23T00:00:00,SNWD,GHCND:USC00333292,",,7,",76
2708,2011-02-24T00:00:00,PRCP,GHCND:USC00333292,",,7,",41
2709,2011-02-24T00:00:00,SNOW,GHCND:USC00333292,",,7,",3
2710,2011-02-24T00:00:00,SNWD,GHCND:USC00333292,",,7,",51
2711,2011-02-27T00:00:00,DAPR,GHCND:USC00333292,",,7,",3
2712,2011-02-27T00:00:00,MDPR,GHCND:USC00333292,",,7,",69
2713,2011-02-27T00:00:00,SNOW,GHCND:USC00333292,"T,,7,",0
2714,2011-02-27T00:00:00,SNWD,GHCND:USC00333292,",,7,",76
2715,2011-02-28T00:00:00,PRCP,GHCND:USC00333292,",,7,",0
2716,2011-02-28T00:00:00,SNWD,GHCND:USC00333292,",,7,",25
2717,2011-03-01T00:00:00,PRCP,GHCND:USC00333292,",,7,",0
2718,2011-03-01T00:00:00,SNWD,GHCND:USC00333292,"T,,7,",0
2719,2011-03-02T00:00:00,PRCP,GHCND:USC00333292,",,7,",0
2720,2011-03-02T00:00:00,SNWD,GHCND:USC00333292,",,7,",0
2721,2011-03-03T00:00:00,PRCP,GHCND:USC00333292,",,7,",0
2722,2011-03-04T00:00:00,PRCP,GHCND:USC00333292,"T,,7,",0
2723,2011-03-05T00:00:00,PRCP,GHCND:USC00333292,",,7,",150
2724,2011-03-05T00:00:00,SNOW,GHCND:USC00333292,",,7,",0
2725,2011-03-05T00:00:00,SNWD,GHCND:USC00333292,",,7,",0
2726,2011-03-06T00:00:00,PRCP,GHCND:USC00333292,",,7,",117
2727,2011-03-06T00:00:00,SNOW,GHCND:USC00333292,",,7,",76
2728,2011-03-06T00:00:00,SNWD,GHCND:USC00333292,",,7,",76
2729,2011-03-07T00:00:00,PRCP,GHCND:USC00333292,",,7,",0
2730,2011-03-07T00:00:00,SNOW,GHCND:USC00333292,",,7,",0
2731,2011-03-07T00:00:00,SNWD,GHCND:USC00333292,",,7,",25
2732,2011-03-08T00:00:00,PRCP,GHCND:USC00333292,",,7,",0
2733,2011-03-08T00:00:00,SNWD,GHCND:USC00333292,",,7,",0
2734,2011-03-09T00:00:00,PRCP,GHCND:USC00333292,",,7,",81
2735,2011-03-09T00:00:00,SNOW,GHCND:USC00333292,",,7,",0
2736,2011-03-09T00:00:00,SNWD,GHCND:USC00333292,",,7,",0
2737,2011-03-10T00:00:00,PRCP,GHCND:USC00333292,",,7,",142
2738,2011-03-10T00:00:00,SNOW,GHCND:USC00333292,",,7,",0
2739,2011-03-10T00:00:00,SNWD,GHCND:USC00333292,",,7,",0
2740,2011-03-13T00:00:00,PRCP,GHCND:USC00333292,",,7,",0
2741,2011-03-13T00:00:00,SNOW,GHCND:USC00333292,",,7,",0
2742,2011-03-13T00:00:00,SNWD,GHCND:USC00333292,",,7,",0
2743,2011-03-15T00:00:00,PRCP,GHCND:USC00333292,",,7,",0
2744,2011-03-16T00:00:00,PRCP,GHCND:USC00333292,",,7,",89
2745,2011-03-17T00:00:00,PRCP,GHCND:USC00333292,",,7,",0
2746,2011-03-18T00:00:00,PRCP,GHCND:USC00333292,",,7,",0
2747,2011-03-19T00:00:00,PRCP,GHCND:USC00333292,",,7,",0
2748,2011-03-20T00:00:00,PRCP,GHCND:USC00333292,",,7,",0
2749,2011-03-20T00:00:00,SNOW,GHCND:USC00333292,",,7,",0
2750,2011-03-20T00:00:00,SNWD,GHCND:USC00333292,",,7,",0
2751,2011-03-21T00:00:00,PRCP,GHCND:USC00333292,",,7,",33
2752,2011-03-25T00:00:00,PRCP,GHCND:USC00333292,",,7,",0
2753,2011-03-26T00:00:00,PRCP,GHCND:USC00333292,",,7,",0
2754,2011-03-27T00:00:00,PRCP,GHCND:USC00333292,",,7,",0
2755,2011-03-27T00:00:00,SNOW,GHCND:USC00333292,",,7,",0
2756,2011-03-27T00:00:00,SNWD,GHCND:USC00333292,",,7,",0
2757,2011-03-28T00:00:00,PRCP,GHCND:USC00333292,",,7,",0
2758,2011-03-29T00:00:00,PRCP,GHCND:USC00333292,",,7,",0
2759,2011-03-30T00:00:00,PRCP,GHCND:USC00333292,",,7,",0
2760,2011-03-31T00:00:00,PRCP,GHCND:USC00333292,",,7,",0
2761,2011-04-01T00:00:00,PRCP,GHCND:USC00333292,",,7,",0
2762,2011-04-02T00:00:00,PRCP,GHCND:USC00333292,"T,,7,",0
2763,2011-04-03T00:00:00,PRCP,GHCND:USC00333292,",,7,",0
2764,2011-04-04T00:00:00,PRCP,GHCND:USC00333292,",,7,",41
2765,2011-04-05T00:00:00,PRCP,GHCND:USC00333292,",,7,",127
2766,2011-04-08T00:00:00,PRCP,GHCND:USC00333292,",,7,",279
2767,2011-04-09T00:00:00,PRCP,GHCND:USC00333292,",,7,",0
2768,2011-04-11T00:00:00,PRCP,GHCND:USC00333292,",,7,",15
2769,2011-04-12T00:00:00,PRCP,GHCND:USC00333292,",,7,",0
2770,2011-04-13T00:00:00,PRCP,GHCND:USC00333292,",,7,",0
2771,2011-04-14T00:00:00,PRCP,GHCND:USC00333292,",,7,",0
2772,2011-04-15T00:00:00,PRCP,GHCND:USC00333292,",,7,",0
2773,2011-04-16T00:00:00,PRCP,GHCND:USC00333292,",,7,",51
2774,2011-04-17T00:00:00,PRCP,GHCND:USC00333292,",,7,",8
2775,2011-04-18T00:00:00,PRCP,GHCND:USC00333292,",,7,",23
2776,2011-04-19T00:00:00,PRCP,GHCND:USC00333292,",,7,",137
2777,2011-04-20T00:00:00,PRCP,GHCND:USC00333292,",,7,",257
2778,2011-04-21T00:00:00,PRCP,GHCND:USC00333292,",,7,",0
2779,2011-04-22T00:00:00,PRCP,GHCND:USC00333292,",,7,",15
2780,2011-04-23T00:00:00,PRCP,GHCND:USC00333292,",,7,",244
2781,2011-04-24T00:00:00,PRCP,GHCND:USC00333292,",,7,",10
2782,2011-04-25T00:00:00,PRCP,GHCND:USC00333292,",,7,",107
2783,2011-04-26T00:00:00,PRCP,GHCND:USC00333292,",,7,",157
2784,2011-04-27T00:00:00,PRCP,GHCND:USC00333292,",,7,",63
2785,2011-04-28T00:00:00,PRCP,GHCND:USC00333292,",,7,",124
2786,2011-04-29T00:00:00,PRCP,GHCND:USC00333292,"T,,7,",0
2787,2011-04-30T00:00:00,PRCP,GHCND:USC00333292,",,7,",0
2788,2011-05-01T00:00:00,PRCP,GHCND:USC00333292,",,7,",33
2789,2011-05-02T00:00:00,PRCP,GHCND:USC00333292,",,7,",5
2790,2011-05-03T00:00:00,PRCP,GHCND:USC00333292,",,7,",122
2791,2011-05-04T00:00:00,PRCP,GHCND:USC00333292,",,7,",13
2792,2011-05-05T00:00:00,PRCP,GHCND:USC00333292,",,7,",0
2793,2011-05-06T00:00:00,PRCP,GHCND:USC00333292,",,7,",5
2794,2011-05-07T00:00:00,PRCP,GHCND:USC00333292,",,7,",3
2795,2011-05-08T00:00:00,PRCP,GHCND:USC00333292,",,7,",0
2796,2011-05-09T00:00:00,PRCP,GHCND:USC00333292,",,7,",0
2797,2011-05-10T00:00:00,PRCP,GHCND:USC00333292,",,7,",81
2798,2011-05-15T00:00:00,PRCP,GHCND:USC00333292,",,7,",348
2799,2011-05-16T00:00:00,PRCP,GHCND:USC00333292,",,7,",76
2800,2011-05-17T00:00:00,PRCP,GHCND:USC00333292,",,7,",8
2801,2011-05-18T00:00:00,PRCP,GHCND:USC00333292,",,7,",56
2802,2011-05-19T00:00:00,PRCP,GHCND:USC00333292,",,7,",91
2803,2011-05-22T00:00:00,PRCP,GHCND:USC00333292,",,7,",0
2804,2011-05-23T00:00:00,PRCP,GHCND:USC00333292,",,7,",48
2805,2011-05-29T00:00:00,PRCP,GHCND:USC00333292,",,7,",94
2806,2011-06-05T00:00:00,PRCP,GHCND:USC00333292,",,7,",0
2807,2011-06-06T00:00:00,PRCP,GHCND:USC00333292,",,7,",0
2808,2011-06-19T00:00:00,PRCP,GHCND:USC00333292,",,7,",0
2809,2011-06-27T00:00:00,PRCP,GHCND:USC00333292,",,7,",0
2810,2011-06-28T00:00:00,PRCP,GHCND:USC00333292,",,7,",18
2811,2011-07-24T00:00:00,PRCP,GHCND:USC00333292,",,7,",297
2812,2011-08-07T00:00:00,PRCP,GHCND:USC00333292,",,7,",414
2813,2011-08-08T00:00:00,PRCP,GHCND:USC00333292,",,7,",109
2814,2011-08-21T00:00:00,PRCP,GHCND:USC00333292,",,7,",10
2815,2011-08-22T00:00:00,PRCP,GHCND:USC00333292,",,7,",46
2816,2011-08-28T00:00:00,PRCP,GHCND:USC00333292,",,7,",0
2817,2011-09-03T00:00:00,PRCP,GHCND:USC00333292,",,7,",0
2818,2011-09-10T00:00:00,PRCP,GHCND:USC00333292,"T,,7,",0
2819,2011-09-11T00:00:00,PRCP,GHCND:USC00333292,",,7,",3
2820,2011-09-15T00:00:00,PRCP,GHCND:USC00333292,",,7,",33
2821,2011-09-23T00:00:00,PRCP,GHCND:USC00333292,",,7,",147
2822,2011-09-25T00:00:00,PRCP,GHCND:USC00333292,",,7,",3
2823,2011-09-26T00:00:00,PRCP,GHCND:USC00333292,",,7,",279
2824,2011-10-02T00:00:00,PRCP,GHCND:USC00333292,",,7,",0
2825,2011-10-04T00:00:00,PRCP,GHCND:USC00333292,",,7,",0
2826,2011-10-06T00:00:00,PRCP,GHCND:USC00333292,",,7,",0
2827,2011-10-08T00:00:00,PRCP,GHCND:USC00333292,",,7,",0
2828,2011-10-21T00:00:00,PRCP,GHCND:USC00333292,",,7,",38
2829,2011-10-22T00:00:00,PRCP,GHCND:USC00333292,",,7,",0
2830,2011-10-23T00:00:00,PRCP,GHCND:USC00333292,",,7,",0
2831,2011-10-28T00:00:00,PRCP,GHCND:USC00333292,",,7,",0
2832,2011-10-29T00:00:00,PRCP,GHCND:USC00333292,",,7,",0
2833,2011-11-06T00:00:00,PRCP,GHCND:USC00333292,",,7,",0
2834,2011-11-07T00:00:00,PRCP,GHCND:USC00333292,",,7,",0
2835,2011-11-13T00:00:00,PRCP,GHCND:USC00333292,",,7,",0
2836,2011-11-14T00:00:00,PRCP,GHCND:USC00333292,",,7,",0
2837,2011-11-20T00:00:00,PRCP,GHCND:USC00333292,",,7,",3
2838,2011-11-21T00:00:00,PRCP,GHCND:USC00333292,",,7,",25
2839,2011-11-29T00:00:00,PRCP,GHCND:USC00333292,",,7,",422
2840,2011-12-04T00:00:00,PRCP,GHCND:USC00333292,",,7,",58
2841,2011-12-06T00:00:00,PRCP,GHCND:USC00333292,",,7,",135
2842,2011-12-11T00:00:00,PRCP,GHCND:USC00333292,",,7,",0
2843,2011-12-11T00:00:00,SNOW,GHCND:USC00333292,",,7,",0
2844,2011-12-11T00:00:00,SNWD,GHCND:USC00333292,",,7,",0
2845,2011-12-14T00:00:00,PRCP,GHCND:USC00333292,",,7,",46
2846,2011-12-15T00:00:00,PRCP,GHCND:USC00333292,",,7,",102
2847,2011-12-16T00:00:00,PRCP,GHCND:USC00333292,",,7,",0
2848,2011-12-18T00:00:00,PRCP,GHCND:USC00333292,",,7,",15
2849,2011-12-18T00:00:00,SNOW,GHCND:USC00333292,"T,,7,",0
2850,2011-12-18T00:00:00,SNWD,GHCND:USC00333292,"T,,7,",0
2851,2011-12-19T00:00:00,PRCP,GHCND:USC00333292,",,7,",0
2852,2011-12-19T00:00:00,SNOW,GHCND:USC00333292,",,7,",0
2853,2011-12-19T00:00:00,SNWD,GHCND:USC00333292,",,7,",0
2854,2011-12-20T00:00:00,PRCP,GHCND:USC00333292,",,7,",5
2855,2011-12-20T00:00:00,SNOW,GHCND:USC00333292,",,7,",0
2856,2011-12-20T00:00:00,SNWD,GHCND:USC00333292,",,7,",0
2857,2011-12-21T00:00:00,PRCP,GHCND:USC00333292,",,7,",114
2858,2011-12-21T00:00:00,SNOW,GHCND:USC00333292,",,7,",0
2859,2011-12-21T00:00:00,SNWD,GHCND:USC00333292,",,7,",0
2860,2011-12-25T00:00:00,PRCP,GHCND:USC00333292,",,7,",0
2861,2011-12-26T00:00:00,PRCP,GHCND:USC00333292,",,7,",0
2862,2011-12-26T00:00:00,SNOW,GHCND:USC00333292,",,7,",0
2863,2011-12-26T00:00:00,SNWD,GHCND:USC00333292,",,7,",0
2864,2011-12-27T00:00:00,PRCP,GHCND:USC00333292,",,7,",23
2865,2011-12-27T00:00:00,SNOW,GHCND:USC00333292,",,7,",0
2866,2011-12-27T00:00:00,SNWD,GHCND:USC00333292,",,7,",0
2867,2011-12-28T00:00:00,PRCP,GHCND:USC00333292,",,7,",48
2868,2011-12-28T00:00:00,SNOW,GHCND:USC00333292,",,7,",0
2869,2011-12-28T00:00:00,SNWD,GHCND:USC00333292,",,7,",0
2870,2011-12-29T00:00:00,PRCP,GHCND:USC00333292,",,7,",0
2871,2011-12-29T00:00:00,SNOW,GHCND:USC00333292,",,7,",0
2872,2011-12-29T00:00:00,SNWD,GHCND:USC00333292,",,7,",0
2873,2012-01-02T00:00:00,PRCP,GHCND:USC00333292,",,7,",63
2874,2012-01-02T00:00:00,SNOW,GHCND:USC00333292,"T,,7,",0
2875,2012-01-02T00:00:00,SNWD,GHCND:USC00333292,"T,,7,",0
2876,2012-01-04T00:00:00,PRCP,GHCND:USC00333292,",,7,",0
2877,2012-01-04T00:00:00,SNOW,GHCND:USC00333292,",,7,",0
2878,2012-01-04T00:00:00,SNWD,GHCND:USC00333292,"T,,7,",0
2879,2012-01-05T00:00:00,PRCP,GHCND:USC00333292,",,7,",0
2880,2012-01-05T00:00:00,SNOW,GHCND:USC00333292,",,7,",0
2881,2012-01-05T00:00:00,SNWD,GHCND:USC00333292,"T,,7,",0
2882,2012-01-07T00:00:00,PRCP,GHCND:USC00333292,",,7,",0
2883,2012-01-07T00:00:00,SNOW,GHCND:USC00333292,",,7,",0
2884,2012-01-07T00:00:00,SNWD,GHCND:USC00333292,",,7,",0
2885,2012-01-09T00:00:00,PRCP,GHCND:USC00333292,",,7,",0
2886,2012-01-09T00:00:00,SNOW,GHCND:USC00333292,",,7,",0
2887,2012-01-09T00:00:00,SNWD,GHCND:USC00333292,",,7,",0
2888,2012-01-10T00:00:00,PRCP,GHCND:USC00333292,",,7,",0
2889,2012-01-10T00:00:00,SNOW,GHCND:USC00333292,",,7,",0
2890,2012-01-10T00:00:00,SNWD,GHCND:USC00333292,",,7,",0
2891,2012-01-11T00:00:00,PRCP,GHCND:USC00333292,",,7,",0
2892,2012-01-11T00:00:00,SNOW,GHCND:USC00333292,",,7,",0
2893,2012-01-11T00:00:00,SNWD,GHCND:USC00333292,",,7,",0
2894,2012-01-12T00:00:00,PRCP,GHCND:USC00333292,",,7,",63
2895,2012-01-12T00:00:00,SNOW,GHCND:USC00333292,",,7,",0
2896,2012-01-12T00:00:00,SNWD,GHCND:USC00333292,",,7,",0
2897,2012-01-16T00:00:00,PRCP,GHCND:USC00333292,",,7,",0
2898,2012-01-16T00:00:00,SNOW,GHCND:USC00333292,",,7,",0
2899,2012-01-16T00:00:00,SNWD,GHCND:USC00333292,",,7,",25
2900,2012-01-17T00:00:00,PRCP,GHCND:USC00333292,",,7,",170
2901,2012-01-17T00:00:00,SNOW,GHCND:USC00333292,",,7,",0
2902,2012-01-17T00:00:00,SNWD,GHCND:USC00333292,",,7,",0
2903,2012-01-18T00:00:00,PRCP,GHCND:USC00333292,",,7,",0
2904,2012-01-18T00:00:00,SNOW,GHCND:USC00333292,",,7,",0
2905,2012-01-18T00:00:00,SNWD,GHCND:USC00333292,",,7,",0
2906,2012-01-19T00:00:00,PRCP,GHCND:USC00333292,"T,,7,",0
2907,2012-01-19T00:00:00,SNOW,GHCND:USC00333292,"T,,7,",0
2908,2012-01-19T00:00:00,SNWD,GHCND:USC00333292,"T,,7,",0
2909,2012-01-22T00:00:00,PRCP,GHCND:USC00333292,",,7,",0
2910,2012-01-22T00:00:00,SNOW,GHCND:USC00333292,",,7,",0
2911,2012-01-22T00:00:00,SNWD,GHCND:USC00333292,",,7,",76
2912,2012-01-23T00:00:00,PRCP,GHCND:USC00333292,",,7,",99
2913,2012-01-23T00:00:00,SNOW,GHCND:USC00333292,",,7,",0
2914,2012-01-23T00:00:00,SNWD,GHCND:USC00333292,",,7,",0
2915,2012-01-24T00:00:00,PRCP,GHCND:USC00333292,",,7,",8
2916,2012-01-24T00:00:00,SNOW,GHCND:USC00333292,",,7,",0
2917,2012-01-24T00:00:00,SNWD,GHCND:USC00333292,",,7,",0
2918,2012-01-25T00:00:00,PRCP,GHCND:USC00333292,",,7,",0
2919,2012-01-25T00:00:00,SNOW,GHCND:USC00333292,",,7,",0
2920,2012-01-25T00:00:00,SNWD,GHCND:USC00333292,",,7,",0
2921,2012-01-26T00:00:00,PRCP,GHCND:USC00333292,",,7,",5
2922,2012-01-26T00:00:00,SNOW,GHCND:USC00333292,"T,,7,",0
2923,2012-01-26T00:00:00,SNWD,GHCND:USC00333292,"T,,7,",0
2924,2012-01-29T00:00:00,PRCP,GHCND:USC00333292,",,7,",99
2925,2012-01-29T00:00:00,SNOW,GHCND:USC00333292,",,7,",0
2926,2012-01-29T00:00:00,SNWD,GHCND:USC00333292,",,7,",0
2927,2012-01-30T00:00:00,PRCP,GHCND:USC00333292,"T,,7,",0
2928,2012-01-30T00:00:00,SNOW,GHCND:USC00333292,"T,,7,",0
2929,2012-01-30T00:00:00,SNWD,GHCND:USC00333292,"T,,7,",0
2930,2012-01-31T00:00:00,PRCP,GHCND:USC00333292,",,7,",0
2931,2012-01-31T00:00:00,SNOW,GHCND:USC00333292,",,7,",0
2932,2012-01-31T00:00:00,SNWD,GHCND:USC00333292,",,7,",0
2933,2012-02-01T00:00:00,PRCP,GHCND:USC00333292,",,7,",10
2934,2012-02-01T00:00:00,SNOW,GHCND:USC00333292,",,7,",0
2935,2012-02-01T00:00:00,SNWD,GHCND:USC00333292,",,7,",0
2936,2012-02-02T00:00:00,PRCP,GHCND:USC00333292,",,7,",0
2937,2012-02-02T00:00:00,SNOW,GHCND:USC00333292,",,7,",0
2938,2012-02-02T00:00:00,SNWD,GHCND:USC00333292,",,7,",0
2939,2012-02-05T00:00:00,DAPR,GHCND:USC00333292,",,7,",3
2940,2012-02-05T00:00:00,MDPR,GHCND:USC00333292,",,7,",25
2941,2012-02-05T00:00:00,SNOW,GHCND:USC00333292,",,7,",0
2942,2012-02-05T00:00:00,SNWD,GHCND:USC00333292,",,7,",0
2943,2012-02-06T00:00:00,PRCP,GHCND:USC00333292,",,7,",0
2944,2012-02-06T00:00:00,SNOW,GHCND:USC00333292,",,7,",0
2945,2012-02-06T00:00:00,SNWD,GHCND:USC00333292,",,7,",0
2946,2012-02-07T00:00:00,PRCP,GHCND:USC00333292,",,7,",0
2947,2012-02-07T00:00:00,SNOW,GHCND:USC00333292,",,7,",0
2948,2012-02-07T00:00:00,SNWD,GHCND:USC00333292,",,7,",0
2949,2012-02-12T00:00:00,DAPR,GHCND:USC00333292,",,7,",2
2950,2012-02-12T00:00:00,MDPR,GHCND:USC00333292,",,7,",18
2951,2012-02-12T00:00:00,SNOW,GHCND:USC00333292,",,7,",0
2952,2012-02-12T00:00:00,SNWD,GHCND:USC00333292,",,7,",25
2953,2012-02-13T00:00:00,PRCP,GHCND:USC00333292,",,7,",0
2954,2012-02-13T00:00:00,SNOW,GHCND:USC00333292,",,7,",0
2955,2012-02-13T00:00:00,SNWD,GHCND:USC00333292,",,7,",25
2956,2012-02-14T00:00:00,PRCP,GHCND:USC00333292,",,7,",28
2957,2012-02-14T00:00:00,SNOW,GHCND:USC00333292,",,7,",38
2958,2012-02-14T00:00:00,SNWD,GHCND:USC00333292,",,7,",51
2959,2012-02-15T00:00:00,PRCP,GHCND:USC00333292,"T,,7,",0
2960,2012-02-15T00:00:00,SNOW,GHCND:USC00333292,"T,,7,",0
2961,2012-02-15T00:00:00,SNWD,GHCND:USC00333292,",,7,",51
2962,2012-02-19T00:00:00,PRCP,GHCND:USC00333292,",,7,",0
2963,2012-02-19T00:00:00,SNOW,GHCND:USC00333292,",,7,",0
2964,2012-02-19T00:00:00,SNWD,GHCND:USC00333292,",,7,",0
2965,2012-02-21T00:00:00,PRCP,GHCND:USC00333292,",,7,",0
2966,2012-02-21T00:00:00,SNOW,GHCND:USC00333292,",,7,",0
2967,2012-02-21T00:00:00,SNWD,GHCND:USC00333292,",,7,",0
2968,2012-02-22T00:00:00,PRCP,GHCND:USC00333292,",,7,",33
2969,2012-02-22T00:00:00,SNOW,GHCND:USC00333292,",,7,",0
2970,2012-02-22T00:00:00,SNWD,GHCND:USC00333292,",,7,",0
2971,2012-02-26T00:00:00,PRCP,GHCND:USC00333292,"T,,7,",0
2972,2012-02-26T00:00:00,SNOW,GHCND:USC00333292,",,7,",0
2973,2012-02-26T00:00:00,SNWD,GHCND:USC00333292,",,7,",0
2974,2012-02-27T00:00:00,PRCP,GHCND:USC00333292,",,7,",0
2975,2012-02-27T00:00:00,SNOW,GHCND:USC00333292,",,7,",0
2976,2012-02-27T00:00:00,SNWD,GHCND:USC00333292,",,7,",0
2977,2012-02-28T00:00:00,PRCP,GHCND:USC00333292,",,7,",0
2978,2012-02-28T00:00:00,SNOW,GHCND:USC00333292,",,7,",0
2979,2012-02-28T00:00:00,SNWD,GHCND:USC00333292,",,7,",0
2980,2012-02-29T00:00:00,PRCP,GHCND:USC00333292,",,7,",193
2981,2012-02-29T00:00:00,SNOW,GHCND:USC00333292,",,7,",0
2982,2012-02-29T00:00:00,SNWD,GHCND:USC00333292,",,7,",0
2983,2012-03-01T00:00:00,PRCP,GHCND:USC00333292,",,7,",0
2984,2012-03-01T00:00:00,SNOW,GHCND:USC00333292,",,7,",0
2985,2012-03-01T00:00:00,SNWD,GHCND:USC00333292,",,7,",0
2986,2012-03-04T00:00:00,DAPR,GHCND:USC00333292,",,7,",2
2987,2012-03-04T00:00:00,MDPR,GHCND:USC00333292,",,7,",157
2988,2012-03-04T00:00:00,SNOW,GHCND:USC00333292,",,7,",0
2989,2012-03-04T00:00:00,SNWD,GHCND:USC00333292,",,7,",0
2990,2012-03-05T00:00:00,PRCP,GHCND:USC00333292,",,7,",36
2991,2012-03-05T00:00:00,SNOW,GHCND:USC00333292,",,7,",38
2992,2012-03-05T00:00:00,SNWD,GHCND:USC00333292,",,7,",25
2993,2012-03-06T00:00:00,PRCP,GHCND:USC00333292,",,7,",0
2994,2012-03-06T00:00:00,SNOW,GHCND:USC00333292,",,7,",0
2995,2012-03-06T00:00:00,SNWD,GHCND:USC00333292,",,7,",0
2996,2012-03-08T00:00:00,PRCP,GHCND:USC00333292,"T,,7,",0
2997,2012-03-08T00:00:00,SNOW,GHCND:USC00333292,",,7,",0
2998,2012-03-08T00:00:00,SNWD,GHCND:USC00333292,",,7,",0
2999,2012-03-11T00:00:00,PRCP,GHCND:USC00333292,",,7,",0
3000,2012-03-11T00:00:00,SNOW,GHCND:USC00333292,",,7,",0
3001,2012-03-11T00:00:00,SNWD,GHCND:USC00333292,",,7,",0
3002,2012-03-18T00:00:00,PRCP,GHCND:USC00333292,",,7,",66
3003,2012-03-18T00:00:00,SNOW,GHCND:USC00333292,",,7,",0
3004,2012-03-18T00:00:00,SNWD,GHCND:USC00333292,",,7,",0
3005,2012-04-08T00:00:00,PRCP,GHCND:USC00333292,",,7,",0
3006,2012-04-08T00:00:00,SNOW,GHCND:USC00333292,",,7,",0
3007,2012-04-08T00:00:00,SNWD,GHCND:USC00333292,",,7,",0
3008,2012-04-09T00:00:00,PRCP,GHCND:USC00333292,",,7,",8
3009,2012-04-09T00:00:00,SNOW,GHCND:USC00333292,",,7,",0
3010,2012-04-09T00:00:00,SNWD,GHCND:USC00333292,",,7,",0
3011,2012-04-15T00:00:00,PRCP,GHCND:USC00333292,",,7,",81
3012,2012-04-16T00:00:00,PRCP,GHCND:USC00333292,",,7,",3
3013,2012-04-22T00:00:00,PRCP,GHCND:USC00333292,",,7,",0
3014,2012-06-05T00:00:00,PRCP,GHCND:USC00333292,",,7,",10
3015,2012-06-06T00:00:00,PRCP,GHCND:USC00333292,",,7,",15
3016,2012-09-08T00:00:00,PRCP,GHCND:USC00333292,",,7,",191
3017,2012-09-18T00:00:00,PRCP,GHCND:USC00333292,",,7,",191
3018,2012-09-19T00:00:00,PRCP,GHCND:USC00333292,",,7,",0
3019,2012-09-20T00:00:00,PRCP,GHCND:USC00333292,",,7,",0
3020,2012-09-21T00:00:00,PRCP,GHCND:USC00333292,",,7,",0
3021,2012-09-22T00:00:00,PRCP,GHCND:USC00333292,",,7,",94
3022,2012-09-26T00:00:00,PRCP,GHCND:USC00333292,",,7,",130
3023,2012-10-30T00:00:00,PRCP,GHCND:USC00333292,",L,7,",135
3024,2012-11-16T00:00:00,DAPR,GHCND:USC00333292,",L,7,",25
3025,2012-11-16T00:00:00,MDPR,GHCND:USC00333292,",L,7,",239
3026,2012-11-17T00:00:00,PRCP,GHCND:USC00333292,",,7,",0
3027,2012-11-17T00:00:00,SNOW,GHCND:USC00333292,",,7,",0
3028,2012-11-17T00:00:00,SNWD,GHCND:USC00333292,",,7,",0
3029,2012-12-03T00:00:00,PRCP,GHCND:USC00333292,",,7,",33
3030,2012-12-04T00:00:00,PRCP,GHCND:USC00333292,",,7,",5
3031,2012-12-09T00:00:00,DAPR,GHCND:USC00333292,",,7,",5
3032,2012-12-09T00:00:00,MDPR,GHCND:USC00333292,",,7,",53
3033,2012-12-10T00:00:00,PRCP,GHCND:USC00333292,",,7,",53
3034,2012-12-18T00:00:00,DAPR,GHCND:USC00333292,",,7,",8
3035,2012-12-18T00:00:00,MDPR,GHCND:USC00333292,",,7,",33
3036,2012-12-19T00:00:00,PRCP,GHCND:USC00333292,",,7,",8
3037,2012-12-23T00:00:00,DAPR,GHCND:USC00333292,",,7,",4
3038,2012-12-23T00:00:00,MDPR,GHCND:USC00333292,",,7,",69
3039,2012-12-27T00:00:00,PRCP,GHCND:USC00333292,",,7,",38
3040,2012-12-27T00:00:00,SNOW,GHCND:USC00333292,",,7,",25
3041,2012-12-27T00:00:00,SNWD,GHCND:USC00333292,",,7,",25
3042,2012-12-30T00:00:00,DAPR,GHCND:USC00333292,",,7,",3
3043,2012-12-30T00:00:00,MDPR,GHCND:USC00333292,",,7,",36
3044,2012-12-30T00:00:00,SNOW,GHCND:USC00333292,",,7,",89
3045,2012-12-30T00:00:00,SNWD,GHCND:USC00333292,",,7,",102
3046,2012-12-31T00:00:00,PRCP,GHCND:USC00333292,",,7,",0
3047,2012-12-31T00:00:00,SNOW,GHCND:USC00333292,",,7,",0
3048,2012-12-31T00:00:00,SNWD,GHCND:USC00333292,",,7,",102
3049,2013-01-01T00:00:00,PRCP,GHCND:USC00333292,",,7,",10
3050,2013-01-01T00:00:00,SNOW,GHCND:USC00333292,",,7,",8
3051,2013-01-01T00:00:00,SNWD,GHCND:USC00333292,",,7,",76
3052,2013-01-02T00:00:00,PRCP,GHCND:USC00333292,",,7,",0
3053,2013-01-03T00:00:00,PRCP,GHCND:USC00333292,",,7,",0
3054,2013-01-03T00:00:00,SNOW,GHCND:USC00333292,",,7,",0
3055,2013-01-03T00:00:00,SNWD,GHCND:USC00333292,",,7,",76
3056,2013-01-04T00:00:00,PRCP,GHCND:USC00333292,",,7,",0
3057,2013-01-05T00:00:00,PRCP,GHCND:USC00333292,",,7,",0
3058,2013-01-06T00:00:00,PRCP,GHCND:USC00333292,",,7,",0
3059,2013-01-06T00:00:00,SNOW,GHCND:USC00333292,",,7,",0
3060,2013-01-06T00:00:00,SNWD,GHCND:USC00333292,",,7,",76
3061,2013-01-07T00:00:00,PRCP,GHCND:USC00333292,",,7,",0
3062,2013-01-08T00:00:00,PRCP,GHCND:USC00333292,",,7,",0
3063,2013-01-09T00:00:00,PRCP,GHCND:USC00333292,",,7,",0
3064,2013-01-10T00:00:00,PRCP,GHCND:USC00333292,",,7,",0
3065,2013-01-10T00:00:00,SNOW,GHCND:USC00333292,",,7,",0
3066,2013-01-10T00:00:00,SNWD,GHCND:USC00333292,",,7,",0
3067,2013-01-11T00:00:00,PRCP,GHCND:USC00333292,",,7,",0
3068,2013-01-12T00:00:00,PRCP,GHCND:USC00333292,",,7,",0
3069,2013-01-13T00:00:00,PRCP,GHCND:USC00333292,",,7,",0
3070,2013-01-15T00:00:00,DAPR,GHCND:USC00333292,",,7,",2
3071,2013-01-15T00:00:00,MDPR,GHCND:USC00333292,",,7,",74
3072,2013-01-15T00:00:00,SNOW,GHCND:USC00333292,",,7,",0
3073,2013-01-15T00:00:00,SNWD,GHCND:USC00333292,",,7,",0
3074,2013-01-16T00:00:00,PRCP,GHCND:USC00333292,",,7,",0
3075,2013-01-16T00:00:00,SNOW,GHCND:USC00333292,",,7,",0
3076,2013-01-16T00:00:00,SNWD,GHCND:USC00333292,",,7,",0
3077,2013-01-17T00:00:00,PRCP,GHCND:USC00333292,",,7,",0
3078,2013-01-17T00:00:00,SNOW,GHCND:USC00333292,",,7,",0
3079,2013-01-17T00:00:00,SNWD,GHCND:USC00333292,",,7,",0
3080,2013-01-20T00:00:00,DAPR,GHCND:USC00333292,",,7,",3
3081,2013-01-20T00:00:00,MDPR,GHCND:USC00333292,",,7,",0
3082,2013-01-20T00:00:00,SNOW,GHCND:USC00333292,",,7,",0
3083,2013-01-20T00:00:00,SNWD,GHCND:USC00333292,",,7,",0
3084,2013-01-27T00:00:00,DAPR,GHCND:USC00333292,",,7,",7
3085,2013-01-27T00:00:00,MDPR,GHCND:USC00333292,",,7,",43
3086,2013-01-27T00:00:00,SNOW,GHCND:USC00333292,",,7,",51
3087,2013-01-27T00:00:00,SNWD,GHCND:USC00333292,",,7,",51
3088,2013-01-28T00:00:00,PRCP,GHCND:USC00333292,",,7,",48
3089,2013-01-28T00:00:00,SNOW,GHCND:USC00333292,",,7,",0
3090,2013-01-28T00:00:00,SNWD,GHCND:USC00333292,",,7,",0
3091,2013-01-29T00:00:00,PRCP,GHCND:USC00333292,",,7,",15
3092,2013-01-29T00:00:00,SNOW,GHCND:USC00333292,",,7,",0
3093,2013-01-29T00:00:00,SNWD,GHCND:USC00333292,",,7,",0
3094,2013-01-30T00:00:00,PRCP,GHCND:USC00333292,",,7,",56
3095,2013-01-30T00:00:00,SNOW,GHCND:USC00333292,",,7,",0
3096,2013-01-30T00:00:00,SNWD,GHCND:USC00333292,",,7,",0
3097,2013-01-31T00:00:00,PRCP,GHCND:USC00333292,",,7,",20
3098,2013-01-31T00:00:00,SNOW,GHCND:USC00333292,"T,,7,",0
3099,2013-01-31T00:00:00,SNWD,GHCND:USC00333292,"T,,7,",0
3100,2013-02-03T00:00:00,DAPR,GHCND:USC00333292,",,7,",3
3101,2013-02-03T00:00:00,MDPR,GHCND:USC00333292,",,7,",10
3102,2013-02-03T00:00:00,SNOW,GHCND:USC00333292,",,7,",51
3103,2013-02-03T00:00:00,SNWD,GHCND:USC00333292,",,7,",51
3104,2013-02-06T00:00:00,DAPR,GHCND:USC00333292,",,7,",2
3105,2013-02-06T00:00:00,MDPR,GHCND:USC00333292,",,7,",23
3106,2013-02-06T00:00:00,SNOW,GHCND:USC00333292,",,7,",43
3107,2013-02-06T00:00:00,SNWD,GHCND:USC00333292,",,7,",76
3108,2013-02-12T00:00:00,DAPR,GHCND:USC00333292,",,7,",5
3109,2013-02-12T00:00:00,MDPR,GHCND:USC00333292,",,7,",30
3110,2013-02-12T00:00:00,SNOW,GHCND:USC00333292,",,7,",0
3111,2013-02-12T00:00:00,SNWD,GHCND:USC00333292,",,7,",0
3112,2013-02-13T00:00:00,PRCP,GHCND:USC00333292,",,7,",0
3113,2013-02-13T00:00:00,SNOW,GHCND:USC00333292,",,7,",0
3114,2013-02-13T00:00:00,SNWD,GHCND:USC00333292,",,7,",0
3115,2013-02-14T00:00:00,PRCP,GHCND:USC00333292,",,7,",0
3116,2013-02-14T00:00:00,SNOW,GHCND:USC00333292,",,7,",0
3117,2013-02-14T00:00:00,SNWD,GHCND:USC00333292,",,7,",0
3118,2013-02-19T00:00:00,DAPR,GHCND:USC00333292,",,7,",5
3119,2013-02-19T00:00:00,MDPR,GHCND:USC00333292,",,7,",20
3120,2013-02-19T00:00:00,SNOW,GHCND:USC00333292,",,7,",0
3121,2013-02-19T00:00:00,SNWD,GHCND:USC00333292,",,7,",0
3122,2013-02-20T00:00:00,PRCP,GHCND:USC00333292,"T,,7,",0
3123,2013-02-20T00:00:00,SNOW,GHCND:USC00333292,"T,,7,",0
3124,2013-02-20T00:00:00,SNWD,GHCND:USC00333292,"T,,7,",0
3125,2013-02-24T00:00:00,DAPR,GHCND:USC00333292,",,7,",4
3126,2013-02-24T00:00:00,MDPR,GHCND:USC00333292,",,7,",53
3127,2013-02-24T00:00:00,SNOW,GHCND:USC00333292,",,7,",0
3128,2013-02-24T00:00:00,SNWD,GHCND:USC00333292,"T,,7,",0
3129,2013-02-28T00:00:00,DAPR,GHCND:USC00333292,",,7,",4
3130,2013-02-28T00:00:00,MDPR,GHCND:USC00333292,",,7,",445
3131,2013-02-28T00:00:00,SNOW,GHCND:USC00333292,",,7,",13
3132,2013-02-28T00:00:00,SNWD,GHCND:USC00333292,"T,,7,",0
3133,2013-03-12T00:00:00,DAPR,GHCND:USC00333292,",,7,",12
3134,2013-03-12T00:00:00,MDPR,GHCND:USC00333292,",,7,",69
3135,2013-03-12T00:00:00,SNOW,GHCND:USC00333292,",,7,",0
3136,2013-03-12T00:00:00,SNWD,GHCND:USC00333292,",,7,",0
3137,2013-03-13T00:00:00,PRCP,GHCND:USC00333292,"T,,7,",0
3138,2013-03-13T00:00:00,SNOW,GHCND:USC00333292,"T,,7,",0
3139,2013-03-13T00:00:00,SNWD,GHCND:USC00333292,"T,,7,",0
3140,2013-03-14T00:00:00,PRCP,GHCND:USC00333292,",,7,",0
3141,2013-03-14T00:00:00,SNOW,GHCND:USC00333292,",,7,",0
3142,2013-03-14T00:00:00,SNWD,GHCND:USC00333292,",,7,",0
3143,2013-03-17T00:00:00,DAPR,GHCND:USC00333292,",,7,",2
3144,2013-03-17T00:00:00,MDPR,GHCND:USC00333292,",,7,",25
3145,2013-03-24T00:00:00,DAPR,GHCND:USC00333292,",,7,",7
3146,2013-03-24T00:00:00,MDPR,GHCND:USC00333292,",,7,",0
3147,2013-03-24T00:00:00,SNOW,GHCND:USC00333292,",,7,",0
3148,2013-03-24T00:00:00,SNWD,GHCND:USC00333292,",,7,",0
3149,2013-03-31T00:00:00,PRCP,GHCND:USC00333292,",,7,",0
3150,2013-03-31T00:00:00,SNOW,GHCND:USC00333292,",,7,",0
3151,2013-03-31T00:00:00,SNWD,GHCND:USC00333292,",,7,",0
3152,2013-04-01T00:00:00,PRCP,GHCND:USC00333292,"T,,7,",0
3153,2013-04-01T00:00:00,SNOW,GHCND:USC00333292,",,7,",0
3154,2013-04-01T00:00:00,SNWD,GHCND:USC00333292,",,7,",0
3155,2013-04-16T00:00:00,PRCP,GHCND:USC00333292,",,7,",66
3156,2013-04-16T00:00:00,SNOW,GHCND:USC00333292,",,7,",0
3157,2013-04-16T00:00:00,SNWD,GHCND:USC00333292,",,7,",0
3158,2013-04-23T00:00:00,DAPR,GHCND:USC00333292,",,7,",7
3159,2013-04-23T00:00:00,MDPR,GHCND:USC00333292,",,7,",124
3160,2013-04-28T00:00:00,DAPR,GHCND:USC00333292,",,7,",3
3161,2013-04-28T00:00:00,MDPR,GHCND:USC00333292,",,7,",157
3162,2013-05-02T00:00:00,PRCP,GHCND:USC00333292,",,7,",0
3163,2013-05-05T00:00:00,PRCP,GHCND:USC00333292,",,7,",0
3164,2013-05-12T00:00:00,PRCP,GHCND:USC00333292,",,7,",69
3165,2013-05-16T00:00:00,PRCP,GHCND:USC00333292,",,7,",0
3166,2013-06-10T00:00:00,PRCP,GHCND:USC00333292,",,7,",99
3167,2013-06-14T00:00:00,PRCP,GHCND:USC00333292,",,7,",0
3168,2013-06-16T00:00:00,PRCP,GHCND:USC00333292,",,7,",81
3169,2013-06-17T00:00:00,PRCP,GHCND:USC00333292,",,7,",3
3170,2013-06-24T00:00:00,DAPR,GHCND:USC00333292,",,7,",4
3171,2013-06-24T00:00:00,MDPR,GHCND:USC00333292,",,7,",320
3172,2013-06-27T00:00:00,PRCP,GHCND:USC00333292,",,7,",183
3173,2013-06-30T00:00:00,PRCP,GHCND:USC00333292,",,7,",188
3174,2013-07-01T00:00:00,PRCP,GHCND:USC00333292,"T,,7,",0
3175,2013-07-02T00:00:00,PRCP,GHCND:USC00333292,",,7,",15
3176,2013-07-14T00:00:00,PRCP,GHCND:USC00333292,",,7,",3
3177,2013-07-21T00:00:00,PRCP,GHCND:USC00333292,",,7,",150
3178,2013-07-23T00:00:00,DAPR,GHCND:USC00333292,",,7,",2
3179,2013-07-23T00:00:00,MDPR,GHCND:USC00333292,",,7,",119
3180,2013-07-25T00:00:00,DAPR,GHCND:USC00333292,",,7,",2
3181,2013-07-25T00:00:00,MDPR,GHCND:USC00333292,",,7,",0
3182,2013-07-29T00:00:00,PRCP,GHCND:USC00333292,",,7,",25
3183,2013-07-30T00:00:00,PRCP,GHCND:USC00333292,",,7,",0
3184,2013-08-04T00:00:00,DAPR,GHCND:USC00333292,",,7,",3
3185,2013-08-04T00:00:00,MDPR,GHCND:USC00333292,",,7,",48
3186,2013-08-05T00:00:00,PRCP,GHCND:USC00333292,",,7,",0
3187,2013-08-06T00:00:00,PRCP,GHCND:USC00333292,"T,,7,",0
3188,2013-08-07T00:00:00,PRCP,GHCND:USC00333292,",,7,",0
3189,2013-08-08T00:00:00,PRCP,GHCND:USC00333292,",,7,",533
3190,2013-08-20T00:00:00,PRCP,GHCND:USC00333292,",,7,",0
3191,2013-08-21T00:00:00,PRCP,GHCND:USC00333292,",,7,",0
3192,2013-09-01T00:00:00,PRCP,GHCND:USC00333292,"T,,7,",0
3193,2013-09-02T00:00:00,PRCP,GHCND:USC00333292,",,7,",0
3194,2013-09-03T00:00:00,PRCP,GHCND:USC00333292,",,7,",0
3195,2013-09-04T00:00:00,PRCP,GHCND:USC00333292,",,7,",0
3196,2013-09-05T00:00:00,PRCP,GHCND:USC00333292,",,7,",0
3197,2013-09-06T00:00:00,PRCP,GHCND:USC00333292,",,7,",0
3198,2013-09-07T00:00:00,PRCP,GHCND:USC00333292,",,7,",0
3199,2013-09-08T00:00:00,PRCP,GHCND:USC00333292,",,7,",3
3200,2013-09-09T00:00:00,PRCP,GHCND:USC00333292,",,7,",15
3201,2013-09-10T00:00:00,PRCP,GHCND:USC00333292,",,7,",0
3202,2013-09-11T00:00:00,PRCP,GHCND:USC00333292,",,7,",0
3203,2013-09-12T00:00:00,PRCP,GHCND:USC00333292,",,7,",0
3204,2013-09-13T00:00:00,PRCP,GHCND:USC00333292,",,7,",0
3205,2013-09-14T00:00:00,PRCP,GHCND:USC00333292,",,7,",0
3206,2013-09-15T00:00:00,PRCP,GHCND:USC00333292,",,7,",0
3207,2013-09-16T00:00:00,PRCP,GHCND:USC00333292,",,7,",0
3208,2013-09-17T00:00:00,PRCP,GHCND:USC00333292,",,7,",0
3209,2013-09-22T00:00:00,DAPR,GHCND:USC00333292,",,7,",4
3210,2013-09-22T00:00:00,MDPR,GHCND:USC00333292,",,7,",315
3211,2013-09-30T00:00:00,PRCP,GHCND:USC00333292,",,7,",150
3212,2013-10-01T00:00:00,PRCP,GHCND:USC00333292,"T,,7,",0
3213,2013-10-02T00:00:00,PRCP,GHCND:USC00333292,",,7,",0
3214,2013-10-03T00:00:00,PRCP,GHCND:USC00333292,",,7,",0
3215,2013-10-04T00:00:00,PRCP,GHCND:USC00333292,",,7,",0
3216,2013-10-05T00:00:00,PRCP,GHCND:USC00333292,",,7,",0
3217,2013-10-06T00:00:00,PRCP,GHCND:USC00333292,",,7,",56
3218,2013-10-07T00:00:00,PRCP,GHCND:USC00333292,",,7,",0
3219,2013-10-08T00:00:00,PRCP,GHCND:USC00333292,",,7,",0
3220,2013-10-09T00:00:00,PRCP,GHCND:USC00333292,",,7,",0
3221,2013-10-10T00:00:00,PRCP,GHCND:USC00333292,",,7,",0
3222,2013-10-11T00:00:00,PRCP,GHCND:USC00333292,",,7,",0
3223,2013-10-12T00:00:00,PRCP,GHCND:USC00333292,",,7,",0
3224,2013-10-13T00:00:00,PRCP,GHCND:USC00333292,",,7,",0
3225,2013-10-14T00:00:00,PRCP,GHCND:USC00333292,",,7,",0
3226,2013-10-15T00:00:00,PRCP,GHCND:USC00333292,",,7,",0
3227,2013-10-16T00:00:00,PRCP,GHCND:USC00333292,",,7,",0
3228,2013-10-17T00:00:00,PRCP,GHCND:USC00333292,",,7,",0
3229,2013-10-18T00:00:00,PRCP,GHCND:USC00333292,",,7,",0
3230,2013-10-19T00:00:00,PRCP,GHCND:USC00333292,",,7,",0
3231,2013-10-20T00:00:00,PRCP,GHCND:USC00333292,",,7,",0
3232,2013-10-21T00:00:00,PRCP,GHCND:USC00333292,",,7,",0
3233,2013-10-22T00:00:00,PRCP,GHCND:USC00333292,",,7,",0
3234,2013-10-23T00:00:00,PRCP,GHCND:USC00333292,",,7,",0
3235,2013-10-24T00:00:00,PRCP,GHCND:USC00333292,",,7,",0
3236,2013-10-25T00:00:00,PRCP,GHCND:USC00333292,",,7,",0
3237,2013-10-26T00:00:00,PRCP,GHCND:USC00333292,",,7,",0
3238,2013-10-27T00:00:00,PRCP,GHCND:USC00333292,",,7,",0
3239,2013-10-28T00:00:00,PRCP,GHCND:USC00333292,",,7,",0
3240,2013-10-29T00:00:00,PRCP,GHCND:USC00333292,",,7,",0
3241,2013-10-30T00:00:00,PRCP,GHCND:USC00333292,",,7,",0
3242,2013-10-31T00:00:00,PRCP,GHCND:USC00333292,",,7,",0
3243,2013-11-01T00:00:00,PRCP,GHCND:USC00333292,",,7,",0
3244,2013-11-02T00:00:00,PRCP,GHCND:USC00333292,",,7,",0
3245,2013-11-03T00:00:00,PRCP,GHCND:USC00333292,",,7,",8
3246,2013-11-04T00:00:00,PRCP,GHCND:USC00333292,",,7,",0
3247,2013-11-05T00:00:00,PRCP,GHCND:USC00333292,",,7,",0
3248,2013-11-06T00:00:00,PRCP,GHCND:USC00333292,",,7,",0
3249,2013-11-07T00:00:00,PRCP,GHCND:USC00333292,",,7,",25
3250,2013-11-08T00:00:00,PRCP,GHCND:USC00333292,",,7,",38
3251,2013-11-09T00:00:00,PRCP,GHCND:USC00333292,",,7,",0
3252,2013-11-10T00:00:00,PRCP,GHCND:USC00333292,",,7,",0
3253,2013-11-11T00:00:00,PRCP,GHCND:USC00333292,",,7,",0
3254,2013-11-12T00:00:00,PRCP,GHCND:USC00333292,",,7,",51
3255,2013-11-13T00:00:00,PRCP,GHCND:USC00333292,",,7,",0
3256,2013-11-14T00:00:00,PRCP,GHCND:USC00333292,",,7,",0
3257,2013-11-15T00:00:00,PRCP,GHCND:USC00333292,",,7,",0
3258,2013-11-16T00:00:00,PRCP,GHCND:USC00333292,",,7,",0
3259,2013-11-17T00:00:00,PRCP,GHCND:USC00333292,",,7,",18
3260,2013-11-18T00:00:00,PRCP,GHCND:USC00333292,",,7,",0
3261,2013-11-19T00:00:00,PRCP,GHCND:USC00333292,",,7,",0
3262,2013-11-20T00:00:00,PRCP,GHCND:USC00333292,",,7,",0
3263,2013-11-21T00:00:00,PRCP,GHCND:USC00333292,",,7,",0
3264,2013-11-22T00:00:00,PRCP,GHCND:USC00333292,",,7,",0
3265,2013-11-23T00:00:00,PRCP,GHCND:USC00333292,",,7,",0
3266,2013-11-24T00:00:00,PRCP,GHCND:USC00333292,",,7,",0
3267,2013-11-25T00:00:00,PRCP,GHCND:USC00333292,",,7,",0
3268,2013-11-26T00:00:00,PRCP,GHCND:USC00333292,",,7,",0
3269,2013-11-27T00:00:00,PRCP,GHCND:USC00333292,",,7,",0
3270,2013-11-28T00:00:00,PRCP,GHCND:USC00333292,",,7,",0
3271,2013-11-29T00:00:00,PRCP,GHCND:USC00333292,",,7,",0
3272,2013-11-30T00:00:00,PRCP,GHCND:USC00333292,",,7,",0
3273,2013-12-20T00:00:00,PRCP,GHCND:USC00333292,",,7,",30
3274,2013-12-20T00:00:00,SNOW,GHCND:USC00333292,",,7,",76
3275,2013-12-20T00:00:00,SNWD,GHCND:USC00333292,",,7,",76
3276,2013-12-25T00:00:00,PRCP,GHCND:USC00333292,",,7,",0
3277,2013-12-29T00:00:00,PRCP,GHCND:USC00333292,",,7,",312
3278,2013-12-29T00:00:00,SNOW,GHCND:USC00333292,",,7,",0
3279,2013-12-29T00:00:00,SNWD,GHCND:USC00333292,",,7,",0
3280,2013-12-30T00:00:00,PRCP,GHCND:USC00333292,",,7,",0
3281,2013-12-30T00:00:00,SNOW,GHCND:USC00333292,",,7,",0
3282,2013-12-30T00:00:00,SNWD,GHCND:USC00333292,",,7,",0
3283,2013-12-31T00:00:00,PRCP,GHCND:USC00333292,",,7,",5
3284,2013-12-31T00:00:00,SNOW,GHCND:USC00333292,"T,,7,",0
3285,2013-12-31T00:00:00,SNWD,GHCND:USC00333292,"T,,7,",0
3286,2014-01-10T00:00:00,PRCP,GHCND:USC00333292,",,7,",13
3287,2014-01-10T00:00:00,SNOW,GHCND:USC00333292,",,7,",25
3288,2014-01-10T00:00:00,SNWD,GHCND:USC00333292,",,7,",279
3289,2014-01-11T00:00:00,PRCP,GHCND:USC00333292,",,7,",132
3290,2014-01-11T00:00:00,SNWD,GHCND:USC00333292,",,7,",102
3291,2014-01-12T00:00:00,PRCP,GHCND:USC00333292,",,7,",8
3292,2014-01-12T00:00:00,SNOW,GHCND:USC00333292,",,7,",0
3293,2014-01-12T00:00:00,SNWD,GHCND:USC00333292,",,7,",76
3294,2014-01-16T00:00:00,PRCP,GHCND:USC00333292,",,7,",0
3295,2014-01-19T00:00:00,PRCP,GHCND:USC00333292,",,7,",84
3296,2014-01-19T00:00:00,SNOW,GHCND:USC00333292,",,7,",127
3297,2014-01-19T00:00:00,SNWD,GHCND:USC00333292,",,7,",127
3298,2014-01-20T00:00:00,PRCP,GHCND:USC00333292,"T,,7,",0
3299,2014-01-20T00:00:00,SNOW,GHCND:USC00333292,"T,,7,",0
3300,2014-01-20T00:00:00,SNWD,GHCND:USC00333292,",,7,",102
3301,2014-01-21T00:00:00,PRCP,GHCND:USC00333292,",,7,",10
3302,2014-01-21T00:00:00,SNOW,GHCND:USC00333292,",,7,",41
3303,2014-01-21T00:00:00,SNWD,GHCND:USC00333292,",,7,",102
3304,2014-01-23T00:00:00,PRCP,GHCND:USC00333292,",,7,",5
3305,2014-01-23T00:00:00,SNOW,GHCND:USC00333292,",,7,",25
3306,2014-01-23T00:00:00,SNWD,GHCND:USC00333292,",,7,",76
3307,2014-01-27T00:00:00,PRCP,GHCND:USC00333292,",,7,",71
3308,2014-01-27T00:00:00,SNOW,GHCND:USC00333292,",,7,",140
3309,2014-01-27T00:00:00,SNWD,GHCND:USC00333292,",,7,",152
3310,2014-01-30T00:00:00,PRCP,GHCND:USC00333292,",,7,",0
3311,2014-01-30T00:00:00,SNOW,GHCND:USC00333292,",,7,",0
3312,2014-01-30T00:00:00,SNWD,GHCND:USC00333292,",,7,",127
3313,2014-02-03T00:00:00,DAPR,GHCND:USC00333292,",,7,",3
3314,2014-02-03T00:00:00,MDPR,GHCND:USC00333292,",,7,",180
3315,2014-02-03T00:00:00,SNOW,GHCND:USC00333292,",,7,",0
3316,2014-02-03T00:00:00,SNWD,GHCND:USC00333292,",,7,",127
3317,2014-02-04T00:00:00,PRCP,GHCND:USC00333292,",,7,",0
3318,2014-02-04T00:00:00,SNOW,GHCND:USC00333292,",,7,",0
3319,2014-02-04T00:00:00,SNWD,GHCND:USC00333292,",,7,",127
3320,2014-02-06T00:00:00,PRCP,GHCND:USC00333292,",,7,",117
3321,2014-02-06T00:00:00,SNOW,GHCND:USC00333292,",,7,",178
3322,2014-02-06T00:00:00,SNWD,GHCND:USC00333292,",,7,",229
3323,2014-02-10T00:00:00,DAPR,GHCND:USC00333292,",,7,",3
3324,2014-02-10T00:00:00,MDPR,GHCND:USC00333292,",,7,",58
3325,2014-02-10T00:00:00,SNOW,GHCND:USC00333292,",,7,",76
3326,2014-02-10T00:00:00,SNWD,GHCND:USC00333292,",,7,",254
3327,2014-02-14T00:00:00,PRCP,GHCND:USC00333292,"T,,7,",0
3328,2014-02-14T00:00:00,SNOW,GHCND:USC00333292,"T,,7,",0
3329,2014-02-14T00:00:00,SNWD,GHCND:USC00333292,",,7,",229
3330,2014-02-15T00:00:00,PRCP,GHCND:USC00333292,",,7,",0
3331,2014-02-15T00:00:00,SNOW,GHCND:USC00333292,",,7,",0
3332,2014-02-15T00:00:00,SNWD,GHCND:USC00333292,",,7,",229
3333,2014-03-02T00:00:00,PRCP,GHCND:USC00333292,",,7,",76
3334,2014-03-02T00:00:00,SNOW,GHCND:USC00333292,",,7,",114
3335,2014-03-02T00:00:00,SNWD,GHCND:USC00333292,",,7,",229
3336,2014-03-09T00:00:00,PRCP,GHCND:USC00333292,",,7,",23
3337,2014-03-09T00:00:00,SNOW,GHCND:USC00333292,",,7,",5
3338,2014-03-09T00:00:00,SNWD,GHCND:USC00333292,",,7,",203
3339,2014-03-10T00:00:00,PRCP,GHCND:USC00333292,"T,,7,",0
3340,2014-03-10T00:00:00,SNOW,GHCND:USC00333292,",,7,",0
3341,2014-03-10T00:00:00,SNWD,GHCND:USC00333292,",,7,",178
3342,2014-03-11T00:00:00,PRCP,GHCND:USC00333292,",,7,",0
3343,2014-03-18T00:00:00,PRCP,GHCND:USC00333292,",,7,",0
3344,2014-03-18T00:00:00,SNOW,GHCND:USC00333292,",,7,",0
3345,2014-03-18T00:00:00,SNWD,GHCND:USC00333292,",,7,",51
3346,2014-03-21T00:00:00,PRCP,GHCND:USC00333292,"T,,7,",0
3347,2014-03-21T00:00:00,SNOW,GHCND:USC00333292,"T,,7,",0
3348,2014-03-21T00:00:00,SNWD,GHCND:USC00333292,",,7,",0
3349,2014-03-23T00:00:00,PRCP,GHCND:USC00333292,",,7,",0
3350,2014-03-23T00:00:00,SNOW,GHCND:USC00333292,",,7,",0
3351,2014-03-23T00:00:00,SNWD,GHCND:USC00333292,",,7,",0
3352,2014-03-25T00:00:00,PRCP,GHCND:USC00333292,",,7,",0
3353,2014-03-25T00:00:00,SNOW,GHCND:USC00333292,",,7,",0
3354,2014-03-25T00:00:00,SNWD,GHCND:USC00333292,",,7,",0
3355,2014-03-26T00:00:00,PRCP,GHCND:USC00333292,",,7,",5
3356,2014-03-26T00:00:00,SNOW,GHCND:USC00333292,",,7,",0
3357,2014-03-26T00:00:00,SNWD,GHCND:USC00333292,",,7,",0
3358,2014-03-27T00:00:00,PRCP,GHCND:USC00333292,",,7,",0
3359,2014-04-02T00:00:00,PRCP,GHCND:USC00333292,",,7,",0
3360,2014-04-03T00:00:00,PRCP,GHCND:USC00333292,",,7,",135
3361,2014-04-07T00:00:00,PRCP,GHCND:USC00333292,",,7,",0
3362,2014-04-08T00:00:00,PRCP,GHCND:USC00333292,",,7,",191
3363,2014-04-09T00:00:00,PRCP,GHCND:USC00333292,",,7,",0
3364,2014-04-10T00:00:00,PRCP,GHCND:USC00333292,",,7,",0
3365,2014-04-11T00:00:00,PRCP,GHCND:USC00333292,",,7,",38
3366,2014-04-14T00:00:00,PRCP,GHCND:USC00333292,"T,,7,",0
3367,2014-04-15T00:00:00,PRCP,GHCND:USC00333292,",,7,",109
3368,2014-04-15T00:00:00,SNOW,GHCND:USC00333292,",,7,",25
3369,2014-04-15T00:00:00,SNWD,GHCND:USC00333292,",,7,",25
3370,2014-04-20T00:00:00,PRCP,GHCND:USC00333292,",,7,",0
3371,2014-04-28T00:00:00,PRCP,GHCND:USC00333292,",,7,",0
3372,2014-04-29T00:00:00,PRCP,GHCND:USC00333292,",,7,",150
3373,2014-04-29T00:00:00,SNOW,GHCND:USC00333292,",,7,",0
3374,2014-04-29T00:00:00,SNWD,GHCND:USC00333292,",,7,",0
3375,2014-05-04T00:00:00,PRCP,GHCND:USC00333292,",,7,",94
3376,2014-05-06T00:00:00,PRCP,GHCND:USC00333292,"T,,7,",0
3377,2014-05-07T00:00:00,PRCP,GHCND:USC00333292,",,7,",51
3378,2014-05-08T00:00:00,PRCP,GHCND:USC00333292,",,7,",0
3379,2014-05-21T00:00:00,PRCP,GHCND:USC00333292,",,7,",61
3380,2014-05-24T00:00:00,PRCP,GHCND:USC00333292,",,7,",0
3381,2014-06-01T00:00:00,PRCP,GHCND:USC00333292,",,7,",0
3382,2014-06-02T00:00:00,PRCP,GHCND:USC00333292,",,7,",0
3383,2014-06-03T00:00:00,PRCP,GHCND:USC00333292,",,7,",0
3384,2014-06-04T00:00:00,PRCP,GHCND:USC00333292,",,7,",0
3385,2014-06-05T00:00:00,PRCP,GHCND:USC00333292,",,7,",152
3386,2014-06-06T00:00:00,PRCP,GHCND:USC00333292,",,7,",0
3387,2014-06-07T00:00:00,PRCP,GHCND:USC00333292,",,7,",0
3388,2014-06-08T00:00:00,PRCP,GHCND:USC00333292,",,7,",0
3389,2014-06-09T00:00:00,PRCP,GHCND:USC00333292,",,7,",0
3390,2014-06-10T00:00:00,PRCP,GHCND:USC00333292,",,7,",0
3391,2014-06-11T00:00:00,PRCP,GHCND:USC00333292,",,7,",0
3392,2014-06-12T00:00:00,PRCP,GHCND:USC00333292,",,7,",0
3393,2014-06-13T00:00:00,PRCP,GHCND:USC00333292,",,7,",0
3394,2014-06-14T00:00:00,PRCP,GHCND:USC00333292,",,7,",0
3395,2014-06-15T00:00:00,PRCP,GHCND:USC00333292,",,7,",0
3396,2014-06-16T00:00:00,PRCP,GHCND:USC00333292,",,7,",0
3397,2014-06-17T00:00:00,PRCP,GHCND:USC00333292,",,7,",0
3398,2014-06-18T00:00:00,PRCP,GHCND:USC00333292,",,7,",0
3399,2014-06-19T00:00:00,PRCP,GHCND:USC00333292,",,7,",0
3400,2014-06-20T00:00:00,PRCP,GHCND:USC00333292,",,7,",0
3401,2014-06-21T00:00:00,PRCP,GHCND:USC00333292,",,7,",58
3402,2014-06-22T00:00:00,PRCP,GHCND:USC00333292,",,7,",0
3403,2014-06-23T00:00:00,PRCP,GHCND:USC00333292,",,7,",0
3404,2014-06-24T00:00:00,PRCP,GHCND:USC00333292,",,7,",0
3405,2014-06-25T00:00:00,PRCP,GHCND:USC00333292,",,7,",0
3406,2014-06-26T00:00:00,PRCP,GHCND:USC00333292,",,7,",0
3407,2014-06-27T00:00:00,PRCP,GHCND:USC00333292,",,7,",0
3408,2014-06-28T00:00:00,PRCP,GHCND:USC00333292,",,7,",0
3409,2014-06-29T00:00:00,PRCP,GHCND:USC00333292,"T,,7,",0
3410,2014-06-30T00:00:00,PRCP,GHCND:USC00333292,",,7,",0
3411,2014-07-01T00:00:00,PRCP,GHCND:USC00333292,",,7,",25
3412,2014-07-01T00:00:00,SNOW,GHCND:USC00333292,",,7,",0
3413,2014-07-01T00:00:00,SNWD,GHCND:USC00333292,",,7,",0
3414,2014-07-02T00:00:00,PRCP,GHCND:USC00333292,"T,,7,",0
3415,2014-07-02T00:00:00,SNOW,GHCND:USC00333292,",,7,",0
3416,2014-07-02T00:00:00,SNWD,GHCND:USC00333292,",,7,",0
3417,2014-07-03T00:00:00,PRCP,GHCND:USC00333292,",,7,",0
3418,2014-07-03T00:00:00,SNOW,GHCND:USC00333292,",,7,",0
3419,2014-07-03T00:00:00,SNWD,GHCND:USC00333292,",,7,",0
3420,2014-07-04T00:00:00,PRCP,GHCND:USC00333292,",,7,",0
3421,2014-07-04T00:00:00,SNOW,GHCND:USC00333292,",,7,",0
3422,2014-07-04T00:00:00,SNWD,GHCND:USC00333292,",,7,",0
3423,2014-07-05T00:00:00,PRCP,GHCND:USC00333292,",,7,",0
3424,2014-07-05T00:00:00,SNOW,GHCND:USC00333292,",,7,",0
3425,2014-07-05T00:00:00,SNWD,GHCND:USC00333292,",,7,",0
3426,2014-07-06T00:00:00,PRCP,GHCND:USC00333292,",,7,",0
3427,2014-07-06T00:00:00,SNOW,GHCND:USC00333292,",,7,",0
3428,2014-07-06T00:00:00,SNWD,GHCND:USC00333292,",,7,",0
3429,2014-07-07T00:00:00,PRCP,GHCND:USC00333292,",,7,",0
3430,2014-07-07T00:00:00,SNOW,GHCND:USC00333292,",,7,",0
3431,2014-07-07T00:00:00,SNWD,GHCND:USC00333292,",,7,",0
3432,2014-07-08T00:00:00,PRCP,GHCND:USC00333292,",,7,",0
3433,2014-07-08T00:00:00,SNOW,GHCND:USC00333292,",,7,",0
3434,2014-07-08T00:00:00,SNWD,GHCND:USC00333292,",,7,",0
3435,2014-07-09T00:00:00,PRCP,GHCND:USC00333292,",,7,",81
3436,2014-07-09T00:00:00,SNOW,GHCND:USC00333292,",,7,",0
3437,2014-07-09T00:00:00,SNWD,GHCND:USC00333292,",,7,",0
3438,2014-07-10T00:00:00,PRCP,GHCND:USC00333292,",,7,",0
3439,2014-07-10T00:00:00,SNOW,GHCND:USC00333292,",,7,",0
3440,2014-07-10T00:00:00,SNWD,GHCND:USC00333292,",,7,",0
3441,2014-07-11T00:00:00,PRCP,GHCND:USC00333292,",,7,",0
3442,2014-07-11T00:00:00,SNOW,GHCND:USC00333292,",,7,",0
3443,2014-07-11T00:00:00,SNWD,GHCND:USC00333292,",,7,",0
3444,2014-07-12T00:00:00,PRCP,GHCND:USC00333292,",,7,",0
3445,2014-07-12T00:00:00,SNOW,GHCND:USC00333292,",,7,",0
3446,2014-07-12T00:00:00,SNWD,GHCND:USC00333292,",,7,",0
3447,2014-07-13T00:00:00,PRCP,GHCND:USC00333292,",,7,",0
3448,2014-07-13T00:00:00,SNOW,GHCND:USC00333292,",,7,",0
3449,2014-07-13T00:00:00,SNWD,GHCND:USC00333292,",,7,",0
3450,2014-07-14T00:00:00,PRCP,GHCND:USC00333292,",,7,",0
3451,2014-07-14T00:00:00,SNOW,GHCND:USC00333292,",,7,",0
3452,2014-07-14T00:00:00,SNWD,GHCND:USC00333292,",,7,",0
3453,2014-07-15T00:00:00,PRCP,GHCND:USC00333292,",,7,",0
3454,2014-07-15T00:00:00,SNOW,GHCND:USC00333292,",,7,",0
3455,2014-07-15T00:00:00,SNWD,GHCND:USC00333292,",,7,",0
3456,2014-07-16T00:00:00,PRCP,GHCND:USC00333292,",,7,",0
3457,2014-07-16T00:00:00,SNOW,GHCND:USC00333292,",,7,",0
3458,2014-07-16T00:00:00,SNWD,GHCND:USC00333292,",,7,",0
3459,2014-07-17T00:00:00,PRCP,GHCND:USC00333292,",,7,",0
3460,2014-07-17T00:00:00,SNOW,GHCND:USC00333292,",,7,",0
3461,2014-07-17T00:00:00,SNWD,GHCND:USC00333292,",,7,",0
3462,2014-07-18T00:00:00,PRCP,GHCND:USC00333292,",,7,",0
3463,2014-07-18T00:00:00,SNOW,GHCND:USC00333292,",,7,",0
3464,2014-07-18T00:00:00,SNWD,GHCND:USC00333292,",,7,",0
3465,2014-07-19T00:00:00,PRCP,GHCND:USC00333292,",,7,",0
3466,2014-07-19T00:00:00,SNOW,GHCND:USC00333292,",,7,",0
3467,2014-07-19T00:00:00,SNWD,GHCND:USC00333292,",,7,",0
3468,2014-07-20T00:00:00,PRCP,GHCND:USC00333292,",,7,",0
3469,2014-07-20T00:00:00,SNOW,GHCND:USC00333292,",,7,",0
3470,2014-07-20T00:00:00,SNWD,GHCND:USC00333292,",,7,",0
3471,2014-07-21T00:00:00,PRCP,GHCND:USC00333292,",,7,",0
3472,2014-07-21T00:00:00,SNOW,GHCND:USC00333292,",,7,",0
3473,2014-07-21T00:00:00,SNWD,GHCND:USC00333292,",,7,",0
3474,2014-07-22T00:00:00,PRCP,GHCND:USC00333292,",,7,",0
3475,2014-07-22T00:00:00,SNOW,GHCND:USC00333292,",,7,",0
3476,2014-07-22T00:00:00,SNWD,GHCND:USC00333292,",,7,",0
3477,2014-07-23T00:00:00,PRCP,GHCND:USC00333292,",,7,",0
3478,2014-07-23T00:00:00,SNOW,GHCND:USC00333292,",,7,",0
3479,2014-07-23T00:00:00,SNWD,GHCND:USC00333292,",,7,",0
3480,2014-07-24T00:00:00,PRCP,GHCND:USC00333292,",,7,",0
3481,2014-07-24T00:00:00,SNOW,GHCND:USC00333292,",,7,",0
3482,2014-07-24T00:00:00,SNWD,GHCND:USC00333292,",,7,",0
3483,2014-07-25T00:00:00,PRCP,GHCND:USC00333292,",,7,",0
3484,2014-07-25T00:00:00,SNOW,GHCND:USC00333292,",,7,",0
3485,2014-07-25T00:00:00,SNWD,GHCND:USC00333292,",,7,",0
3486,2014-07-26T00:00:00,PRCP,GHCND:USC00333292,"T,,7,",0
3487,2014-07-26T00:00:00,SNOW,GHCND:USC00333292,",,7,",0
3488,2014-07-26T00:00:00,SNWD,GHCND:USC00333292,",,7,",0
3489,2014-07-27T00:00:00,PRCP,GHCND:USC00333292,",,7,",0
3490,2014-07-27T00:00:00,SNOW,GHCND:USC00333292,",,7,",0
3491,2014-07-27T00:00:00,SNWD,GHCND:USC00333292,",,7,",0
3492,2014-07-28T00:00:00,PRCP,GHCND:USC00333292,",,7,",0
3493,2014-07-28T00:00:00,SNOW,GHCND:USC00333292,",,7,",0
3494,2014-07-28T00:00:00,SNWD,GHCND:USC00333292,",,7,",0
3495,2014-07-29T00:00:00,PRCP,GHCND:USC00333292,",,7,",0
3496,2014-07-29T00:00:00,SNOW,GHCND:USC00333292,",,7,",0
3497,2014-07-29T00:00:00,SNWD,GHCND:USC00333292,",,7,",0
3498,2014-07-30T00:00:00,PRCP,GHCND:USC00333292,",,7,",0
3499,2014-07-30T00:00:00,SNOW,GHCND:USC00333292,",,7,",0
3500,2014-07-30T00:00:00,SNWD,GHCND:USC00333292,",,7,",0
3501,2014-07-31T00:00:00,PRCP,GHCND:USC00333292,",,7,",0
3502,2014-07-31T00:00:00,SNOW,GHCND:USC00333292,",,7,",0
3503,2014-07-31T00:00:00,SNWD,GHCND:USC00333292,",,7,",0
3504,2014-08-03T00:00:00,PRCP,GHCND:USC00333292,",,7,",0
3505,2014-08-04T00:00:00,PRCP,GHCND:USC00333292,",,7,",0
3506,2014-08-13T00:00:00,PRCP,GHCND:USC00333292,",,7,",3
3507,2014-08-14T00:00:00,PRCP,GHCND:USC00333292,",,7,",5
3508,2014-08-15T00:00:00,PRCP,GHCND:USC00333292,",,7,",0
3509,2014-08-17T00:00:00,PRCP,GHCND:USC00333292,",,7,",0
3510,2014-08-20T00:00:00,PRCP,GHCND:USC00333292,",,7,",33
3511,2014-08-21T00:00:00,PRCP,GHCND:USC00333292,",,7,",23
3512,2014-08-25T00:00:00,PRCP,GHCND:USC00333292,"T,,7,",0
3513,2014-08-30T00:00:00,PRCP,GHCND:USC00333292,",,7,",0
3514,2014-08-31T00:00:00,PRCP,GHCND:USC00333292,",,7,",0
3515,2014-09-04T00:00:00,PRCP,GHCND:USC00333292,",,7,",0
3516,2014-09-07T00:00:00,PRCP,GHCND:USC00333292,",,7,",3
3517,2014-09-08T00:00:00,PRCP,GHCND:USC00333292,",,7,",0
3518,2014-09-09T00:00:00,PRCP,GHCND:USC00333292,",,7,",0
3519,2014-09-10T00:00:00,PRCP,GHCND:USC00333292,",,7,",0
3520,2014-09-11T00:00:00,PRCP,GHCND:USC00333292,",,7,",533
3521,2014-09-13T00:00:00,PRCP,GHCND:USC00333292,",,7,",10
3522,2014-09-14T00:00:00,PRCP,GHCND:USC00333292,",,7,",0
3523,2014-09-16T00:00:00,PRCP,GHCND:USC00333292,",,7,",86
3524,2014-09-19T00:00:00,PRCP,GHCND:USC00333292,",,7,",0
3525,2014-09-22T00:00:00,PRCP,GHCND:USC00333292,",,7,",3
3526,2014-09-25T00:00:00,PRCP,GHCND:USC00333292,",,7,",0
3527,2014-09-28T00:00:00,PRCP,GHCND:USC00333292,",,7,",0
3528,2014-10-01T00:00:00,PRCP,GHCND:USC00333292,",,7,",0
3529,2014-10-01T00:00:00,SNOW,GHCND:USC00333292,",,7,",0
3530,2014-10-01T00:00:00,SNWD,GHCND:USC00333292,",,7,",0
3531,2014-10-02T00:00:00,PRCP,GHCND:USC00333292,",,7,",0
3532,2014-10-02T00:00:00,SNOW,GHCND:USC00333292,",,7,",0
3533,2014-10-02T00:00:00,SNWD,GHCND:USC00333292,",,7,",0
3534,2014-10-03T00:00:00,PRCP,GHCND:USC00333292,",,7,",76
3535,2014-10-03T00:00:00,SNOW,GHCND:USC00333292,",,7,",0
3536,2014-10-03T00:00:00,SNWD,GHCND:USC00333292,",,7,",0
3537,2014-10-04T00:00:00,PRCP,GHCND:USC00333292,",,7,",94
3538,2014-10-04T00:00:00,SNOW,GHCND:USC00333292,",,7,",0
3539,2014-10-04T00:00:00,SNWD,GHCND:USC00333292,",,7,",0
3540,2014-10-05T00:00:00,PRCP,GHCND:USC00333292,",,7,",5
3541,2014-10-05T00:00:00,SNOW,GHCND:USC00333292,",,7,",0
3542,2014-10-05T00:00:00,SNWD,GHCND:USC00333292,",,7,",0
3543,2014-10-06T00:00:00,PRCP,GHCND:USC00333292,",,7,",0
3544,2014-10-06T00:00:00,SNOW,GHCND:USC00333292,",,7,",0
3545,2014-10-06T00:00:00,SNWD,GHCND:USC00333292,",,7,",0
3546,2014-10-07T00:00:00,PRCP,GHCND:USC00333292,",,7,",25
3547,2014-10-07T00:00:00,SNOW,GHCND:USC00333292,",,7,",0
3548,2014-10-07T00:00:00,SNWD,GHCND:USC00333292,",,7,",0
3549,2014-10-08T00:00:00,PRCP,GHCND:USC00333292,",,7,",145
3550,2014-10-08T00:00:00,SNOW,GHCND:USC00333292,",,7,",0
3551,2014-10-08T00:00:00,SNWD,GHCND:USC00333292,",,7,",0
3552,2014-10-09T00:00:00,PRCP,GHCND:USC00333292,",,7,",0
3553,2014-10-09T00:00:00,SNOW,GHCND:USC00333292,",,7,",0
3554,2014-10-09T00:00:00,SNWD,GHCND:USC00333292,",,7,",0
3555,2014-10-10T00:00:00,PRCP,GHCND:USC00333292,",,7,",0
3556,2014-10-10T00:00:00,SNOW,GHCND:USC00333292,",,7,",0
3557,2014-10-10T00:00:00,SNWD,GHCND:USC00333292,",,7,",0
3558,2014-10-11T00:00:00,PRCP,GHCND:USC00333292,",,7,",0
3559,2014-10-11T00:00:00,SNOW,GHCND:USC00333292,",,7,",0
3560,2014-10-11T00:00:00,SNWD,GHCND:USC00333292,",,7,",0
3561,2014-10-12T00:00:00,PRCP,GHCND:USC00333292,",,7,",0
3562,2014-10-12T00:00:00,SNOW,GHCND:USC00333292,",,7,",0
3563,2014-10-12T00:00:00,SNWD,GHCND:USC00333292,",,7,",0
3564,2014-10-13T00:00:00,PRCP,GHCND:USC00333292,",,7,",0
3565,2014-10-13T00:00:00,SNOW,GHCND:USC00333292,",,7,",0
3566,2014-10-13T00:00:00,SNWD,GHCND:USC00333292,",,7,",0
3567,2014-10-14T00:00:00,PRCP,GHCND:USC00333292,",,7,",0
3568,2014-10-14T00:00:00,SNOW,GHCND:USC00333292,",,7,",0
3569,2014-10-14T00:00:00,SNWD,GHCND:USC00333292,",,7,",0
3570,2014-10-15T00:00:00,PRCP,GHCND:USC00333292,",,7,",0
3571,2014-10-15T00:00:00,SNOW,GHCND:USC00333292,",,7,",0
3572,2014-10-15T00:00:00,SNWD,GHCND:USC00333292,",,7,",0
3573,2014-10-16T00:00:00,PRCP,GHCND:USC00333292,",,7,",0
3574,2014-10-16T00:00:00,SNOW,GHCND:USC00333292,",,7,",0
3575,2014-10-16T00:00:00,SNWD,GHCND:USC00333292,",,7,",0
3576,2014-10-17T00:00:00,PRCP,GHCND:USC00333292,",,7,",0
3577,2014-10-17T00:00:00,SNOW,GHCND:USC00333292,",,7,",0
3578,2014-10-17T00:00:00,SNWD,GHCND:USC00333292,",,7,",0
3579,2014-10-18T00:00:00,PRCP,GHCND:USC00333292,",,7,",152
3580,2014-10-18T00:00:00,SNOW,GHCND:USC00333292,",,7,",0
3581,2014-10-18T00:00:00,SNWD,GHCND:USC00333292,",,7,",0
3582,2014-10-19T00:00:00,PRCP,GHCND:USC00333292,",,7,",3
3583,2014-10-19T00:00:00,SNOW,GHCND:USC00333292,",,7,",0
3584,2014-10-19T00:00:00,SNWD,GHCND:USC00333292,",,7,",0
3585,2014-10-20T00:00:00,PRCP,GHCND:USC00333292,"T,,7,",0
3586,2014-10-20T00:00:00,SNOW,GHCND:USC00333292,",,7,",0
3587,2014-10-20T00:00:00,SNWD,GHCND:USC00333292,",,7,",0
3588,2014-10-21T00:00:00,PRCP,GHCND:USC00333292,",,7,",0
3589,2014-10-21T00:00:00,SNOW,GHCND:USC00333292,",,7,",0
3590,2014-10-21T00:00:00,SNWD,GHCND:USC00333292,",,7,",0
3591,2014-10-22T00:00:00,PRCP,GHCND:USC00333292,",,7,",0
3592,2014-10-22T00:00:00,SNOW,GHCND:USC00333292,",,7,",0
3593,2014-10-22T00:00:00,SNWD,GHCND:USC00333292,",,7,",0
3594,2014-10-23T00:00:00,PRCP,GHCND:USC00333292,",,7,",0
3595,2014-10-23T00:00:00,SNOW,GHCND:USC00333292,",,7,",0
3596,2014-10-23T00:00:00,SNWD,GHCND:USC00333292,",,7,",0
3597,2014-10-24T00:00:00,PRCP,GHCND:USC00333292,",,7,",0
3598,2014-10-24T00:00:00,SNOW,GHCND:USC00333292,",,7,",0
3599,2014-10-24T00:00:00,SNWD,GHCND:USC00333292,",,7,",0
3600,2014-10-25T00:00:00,PRCP,GHCND:USC00333292,",,7,",0
3601,2014-10-25T00:00:00,SNOW,GHCND:USC00333292,",,7,",0
3602,2014-10-25T00:00:00,SNWD,GHCND:USC00333292,",,7,",0
3603,2014-10-26T00:00:00,PRCP,GHCND:USC00333292,",,7,",0
3604,2014-10-26T00:00:00,SNOW,GHCND:USC00333292,",,7,",0
3605,2014-10-26T00:00:00,SNWD,GHCND:USC00333292,",,7,",0
3606,2014-10-27T00:00:00,PRCP,GHCND:USC00333292,",,7,",0
3607,2014-10-27T00:00:00,SNOW,GHCND:USC00333292,",,7,",0
3608,2014-10-27T00:00:00,SNWD,GHCND:USC00333292,",,7,",0
3609,2014-10-28T00:00:00,PRCP,GHCND:USC00333292,",,7,",0
3610,2014-10-28T00:00:00,SNOW,GHCND:USC00333292,",,7,",0
3611,2014-10-28T00:00:00,SNWD,GHCND:USC00333292,",,7,",0
3612,2014-10-29T00:00:00,PRCP,GHCND:USC00333292,",,7,",0
3613,2014-10-29T00:00:00,SNOW,GHCND:USC00333292,",,7,",0
3614,2014-10-29T00:00:00,SNWD,GHCND:USC00333292,",,7,",0
3615,2014-10-30T00:00:00,PRCP,GHCND:USC00333292,",,7,",0
3616,2014-10-30T00:00:00,SNOW,GHCND:USC00333292,",,7,",0
3617,2014-10-30T00:00:00,SNWD,GHCND:USC00333292,",,7,",0
3618,2014-10-31T00:00:00,PRCP,GHCND:USC00333292,",,7,",0
3619,2014-10-31T00:00:00,SNOW,GHCND:USC00333292,",,7,",0
3620,2014-10-31T00:00:00,SNWD,GHCND:USC00333292,",,7,",0
3621,2014-11-01T00:00:00,PRCP,GHCND:USC00333292,",,7,",0
3622,2014-11-02T00:00:00,PRCP,GHCND:USC00333292,",,7,",0
3623,2014-11-03T00:00:00,PRCP,GHCND:USC00333292,",,7,",0
3624,2014-11-04T00:00:00,PRCP,GHCND:USC00333292,",,7,",0
3625,2014-11-05T00:00:00,PRCP,GHCND:USC00333292,",,7,",114
3626,2014-11-06T00:00:00,PRCP,GHCND:USC00333292,",,7,",0
3627,2014-11-07T00:00:00,PRCP,GHCND:USC00333292,",,7,",0
3628,2014-11-09T00:00:00,DAPR,GHCND:USC00333292,",,7,",2
3629,2014-11-09T00:00:00,MDPR,GHCND:USC00333292,",,7,",56
3630,2014-11-10T00:00:00,PRCP,GHCND:USC00333292,",,7,",0
3631,2014-11-11T00:00:00,PRCP,GHCND:USC00333292,",,7,",0
3632,2014-11-12T00:00:00,PRCP,GHCND:USC00333292,",,7,",13
3633,2014-11-13T00:00:00,PRCP,GHCND:USC00333292,",,7,",0
3634,2014-11-14T00:00:00,PRCP,GHCND:USC00333292,",,7,",0
3635,2014-11-15T00:00:00,PRCP,GHCND:USC00333292,",,7,",0
3636,2014-11-16T00:00:00,PRCP,GHCND:USC00333292,"T,,7,",0
3637,2014-11-17T00:00:00,PRCP,GHCND:USC00333292,",,7,",0
3638,2014-11-18T00:00:00,PRCP,GHCND:USC00333292,",,7,",0
3639,2014-11-19T00:00:00,PRCP,GHCND:USC00333292,",,7,",0
3640,2014-11-20T00:00:00,PRCP,GHCND:USC00333292,",,7,",0
3641,2014-11-21T00:00:00,PRCP,GHCND:USC00333292,",,7,",0
3642,2014-11-22T00:00:00,PRCP,GHCND:USC00333292,",,7,",0
3643,2014-11-23T00:00:00,PRCP,GHCND:USC00333292,",,7,",81
3644,2014-11-23T00:00:00,SNOW,GHCND:USC00333292,",,7,",0
3645,2014-11-23T00:00:00,SNWD,GHCND:USC00333292,",,7,",0
3646,2014-11-25T00:00:00,DAPR,GHCND:USC00333292,",,7,",2
3647,2014-11-25T00:00:00,MDPR,GHCND:USC00333292,",,7,",208
3648,2014-11-26T00:00:00,PRCP,GHCND:USC00333292,",,7,",0
3649,2014-11-27T00:00:00,PRCP,GHCND:USC00333292,",,7,",0
3650,2014-11-28T00:00:00,PRCP,GHCND:USC00333292,",,7,",0
3651,2014-11-29T00:00:00,PRCP,GHCND:USC00333292,",,7,",0
3652,2014-11-30T00:00:00,PRCP,GHCND:USC00333292,",,7,",0
3653,2014-12-01T00:00:00,PRCP,GHCND:USC00333292,",,7,",5
3654,2014-12-01T00:00:00,SNOW,GHCND:USC00333292,",,7,",0
3655,2014-12-01T00:00:00,SNWD,GHCND:USC00333292,",,7,",0
3656,2014-12-02T00:00:00,PRCP,GHCND:USC00333292,",,7,",0
3657,2014-12-02T00:00:00,SNOW,GHCND:USC00333292,",,7,",0
3658,2014-12-02T00:00:00,SNWD,GHCND:USC00333292,",,7,",0
3659,2014-12-03T00:00:00,PRCP,GHCND:USC00333292,",,7,",0
3660,2014-12-03T00:00:00,SNOW,GHCND:USC00333292,",,7,",0
3661,2014-12-03T00:00:00,SNWD,GHCND:USC00333292,",,7,",0
3662,2014-12-04T00:00:00,PRCP,GHCND:USC00333292,",,7,",0
3663,2014-12-04T00:00:00,SNOW,GHCND:USC00333292,",,7,",0
3664,2014-12-04T00:00:00,SNWD,GHCND:USC00333292,",,7,",0
3665,2014-12-05T00:00:00,PRCP,GHCND:USC00333292,",,7,",0
3666,2014-12-05T00:00:00,SNOW,GHCND:USC00333292,",,7,",0
3667,2014-12-05T00:00:00,SNWD,GHCND:USC00333292,",,7,",0
3668,2014-12-06T00:00:00,PRCP,GHCND:USC00333292,",,7,",0
3669,2014-12-06T00:00:00,SNOW,GHCND:USC00333292,",,7,",0
3670,2014-12-06T00:00:00,SNWD,GHCND:USC00333292,",,7,",0
3671,2014-12-07T00:00:00,PRCP,GHCND:USC00333292,",,7,",0
3672,2014-12-07T00:00:00,SNOW,GHCND:USC00333292,",,7,",0
3673,2014-12-07T00:00:00,SNWD,GHCND:USC00333292,",,7,",0
3674,2014-12-08T00:00:00,PRCP,GHCND:USC00333292,",,7,",0
3675,2014-12-08T00:00:00,SNOW,GHCND:USC00333292,",,7,",0
3676,2014-12-08T00:00:00,SNWD,GHCND:USC00333292,",,7,",0
3677,2014-12-09T00:00:00,PRCP,GHCND:USC00333292,",,7,",69
3678,2014-12-09T00:00:00,SNOW,GHCND:USC00333292,",,7,",0
3679,2014-12-09T00:00:00,SNWD,GHCND:USC00333292,",,7,",0
3680,2014-12-10T00:00:00,PRCP,GHCND:USC00333292,",,7,",0
3681,2014-12-10T00:00:00,SNOW,GHCND:USC00333292,",,7,",0
3682,2014-12-10T00:00:00,SNWD,GHCND:USC00333292,",,7,",0
3683,2014-12-11T00:00:00,PRCP,GHCND:USC00333292,",,7,",0
3684,2014-12-11T00:00:00,SNOW,GHCND:USC00333292,",,7,",0
3685,2014-12-11T00:00:00,SNWD,GHCND:USC00333292,",,7,",0
3686,2014-12-12T00:00:00,PRCP,GHCND:USC00333292,",,7,",0
3687,2014-12-12T00:00:00,SNOW,GHCND:USC00333292,",,7,",0
3688,2014-12-12T00:00:00,SNWD,GHCND:USC00333292,",,7,",0
3689,2014-12-13T00:00:00,PRCP,GHCND:USC00333292,",,7,",0
3690,2014-12-13T00:00:00,SNOW,GHCND:USC00333292,",,7,",0
3691,2014-12-13T00:00:00,SNWD,GHCND:USC00333292,",,7,",0
3692,2014-12-14T00:00:00,PRCP,GHCND:USC00333292,",,7,",0
3693,2014-12-14T00:00:00,SNOW,GHCND:USC00333292,",,7,",0
3694,2014-12-14T00:00:00,SNWD,GHCND:USC00333292,",,7,",0
3695,2014-12-15T00:00:00,PRCP,GHCND:USC00333292,",,7,",0
3696,2014-12-15T00:00:00,SNOW,GHCND:USC00333292,",,7,",0
3697,2014-12-15T00:00:00,SNWD,GHCND:USC00333292,",,7,",0
3698,2014-12-16T00:00:00,PRCP,GHCND:USC00333292,",,7,",0
3699,2014-12-16T00:00:00,SNOW,GHCND:USC00333292,",,7,",0
3700,2014-12-16T00:00:00,SNWD,GHCND:USC00333292,",,7,",0
3701,2014-12-17T00:00:00,PRCP,GHCND:USC00333292,",,7,",0
3702,2014-12-17T00:00:00,SNOW,GHCND:USC00333292,",,7,",0
3703,2014-12-17T00:00:00,SNWD,GHCND:USC00333292,",,7,",0
3704,2014-12-18T00:00:00,PRCP,GHCND:USC00333292,",,7,",0
3705,2014-12-18T00:00:00,SNOW,GHCND:USC00333292,",,7,",0
3706,2014-12-18T00:00:00,SNWD,GHCND:USC00333292,",,7,",0
3707,2014-12-19T00:00:00,PRCP,GHCND:USC00333292,",,7,",0
3708,2014-12-19T00:00:00,SNOW,GHCND:USC00333292,",,7,",0
3709,2014-12-19T00:00:00,SNWD,GHCND:USC00333292,",,7,",0
3710,2014-12-20T00:00:00,PRCP,GHCND:USC00333292,",,7,",0
3711,2014-12-20T00:00:00,SNOW,GHCND:USC00333292,",,7,",0
3712,2014-12-20T00:00:00,SNWD,GHCND:USC00333292,",,7,",0
3713,2014-12-21T00:00:00,PRCP,GHCND:USC00333292,",,7,",71
3714,2014-12-21T00:00:00,SNOW,GHCND:USC00333292,",,7,",0
3715,2014-12-21T00:00:00,SNWD,GHCND:USC00333292,",,7,",0
3716,2014-12-22T00:00:00,PRCP,GHCND:USC00333292,",,7,",0
3717,2014-12-22T00:00:00,SNOW,GHCND:USC00333292,",,7,",0
3718,2014-12-22T00:00:00,SNWD,GHCND:USC00333292,",,7,",0
3719,2014-12-23T00:00:00,PRCP,GHCND:USC00333292,",,7,",0
3720,2014-12-23T00:00:00,SNOW,GHCND:USC00333292,",,7,",0
3721,2014-12-23T00:00:00,SNWD,GHCND:USC00333292,",,7,",0
3722,2014-12-24T00:00:00,PRCP,GHCND:USC00333292,",,7,",0
3723,2014-12-24T00:00:00,SNOW,GHCND:USC00333292,",,7,",0
3724,2014-12-24T00:00:00,SNWD,GHCND:USC00333292,",,7,",0
3725,2014-12-25T00:00:00,PRCP,GHCND:USC00333292,",,7,",0
3726,2014-12-25T00:00:00,SNOW,GHCND:USC00333292,",,7,",0
3727,2014-12-25T00:00:00,SNWD,GHCND:USC00333292,",,7,",0
3728,2014-12-26T00:00:00,PRCP,GHCND:USC00333292,",,7,",0
3729,2014-12-26T00:00:00,SNOW,GHCND:USC00333292,",,7,",0
3730,2014-12-26T00:00:00,SNWD,GHCND:USC00333292,",,7,",0
3731,2014-12-27T00:00:00,PRCP,GHCND:USC00333292,",,7,",0
3732,2014-12-27T00:00:00,SNOW,GHCND:USC00333292,",,7,",0
3733,2014-12-27T00:00:00,SNWD,GHCND:USC00333292,",,7,",0
3734,2014-12-28T00:00:00,PRCP,GHCND:USC00333292,",,7,",152
3735,2014-12-28T00:00:00,SNOW,GHCND:USC00333292,",,7,",0
3736,2014-12-28T00:00:00,SNWD,GHCND:USC00333292,",,7,",0
3737,2014-12-29T00:00:00,PRCP,GHCND:USC00333292,",,7,",0
3738,2014-12-29T00:00:00,SNOW,GHCND:USC00333292,",,7,",0
3739,2014-12-29T00:00:00,SNWD,GHCND:USC00333292,",,7,",0
3740,2014-12-30T00:00:00,PRCP,GHCND:USC00333292,",,7,",0
3741,2014-12-30T00:00:00,SNOW,GHCND:USC00333292,",,7,",0
3742,2014-12-30T00:00:00,SNWD,GHCND:USC00333292,",,7,",0
3743,2014-12-31T00:00:00,PRCP,GHCND:USC00333292,",,7,",0
3744,2014-12-31T00:00:00,SNOW,GHCND:USC00333292,",,7,",0
3745,2014-12-31T00:00:00,SNWD,GHCND:USC00333292,",,7,",0
3746,2015-01-04T00:00:00,PRCP,GHCND:USC00333292,",,7,",254
3747,2015-01-04T00:00:00,SNOW,GHCND:USC00333292,",,7,",0
3748,2015-01-04T00:00:00,SNWD,GHCND:USC00333292,",,7,",0
3749,2015-01-05T00:00:00,PRCP,GHCND:USC00333292,"T,,7,",0
3750,2015-01-05T00:00:00,SNOW,GHCND:USC00333292,"T,,7,",0
3751,2015-01-05T00:00:00,SNWD,GHCND:USC00333292,"T,,7,",0
3752,2015-01-06T00:00:00,PRCP,GHCND:USC00333292,",,7,",41
3753,2015-01-06T00:00:00,SNOW,GHCND:USC00333292,",,7,",51
3754,2015-01-06T00:00:00,SNWD,GHCND:USC00333292,",,7,",51
3755,2015-01-07T00:00:00,PRCP,GHCND:USC00333292,",,7,",3
3756,2015-01-07T00:00:00,SNOW,GHCND:USC00333292,",,7,",5
3757,2015-01-07T00:00:00,SNWD,GHCND:USC00333292,",,7,",25
3758,2015-01-08T00:00:00,PRCP,GHCND:USC00333292,",,7,",0
3759,2015-01-08T00:00:00,SNOW,GHCND:USC00333292,",,7,",0
3760,2015-01-08T00:00:00,SNWD,GHCND:USC00333292,",,7,",25
3761,2015-01-11T00:00:00,DAPR,GHCND:USC00333292,",,7,",3
3762,2015-01-11T00:00:00,MDPR,GHCND:USC00333292,",,7,",8
3763,2015-01-11T00:00:00,SNOW,GHCND:USC00333292,",,7,",25
3764,2015-01-11T00:00:00,SNWD,GHCND:USC00333292,",,7,",51
3765,2015-01-12T00:00:00,PRCP,GHCND:USC00333292,",,7,",109
3766,2015-01-12T00:00:00,SNOW,GHCND:USC00333292,",,7,",102
3767,2015-01-12T00:00:00,SNWD,GHCND:USC00333292,",,7,",152
3768,2015-01-13T00:00:00,PRCP,GHCND:USC00333292,",,7,",0
3769,2015-01-13T00:00:00,SNOW,GHCND:USC00333292,",,7,",0
3770,2015-01-13T00:00:00,SNWD,GHCND:USC00333292,",,7,",152
3771,2015-01-14T00:00:00,PRCP,GHCND:USC00333292,"T,,7,",0
3772,2015-01-14T00:00:00,SNOW,GHCND:USC00333292,"T,,7,",0
3773,2015-01-14T00:00:00,SNWD,GHCND:USC00333292,",,7,",152
3774,2015-01-15T00:00:00,PRCP,GHCND:USC00333292,",,7,",0
3775,2015-01-15T00:00:00,SNOW,GHCND:USC00333292,",,7,",0
3776,2015-01-15T00:00:00,SNWD,GHCND:USC00333292,",,7,",152
3777,2015-01-18T00:00:00,PRCP,GHCND:USC00333292,"T,,7,",0
3778,2015-01-18T00:00:00,SNOW,GHCND:USC00333292,",,7,",0
3779,2015-01-18T00:00:00,SNWD,GHCND:USC00333292,",,7,",25
3780,2015-01-19T00:00:00,PRCP,GHCND:USC00333292,"T,,7,",0
3781,2015-01-19T00:00:00,SNOW,GHCND:USC00333292,",,7,",0
3782,2015-01-19T00:00:00,SNWD,GHCND:USC00333292,"T,,7,",0
3783,2015-01-21T00:00:00,DAPR,GHCND:USC00333292,",,7,",2
3784,2015-01-21T00:00:00,MDPR,GHCND:USC00333292,",,7,",30
3785,2015-01-21T00:00:00,SNOW,GHCND:USC00333292,"T,,7,",0
3786,2015-01-21T00:00:00,SNWD,GHCND:USC00333292,"T,,7,",0
3787,2015-01-26T00:00:00,PRCP,GHCND:USC00333292,",,7,",20
3788,2015-01-26T00:00:00,SNOW,GHCND:USC00333292,",,7,",51
3789,2015-01-26T00:00:00,SNWD,GHCND:USC00333292,",,7,",76
3790,2015-01-27T00:00:00,PRCP,GHCND:USC00333292,",,7,",0
3791,2015-01-27T00:00:00,SNOW,GHCND:USC00333292,",,7,",0
3792,2015-01-27T00:00:00,SNWD,GHCND:USC00333292,",,7,",76
3793,2015-02-01T00:00:00,PRCP,GHCND:USC00333292,",,7,",0
3794,2015-02-03T00:00:00,DAPR,GHCND:USC00333292,",,7,",2
3795,2015-02-03T00:00:00,MDPR,GHCND:USC00333292,",,7,",173
3796,2015-02-03T00:00:00,SNOW,GHCND:USC00333292,",,7,",203
3797,2015-02-03T00:00:00,SNWD,GHCND:USC00333292,",,7,",203
3798,2015-02-04T00:00:00,PRCP,GHCND:USC00333292,",,7,",15
3799,2015-02-04T00:00:00,SNOW,GHCND:USC00333292,",,7,",38
3800,2015-02-04T00:00:00,SNWD,GHCND:USC00333292,",,7,",203
3801,2015-02-08T00:00:00,DAPR,GHCND:USC00333292,",,7,",4
3802,2015-02-08T00:00:00,MDPR,GHCND:USC00333292,",,7,",0
3803,2015-02-08T00:00:00,SNOW,GHCND:USC00333292,",,7,",0
3804,2015-02-08T00:00:00,SNWD,GHCND:USC00333292,",,7,",178
3805,2015-02-11T00:00:00,DAPR,GHCND:USC00333292,",,7,",3
3806,2015-02-11T00:00:00,MDPR,GHCND:USC00333292,",,7,",46
3807,2015-02-11T00:00:00,SNOW,GHCND:USC00333292,",,7,",13
3808,2015-02-11T00:00:00,SNWD,GHCND:USC00333292,",,7,",127
3809,2015-02-12T00:00:00,PRCP,GHCND:USC00333292,"T,,7,",0
3810,2015-02-12T00:00:00,SNOW,GHCND:USC00333292,",,7,",13
3811,2015-02-12T00:00:00,SNWD,GHCND:USC00333292,",,7,",127
3812,2015-02-15T00:00:00,DAPR,GHCND:USC00333292,",,7,",3
3813,2015-02-15T00:00:00,MDPR,GHCND:USC00333292,",,7,",8
3814,2015-02-15T00:00:00,SNOW,GHCND:USC00333292,",,7,",25
3815,2015-02-15T00:00:00,SNWD,GHCND:USC00333292,",,7,",127
3816,2015-03-08T00:00:00,DAPR,GHCND:USC00333292,",,7,",8
3817,2015-03-08T00:00:00,MDPR,GHCND:USC00333292,",,7,",99
3818,2015-03-08T00:00:00,SNOW,GHCND:USC00333292,",,7,",0
3819,2015-03-08T00:00:00,SNWD,GHCND:USC00333292,",,7,",76
3820,2015-03-09T00:00:00,PRCP,GHCND:USC00333292,",,7,",0
3821,2015-03-09T00:00:00,SNOW,GHCND:USC00333292,",,7,",0
3822,2015-03-09T00:00:00,SNWD,GHCND:USC00333292,",,7,",76
3823,2015-03-12T00:00:00,PRCP,GHCND:USC00333292,",,7,",0
3824,2015-03-12T00:00:00,SNOW,GHCND:USC00333292,",,7,",0
3825,2015-03-12T00:00:00,SNWD,GHCND:USC00333292,",,7,",51
3826,2015-03-13T00:00:00,PRCP,GHCND:USC00333292,",,7,",0
3827,2015-03-15T00:00:00,DAPR,GHCND:USC00333292,",,7,",2
3828,2015-03-15T00:00:00,MDPR,GHCND:USC00333292,",,7,",15
3829,2015-03-15T00:00:00,SNOW,GHCND:USC00333292,",,7,",0
3830,2015-03-15T00:00:00,SNWD,GHCND:USC00333292,",,7,",0
3831,2015-03-16T00:00:00,PRCP,GHCND:USC00333292,",,7,",0
3832,2015-03-16T00:00:00,SNOW,GHCND:USC00333292,",,7,",0
3833,2015-03-16T00:00:00,SNWD,GHCND:USC00333292,",,7,",0
3834,2015-03-19T00:00:00,PRCP,GHCND:USC00333292,",,7,",0
3835,2015-03-19T00:00:00,SNOW,GHCND:USC00333292,",,7,",0
3836,2015-03-19T00:00:00,SNWD,GHCND:USC00333292,",,7,",0
3837,2015-03-24T00:00:00,PRCP,GHCND:USC00333292,",,7,",5
3838,2015-03-24T00:00:00,SNOW,GHCND:USC00333292,",,7,",5
3839,2015-03-24T00:00:00,SNWD,GHCND:USC00333292,",,7,",0
3840,2015-03-29T00:00:00,DAPR,GHCND:USC00333292,",,7,",2
3841,2015-03-29T00:00:00,MDPR,GHCND:USC00333292,",,7,",28
3842,2015-03-29T00:00:00,SNOW,GHCND:USC00333292,",,7,",0
3843,2015-03-29T00:00:00,SNWD,GHCND:USC00333292,",,7,",0
3844,2015-04-02T00:00:00,PRCP,GHCND:USC00333292,",,7,",0
3845,2015-04-03T00:00:00,PRCP,GHCND:USC00333292,",,7,",64
3846,2015-04-04T00:00:00,PRCP,GHCND:USC00333292,",,7,",30
3847,2015-04-05T00:00:00,PRCP,GHCND:USC00333292,",,7,",0
3848,2015-04-06T00:00:00,PRCP,GHCND:USC00333292,",,7,",0
3849,2015-04-07T00:00:00,PRCP,GHCND:USC00333292,",,7,",117
3850,2015-04-10T00:00:00,PRCP,GHCND:USC00333292,",,7,",91
3851,2015-04-10T00:00:00,SNOW,GHCND:USC00333292,",,7,",0
3852,2015-04-10T00:00:00,SNWD,GHCND:USC00333292,",,7,",0
3853,2015-04-13T00:00:00,PRCP,GHCND:USC00333292,",,7,",0
3854,2015-04-14T00:00:00,PRCP,GHCND:USC00333292,",,7,",0
3855,2015-04-15T00:00:00,PRCP,GHCND:USC00333292,",,7,",0
3856,2015-04-19T00:00:00,PRCP,GHCND:USC00333292,",,7,",0
3857,2015-04-20T00:00:00,PRCP,GHCND:USC00333292,",,7,",208
3858,2015-04-21T00:00:00,PRCP,GHCND:USC00333292,",,7,",15
3859,2015-04-23T00:00:00,PRCP,GHCND:USC00333292,",,7,",0
3860,2015-04-24T00:00:00,PRCP,GHCND:USC00333292,",,7,",0
3861,2015-04-26T00:00:00,PRCP,GHCND:USC00333292,"T,,7,",0
3862,2015-04-27T00:00:00,PRCP,GHCND:USC00333292,",,7,",0
3863,2015-04-29T00:00:00,PRCP,GHCND:USC00333292,",,7,",0
3864,2015-04-30T00:00:00,PRCP,GHCND:USC00333292,",,7,",15
3865,2015-05-06T00:00:00,PRCP,GHCND:USC00333292,",,7,",61
3866,2015-05-10T00:00:00,PRCP,GHCND:USC00333292,",,7,",112
3867,2015-05-11T00:00:00,PRCP,GHCND:USC00333292,",,7,",56
3868,2015-05-12T00:00:00,PRCP,GHCND:USC00333292,",,7,",201
3869,2015-05-13T00:00:00,PRCP,GHCND:USC00333292,",,7,",0
3870,2015-05-17T00:00:00,PRCP,GHCND:USC00333292,",,7,",53
3871,2015-05-19T00:00:00,PRCP,GHCND:USC00333292,",,7,",46
3872,2015-05-26T00:00:00,PRCP,GHCND:USC00333292,",,7,",0
3873,2015-05-31T00:00:00,PRCP,GHCND:USC00333292,",,7,",584
3874,2015-06-01T00:00:00,PRCP,GHCND:USC00333292,",,7,",15
3875,2015-06-08T00:00:00,PRCP,GHCND:USC00333292,",,7,",30
3876,2015-06-09T00:00:00,PRCP,GHCND:USC00333292,",,7,",300
3877,2015-06-11T00:00:00,DAPR,GHCND:USC00333292,",,7,",2
3878,2015-06-11T00:00:00,MDPR,GHCND:USC00333292,",,7,",140
3879,2015-06-14T00:00:00,PRCP,GHCND:USC00333292,",,7,",84
3880,2015-06-15T00:00:00,PRCP,GHCND:USC00333292,",,7,",66
3881,2015-06-17T00:00:00,PRCP,GHCND:USC00333292,",,7,",0
3882,2015-06-21T00:00:00,PRCP,GHCND:USC00333292,",,7,",28
3883,2015-06-22T00:00:00,PRCP,GHCND:USC00333292,",,7,",0
3884,2015-06-23T00:00:00,PRCP,GHCND:USC00333292,",,7,",41
3885,2015-07-01T00:00:00,PRCP,GHCND:USC00333292,",,7,",0
3886,2015-07-01T00:00:00,SNOW,GHCND:USC00333292,",,7,",0
3887,2015-07-01T00:00:00,SNWD,GHCND:USC00333292,",,7,",0
3888,2015-07-02T00:00:00,PRCP,GHCND:USC00333292,",,7,",0
3889,2015-07-02T00:00:00,SNOW,GHCND:USC00333292,",,7,",0
3890,2015-07-02T00:00:00,SNWD,GHCND:USC00333292,",,7,",0
3891,2015-07-03T00:00:00,PRCP,GHCND:USC00333292,",,7,",0
3892,2015-07-03T00:00:00,SNOW,GHCND:USC00333292,",,7,",0
3893,2015-07-03T00:00:00,SNWD,GHCND:USC00333292,",,7,",0
3894,2015-07-04T00:00:00,PRCP,GHCND:USC00333292,",,7,",0
3895,2015-07-04T00:00:00,SNOW,GHCND:USC00333292,",,7,",0
3896,2015-07-04T00:00:00,SNWD,GHCND:USC00333292,",,7,",0
3897,2015-07-05T00:00:00,PRCP,GHCND:USC00333292,",,7,",0
3898,2015-07-05T00:00:00,SNOW,GHCND:USC00333292,",,7,",0
3899,2015-07-05T00:00:00,SNWD,GHCND:USC00333292,",,7,",0
3900,2015-07-06T00:00:00,PRCP,GHCND:USC00333292,",,7,",0
3901,2015-07-06T00:00:00,SNOW,GHCND:USC00333292,",,7,",0
3902,2015-07-06T00:00:00,SNWD,GHCND:USC00333292,",,7,",0
3903,2015-07-07T00:00:00,PRCP,GHCND:USC00333292,",,7,",0
3904,2015-07-07T00:00:00,SNOW,GHCND:USC00333292,",,7,",0
3905,2015-07-07T00:00:00,SNWD,GHCND:USC00333292,",,7,",0
3906,2015-07-08T00:00:00,PRCP,GHCND:USC00333292,",,7,",0
3907,2015-07-08T00:00:00,SNOW,GHCND:USC00333292,",,7,",0
3908,2015-07-08T00:00:00,SNWD,GHCND:USC00333292,",,7,",0
3909,2015-07-09T00:00:00,PRCP,GHCND:USC00333292,",,7,",0
3910,2015-07-09T00:00:00,SNOW,GHCND:USC00333292,",,7,",0
3911,2015-07-09T00:00:00,SNWD,GHCND:USC00333292,",,7,",0
3912,2015-07-10T00:00:00,PRCP,GHCND:USC00333292,",,7,",0
3913,2015-07-10T00:00:00,SNOW,GHCND:USC00333292,",,7,",0
3914,2015-07-10T00:00:00,SNWD,GHCND:USC00333292,",,7,",0
3915,2015-07-11T00:00:00,PRCP,GHCND:USC00333292,",,7,",0
3916,2015-07-11T00:00:00,SNOW,GHCND:USC00333292,",,7,",0
3917,2015-07-11T00:00:00,SNWD,GHCND:USC00333292,",,7,",0
3918,2015-07-12T00:00:00,PRCP,GHCND:USC00333292,",,7,",64
3919,2015-07-12T00:00:00,SNOW,GHCND:USC00333292,",,7,",0
3920,2015-07-12T00:00:00,SNWD,GHCND:USC00333292,",,7,",0
3921,2015-07-13T00:00:00,PRCP,GHCND:USC00333292,",,7,",114
3922,2015-07-13T00:00:00,SNOW,GHCND:USC00333292,",,7,",0
3923,2015-07-13T00:00:00,SNWD,GHCND:USC00333292,",,7,",0
3924,2015-07-14T00:00:00,PRCP,GHCND:USC00333292,",,7,",0
3925,2015-07-14T00:00:00,SNOW,GHCND:USC00333292,",,7,",0
3926,2015-07-14T00:00:00,SNWD,GHCND:USC00333292,",,7,",0
3927,2015-07-15T00:00:00,PRCP,GHCND:USC00333292,",,7,",0
3928,2015-07-15T00:00:00,SNOW,GHCND:USC00333292,",,7,",0
3929,2015-07-15T00:00:00,SNWD,GHCND:USC00333292,",,7,",0
3930,2015-07-16T00:00:00,PRCP,GHCND:USC00333292,",,7,",0
3931,2015-07-16T00:00:00,SNOW,GHCND:USC00333292,",,7,",0
3932,2015-07-16T00:00:00,SNWD,GHCND:USC00333292,",,7,",0
3933,2015-07-17T00:00:00,PRCP,GHCND:USC00333292,",,7,",0
3934,2015-07-17T00:00:00,SNOW,GHCND:USC00333292,",,7,",0
3935,2015-07-17T00:00:00,SNWD,GHCND:USC00333292,",,7,",0
3936,2015-07-18T00:00:00,PRCP,GHCND:USC00333292,",,7,",61
3937,2015-07-18T00:00:00,SNOW,GHCND:USC00333292,",,7,",0
3938,2015-07-18T00:00:00,SNWD,GHCND:USC00333292,",,7,",0
3939,2015-07-19T00:00:00,PRCP,GHCND:USC00333292,",,7,",97
3940,2015-07-19T00:00:00,SNOW,GHCND:USC00333292,",,7,",0
3941,2015-07-19T00:00:00,SNWD,GHCND:USC00333292,",,7,",0
3942,2015-07-20T00:00:00,PRCP,GHCND:USC00333292,",,7,",0
3943,2015-07-20T00:00:00,SNOW,GHCND:USC00333292,",,7,",0
3944,2015-07-20T00:00:00,SNWD,GHCND:USC00333292,",,7,",0
3945,2015-07-21T00:00:00,PRCP,GHCND:USC00333292,",,7,",0
3946,2015-07-21T00:00:00,SNOW,GHCND:USC00333292,",,7,",0
3947,2015-07-21T00:00:00,SNWD,GHCND:USC00333292,",,7,",0
3948,2015-07-22T00:00:00,PRCP,GHCND:USC00333292,",,7,",0
3949,2015-07-22T00:00:00,SNOW,GHCND:USC00333292,",,7,",0
3950,2015-07-22T00:00:00,SNWD,GHCND:USC00333292,",,7,",0
3951,2015-07-23T00:00:00,PRCP,GHCND:USC00333292,",,7,",0
3952,2015-07-23T00:00:00,SNOW,GHCND:USC00333292,",,7,",0
3953,2015-07-23T00:00:00,SNWD,GHCND:USC00333292,",,7,",0
3954,2015-07-24T00:00:00,PRCP,GHCND:USC00333292,",,7,",0
3955,2015-07-24T00:00:00,SNOW,GHCND:USC00333292,",,7,",0
3956,2015-07-24T00:00:00,SNWD,GHCND:USC00333292,",,7,",0
3957,2015-07-25T00:00:00,PRCP,GHCND:USC00333292,",,7,",0
3958,2015-07-25T00:00:00,SNOW,GHCND:USC00333292,",,7,",0
3959,2015-07-25T00:00:00,SNWD,GHCND:USC00333292,",,7,",0
3960,2015-07-27T00:00:00,DAPR,GHCND:USC00333292,",,7,",2
3961,2015-07-27T00:00:00,MDPR,GHCND:USC00333292,",,7,",5
3962,2015-07-27T00:00:00,SNOW,GHCND:USC00333292,",,7,",0
3963,2015-07-27T00:00:00,SNWD,GHCND:USC00333292,",,7,",0
3964,2015-07-28T00:00:00,PRCP,GHCND:USC00333292,",,7,",0
3965,2015-07-28T00:00:00,SNOW,GHCND:USC00333292,",,7,",0
3966,2015-07-28T00:00:00,SNWD,GHCND:USC00333292,",,7,",0
3967,2015-07-29T00:00:00,PRCP,GHCND:USC00333292,",,7,",0
3968,2015-07-29T00:00:00,SNOW,GHCND:USC00333292,",,7,",0
3969,2015-07-29T00:00:00,SNWD,GHCND:USC00333292,",,7,",0
3970,2015-07-30T00:00:00,PRCP,GHCND:USC00333292,",,7,",0
3971,2015-07-30T00:00:00,SNOW,GHCND:USC00333292,",,7,",0
3972,2015-07-30T00:00:00,SNWD,GHCND:USC00333292,",,7,",0
3973,2015-07-31T00:00:00,PRCP,GHCND:USC00333292,",,7,",0
3974,2015-07-31T00:00:00,SNOW,GHCND:USC00333292,",,7,",0
3975,2015-07-31T00:00:00,SNWD,GHCND:USC00333292,",,7,",0
3976,2015-08-01T00:00:00,PRCP,GHCND:USC00333292,",,7,",0
3977,2015-08-02T00:00:00,PRCP,GHCND:USC00333292,",,7,",0
3978,2015-08-03T00:00:00,PRCP,GHCND:USC00333292,",,7,",244
3979,2015-08-04T00:00:00,PRCP,GHCND:USC00333292,",,7,",0
3980,2015-08-05T00:00:00,PRCP,GHCND:USC00333292,",,7,",0
3981,2015-08-06T00:00:00,PRCP,GHCND:USC00333292,",,7,",0
3982,2015-08-07T00:00:00,PRCP,GHCND:USC00333292,",,7,",0
3983,2015-08-08T00:00:00,PRCP,GHCND:USC00333292,",,7,",0
3984,2015-08-13T00:00:00,DAPR,GHCND:USC00333292,",,7,",5
3985,2015-08-13T00:00:00,MDPR,GHCND:USC00333292,",,7,",0
3986,2015-08-16T00:00:00,DAPR,GHCND:USC00333292,",,7,",3
3987,2015-08-16T00:00:00,MDPR,GHCND:USC00333292,",,7,",36
3988,2015-08-23T00:00:00,DAPR,GHCND:USC00333292,",,7,",7
3989,2015-08-23T00:00:00,MDPR,GHCND:USC00333292,",,7,",0
3990,2015-08-26T00:00:00,DAPR,GHCND:USC00333292,",,7,",3
3991,2015-08-26T00:00:00,MDPR,GHCND:USC00333292,",,7,",389
3992,2015-08-27T00:00:00,PRCP,GHCND:USC00333292,",,7,",0
3993,2015-08-30T00:00:00,DAPR,GHCND:USC00333292,",,7,",3
3994,2015-08-30T00:00:00,MDPR,GHCND:USC00333292,",,7,",84
3995,2015-08-31T00:00:00,PRCP,GHCND:USC00333292,",,7,",0
3996,2015-09-01T00:00:00,PRCP,GHCND:USC00333292,",,7,",0
3997,2015-09-02T00:00:00,PRCP,GHCND:USC00333292,",,7,",0
3998,2015-09-03T00:00:00,PRCP,GHCND:USC00333292,",,7,",0
3999,2015-09-04T00:00:00,PRCP,GHCND:USC00333292,",,7,",0
4000,2015-09-06T00:00:00,DAPR,GHCND:USC00333292,",,7,",2
4001,2015-09-06T00:00:00,MDPR,GHCND:USC00333292,",,7,",18
4002,2015-09-07T00:00:00,PRCP,GHCND:USC00333292,",,7,",0
4003,2015-09-08T00:00:00,PRCP,GHCND:USC00333292,",,7,",0
4004,2015-09-09T00:00:00,PRCP,GHCND:USC00333292,",,7,",10
4005,2015-09-10T00:00:00,PRCP,GHCND:USC00333292,",,7,",0
4006,2015-09-11T00:00:00,PRCP,GHCND:USC00333292,",,7,",0
4007,2015-09-12T00:00:00,PRCP,GHCND:USC00333292,",,7,",0
4008,2015-09-13T00:00:00,PRCP,GHCND:USC00333292,",,7,",0
4009,2015-09-14T00:00:00,PRCP,GHCND:USC00333292,",,7,",0
4010,2015-09-15T00:00:00,PRCP,GHCND:USC00333292,",,7,",0
4011,2015-09-16T00:00:00,PRCP,GHCND:USC00333292,",L,7,",0
4012,2015-09-17T00:00:00,DAPR,GHCND:USC00333292,",L,7,",2
4013,2015-09-17T00:00:00,MDPR,GHCND:USC00333292,",L,7,",0
4014,2015-09-18T00:00:00,PRCP,GHCND:USC00333292,",,7,",0
4015,2015-09-19T00:00:00,PRCP,GHCND:USC00333292,",,7,",0
4016,2015-09-20T00:00:00,PRCP,GHCND:USC00333292,",,7,",193
4017,2015-09-21T00:00:00,PRCP,GHCND:USC00333292,",,7,",0
4018,2015-09-22T00:00:00,PRCP,GHCND:USC00333292,",,7,",0
4019,2015-09-23T00:00:00,PRCP,GHCND:USC00333292,",,7,",0
4020,2015-09-24T00:00:00,PRCP,GHCND:USC00333292,",,7,",0
4021,2015-09-25T00:00:00,PRCP,GHCND:USC00333292,",,7,",0
4022,2015-09-26T00:00:00,PRCP,GHCND:USC00333292,",,7,",0
4023,2015-09-27T00:00:00,PRCP,GHCND:USC00333292,",,7,",0
4024,2015-09-28T00:00:00,PRCP,GHCND:USC00333292,",,7,",0
4025,2015-09-29T00:00:00,PRCP,GHCND:USC00333292,",,7,",0
4026,2015-09-30T00:00:00,PRCP,GHCND:USC00333292,",,7,",0
4027,2015-10-01T00:00:00,PRCP,GHCND:USC00333292,",,7,",0
4028,2015-10-01T00:00:00,SNOW,GHCND:USC00333292,",,7,",0
4029,2015-10-01T00:00:00,SNWD,GHCND:USC00333292,",,7,",0
4030,2015-10-02T00:00:00,PRCP,GHCND:USC00333292,",,7,",0
4031,2015-10-02T00:00:00,SNOW,GHCND:USC00333292,",,7,",0
4032,2015-10-02T00:00:00,SNWD,GHCND:USC00333292,",,7,",0
4033,2015-10-03T00:00:00,PRCP,GHCND:USC00333292,",,7,",0
4034,2015-10-03T00:00:00,SNOW,GHCND:USC00333292,",,7,",0
4035,2015-10-03T00:00:00,SNWD,GHCND:USC00333292,",,7,",0
4036,2015-10-04T00:00:00,PRCP,GHCND:USC00333292,",,7,",51
4037,2015-10-04T00:00:00,SNOW,GHCND:USC00333292,",,7,",0
4038,2015-10-04T00:00:00,SNWD,GHCND:USC00333292,",,7,",0
4039,2015-10-05T00:00:00,PRCP,GHCND:USC00333292,",,7,",0
4040,2015-10-05T00:00:00,SNOW,GHCND:USC00333292,",,7,",0
4041,2015-10-05T00:00:00,SNWD,GHCND:USC00333292,",,7,",0
4042,2015-10-06T00:00:00,PRCP,GHCND:USC00333292,",,7,",0
4043,2015-10-06T00:00:00,SNOW,GHCND:USC00333292,",,7,",0
4044,2015-10-06T00:00:00,SNWD,GHCND:USC00333292,",,7,",0
4045,2015-10-07T00:00:00,PRCP,GHCND:USC00333292,",,7,",0
4046,2015-10-07T00:00:00,SNOW,GHCND:USC00333292,",,7,",0
4047,2015-10-07T00:00:00,SNWD,GHCND:USC00333292,",,7,",0
4048,2015-10-08T00:00:00,PRCP,GHCND:USC00333292,",,7,",0
4049,2015-10-08T00:00:00,SNOW,GHCND:USC00333292,",,7,",0
4050,2015-10-08T00:00:00,SNWD,GHCND:USC00333292,",,7,",0
4051,2015-10-09T00:00:00,PRCP,GHCND:USC00333292,",,7,",25
4052,2015-10-09T00:00:00,SNOW,GHCND:USC00333292,",,7,",0
4053,2015-10-09T00:00:00,SNWD,GHCND:USC00333292,",,7,",0
4054,2015-10-10T00:00:00,PRCP,GHCND:USC00333292,",,7,",0
4055,2015-10-10T00:00:00,SNOW,GHCND:USC00333292,",,7,",0
4056,2015-10-10T00:00:00,SNWD,GHCND:USC00333292,",,7,",0
4057,2015-10-11T00:00:00,PRCP,GHCND:USC00333292,",,7,",0
4058,2015-10-11T00:00:00,SNOW,GHCND:USC00333292,",,7,",0
4059,2015-10-11T00:00:00,SNWD,GHCND:USC00333292,",,7,",0
4060,2015-10-12T00:00:00,PRCP,GHCND:USC00333292,",,7,",0
4061,2015-10-12T00:00:00,SNOW,GHCND:USC00333292,",,7,",0
4062,2015-10-12T00:00:00,SNWD,GHCND:USC00333292,",,7,",0
4063,2015-10-13T00:00:00,PRCP,GHCND:USC00333292,",,7,",0
4064,2015-10-13T00:00:00,SNOW,GHCND:USC00333292,",,7,",0
4065,2015-10-13T00:00:00,SNWD,GHCND:USC00333292,",,7,",0
4066,2015-10-14T00:00:00,PRCP,GHCND:USC00333292,",,7,",0
4067,2015-10-14T00:00:00,SNOW,GHCND:USC00333292,",,7,",0
4068,2015-10-14T00:00:00,SNWD,GHCND:USC00333292,",,7,",0
4069,2015-10-15T00:00:00,PRCP,GHCND:USC00333292,",,7,",0
4070,2015-10-15T00:00:00,SNOW,GHCND:USC00333292,",,7,",0
4071,2015-10-15T00:00:00,SNWD,GHCND:USC00333292,",,7,",0
4072,2015-10-16T00:00:00,PRCP,GHCND:USC00333292,",,7,",0
4073,2015-10-16T00:00:00,SNOW,GHCND:USC00333292,",,7,",0
4074,2015-10-16T00:00:00,SNWD,GHCND:USC00333292,",,7,",0
4075,2015-10-17T00:00:00,PRCP,GHCND:USC00333292,",,7,",0
4076,2015-10-17T00:00:00,SNOW,GHCND:USC00333292,",,7,",0
4077,2015-10-17T00:00:00,SNWD,GHCND:USC00333292,",,7,",0
4078,2015-10-18T00:00:00,PRCP,GHCND:USC00333292,",,7,",0
4079,2015-10-18T00:00:00,SNOW,GHCND:USC00333292,",,7,",0
4080,2015-10-18T00:00:00,SNWD,GHCND:USC00333292,",,7,",0
4081,2015-10-19T00:00:00,PRCP,GHCND:USC00333292,",,7,",0
4082,2015-10-19T00:00:00,SNOW,GHCND:USC00333292,",,7,",0
4083,2015-10-19T00:00:00,SNWD,GHCND:USC00333292,",,7,",0
4084,2015-10-20T00:00:00,PRCP,GHCND:USC00333292,",,7,",0
4085,2015-10-20T00:00:00,SNOW,GHCND:USC00333292,",,7,",0
4086,2015-10-20T00:00:00,SNWD,GHCND:USC00333292,",,7,",0
4087,2015-10-21T00:00:00,PRCP,GHCND:USC00333292,",,7,",0
4088,2015-10-21T00:00:00,SNOW,GHCND:USC00333292,",,7,",0
4089,2015-10-21T00:00:00,SNWD,GHCND:USC00333292,",,7,",0
4090,2015-10-22T00:00:00,PRCP,GHCND:USC00333292,",,7,",0
4091,2015-10-22T00:00:00,SNOW,GHCND:USC00333292,",,7,",0
4092,2015-10-22T00:00:00,SNWD,GHCND:USC00333292,",,7,",0
4093,2015-10-23T00:00:00,PRCP,GHCND:USC00333292,",,7,",0
4094,2015-10-23T00:00:00,SNOW,GHCND:USC00333292,",,7,",0
4095,2015-10-23T00:00:00,SNWD,GHCND:USC00333292,",,7,",0
4096,2015-10-24T00:00:00,PRCP,GHCND:USC00333292,",,7,",0
4097,2015-10-24T00:00:00,SNOW,GHCND:USC00333292,",,7,",0
4098,2015-10-24T00:00:00,SNWD,GHCND:USC00333292,",,7,",0
4099,2015-10-25T00:00:00,PRCP,GHCND:USC00333292,",,7,",84
4100,2015-10-25T00:00:00,SNOW,GHCND:USC00333292,",,7,",0
4101,2015-10-25T00:00:00,SNWD,GHCND:USC00333292,",,7,",0
4102,2015-10-26T00:00:00,PRCP,GHCND:USC00333292,",,7,",0
4103,2015-10-26T00:00:00,SNOW,GHCND:USC00333292,",,7,",0
4104,2015-10-26T00:00:00,SNWD,GHCND:USC00333292,",,7,",0
4105,2015-10-27T00:00:00,PRCP,GHCND:USC00333292,",,7,",0
4106,2015-10-27T00:00:00,SNOW,GHCND:USC00333292,",,7,",0
4107,2015-10-27T00:00:00,SNWD,GHCND:USC00333292,",,7,",0
4108,2015-10-28T00:00:00,PRCP,GHCND:USC00333292,",,7,",0
4109,2015-10-28T00:00:00,SNOW,GHCND:USC00333292,",,7,",0
4110,2015-10-28T00:00:00,SNWD,GHCND:USC00333292,",,7,",0
4111,2015-10-29T00:00:00,PRCP,GHCND:USC00333292,",,7,",0
4112,2015-10-29T00:00:00,SNOW,GHCND:USC00333292,",,7,",0
4113,2015-10-29T00:00:00,SNWD,GHCND:USC00333292,",,7,",0
4114,2015-10-30T00:00:00,PRCP,GHCND:USC00333292,",,7,",0
4115,2015-10-30T00:00:00,SNOW,GHCND:USC00333292,",,7,",0
4116,2015-10-30T00:00:00,SNWD,GHCND:USC00333292,",,7,",0
4117,2015-10-31T00:00:00,PRCP,GHCND:USC00333292,",,7,",0
4118,2015-10-31T00:00:00,SNOW,GHCND:USC00333292,",,7,",0
4119,2015-10-31T00:00:00,SNWD,GHCND:USC00333292,",,7,",0
4120,2015-11-01T00:00:00,PRCP,GHCND:USC00333292,",,7,",0
4121,2015-11-01T00:00:00,SNOW,GHCND:USC00333292,",,7,",0
4122,2015-11-01T00:00:00,SNWD,GHCND:USC00333292,",,7,",0
4123,2015-11-02T00:00:00,PRCP,GHCND:USC00333292,",,7,",0
4124,2015-11-02T00:00:00,SNOW,GHCND:USC00333292,",,7,",0
4125,2015-11-02T00:00:00,SNWD,GHCND:USC00333292,",,7,",0
4126,2015-11-03T00:00:00,PRCP,GHCND:USC00333292,",,7,",0
4127,2015-11-03T00:00:00,SNOW,GHCND:USC00333292,",,7,",0
4128,2015-11-03T00:00:00,SNWD,GHCND:USC00333292,",,7,",0
4129,2015-11-04T00:00:00,PRCP,GHCND:USC00333292,",,7,",0
4130,2015-11-04T00:00:00,SNOW,GHCND:USC00333292,",,7,",0
4131,2015-11-04T00:00:00,SNWD,GHCND:USC00333292,",,7,",0
4132,2015-11-05T00:00:00,PRCP,GHCND:USC00333292,",,7,",0
4133,2015-11-05T00:00:00,SNOW,GHCND:USC00333292,",,7,",0
4134,2015-11-05T00:00:00,SNWD,GHCND:USC00333292,",,7,",0
4135,2015-11-06T00:00:00,PRCP,GHCND:USC00333292,",,7,",0
4136,2015-11-06T00:00:00,SNOW,GHCND:USC00333292,",,7,",0
4137,2015-11-06T00:00:00,SNWD,GHCND:USC00333292,",,7,",0
4138,2015-11-07T00:00:00,PRCP,GHCND:USC00333292,",,7,",0
4139,2015-11-07T00:00:00,SNOW,GHCND:USC00333292,",,7,",0
4140,2015-11-07T00:00:00,SNWD,GHCND:USC00333292,",,7,",0
4141,2015-11-08T00:00:00,PRCP,GHCND:USC00333292,",,7,",25
4142,2015-11-08T00:00:00,SNOW,GHCND:USC00333292,",,7,",0
4143,2015-11-08T00:00:00,SNWD,GHCND:USC00333292,",,7,",0
4144,2015-11-09T00:00:00,PRCP,GHCND:USC00333292,",,7,",0
4145,2015-11-09T00:00:00,SNOW,GHCND:USC00333292,",,7,",0
4146,2015-11-09T00:00:00,SNWD,GHCND:USC00333292,",,7,",0
4147,2015-11-10T00:00:00,PRCP,GHCND:USC00333292,",,7,",51
4148,2015-11-10T00:00:00,SNOW,GHCND:USC00333292,",,7,",0
4149,2015-11-10T00:00:00,SNWD,GHCND:USC00333292,",,7,",0
4150,2015-11-11T00:00:00,PRCP,GHCND:USC00333292,",,7,",0
4151,2015-11-11T00:00:00,SNOW,GHCND:USC00333292,",,7,",0
4152,2015-11-11T00:00:00,SNWD,GHCND:USC00333292,",,7,",0
4153,2015-11-12T00:00:00,PRCP,GHCND:USC00333292,",,7,",0
4154,2015-11-12T00:00:00,SNOW,GHCND:USC00333292,",,7,",0
4155,2015-11-12T00:00:00,SNWD,GHCND:USC00333292,",,7,",0
4156,2015-11-13T00:00:00,PRCP,GHCND:USC00333292,",,7,",0
4157,2015-11-13T00:00:00,SNOW,GHCND:USC00333292,",,7,",0
4158,2015-11-13T00:00:00,SNWD,GHCND:USC00333292,",,7,",0
4159,2015-11-14T00:00:00,PRCP,GHCND:USC00333292,",,7,",0
4160,2015-11-14T00:00:00,SNOW,GHCND:USC00333292,",,7,",0
4161,2015-11-14T00:00:00,SNWD,GHCND:USC00333292,",,7,",0
4162,2015-11-15T00:00:00,PRCP,GHCND:USC00333292,",,7,",8
4163,2015-11-15T00:00:00,SNOW,GHCND:USC00333292,",,7,",0
4164,2015-11-15T00:00:00,SNWD,GHCND:USC00333292,",,7,",0
4165,2015-11-16T00:00:00,PRCP,GHCND:USC00333292,",,7,",0
4166,2015-11-16T00:00:00,SNOW,GHCND:USC00333292,",,7,",0
4167,2015-11-16T00:00:00,SNWD,GHCND:USC00333292,",,7,",0
4168,2015-11-17T00:00:00,PRCP,GHCND:USC00333292,",,7,",0
4169,2015-11-17T00:00:00,SNOW,GHCND:USC00333292,",,7,",0
4170,2015-11-17T00:00:00,SNWD,GHCND:USC00333292,",,7,",0
4171,2015-11-18T00:00:00,PRCP,GHCND:USC00333292,",,7,",0
4172,2015-11-18T00:00:00,SNOW,GHCND:USC00333292,",,7,",0
4173,2015-11-18T00:00:00,SNWD,GHCND:USC00333292,",,7,",0
4174,2015-11-19T00:00:00,PRCP,GHCND:USC00333292,",,7,",0
4175,2015-11-19T00:00:00,SNOW,GHCND:USC00333292,",,7,",0
4176,2015-11-19T00:00:00,SNWD,GHCND:USC00333292,",,7,",0
4177,2015-11-20T00:00:00,PRCP,GHCND:USC00333292,",,7,",0
4178,2015-11-20T00:00:00,SNOW,GHCND:USC00333292,",,7,",0
4179,2015-11-20T00:00:00,SNWD,GHCND:USC00333292,",,7,",0
4180,2015-11-21T00:00:00,PRCP,GHCND:USC00333292,",,7,",0
4181,2015-11-21T00:00:00,SNOW,GHCND:USC00333292,",,7,",0
4182,2015-11-21T00:00:00,SNWD,GHCND:USC00333292,",,7,",0
4183,2015-11-22T00:00:00,PRCP,GHCND:USC00333292,",,7,",58
4184,2015-11-22T00:00:00,SNOW,GHCND:USC00333292,",,7,",51
4185,2015-11-22T00:00:00,SNWD,GHCND:USC00333292,",,7,",51
4186,2015-11-23T00:00:00,PRCP,GHCND:USC00333292,",,7,",0
4187,2015-11-23T00:00:00,SNOW,GHCND:USC00333292,",,7,",0
4188,2015-11-23T00:00:00,SNWD,GHCND:USC00333292,",,7,",25
4189,2015-11-24T00:00:00,PRCP,GHCND:USC00333292,",,7,",0
4190,2015-11-24T00:00:00,SNOW,GHCND:USC00333292,",,7,",0
4191,2015-11-24T00:00:00,SNWD,GHCND:USC00333292,",,7,",0
4192,2015-11-25T00:00:00,PRCP,GHCND:USC00333292,",,7,",0
4193,2015-11-25T00:00:00,SNOW,GHCND:USC00333292,",,7,",0
4194,2015-11-25T00:00:00,SNWD,GHCND:USC00333292,",,7,",0
4195,2015-11-26T00:00:00,PRCP,GHCND:USC00333292,",,7,",0
4196,2015-11-26T00:00:00,SNOW,GHCND:USC00333292,",,7,",0
4197,2015-11-26T00:00:00,SNWD,GHCND:USC00333292,",,7,",0
4198,2015-11-27T00:00:00,PRCP,GHCND:USC00333292,",,7,",0
4199,2015-11-27T00:00:00,SNOW,GHCND:USC00333292,",,7,",0
4200,2015-11-27T00:00:00,SNWD,GHCND:USC00333292,",,7,",0
4201,2015-11-28T00:00:00,PRCP,GHCND:USC00333292,",,7,",0
4202,2015-11-28T00:00:00,SNOW,GHCND:USC00333292,",,7,",0
4203,2015-11-28T00:00:00,SNWD,GHCND:USC00333292,",,7,",0
4204,2015-11-29T00:00:00,PRCP,GHCND:USC00333292,",,7,",0
4205,2015-11-29T00:00:00,SNOW,GHCND:USC00333292,",,7,",0
4206,2015-11-29T00:00:00,SNWD,GHCND:USC00333292,",,7,",0
4207,2015-11-30T00:00:00,PRCP,GHCND:USC00333292,",,7,",0
4208,2015-11-30T00:00:00,SNOW,GHCND:USC00333292,",,7,",0
4209,2015-11-30T00:00:00,SNWD,GHCND:USC00333292,",,7,",0
4210,2015-12-01T00:00:00,PRCP,GHCND:USC00333292,",,7,",5
4211,2015-12-01T00:00:00,SNOW,GHCND:USC00333292,",,7,",0
4212,2015-12-01T00:00:00,SNWD,GHCND:USC00333292,",,7,",0
4213,2015-12-02T00:00:00,PRCP,GHCND:USC00333292,",,7,",0
4214,2015-12-02T00:00:00,SNOW,GHCND:USC00333292,",,7,",0
4215,2015-12-02T00:00:00,SNWD,GHCND:USC00333292,",,7,",0
4216,2015-12-03T00:00:00,PRCP,GHCND:USC00333292,",,7,",0
4217,2015-12-03T00:00:00,SNOW,GHCND:USC00333292,",,7,",0
4218,2015-12-03T00:00:00,SNWD,GHCND:USC00333292,",,7,",0
4219,2015-12-04T00:00:00,PRCP,GHCND:USC00333292,",,7,",0
4220,2015-12-04T00:00:00,SNOW,GHCND:USC00333292,",,7,",0
4221,2015-12-04T00:00:00,SNWD,GHCND:USC00333292,",,7,",0
4222,2015-12-05T00:00:00,PRCP,GHCND:USC00333292,",,7,",0
4223,2015-12-05T00:00:00,SNOW,GHCND:USC00333292,",,7,",0
4224,2015-12-05T00:00:00,SNWD,GHCND:USC00333292,",,7,",0
4225,2015-12-06T00:00:00,PRCP,GHCND:USC00333292,"T,,7,",0
4226,2015-12-06T00:00:00,SNOW,GHCND:USC00333292,",,7,",0
4227,2015-12-06T00:00:00,SNWD,GHCND:USC00333292,",,7,",0
4228,2015-12-07T00:00:00,PRCP,GHCND:USC00333292,",,7,",0
4229,2015-12-07T00:00:00,SNOW,GHCND:USC00333292,",,7,",0
4230,2015-12-07T00:00:00,SNWD,GHCND:USC00333292,",,7,",0
4231,2015-12-08T00:00:00,PRCP,GHCND:USC00333292,",,7,",0
4232,2015-12-08T00:00:00,SNOW,GHCND:USC00333292,",,7,",0
4233,2015-12-08T00:00:00,SNWD,GHCND:USC00333292,",,7,",0
4234,2015-12-09T00:00:00,PRCP,GHCND:USC00333292,",,7,",0
4235,2015-12-09T00:00:00,SNOW,GHCND:USC00333292,",,7,",0
4236,2015-12-09T00:00:00,SNWD,GHCND:USC00333292,",,7,",0
4237,2015-12-10T00:00:00,PRCP,GHCND:USC00333292,",,7,",0
4238,2015-12-10T00:00:00,SNOW,GHCND:USC00333292,",,7,",0
4239,2015-12-10T00:00:00,SNWD,GHCND:USC00333292,",,7,",0
4240,2015-12-11T00:00:00,PRCP,GHCND:USC00333292,",,7,",0
4241,2015-12-11T00:00:00,SNOW,GHCND:USC00333292,",,7,",0
4242,2015-12-11T00:00:00,SNWD,GHCND:USC00333292,",,7,",0
4243,2015-12-12T00:00:00,PRCP,GHCND:USC00333292,",,7,",0
4244,2015-12-12T00:00:00,SNOW,GHCND:USC00333292,",,7,",0
4245,2015-12-12T00:00:00,SNWD,GHCND:USC00333292,",,7,",0
4246,2015-12-13T00:00:00,PRCP,GHCND:USC00333292,",,7,",0
4247,2015-12-13T00:00:00,SNOW,GHCND:USC00333292,",,7,",0
4248,2015-12-13T00:00:00,SNWD,GHCND:USC00333292,",,7,",0
4249,2015-12-14T00:00:00,PRCP,GHCND:USC00333292,",,7,",0
4250,2015-12-14T00:00:00,SNOW,GHCND:USC00333292,",,7,",0
4251,2015-12-14T00:00:00,SNWD,GHCND:USC00333292,",,7,",0
4252,2015-12-15T00:00:00,PRCP,GHCND:USC00333292,",,7,",28
4253,2015-12-15T00:00:00,SNOW,GHCND:USC00333292,",,7,",0
4254,2015-12-15T00:00:00,SNWD,GHCND:USC00333292,",,7,",0
4255,2015-12-16T00:00:00,PRCP,GHCND:USC00333292,",,7,",0
4256,2015-12-16T00:00:00,SNOW,GHCND:USC00333292,",,7,",0
4257,2015-12-16T00:00:00,SNWD,GHCND:USC00333292,",,7,",0
4258,2015-12-17T00:00:00,PRCP,GHCND:USC00333292,",,7,",0
4259,2015-12-17T00:00:00,SNOW,GHCND:USC00333292,",,7,",0
4260,2015-12-17T00:00:00,SNWD,GHCND:USC00333292,",,7,",0
4261,2015-12-18T00:00:00,PRCP,GHCND:USC00333292,",,7,",0
4262,2015-12-18T00:00:00,SNOW,GHCND:USC00333292,",,7,",0
4263,2015-12-18T00:00:00,SNWD,GHCND:USC00333292,",,7,",0
4264,2015-12-19T00:00:00,PRCP,GHCND:USC00333292,",,7,",0
4265,2015-12-19T00:00:00,SNOW,GHCND:USC00333292,",,7,",0
4266,2015-12-19T00:00:00,SNWD,GHCND:USC00333292,",,7,",0
4267,2015-12-20T00:00:00,PRCP,GHCND:USC00333292,",,7,",0
4268,2015-12-20T00:00:00,SNOW,GHCND:USC00333292,",,7,",0
4269,2015-12-20T00:00:00,SNWD,GHCND:USC00333292,",,7,",0
4270,2015-12-21T00:00:00,PRCP,GHCND:USC00333292,",,7,",0
4271,2015-12-21T00:00:00,SNOW,GHCND:USC00333292,",,7,",0
4272,2015-12-21T00:00:00,SNWD,GHCND:USC00333292,",,7,",0
4273,2015-12-22T00:00:00,PRCP,GHCND:USC00333292,",,7,",0
4274,2015-12-22T00:00:00,SNOW,GHCND:USC00333292,",,7,",0
4275,2015-12-22T00:00:00,SNWD,GHCND:USC00333292,",,7,",0
4276,2015-12-23T00:00:00,PRCP,GHCND:USC00333292,",L,7,",0
4277,2015-12-23T00:00:00,SNOW,GHCND:USC00333292,",,7,",0
4278,2015-12-23T00:00:00,SNWD,GHCND:USC00333292,",,7,",0
4279,2015-12-24T00:00:00,PRCP,GHCND:USC00333292,",L,7,",0
4280,2015-12-24T00:00:00,SNOW,GHCND:USC00333292,",,7,",0
4281,2015-12-24T00:00:00,SNWD,GHCND:USC00333292,",,7,",0
4282,2015-12-25T00:00:00,PRCP,GHCND:USC00333292,",L,7,",0
4283,2015-12-25T00:00:00,SNOW,GHCND:USC00333292,",,7,",0
4284,2015-12-25T00:00:00,SNWD,GHCND:USC00333292,",,7,",0
4285,2015-12-26T00:00:00,PRCP,GHCND:USC00333292,",L,7,",0
4286,2015-12-26T00:00:00,SNOW,GHCND:USC00333292,",,7,",0
4287,2015-12-26T00:00:00,SNWD,GHCND:USC00333292,",,7,",0
4288,2015-12-27T00:00:00,DAPR,GHCND:USC00333292,",L,7,",5
4289,2015-12-27T00:00:00,MDPR,GHCND:USC00333292,",L,7,",480
4290,2015-12-27T00:00:00,SNOW,GHCND:USC00333292,",,7,",0
4291,2015-12-27T00:00:00,SNWD,GHCND:USC00333292,",,7,",0
4292,2015-12-28T00:00:00,PRCP,GHCND:USC00333292,",,7,",20
4293,2015-12-28T00:00:00,SNOW,GHCND:USC00333292,",,7,",0
4294,2015-12-28T00:00:00,SNWD,GHCND:USC00333292,",,7,",0
4295,2015-12-29T00:00:00,PRCP,GHCND:USC00333292,",,7,",279
4296,2015-12-29T00:00:00,SNOW,GHCND:USC00333292,",,7,",0
4297,2015-12-29T00:00:00,SNWD,GHCND:USC00333292,",,7,",0
4298,2015-12-30T00:00:00,PRCP,GHCND:USC00333292,",,7,",0
4299,2015-12-30T00:00:00,SNOW,GHCND:USC00333292,",,7,",0
4300,2015-12-30T00:00:00,SNWD,GHCND:USC00333292,",,7,",0
4301,2015-12-31T00:00:00,PRCP,GHCND:USC00333292,",,7,",0
4302,2015-12-31T00:00:00,SNOW,GHCND:USC00333292,",,7,",0
4303,2015-12-31T00:00:00,SNWD,GHCND:USC00333292,",,7,",0
4304,2016-01-01T00:00:00,PRCP,GHCND:USC00333292,",,7,",0
4305,2016-01-01T00:00:00,SNOW,GHCND:USC00333292,",,7,",0
4306,2016-01-01T00:00:00,SNWD,GHCND:USC00333292,",,7,",0
4307,2016-01-02T00:00:00,PRCP,GHCND:USC00333292,",,7,",0
4308,2016-01-02T00:00:00,SNOW,GHCND:USC00333292,",,7,",0
4309,2016-01-02T00:00:00,SNWD,GHCND:USC00333292,",,7,",0
4310,2016-01-03T00:00:00,PRCP,GHCND:USC00333292,",,7,",0
4311,2016-01-03T00:00:00,SNOW,GHCND:USC00333292,",,7,",0
4312,2016-01-03T00:00:00,SNWD,GHCND:USC00333292,",,7,",0
4313,2016-01-04T00:00:00,PRCP,GHCND:USC00333292,",,7,",0
4314,2016-01-04T00:00:00,SNOW,GHCND:USC00333292,",,7,",0
4315,2016-01-04T00:00:00,SNWD,GHCND:USC00333292,",,7,",0
4316,2016-01-05T00:00:00,PRCP,GHCND:USC00333292,",,7,",0
4317,2016-01-05T00:00:00,SNOW,GHCND:USC00333292,",,7,",0
4318,2016-01-05T00:00:00,SNWD,GHCND:USC00333292,",,7,",0
4319,2016-01-06T00:00:00,PRCP,GHCND:USC00333292,",,7,",0
4320,2016-01-06T00:00:00,SNOW,GHCND:USC00333292,",,7,",0
4321,2016-01-06T00:00:00,SNWD,GHCND:USC00333292,",,7,",0
4322,2016-01-07T00:00:00,PRCP,GHCND:USC00333292,",,7,",0
4323,2016-01-07T00:00:00,SNOW,GHCND:USC00333292,",,7,",0
4324,2016-01-07T00:00:00,SNWD,GHCND:USC00333292,",,7,",0
4325,2016-01-08T00:00:00,PRCP,GHCND:USC00333292,",,7,",0
4326,2016-01-08T00:00:00,SNOW,GHCND:USC00333292,",,7,",0
4327,2016-01-08T00:00:00,SNWD,GHCND:USC00333292,",,7,",0
4328,2016-01-09T00:00:00,PRCP,GHCND:USC00333292,",,7,",0
4329,2016-01-09T00:00:00,SNOW,GHCND:USC00333292,",,7,",0
4330,2016-01-09T00:00:00,SNWD,GHCND:USC00333292,",,7,",0
4331,2016-01-11T00:00:00,DAPR,GHCND:USC00333292,",,7,",2
4332,2016-01-11T00:00:00,MDPR,GHCND:USC00333292,",,7,",236
4333,2016-01-11T00:00:00,SNOW,GHCND:USC00333292,",,7,",38
4334,2016-01-11T00:00:00,SNWD,GHCND:USC00333292,",,7,",51
4335,2016-01-13T00:00:00,DAPR,GHCND:USC00333292,",,7,",2
4336,2016-01-13T00:00:00,MDPR,GHCND:USC00333292,",,7,",3
4337,2016-01-13T00:00:00,SNOW,GHCND:USC00333292,"T,,7,",0
4338,2016-01-13T00:00:00,SNWD,GHCND:USC00333292,",,7,",51
4339,2016-01-14T00:00:00,PRCP,GHCND:USC00333292,",,7,",0
4340,2016-01-14T00:00:00,SNOW,GHCND:USC00333292,",,7,",0
4341,2016-01-15T00:00:00,PRCP,GHCND:USC00333292,",,7,",0
4342,2016-01-15T00:00:00,SNOW,GHCND:USC00333292,",,7,",0
4343,2016-01-17T00:00:00,DAPR,GHCND:USC00333292,",,7,",2
4344,2016-01-17T00:00:00,MDPR,GHCND:USC00333292,",,7,",74
4345,2016-01-17T00:00:00,SNOW,GHCND:USC00333292,",,7,",13
4346,2016-01-17T00:00:00,SNWD,GHCND:USC00333292,",,7,",0
4347,2016-01-18T00:00:00,PRCP,GHCND:USC00333292,"T,,7,",0
4348,2016-01-18T00:00:00,SNOW,GHCND:USC00333292,"T,,7,",0
4349,2016-01-18T00:00:00,SNWD,GHCND:USC00333292,"T,,7,",0
4350,2016-01-19T00:00:00,PRCP,GHCND:USC00333292,",,7,",0
4351,2016-01-19T00:00:00,SNOW,GHCND:USC00333292,",,7,",0
4352,2016-01-19T00:00:00,SNWD,GHCND:USC00333292,",,7,",0
4353,2016-01-20T00:00:00,PRCP,GHCND:USC00333292,",,7,",0
4354,2016-01-20T00:00:00,SNOW,GHCND:USC00333292,",,7,",0
4355,2016-01-20T00:00:00,SNWD,GHCND:USC00333292,",,7,",0
4356,2016-01-21T00:00:00,PRCP,GHCND:USC00333292,",,7,",0
4357,2016-01-21T00:00:00,SNOW,GHCND:USC00333292,",,7,",0
4358,2016-01-21T00:00:00,SNWD,GHCND:USC00333292,",,7,",0
4359,2016-01-22T00:00:00,PRCP,GHCND:USC00333292,",,7,",0
4360,2016-01-22T00:00:00,SNOW,GHCND:USC00333292,",,7,",0
4361,2016-01-22T00:00:00,SNWD,GHCND:USC00333292,",,7,",0
4362,2016-01-23T00:00:00,PRCP,GHCND:USC00333292,",,7,",0
4363,2016-01-23T00:00:00,SNOW,GHCND:USC00333292,",,7,",0
4364,2016-01-23T00:00:00,SNWD,GHCND:USC00333292,",,7,",0
4365,2016-01-24T00:00:00,PRCP,GHCND:USC00333292,",,7,",0
4366,2016-01-24T00:00:00,SNOW,GHCND:USC00333292,",,7,",0
4367,2016-01-24T00:00:00,SNWD,GHCND:USC00333292,",,7,",0
4368,2016-01-25T00:00:00,PRCP,GHCND:USC00333292,",,7,",0
4369,2016-01-25T00:00:00,SNOW,GHCND:USC00333292,",,7,",0
4370,2016-01-25T00:00:00,SNWD,GHCND:USC00333292,",,7,",0
4371,2016-01-26T00:00:00,PRCP,GHCND:USC00333292,"T,,7,",0
4372,2016-01-26T00:00:00,SNOW,GHCND:USC00333292,",,7,",0
4373,2016-01-26T00:00:00,SNWD,GHCND:USC00333292,",,7,",0
4374,2016-01-27T00:00:00,PRCP,GHCND:USC00333292,",,7,",0
4375,2016-01-27T00:00:00,SNOW,GHCND:USC00333292,",,7,",0
4376,2016-01-27T00:00:00,SNWD,GHCND:USC00333292,",,7,",0
4377,2016-01-28T00:00:00,PRCP,GHCND:USC00333292,",,7,",0
4378,2016-01-28T00:00:00,SNOW,GHCND:USC00333292,",,7,",0
4379,2016-01-28T00:00:00,SNWD,GHCND:USC00333292,",,7,",0
4380,2016-01-29T00:00:00,PRCP,GHCND:USC00333292,",,7,",0
4381,2016-01-29T00:00:00,SNOW,GHCND:USC00333292,",,7,",0
4382,2016-01-29T00:00:00,SNWD,GHCND:USC00333292,",,7,",0
4383,2016-01-30T00:00:00,PRCP,GHCND:USC00333292,",,7,",0
4384,2016-01-30T00:00:00,SNOW,GHCND:USC00333292,",,7,",0
4385,2016-01-30T00:00:00,SNWD,GHCND:USC00333292,",,7,",0
4386,2016-01-31T00:00:00,PRCP,GHCND:USC00333292,",,7,",0
4387,2016-01-31T00:00:00,SNOW,GHCND:USC00333292,",,7,",0
4388,2016-01-31T00:00:00,SNWD,GHCND:USC00333292,",,7,",0
4389,2016-02-07T00:00:00,DAPR,GHCND:USC00333292,",,7,",7
4390,2016-02-07T00:00:00,MDPR,GHCND:USC00333292,",,7,",61
4391,2016-02-07T00:00:00,SNOW,GHCND:USC00333292,",,7,",0
4392,2016-02-07T00:00:00,SNWD,GHCND:USC00333292,",,7,",0
4393,2016-02-09T00:00:00,DAPR,GHCND:USC00333292,",,7,",2
4394,2016-02-09T00:00:00,MDPR,GHCND:USC00333292,"T,,7,",0
4395,2016-02-09T00:00:00,SNOW,GHCND:USC00333292,"T,,7,",0
4396,2016-02-09T00:00:00,SNWD,GHCND:USC00333292,"T,,7,",0
4397,2016-02-10T00:00:00,PRCP,GHCND:USC00333292,",,7,",8
4398,2016-02-10T00:00:00,SNOW,GHCND:USC00333292,"T,,7,",0
4399,2016-02-10T00:00:00,SNWD,GHCND:USC00333292,"T,,7,",0
4400,2016-02-11T00:00:00,PRCP,GHCND:USC00333292,"T,,7,",0
4401,2016-02-11T00:00:00,SNOW,GHCND:USC00333292,"T,,7,",0
4402,2016-02-11T00:00:00,SNWD,GHCND:USC00333292,"T,,7,",0
4403,2016-02-16T00:00:00,DAPR,GHCND:USC00333292,",,7,",2
4404,2016-02-16T00:00:00,MDPR,GHCND:USC00333292,",,7,",15
4405,2016-02-16T00:00:00,SNOW,GHCND:USC00333292,",,7,",13
4406,2016-02-16T00:00:00,SNWD,GHCND:USC00333292,",,7,",25
4407,2016-02-21T00:00:00,PRCP,GHCND:USC00333292,",,7,",0
4408,2016-02-21T00:00:00,SNOW,GHCND:USC00333292,",,7,",0
4409,2016-02-21T00:00:00,SNWD,GHCND:USC00333292,",,7,",0
4410,2016-02-23T00:00:00,PRCP,GHCND:USC00333292,",,7,",0
4411,2016-02-23T00:00:00,SNOW,GHCND:USC00333292,",,7,",0
4412,2016-02-23T00:00:00,SNWD,GHCND:USC00333292,",,7,",0
4413,2016-02-24T00:00:00,PRCP,GHCND:USC00333292,",,7,",66
4414,2016-02-28T00:00:00,DAPR,GHCND:USC00333292,",,7,",3
4415,2016-02-28T00:00:00,MDPR,GHCND:USC00333292,",,7,",165
4416,2016-02-29T00:00:00,PRCP,GHCND:USC00333292,",,7,",41
4417,2016-03-01T00:00:00,PRCP,GHCND:USC00333292,",,7,",0
4418,2016-03-01T00:00:00,SNOW,GHCND:USC00333292,",,7,",0
4419,2016-03-01T00:00:00,SNWD,GHCND:USC00333292,",,7,",0
4420,2016-03-02T00:00:00,PRCP,GHCND:USC00333292,",,7,",89
4421,2016-03-02T00:00:00,SNOW,GHCND:USC00333292,",,7,",13
4422,2016-03-02T00:00:00,SNWD,GHCND:USC00333292,",,7,",25
4423,2016-03-03T00:00:00,PRCP,GHCND:USC00333292,",,7,",0
4424,2016-03-03T00:00:00,SNOW,GHCND:USC00333292,",,7,",0
4425,2016-03-03T00:00:00,SNWD,GHCND:USC00333292,",,7,",0
4426,2016-03-04T00:00:00,PRCP,GHCND:USC00333292,",,7,",0
4427,2016-03-04T00:00:00,SNOW,GHCND:USC00333292,",,7,",0
4428,2016-03-04T00:00:00,SNWD,GHCND:USC00333292,",,7,",0
4429,2016-03-05T00:00:00,PRCP,GHCND:USC00333292,",,7,",0
4430,2016-03-05T00:00:00,SNOW,GHCND:USC00333292,",,7,",0
4431,2016-03-05T00:00:00,SNWD,GHCND:USC00333292,",,7,",0
4432,2016-03-06T00:00:00,PRCP,GHCND:USC00333292,",,7,",56
4433,2016-03-06T00:00:00,SNOW,GHCND:USC00333292,",,7,",0
4434,2016-03-06T00:00:00,SNWD,GHCND:USC00333292,",,7,",0
4435,2016-03-07T00:00:00,PRCP,GHCND:USC00333292,",,7,",0
4436,2016-03-07T00:00:00,SNOW,GHCND:USC00333292,",,7,",0
4437,2016-03-07T00:00:00,SNWD,GHCND:USC00333292,",,7,",0
4438,2016-03-08T00:00:00,PRCP,GHCND:USC00333292,",,7,",0
4439,2016-03-08T00:00:00,SNOW,GHCND:USC00333292,",,7,",0
4440,2016-03-08T00:00:00,SNWD,GHCND:USC00333292,",,7,",0
4441,2016-03-09T00:00:00,PRCP,GHCND:USC00333292,",,7,",0
4442,2016-03-09T00:00:00,SNOW,GHCND:USC00333292,",,7,",0
4443,2016-03-09T00:00:00,SNWD,GHCND:USC00333292,",,7,",0
4444,2016-03-10T00:00:00,PRCP,GHCND:USC00333292,",,7,",102
4445,2016-03-10T00:00:00,SNOW,GHCND:USC00333292,",,7,",0
4446,2016-03-10T00:00:00,SNWD,GHCND:USC00333292,",,7,",0
4447,2016-03-11T00:00:00,PRCP,GHCND:USC00333292,",,7,",0
4448,2016-03-11T00:00:00,SNOW,GHCND:USC00333292,",,7,",0
4449,2016-03-11T00:00:00,SNWD,GHCND:USC00333292,",,7,",0
4450,2016-03-12T00:00:00,PRCP,GHCND:USC00333292,",,7,",0
4451,2016-03-12T00:00:00,SNOW,GHCND:USC00333292,",,7,",0
4452,2016-03-12T00:00:00,SNWD,GHCND:USC00333292,",,7,",0
4453,2016-03-13T00:00:00,PRCP,GHCND:USC00333292,",,7,",0
4454,2016-03-13T00:00:00,SNOW,GHCND:USC00333292,",,7,",0
4455,2016-03-13T00:00:00,SNWD,GHCND:USC00333292,",,7,",0
4456,2016-03-14T00:00:00,PRCP,GHCND:USC00333292,",,7,",91
4457,2016-03-14T00:00:00,SNOW,GHCND:USC00333292,",,7,",0
4458,2016-03-14T00:00:00,SNWD,GHCND:USC00333292,",,7,",0
4459,2016-03-15T00:00:00,PRCP,GHCND:USC00333292,",,7,",0
4460,2016-03-15T00:00:00,SNOW,GHCND:USC00333292,",,7,",0
4461,2016-03-15T00:00:00,SNWD,GHCND:USC00333292,",,7,",0
4462,2016-03-16T00:00:00,PRCP,GHCND:USC00333292,",,7,",0
4463,2016-03-16T00:00:00,SNOW,GHCND:USC00333292,",,7,",0
4464,2016-03-16T00:00:00,SNWD,GHCND:USC00333292,",,7,",0
4465,2016-03-17T00:00:00,PRCP,GHCND:USC00333292,",,7,",0
4466,2016-03-17T00:00:00,SNOW,GHCND:USC00333292,",,7,",0
4467,2016-03-17T00:00:00,SNWD,GHCND:USC00333292,",,7,",0
4468,2016-03-18T00:00:00,PRCP,GHCND:USC00333292,",,7,",0
4469,2016-03-18T00:00:00,SNOW,GHCND:USC00333292,",,7,",0
4470,2016-03-18T00:00:00,SNWD,GHCND:USC00333292,",,7,",0
4471,2016-03-19T00:00:00,PRCP,GHCND:USC00333292,",,7,",0
4472,2016-03-19T00:00:00,SNOW,GHCND:USC00333292,",,7,",0
4473,2016-03-19T00:00:00,SNWD,GHCND:USC00333292,",,7,",0
4474,2016-03-20T00:00:00,PRCP,GHCND:USC00333292,",,7,",3
4475,2016-03-20T00:00:00,SNOW,GHCND:USC00333292,",,7,",0
4476,2016-03-20T00:00:00,SNWD,GHCND:USC00333292,",,7,",0
4477,2016-03-21T00:00:00,PRCP,GHCND:USC00333292,",,7,",0
4478,2016-03-21T00:00:00,SNOW,GHCND:USC00333292,",,7,",0
4479,2016-03-21T00:00:00,SNWD,GHCND:USC00333292,",,7,",0
4480,2016-03-22T00:00:00,PRCP,GHCND:USC00333292,",,7,",0
4481,2016-03-22T00:00:00,SNOW,GHCND:USC00333292,",,7,",0
4482,2016-03-22T00:00:00,SNWD,GHCND:USC00333292,",,7,",0
4483,2016-03-23T00:00:00,PRCP,GHCND:USC00333292,",,7,",0
4484,2016-03-23T00:00:00,SNOW,GHCND:USC00333292,",,7,",0
4485,2016-03-23T00:00:00,SNWD,GHCND:USC00333292,",,7,",0
4486,2016-03-24T00:00:00,PRCP,GHCND:USC00333292,",,7,",0
4487,2016-03-24T00:00:00,SNOW,GHCND:USC00333292,",,7,",0
4488,2016-03-24T00:00:00,SNWD,GHCND:USC00333292,",,7,",0
4489,2016-03-25T00:00:00,PRCP,GHCND:USC00333292,",,7,",292
4490,2016-03-25T00:00:00,SNOW,GHCND:USC00333292,",,7,",0
4491,2016-03-25T00:00:00,SNWD,GHCND:USC00333292,",,7,",0
4492,2016-03-26T00:00:00,PRCP,GHCND:USC00333292,",,7,",0
4493,2016-03-26T00:00:00,SNOW,GHCND:USC00333292,",,7,",0
4494,2016-03-26T00:00:00,SNWD,GHCND:USC00333292,",,7,",0
4495,2016-03-27T00:00:00,PRCP,GHCND:USC00333292,",,7,",0
4496,2016-03-27T00:00:00,SNOW,GHCND:USC00333292,",,7,",0
4497,2016-03-27T00:00:00,SNWD,GHCND:USC00333292,",,7,",0
4498,2016-03-28T00:00:00,PRCP,GHCND:USC00333292,",,7,",483
4499,2016-03-28T00:00:00,SNOW,GHCND:USC00333292,",,7,",0
4500,2016-03-28T00:00:00,SNWD,GHCND:USC00333292,",,7,",0
4501,2016-03-29T00:00:00,PRCP,GHCND:USC00333292,",,7,",0
4502,2016-03-29T00:00:00,SNOW,GHCND:USC00333292,",,7,",0
4503,2016-03-29T00:00:00,SNWD,GHCND:USC00333292,",,7,",0
4504,2016-03-30T00:00:00,PRCP,GHCND:USC00333292,",,7,",0
4505,2016-03-30T00:00:00,SNOW,GHCND:USC00333292,",,7,",0
4506,2016-03-30T00:00:00,SNWD,GHCND:USC00333292,",,7,",0
4507,2016-03-31T00:00:00,PRCP,GHCND:USC00333292,",,7,",119
4508,2016-03-31T00:00:00,SNOW,GHCND:USC00333292,",,7,",0
4509,2016-03-31T00:00:00,SNWD,GHCND:USC00333292,",,7,",0
4510,2016-04-01T00:00:00,PRCP,GHCND:USC00333292,",,7,",0
4511,2016-04-01T00:00:00,SNOW,GHCND:USC00333292,",,7,",0
4512,2016-04-01T00:00:00,SNWD,GHCND:USC00333292,",,7,",0
4513,2016-04-02T00:00:00,PRCP,GHCND:USC00333292,",,7,",0
4514,2016-04-02T00:00:00,SNOW,GHCND:USC00333292,",,7,",0
4515,2016-04-02T00:00:00,SNWD,GHCND:USC00333292,",,7,",0
4516,2016-04-03T00:00:00,PRCP,GHCND:USC00333292,",,7,",0
4517,2016-04-03T00:00:00,SNOW,GHCND:USC00333292,",,7,",0
4518,2016-04-03T00:00:00,SNWD,GHCND:USC00333292,",,7,",0
4519,2016-04-04T00:00:00,PRCP,GHCND:USC00333292,",,7,",38
4520,2016-04-04T00:00:00,SNOW,GHCND:USC00333292,",,7,",0
4521,2016-04-04T00:00:00,SNWD,GHCND:USC00333292,",,7,",0
4522,2016-04-05T00:00:00,PRCP,GHCND:USC00333292,",,7,",0
4523,2016-04-05T00:00:00,SNOW,GHCND:USC00333292,",,7,",0
4524,2016-04-05T00:00:00,SNWD,GHCND:USC00333292,",,7,",0
4525,2016-04-06T00:00:00,PRCP,GHCND:USC00333292,",,7,",0
4526,2016-04-06T00:00:00,SNOW,GHCND:USC00333292,",,7,",0
4527,2016-04-06T00:00:00,SNWD,GHCND:USC00333292,",,7,",0
4528,2016-04-07T00:00:00,PRCP,GHCND:USC00333292,",,7,",94
4529,2016-04-07T00:00:00,SNOW,GHCND:USC00333292,",,7,",0
4530,2016-04-07T00:00:00,SNWD,GHCND:USC00333292,",,7,",0
4531,2016-04-08T00:00:00,PRCP,GHCND:USC00333292,",,7,",0
4532,2016-04-08T00:00:00,SNOW,GHCND:USC00333292,",,7,",0
4533,2016-04-08T00:00:00,SNWD,GHCND:USC00333292,",,7,",0
4534,2016-04-10T00:00:00,DAPR,GHCND:USC00333292,",,7,",2
4535,2016-04-10T00:00:00,MDPR,GHCND:USC00333292,",,7,",124
4536,2016-04-10T00:00:00,SNOW,GHCND:USC00333292,",,7,",0
4537,2016-04-10T00:00:00,SNWD,GHCND:USC00333292,",,7,",0
4538,2016-04-11T00:00:00,PRCP,GHCND:USC00333292,",,7,",38
4539,2016-04-11T00:00:00,SNOW,GHCND:USC00333292,",,7,",0
4540,2016-04-11T00:00:00,SNWD,GHCND:USC00333292,",,7,",0
4541,2016-04-12T00:00:00,PRCP,GHCND:USC00333292,",,7,",0
4542,2016-04-12T00:00:00,SNOW,GHCND:USC00333292,",,7,",0
4543,2016-04-12T00:00:00,SNWD,GHCND:USC00333292,",,7,",0
4544,2016-04-13T00:00:00,PRCP,GHCND:USC00333292,",,7,",0
4545,2016-04-13T00:00:00,SNOW,GHCND:USC00333292,",,7,",0
4546,2016-04-13T00:00:00,SNWD,GHCND:USC00333292,",,7,",0
4547,2016-04-14T00:00:00,PRCP,GHCND:USC00333292,",,7,",43
4548,2016-04-14T00:00:00,SNOW,GHCND:USC00333292,",,7,",0
4549,2016-04-14T00:00:00,SNWD,GHCND:USC00333292,",,7,",0
4550,2016-04-15T00:00:00,PRCP,GHCND:USC00333292,",,7,",0
4551,2016-04-15T00:00:00,SNOW,GHCND:USC00333292,",,7,",0
4552,2016-04-15T00:00:00,SNWD,GHCND:USC00333292,",,7,",0
4553,2016-04-16T00:00:00,PRCP,GHCND:USC00333292,",,7,",0
4554,2016-04-16T00:00:00,SNOW,GHCND:USC00333292,",,7,",0
4555,2016-04-16T00:00:00,SNWD,GHCND:USC00333292,",,7,",0
4556,2016-04-17T00:00:00,PRCP,GHCND:USC00333292,",,7,",0
4557,2016-04-17T00:00:00,SNOW,GHCND:USC00333292,",,7,",0
4558,2016-04-17T00:00:00,SNWD,GHCND:USC00333292,",,7,",0
4559,2016-04-18T00:00:00,PRCP,GHCND:USC00333292,",,7,",0
4560,2016-04-18T00:00:00,SNOW,GHCND:USC00333292,",,7,",0
4561,2016-04-18T00:00:00,SNWD,GHCND:USC00333292,",,7,",0
4562,2016-04-19T00:00:00,PRCP,GHCND:USC00333292,",,7,",0
4563,2016-04-19T00:00:00,SNOW,GHCND:USC00333292,",,7,",0
4564,2016-04-19T00:00:00,SNWD,GHCND:USC00333292,",,7,",0
4565,2016-04-20T00:00:00,PRCP,GHCND:USC00333292,",,7,",0
4566,2016-04-20T00:00:00,SNOW,GHCND:USC00333292,",,7,",0
4567,2016-04-20T00:00:00,SNWD,GHCND:USC00333292,",,7,",0
4568,2016-04-24T00:00:00,DAPR,GHCND:USC00333292,",,7,",4
4569,2016-04-24T00:00:00,MDPR,GHCND:USC00333292,",,7,",157
4570,2016-04-24T00:00:00,SNOW,GHCND:USC00333292,",,7,",0
4571,2016-04-24T00:00:00,SNWD,GHCND:USC00333292,",,7,",0
4572,2016-04-25T00:00:00,PRCP,GHCND:USC00333292,",,7,",0
4573,2016-04-25T00:00:00,SNOW,GHCND:USC00333292,",,7,",0
4574,2016-04-25T00:00:00,SNWD,GHCND:USC00333292,",,7,",0
4575,2016-04-26T00:00:00,PRCP,GHCND:USC00333292,",,7,",71
4576,2016-04-26T00:00:00,SNOW,GHCND:USC00333292,",,7,",0
4577,2016-04-26T00:00:00,SNWD,GHCND:USC00333292,",,7,",0
4578,2016-04-27T00:00:00,PRCP,GHCND:USC00333292,",,7,",0
4579,2016-04-27T00:00:00,SNOW,GHCND:USC00333292,",,7,",0
4580,2016-04-27T00:00:00,SNWD,GHCND:USC00333292,",,7,",0
4581,2016-04-28T00:00:00,PRCP,GHCND:USC00333292,",,7,",48
4582,2016-04-28T00:00:00,SNOW,GHCND:USC00333292,",,7,",0
4583,2016-04-28T00:00:00,SNWD,GHCND:USC00333292,",,7,",0
4584,2016-04-29T00:00:00,PRCP,GHCND:USC00333292,",,7,",0
4585,2016-04-29T00:00:00,SNOW,GHCND:USC00333292,",,7,",0
4586,2016-04-29T00:00:00,SNWD,GHCND:USC00333292,",,7,",0
4587,2016-04-30T00:00:00,PRCP,GHCND:USC00333292,",,7,",0
4588,2016-04-30T00:00:00,SNOW,GHCND:USC00333292,",,7,",0
4589,2016-04-30T00:00:00,SNWD,GHCND:USC00333292,",,7,",0
4590,2016-05-01T00:00:00,PRCP,GHCND:USC00333292,",,7,",216
4591,2016-05-01T00:00:00,SNOW,GHCND:USC00333292,",,7,",0
4592,2016-05-01T00:00:00,SNWD,GHCND:USC00333292,",,7,",0
4593,2016-05-02T00:00:00,PRCP,GHCND:USC00333292,",,7,",119
4594,2016-05-02T00:00:00,SNOW,GHCND:USC00333292,",,7,",0
4595,2016-05-02T00:00:00,SNWD,GHCND:USC00333292,",,7,",0
4596,2016-05-03T00:00:00,PRCP,GHCND:USC00333292,",,7,",3
4597,2016-05-03T00:00:00,SNOW,GHCND:USC00333292,",,7,",0
4598,2016-05-03T00:00:00,SNWD,GHCND:USC00333292,",,7,",0
4599,2016-05-04T00:00:00,PRCP,GHCND:USC00333292,",,7,",0
4600,2016-05-04T00:00:00,SNOW,GHCND:USC00333292,",,7,",0
4601,2016-05-04T00:00:00,SNWD,GHCND:USC00333292,",,7,",0
4602,2016-05-05T00:00:00,PRCP,GHCND:USC00333292,",,7,",0
4603,2016-05-05T00:00:00,SNOW,GHCND:USC00333292,",,7,",0
4604,2016-05-05T00:00:00,SNWD,GHCND:USC00333292,",,7,",0
4605,2016-05-06T00:00:00,PRCP,GHCND:USC00333292,",,7,",0
4606,2016-05-06T00:00:00,SNOW,GHCND:USC00333292,",,7,",0
4607,2016-05-06T00:00:00,SNWD,GHCND:USC00333292,",,7,",0
4608,2016-05-07T00:00:00,PRCP,GHCND:USC00333292,",,7,",0
4609,2016-05-07T00:00:00,SNOW,GHCND:USC00333292,",,7,",0
4610,2016-05-07T00:00:00,SNWD,GHCND:USC00333292,",,7,",0
4611,2016-05-08T00:00:00,PRCP,GHCND:USC00333292,",,7,",0
4612,2016-05-08T00:00:00,SNOW,GHCND:USC00333292,",,7,",0
4613,2016-05-08T00:00:00,SNWD,GHCND:USC00333292,",,7,",0
4614,2016-05-09T00:00:00,PRCP,GHCND:USC00333292,",,7,",0
4615,2016-05-09T00:00:00,SNOW,GHCND:USC00333292,",,7,",0
4616,2016-05-09T00:00:00,SNWD,GHCND:USC00333292,",,7,",0
4617,2016-05-11T00:00:00,DAPR,GHCND:USC00333292,",,7,",2
4618,2016-05-11T00:00:00,MDPR,GHCND:USC00333292,",,7,",84
4619,2016-05-11T00:00:00,SNOW,GHCND:USC00333292,",,7,",0
4620,2016-05-11T00:00:00,SNWD,GHCND:USC00333292,",,7,",0
4621,2016-05-12T00:00:00,PRCP,GHCND:USC00333292,",,7,",132
4622,2016-05-12T00:00:00,SNOW,GHCND:USC00333292,",,7,",0
4623,2016-05-12T00:00:00,SNWD,GHCND:USC00333292,",,7,",0
4624,2016-05-13T00:00:00,PRCP,GHCND:USC00333292,",,7,",0
4625,2016-05-13T00:00:00,SNOW,GHCND:USC00333292,",,7,",0
4626,2016-05-13T00:00:00,SNWD,GHCND:USC00333292,",,7,",0
4627,2016-05-14T00:00:00,PRCP,GHCND:USC00333292,",,7,",0
4628,2016-05-14T00:00:00,SNOW,GHCND:USC00333292,",,7,",0
4629,2016-05-14T00:00:00,SNWD,GHCND:USC00333292,",,7,",0
4630,2016-05-15T00:00:00,PRCP,GHCND:USC00333292,",,7,",0
4631,2016-05-15T00:00:00,SNOW,GHCND:USC00333292,",,7,",0
4632,2016-05-15T00:00:00,SNWD,GHCND:USC00333292,",,7,",0
4633,2016-05-16T00:00:00,PRCP,GHCND:USC00333292,",,7,",0
4634,2016-05-16T00:00:00,SNOW,GHCND:USC00333292,",,7,",0
4635,2016-05-16T00:00:00,SNWD,GHCND:USC00333292,",,7,",0
4636,2016-05-17T00:00:00,PRCP,GHCND:USC00333292,",,7,",0
4637,2016-05-17T00:00:00,SNOW,GHCND:USC00333292,",,7,",0
4638,2016-05-17T00:00:00,SNWD,GHCND:USC00333292,",,7,",0
4639,2016-05-18T00:00:00,PRCP,GHCND:USC00333292,",,7,",0
4640,2016-05-18T00:00:00,SNOW,GHCND:USC00333292,",,7,",0
4641,2016-05-18T00:00:00,SNWD,GHCND:USC00333292,",,7,",0
4642,2016-05-19T00:00:00,PRCP,GHCND:USC00333292,",,7,",0
4643,2016-05-19T00:00:00,SNOW,GHCND:USC00333292,",,7,",0
4644,2016-05-19T00:00:00,SNWD,GHCND:USC00333292,",,7,",0
4645,2016-05-20T00:00:00,PRCP,GHCND:USC00333292,",,7,",0
4646,2016-05-20T00:00:00,SNOW,GHCND:USC00333292,",,7,",0
4647,2016-05-20T00:00:00,SNWD,GHCND:USC00333292,",,7,",0
4648,2016-05-21T00:00:00,PRCP,GHCND:USC00333292,",,7,",0
4649,2016-05-21T00:00:00,SNOW,GHCND:USC00333292,",,7,",0
4650,2016-05-21T00:00:00,SNWD,GHCND:USC00333292,",,7,",0
4651,2016-05-22T00:00:00,PRCP,GHCND:USC00333292,",,7,",0
4652,2016-05-22T00:00:00,SNOW,GHCND:USC00333292,",,7,",0
4653,2016-05-22T00:00:00,SNWD,GHCND:USC00333292,",,7,",0
4654,2016-05-23T00:00:00,PRCP,GHCND:USC00333292,",,7,",0
4655,2016-05-23T00:00:00,SNOW,GHCND:USC00333292,",,7,",0
4656,2016-05-23T00:00:00,SNWD,GHCND:USC00333292,",,7,",0
4657,2016-05-24T00:00:00,PRCP,GHCND:USC00333292,",,7,",0
4658,2016-05-24T00:00:00,SNOW,GHCND:USC00333292,",,7,",0
4659,2016-05-24T00:00:00,SNWD,GHCND:USC00333292,",,7,",0
4660,2016-05-25T00:00:00,PRCP,GHCND:USC00333292,",,7,",0
4661,2016-05-25T00:00:00,SNOW,GHCND:USC00333292,",,7,",0
4662,2016-05-25T00:00:00,SNWD,GHCND:USC00333292,",,7,",0
4663,2016-05-26T00:00:00,PRCP,GHCND:USC00333292,",,7,",0
4664,2016-05-26T00:00:00,SNOW,GHCND:USC00333292,",,7,",0
4665,2016-05-26T00:00:00,SNWD,GHCND:USC00333292,",,7,",0
4666,2016-05-27T00:00:00,PRCP,GHCND:USC00333292,",,7,",0
4667,2016-05-27T00:00:00,SNOW,GHCND:USC00333292,",,7,",0
4668,2016-05-27T00:00:00,SNWD,GHCND:USC00333292,",,7,",0
4669,2016-05-28T00:00:00,PRCP,GHCND:USC00333292,",,7,",0
4670,2016-05-28T00:00:00,SNOW,GHCND:USC00333292,",,7,",0
4671,2016-05-28T00:00:00,SNWD,GHCND:USC00333292,",,7,",0
4672,2016-05-29T00:00:00,PRCP,GHCND:USC00333292,",,7,",0
4673,2016-05-29T00:00:00,SNOW,GHCND:USC00333292,",,7,",0
4674,2016-05-29T00:00:00,SNWD,GHCND:USC00333292,",,7,",0
4675,2016-05-30T00:00:00,PRCP,GHCND:USC00333292,",,7,",0
4676,2016-05-30T00:00:00,SNOW,GHCND:USC00333292,",,7,",0
4677,2016-05-30T00:00:00,SNWD,GHCND:USC00333292,",,7,",0
4678,2016-05-31T00:00:00,PRCP,GHCND:USC00333292,",,7,",0
4679,2016-05-31T00:00:00,SNOW,GHCND:USC00333292,",,7,",0
4680,2016-05-31T00:00:00,SNWD,GHCND:USC00333292,",,7,",0
4681,2016-06-01T00:00:00,PRCP,GHCND:USC00333292,",,7,",0
4682,2016-06-01T00:00:00,SNOW,GHCND:USC00333292,",,7,",0
4683,2016-06-01T00:00:00,SNWD,GHCND:USC00333292,",,7,",0
4684,2016-06-02T00:00:00,PRCP,GHCND:USC00333292,",,7,",0
4685,2016-06-02T00:00:00,SNOW,GHCND:USC00333292,",,7,",0
4686,2016-06-02T00:00:00,SNWD,GHCND:USC00333292,",,7,",0
4687,2016-06-03T00:00:00,PRCP,GHCND:USC00333292,",,7,",0
4688,2016-06-03T00:00:00,SNOW,GHCND:USC00333292,",,7,",0
4689,2016-06-03T00:00:00,SNWD,GHCND:USC00333292,",,7,",0
4690,2016-06-04T00:00:00,PRCP,GHCND:USC00333292,",,7,",0
4691,2016-06-04T00:00:00,SNOW,GHCND:USC00333292,",,7,",0
4692,2016-06-04T00:00:00,SNWD,GHCND:USC00333292,",,7,",0
4693,2016-06-05T00:00:00,PRCP,GHCND:USC00333292,",,7,",0
4694,2016-06-05T00:00:00,SNOW,GHCND:USC00333292,",,7,",0
4695,2016-06-05T00:00:00,SNWD,GHCND:USC00333292,",,7,",0
4696,2016-06-06T00:00:00,PRCP,GHCND:USC00333292,",,7,",0
4697,2016-06-06T00:00:00,SNOW,GHCND:USC00333292,",,7,",0
4698,2016-06-06T00:00:00,SNWD,GHCND:USC00333292,",,7,",0
4699,2016-06-07T00:00:00,PRCP,GHCND:USC00333292,",,7,",0
4700,2016-06-07T00:00:00,SNOW,GHCND:USC00333292,",,7,",0
4701,2016-06-07T00:00:00,SNWD,GHCND:USC00333292,",,7,",0
4702,2016-06-08T00:00:00,PRCP,GHCND:USC00333292,",,7,",0
4703,2016-06-08T00:00:00,SNOW,GHCND:USC00333292,",,7,",0
4704,2016-06-08T00:00:00,SNWD,GHCND:USC00333292,",,7,",0
4705,2016-06-09T00:00:00,PRCP,GHCND:USC00333292,",,7,",0
4706,2016-06-09T00:00:00,SNOW,GHCND:USC00333292,",,7,",0
4707,2016-06-09T00:00:00,SNWD,GHCND:USC00333292,",,7,",0
4708,2016-06-10T00:00:00,PRCP,GHCND:USC00333292,",,7,",0
4709,2016-06-10T00:00:00,SNOW,GHCND:USC00333292,",,7,",0
4710,2016-06-10T00:00:00,SNWD,GHCND:USC00333292,",,7,",0
4711,2016-06-11T00:00:00,PRCP,GHCND:USC00333292,",,7,",0
4712,2016-06-11T00:00:00,SNOW,GHCND:USC00333292,",,7,",0
4713,2016-06-11T00:00:00,SNWD,GHCND:USC00333292,",,7,",0
4714,2016-06-12T00:00:00,PRCP,GHCND:USC00333292,",,7,",0
4715,2016-06-12T00:00:00,SNOW,GHCND:USC00333292,",,7,",0
4716,2016-06-12T00:00:00,SNWD,GHCND:USC00333292,",,7,",0
4717,2016-06-13T00:00:00,PRCP,GHCND:USC00333292,",,7,",0
4718,2016-06-13T00:00:00,SNOW,GHCND:USC00333292,",,7,",0
4719,2016-06-13T00:00:00,SNWD,GHCND:USC00333292,",,7,",0
4720,2016-06-14T00:00:00,PRCP,GHCND:USC00333292,",,7,",0
4721,2016-06-14T00:00:00,SNOW,GHCND:USC00333292,",,7,",0
4722,2016-06-14T00:00:00,SNWD,GHCND:USC00333292,",,7,",0
4723,2016-06-15T00:00:00,PRCP,GHCND:USC00333292,",,7,",0
4724,2016-06-15T00:00:00,SNOW,GHCND:USC00333292,",,7,",0
4725,2016-06-15T00:00:00,SNWD,GHCND:USC00333292,",,7,",0
4726,2016-06-16T00:00:00,PRCP,GHCND:USC00333292,",,7,",0
4727,2016-06-16T00:00:00,SNOW,GHCND:USC00333292,",,7,",0
4728,2016-06-16T00:00:00,SNWD,GHCND:USC00333292,",,7,",0
4729,2016-06-17T00:00:00,PRCP,GHCND:USC00333292,",,7,",0
4730,2016-06-17T00:00:00,SNOW,GHCND:USC00333292,",,7,",0
4731,2016-06-17T00:00:00,SNWD,GHCND:USC00333292,",,7,",0
4732,2016-06-18T00:00:00,PRCP,GHCND:USC00333292,",,7,",0
4733,2016-06-18T00:00:00,SNOW,GHCND:USC00333292,",,7,",0
4734,2016-06-18T00:00:00,SNWD,GHCND:USC00333292,",,7,",0
4735,2016-06-19T00:00:00,PRCP,GHCND:USC00333292,",,7,",0
4736,2016-06-19T00:00:00,SNOW,GHCND:USC00333292,",,7,",0
4737,2016-06-19T00:00:00,SNWD,GHCND:USC00333292,",,7,",0
4738,2016-06-20T00:00:00,PRCP,GHCND:USC00333292,",,7,",0
4739,2016-06-20T00:00:00,SNOW,GHCND:USC00333292,",,7,",0
4740,2016-06-20T00:00:00,SNWD,GHCND:USC00333292,",,7,",0
4741,2016-06-21T00:00:00,PRCP,GHCND:USC00333292,",,7,",0
4742,2016-06-21T00:00:00,SNOW,GHCND:USC00333292,",,7,",0
4743,2016-06-21T00:00:00,SNWD,GHCND:USC00333292,",,7,",0
4744,2016-06-22T00:00:00,PRCP,GHCND:USC00333292,",,7,",0
4745,2016-06-22T00:00:00,SNOW,GHCND:USC00333292,",,7,",0
4746,2016-06-22T00:00:00,SNWD,GHCND:USC00333292,",,7,",0
4747,2016-06-23T00:00:00,PRCP,GHCND:USC00333292,",,7,",0
4748,2016-06-23T00:00:00,SNOW,GHCND:USC00333292,",,7,",0
4749,2016-06-23T00:00:00,SNWD,GHCND:USC00333292,",,7,",0
4750,2016-06-24T00:00:00,PRCP,GHCND:USC00333292,",,7,",0
4751,2016-06-24T00:00:00,SNOW,GHCND:USC00333292,",,7,",0
4752,2016-06-24T00:00:00,SNWD,GHCND:USC00333292,",,7,",0
4753,2016-06-25T00:00:00,PRCP,GHCND:USC00333292,",,7,",0
4754,2016-06-25T00:00:00,SNOW,GHCND:USC00333292,",,7,",0
4755,2016-06-25T00:00:00,SNWD,GHCND:USC00333292,",,7,",0
4756,2016-06-26T00:00:00,PRCP,GHCND:USC00333292,",,7,",0
4757,2016-06-26T00:00:00,SNOW,GHCND:USC00333292,",,7,",0
4758,2016-06-26T00:00:00,SNWD,GHCND:USC00333292,",,7,",0
4759,2016-06-27T00:00:00,PRCP,GHCND:USC00333292,",,7,",36
4760,2016-06-27T00:00:00,SNOW,GHCND:USC00333292,",,7,",0
4761,2016-06-27T00:00:00,SNWD,GHCND:USC00333292,",,7,",0
4762,2016-06-28T00:00:00,PRCP,GHCND:USC00333292,",,7,",0
4763,2016-06-28T00:00:00,SNOW,GHCND:USC00333292,",,7,",0
4764,2016-06-28T00:00:00,SNWD,GHCND:USC00333292,",,7,",0
4765,2016-06-29T00:00:00,PRCP,GHCND:USC00333292,",,7,",0
4766,2016-06-29T00:00:00,SNOW,GHCND:USC00333292,",,7,",0
4767,2016-06-29T00:00:00,SNWD,GHCND:USC00333292,",,7,",0
4768,2016-06-30T00:00:00,PRCP,GHCND:USC00333292,",,7,",0
4769,2016-06-30T00:00:00,SNOW,GHCND:USC00333292,",,7,",0
4770,2016-06-30T00:00:00,SNWD,GHCND:USC00333292,",,7,",0
4771,2016-07-10T00:00:00,PRCP,GHCND:USC00333292,",,7,",0
4772,2016-08-01T00:00:00,PRCP,GHCND:USC00333292,",,7,",0
4773,2016-08-01T00:00:00,SNOW,GHCND:USC00333292,",,7,",0
4774,2016-08-01T00:00:00,SNWD,GHCND:USC00333292,",,7,",0
4775,2016-08-02T00:00:00,PRCP,GHCND:USC00333292,",,7,",0
4776,2016-08-02T00:00:00,SNOW,GHCND:USC00333292,",,7,",0
4777,2016-08-02T00:00:00,SNWD,GHCND:USC00333292,",,7,",0
4778,2016-08-03T00:00:00,PRCP,GHCND:USC00333292,",,7,",0
4779,2016-08-03T00:00:00,SNOW,GHCND:USC00333292,",,7,",0
4780,2016-08-03T00:00:00,SNWD,GHCND:USC00333292,",,7,",0
4781,2016-08-04T00:00:00,PRCP,GHCND:USC00333292,",,7,",0
4782,2016-08-04T00:00:00,SNOW,GHCND:USC00333292,",,7,",0
4783,2016-08-04T00:00:00,SNWD,GHCND:USC00333292,",,7,",0
4784,2016-08-05T00:00:00,PRCP,GHCND:USC00333292,",,7,",0
4785,2016-08-05T00:00:00,SNOW,GHCND:USC00333292,",,7,",0
4786,2016-08-05T00:00:00,SNWD,GHCND:USC00333292,",,7,",0
4787,2016-08-06T00:00:00,PRCP,GHCND:USC00333292,",,7,",0
4788,2016-08-06T00:00:00,SNOW,GHCND:USC00333292,",,7,",0
4789,2016-08-06T00:00:00,SNWD,GHCND:USC00333292,",,7,",0
4790,2016-08-07T00:00:00,PRCP,GHCND:USC00333292,",,7,",0
4791,2016-08-07T00:00:00,SNOW,GHCND:USC00333292,",,7,",0
4792,2016-08-07T00:00:00,SNWD,GHCND:USC00333292,",,7,",0
4793,2016-08-08T00:00:00,PRCP,GHCND:USC00333292,",,7,",0
4794,2016-08-08T00:00:00,SNOW,GHCND:USC00333292,",,7,",0
4795,2016-08-08T00:00:00,SNWD,GHCND:USC00333292,",,7,",0
4796,2016-08-09T00:00:00,PRCP,GHCND:USC00333292,",,7,",0
4797,2016-08-09T00:00:00,SNOW,GHCND:USC00333292,",,7,",0
4798,2016-08-09T00:00:00,SNWD,GHCND:USC00333292,",,7,",0
4799,2016-08-10T00:00:00,PRCP,GHCND:USC00333292,",,7,",0
4800,2016-08-10T00:00:00,SNOW,GHCND:USC00333292,",,7,",0
4801,2016-08-10T00:00:00,SNWD,GHCND:USC00333292,",,7,",0
4802,2016-08-11T00:00:00,PRCP,GHCND:USC00333292,",,7,",0
4803,2016-08-11T00:00:00,SNOW,GHCND:USC00333292,",,7,",0
4804,2016-08-11T00:00:00,SNWD,GHCND:USC00333292,",,7,",0
4805,2016-08-12T00:00:00,PRCP,GHCND:USC00333292,",,7,",0
4806,2016-08-12T00:00:00,SNOW,GHCND:USC00333292,",,7,",0
4807,2016-08-12T00:00:00,SNWD,GHCND:USC00333292,",,7,",0
4808,2016-08-13T00:00:00,PRCP,GHCND:USC00333292,",,7,",0
4809,2016-08-13T00:00:00,SNOW,GHCND:USC00333292,",,7,",0
4810,2016-08-13T00:00:00,SNWD,GHCND:USC00333292,",,7,",0
4811,2016-08-14T00:00:00,PRCP,GHCND:USC00333292,",,7,",61
4812,2016-08-14T00:00:00,SNOW,GHCND:USC00333292,",,7,",0
4813,2016-08-14T00:00:00,SNWD,GHCND:USC00333292,",,7,",0
4814,2016-08-15T00:00:00,PRCP,GHCND:USC00333292,",,7,",0
4815,2016-08-15T00:00:00,SNOW,GHCND:USC00333292,",,7,",0
4816,2016-08-15T00:00:00,SNWD,GHCND:USC00333292,",,7,",0
4817,2016-08-16T00:00:00,PRCP,GHCND:USC00333292,",,7,",0
4818,2016-08-16T00:00:00,SNOW,GHCND:USC00333292,",,7,",0
4819,2016-08-16T00:00:00,SNWD,GHCND:USC00333292,",,7,",0
4820,2016-08-17T00:00:00,PRCP,GHCND:USC00333292,",,7,",0
4821,2016-08-17T00:00:00,SNOW,GHCND:USC00333292,",,7,",0
4822,2016-08-17T00:00:00,SNWD,GHCND:USC00333292,",,7,",0
4823,2016-08-18T00:00:00,PRCP,GHCND:USC00333292,",,7,",0
4824,2016-08-18T00:00:00,SNOW,GHCND:USC00333292,",,7,",0
4825,2016-08-18T00:00:00,SNWD,GHCND:USC00333292,",,7,",0
4826,2016-08-19T00:00:00,PRCP,GHCND:USC00333292,",,7,",0
4827,2016-08-19T00:00:00,SNOW,GHCND:USC00333292,",,7,",0
4828,2016-08-19T00:00:00,SNWD,GHCND:USC00333292,",,7,",0
4829,2016-08-20T00:00:00,PRCP,GHCND:USC00333292,",,7,",0
4830,2016-08-20T00:00:00,SNOW,GHCND:USC00333292,",,7,",0
4831,2016-08-20T00:00:00,SNWD,GHCND:USC00333292,",,7,",0
4832,2016-08-21T00:00:00,PRCP,GHCND:USC00333292,",,7,",0
4833,2016-08-21T00:00:00,SNOW,GHCND:USC00333292,",,7,",0
4834,2016-08-21T00:00:00,SNWD,GHCND:USC00333292,",,7,",0
4835,2016-08-22T00:00:00,PRCP,GHCND:USC00333292,",,7,",0
4836,2016-08-22T00:00:00,SNOW,GHCND:USC00333292,",,7,",0
4837,2016-08-22T00:00:00,SNWD,GHCND:USC00333292,",,7,",0
4838,2016-08-23T00:00:00,PRCP,GHCND:USC00333292,",,7,",0
4839,2016-08-23T00:00:00,SNOW,GHCND:USC00333292,",,7,",0
4840,2016-08-23T00:00:00,SNWD,GHCND:USC00333292,",,7,",0
4841,2016-08-24T00:00:00,PRCP,GHCND:USC00333292,",,7,",0
4842,2016-08-24T00:00:00,SNOW,GHCND:USC00333292,",,7,",0
4843,2016-08-24T00:00:00,SNWD,GHCND:USC00333292,",,7,",0
4844,2016-08-25T00:00:00,PRCP,GHCND:USC00333292,",,7,",0
4845,2016-08-25T00:00:00,SNOW,GHCND:USC00333292,",,7,",0
4846,2016-08-25T00:00:00,SNWD,GHCND:USC00333292,",,7,",0
4847,2016-08-26T00:00:00,PRCP,GHCND:USC00333292,",,7,",0
4848,2016-08-26T00:00:00,SNOW,GHCND:USC00333292,",,7,",0
4849,2016-08-26T00:00:00,SNWD,GHCND:USC00333292,",,7,",0
4850,2016-08-27T00:00:00,PRCP,GHCND:USC00333292,",,7,",0
4851,2016-08-27T00:00:00,SNOW,GHCND:USC00333292,",,7,",0
4852,2016-08-27T00:00:00,SNWD,GHCND:USC00333292,",,7,",0
4853,2016-08-28T00:00:00,PRCP,GHCND:USC00333292,",,7,",409
4854,2016-08-28T00:00:00,SNOW,GHCND:USC00333292,",,7,",0
4855,2016-08-28T00:00:00,SNWD,GHCND:USC00333292,",,7,",0
4856,2016-08-29T00:00:00,PRCP,GHCND:USC00333292,",,7,",0
4857,2016-08-29T00:00:00,SNOW,GHCND:USC00333292,",,7,",0
4858,2016-08-29T00:00:00,SNWD,GHCND:USC00333292,",,7,",0
4859,2016-08-30T00:00:00,PRCP,GHCND:USC00333292,",,7,",0
4860,2016-08-30T00:00:00,SNOW,GHCND:USC00333292,",,7,",0
4861,2016-08-30T00:00:00,SNWD,GHCND:USC00333292,",,7,",0
4862,2016-08-31T00:00:00,PRCP,GHCND:USC00333292,",,7,",0
4863,2016-08-31T00:00:00,SNOW,GHCND:USC00333292,",,7,",0
4864,2016-08-31T00:00:00,SNWD,GHCND:USC00333292,",,7,",0
4865,2016-09-01T00:00:00,PRCP,GHCND:USC00333292,",,7,",3
4866,2016-09-01T00:00:00,SNOW,GHCND:USC00333292,",,7,",0
4867,2016-09-01T00:00:00,SNWD,GHCND:USC00333292,",,7,",0
4868,2016-09-02T00:00:00,PRCP,GHCND:USC00333292,",,7,",0
4869,2016-09-02T00:00:00,SNOW,GHCND:USC00333292,",,7,",0
4870,2016-09-02T00:00:00,SNWD,GHCND:USC00333292,",,7,",0
4871,2016-09-03T00:00:00,PRCP,GHCND:USC00333292,",,7,",0
4872,2016-09-03T00:00:00,SNOW,GHCND:USC00333292,",,7,",0
4873,2016-09-03T00:00:00,SNWD,GHCND:USC00333292,",,7,",0
4874,2016-09-04T00:00:00,PRCP,GHCND:USC00333292,",,7,",0
4875,2016-09-04T00:00:00,SNOW,GHCND:USC00333292,",,7,",0
4876,2016-09-04T00:00:00,SNWD,GHCND:USC00333292,",,7,",0
4877,2016-09-05T00:00:00,PRCP,GHCND:USC00333292,",,7,",0
4878,2016-09-05T00:00:00,SNOW,GHCND:USC00333292,",,7,",0
4879,2016-09-05T00:00:00,SNWD,GHCND:USC00333292,",,7,",0
4880,2016-09-06T00:00:00,PRCP,GHCND:USC00333292,",,7,",0
4881,2016-09-06T00:00:00,SNOW,GHCND:USC00333292,",,7,",0
4882,2016-09-06T00:00:00,SNWD,GHCND:USC00333292,",,7,",0
4883,2016-09-07T00:00:00,PRCP,GHCND:USC00333292,",,7,",3
4884,2016-09-07T00:00:00,SNOW,GHCND:USC00333292,",,7,",0
4885,2016-09-07T00:00:00,SNWD,GHCND:USC00333292,",,7,",0
4886,2016-09-08T00:00:00,PRCP,GHCND:USC00333292,",,7,",0
4887,2016-09-08T00:00:00,SNOW,GHCND:USC00333292,",,7,",0
4888,2016-09-08T00:00:00,SNWD,GHCND:USC00333292,",,7,",0
4889,2016-09-09T00:00:00,PRCP,GHCND:USC00333292,",,7,",0
4890,2016-09-09T00:00:00,SNOW,GHCND:USC00333292,",,7,",0
4891,2016-09-09T00:00:00,SNWD,GHCND:USC00333292,",,7,",0
4892,2016-09-10T00:00:00,PRCP,GHCND:USC00333292,",,7,",203
4893,2016-09-10T00:00:00,SNOW,GHCND:USC00333292,",,7,",0
4894,2016-09-10T00:00:00,SNWD,GHCND:USC00333292,",,7,",0
4895,2016-09-11T00:00:00,PRCP,GHCND:USC00333292,",,7,",41
4896,2016-09-11T00:00:00,SNOW,GHCND:USC00333292,",,7,",0
4897,2016-09-11T00:00:00,SNWD,GHCND:USC00333292,",,7,",0
4898,2016-09-12T00:00:00,PRCP,GHCND:USC00333292,",,7,",0
4899,2016-09-12T00:00:00,SNOW,GHCND:USC00333292,",,7,",0
4900,2016-09-12T00:00:00,SNWD,GHCND:USC00333292,",,7,",0
4901,2016-09-13T00:00:00,PRCP,GHCND:USC00333292,",,7,",0
4902,2016-09-13T00:00:00,SNOW,GHCND:USC00333292,",,7,",0
4903,2016-09-13T00:00:00,SNWD,GHCND:USC00333292,",,7,",0
4904,2016-09-14T00:00:00,PRCP,GHCND:USC00333292,",,7,",10
4905,2016-09-14T00:00:00,SNOW,GHCND:USC00333292,",,7,",0
4906,2016-09-14T00:00:00,SNWD,GHCND:USC00333292,",,7,",0
4907,2016-09-15T00:00:00,PRCP,GHCND:USC00333292,",,7,",0
4908,2016-09-15T00:00:00,SNOW,GHCND:USC00333292,",,7,",0
4909,2016-09-15T00:00:00,SNWD,GHCND:USC00333292,",,7,",0
4910,2016-09-16T00:00:00,PRCP,GHCND:USC00333292,",,7,",0
4911,2016-09-16T00:00:00,SNOW,GHCND:USC00333292,",,7,",0
4912,2016-09-16T00:00:00,SNWD,GHCND:USC00333292,",,7,",0
4913,2016-09-17T00:00:00,PRCP,GHCND:USC00333292,",,7,",109
4914,2016-09-17T00:00:00,SNOW,GHCND:USC00333292,",,7,",0
4915,2016-09-17T00:00:00,SNWD,GHCND:USC00333292,",,7,",0
4916,2016-09-18T00:00:00,PRCP,GHCND:USC00333292,",,7,",340
4917,2016-09-18T00:00:00,SNOW,GHCND:USC00333292,",,7,",0
4918,2016-09-18T00:00:00,SNWD,GHCND:USC00333292,",,7,",0
4919,2016-09-19T00:00:00,PRCP,GHCND:USC00333292,",,7,",5
4920,2016-09-19T00:00:00,SNOW,GHCND:USC00333292,",,7,",0
4921,2016-09-19T00:00:00,SNWD,GHCND:USC00333292,",,7,",0
4922,2016-09-20T00:00:00,PRCP,GHCND:USC00333292,",,7,",0
4923,2016-09-20T00:00:00,SNOW,GHCND:USC00333292,",,7,",0
4924,2016-09-20T00:00:00,SNWD,GHCND:USC00333292,",,7,",0
4925,2016-09-21T00:00:00,PRCP,GHCND:USC00333292,",,7,",0
4926,2016-09-21T00:00:00,SNOW,GHCND:USC00333292,",,7,",0
4927,2016-09-21T00:00:00,SNWD,GHCND:USC00333292,",,7,",0
4928,2016-09-22T00:00:00,PRCP,GHCND:USC00333292,",,7,",0
4929,2016-09-22T00:00:00,SNOW,GHCND:USC00333292,",,7,",0
4930,2016-09-22T00:00:00,SNWD,GHCND:USC00333292,",,7,",0
4931,2016-09-23T00:00:00,PRCP,GHCND:USC00333292,",,7,",0
4932,2016-09-23T00:00:00,SNOW,GHCND:USC00333292,",,7,",0
4933,2016-09-23T00:00:00,SNWD,GHCND:USC00333292,",,7,",0
4934,2016-09-24T00:00:00,PRCP,GHCND:USC00333292,",,7,",0
4935,2016-09-24T00:00:00,SNOW,GHCND:USC00333292,",,7,",0
4936,2016-09-24T00:00:00,SNWD,GHCND:USC00333292,",,7,",0
4937,2016-09-25T00:00:00,PRCP,GHCND:USC00333292,",,7,",0
4938,2016-09-25T00:00:00,SNOW,GHCND:USC00333292,",,7,",0
4939,2016-09-25T00:00:00,SNWD,GHCND:USC00333292,",,7,",0
4940,2016-09-26T00:00:00,PRCP,GHCND:USC00333292,",,7,",117
4941,2016-09-26T00:00:00,SNOW,GHCND:USC00333292,",,7,",0
4942,2016-09-26T00:00:00,SNWD,GHCND:USC00333292,",,7,",0
4943,2016-09-27T00:00:00,PRCP,GHCND:USC00333292,",,7,",15
4944,2016-09-27T00:00:00,SNOW,GHCND:USC00333292,",,7,",0
4945,2016-09-27T00:00:00,SNWD,GHCND:USC00333292,",,7,",0
4946,2016-09-28T00:00:00,PRCP,GHCND:USC00333292,",,7,",0
4947,2016-09-28T00:00:00,SNOW,GHCND:USC00333292,",,7,",0
4948,2016-09-28T00:00:00,SNWD,GHCND:USC00333292,",,7,",0
4949,2016-09-29T00:00:00,PRCP,GHCND:USC00333292,",,7,",56
4950,2016-09-29T00:00:00,SNOW,GHCND:USC00333292,",,7,",0
4951,2016-09-29T00:00:00,SNWD,GHCND:USC00333292,",,7,",0
4952,2016-09-30T00:00:00,PRCP,GHCND:USC00333292,",,7,",130
4953,2016-09-30T00:00:00,SNOW,GHCND:USC00333292,",,7,",0
4954,2016-09-30T00:00:00,SNWD,GHCND:USC00333292,",,7,",0
4955,2016-10-01T00:00:00,PRCP,GHCND:USC00333292,",,7,",56
4956,2016-10-01T00:00:00,SNOW,GHCND:USC00333292,",,7,",0
4957,2016-10-01T00:00:00,SNWD,GHCND:USC00333292,",,7,",0
4958,2016-10-02T00:00:00,PRCP,GHCND:USC00333292,",,7,",33
4959,2016-10-02T00:00:00,SNOW,GHCND:USC00333292,",,7,",0
4960,2016-10-02T00:00:00,SNWD,GHCND:USC00333292,",,7,",0
4961,2016-10-03T00:00:00,PRCP,GHCND:USC00333292,",,7,",0
4962,2016-10-03T00:00:00,SNOW,GHCND:USC00333292,",,7,",0
4963,2016-10-03T00:00:00,SNWD,GHCND:USC00333292,",,7,",0
4964,2016-10-04T00:00:00,PRCP,GHCND:USC00333292,",,7,",0
4965,2016-10-04T00:00:00,SNOW,GHCND:USC00333292,",,7,",0
4966,2016-10-04T00:00:00,SNWD,GHCND:USC00333292,",,7,",0
4967,2016-10-05T00:00:00,PRCP,GHCND:USC00333292,",,7,",0
4968,2016-10-05T00:00:00,SNOW,GHCND:USC00333292,",,7,",0
4969,2016-10-05T00:00:00,SNWD,GHCND:USC00333292,",,7,",0
4970,2016-10-06T00:00:00,PRCP,GHCND:USC00333292,",,7,",0
4971,2016-10-06T00:00:00,SNOW,GHCND:USC00333292,",,7,",0
4972,2016-10-06T00:00:00,SNWD,GHCND:USC00333292,",,7,",0
4973,2016-10-07T00:00:00,PRCP,GHCND:USC00333292,",,7,",0
4974,2016-10-07T00:00:00,SNOW,GHCND:USC00333292,",,7,",0
4975,2016-10-07T00:00:00,SNWD,GHCND:USC00333292,",,7,",0
4976,2016-10-08T00:00:00,PRCP,GHCND:USC00333292,",,7,",0
4977,2016-10-08T00:00:00,SNOW,GHCND:USC00333292,",,7,",0
4978,2016-10-08T00:00:00,SNWD,GHCND:USC00333292,",,7,",0
4979,2016-10-09T00:00:00,PRCP,GHCND:USC00333292,",,7,",0
4980,2016-10-09T00:00:00,SNOW,GHCND:USC00333292,",,7,",0
4981,2016-10-09T00:00:00,SNWD,GHCND:USC00333292,",,7,",0
4982,2016-10-10T00:00:00,PRCP,GHCND:USC00333292,",,7,",0
4983,2016-10-10T00:00:00,SNOW,GHCND:USC00333292,",,7,",0
4984,2016-10-10T00:00:00,SNWD,GHCND:USC00333292,",,7,",0
4985,2016-10-11T00:00:00,PRCP,GHCND:USC00333292,",,7,",0
4986,2016-10-11T00:00:00,SNOW,GHCND:USC00333292,",,7,",0
4987,2016-10-11T00:00:00,SNWD,GHCND:USC00333292,",,7,",0
4988,2016-10-12T00:00:00,PRCP,GHCND:USC00333292,",,7,",0
4989,2016-10-12T00:00:00,SNOW,GHCND:USC00333292,",,7,",0
4990,2016-10-12T00:00:00,SNWD,GHCND:USC00333292,",,7,",0
4991,2016-10-13T00:00:00,PRCP,GHCND:USC00333292,",,7,",0
4992,2016-10-13T00:00:00,SNOW,GHCND:USC00333292,",,7,",0
4993,2016-10-13T00:00:00,SNWD,GHCND:USC00333292,",,7,",0
4994,2016-10-14T00:00:00,PRCP,GHCND:USC00333292,",,7,",0
4995,2016-10-14T00:00:00,SNOW,GHCND:USC00333292,",,7,",0
4996,2016-10-14T00:00:00,SNWD,GHCND:USC00333292,",,7,",0
4997,2016-10-15T00:00:00,PRCP,GHCND:USC00333292,",,7,",0
4998,2016-10-15T00:00:00,SNOW,GHCND:USC00333292,",,7,",0
4999,2016-10-15T00:00:00,SNWD,GHCND:USC00333292,",,7,",0
5000,2016-10-16T00:00:00,PRCP,GHCND:USC00333292,",,7,",0
5001,2016-10-16T00:00:00,SNOW,GHCND:USC00333292,",,7,",0
5002,2016-10-16T00:00:00,SNWD,GHCND:USC00333292,",,7,",0
5003,2016-10-17T00:00:00,PRCP,GHCND:USC00333292,",,7,",0
5004,2016-10-17T00:00:00,SNOW,GHCND:USC00333292,",,7,",0
5005,2016-10-17T00:00:00,SNWD,GHCND:USC00333292,",,7,",0
5006,2016-10-18T00:00:00,PRCP,GHCND:USC00333292,",,7,",0
5007,2016-10-18T00:00:00,SNOW,GHCND:USC00333292,",,7,",0
5008,2016-10-18T00:00:00,SNWD,GHCND:USC00333292,",,7,",0
5009,2016-10-19T00:00:00,PRCP,GHCND:USC00333292,",,7,",0
5010,2016-10-19T00:00:00,SNOW,GHCND:USC00333292,",,7,",0
5011,2016-10-19T00:00:00,SNWD,GHCND:USC00333292,",,7,",0
5012,2016-10-20T00:00:00,PRCP,GHCND:USC00333292,",,7,",0
5013,2016-10-20T00:00:00,SNOW,GHCND:USC00333292,",,7,",0
5014,2016-10-20T00:00:00,SNWD,GHCND:USC00333292,",,7,",0
5015,2016-10-21T00:00:00,PRCP,GHCND:USC00333292,",,7,",0
5016,2016-10-21T00:00:00,SNOW,GHCND:USC00333292,",,7,",0
5017,2016-10-21T00:00:00,SNWD,GHCND:USC00333292,",,7,",0
5018,2016-10-22T00:00:00,PRCP,GHCND:USC00333292,",,7,",0
5019,2016-10-22T00:00:00,SNOW,GHCND:USC00333292,",,7,",0
5020,2016-10-22T00:00:00,SNWD,GHCND:USC00333292,",,7,",0
5021,2016-10-23T00:00:00,PRCP,GHCND:USC00333292,",,7,",0
5022,2016-10-23T00:00:00,SNOW,GHCND:USC00333292,",,7,",0
5023,2016-10-23T00:00:00,SNWD,GHCND:USC00333292,",,7,",0
5024,2016-10-24T00:00:00,PRCP,GHCND:USC00333292,",,7,",0
5025,2016-10-24T00:00:00,SNOW,GHCND:USC00333292,",,7,",0
5026,2016-10-24T00:00:00,SNWD,GHCND:USC00333292,",,7,",0
5027,2016-10-25T00:00:00,PRCP,GHCND:USC00333292,",,7,",0
5028,2016-10-25T00:00:00,SNOW,GHCND:USC00333292,",,7,",0
5029,2016-10-25T00:00:00,SNWD,GHCND:USC00333292,",,7,",0
5030,2016-10-26T00:00:00,PRCP,GHCND:USC00333292,",,7,",0
5031,2016-10-26T00:00:00,SNOW,GHCND:USC00333292,",,7,",0
5032,2016-10-26T00:00:00,SNWD,GHCND:USC00333292,",,7,",0
5033,2016-10-27T00:00:00,PRCP,GHCND:USC00333292,",,7,",0
5034,2016-10-27T00:00:00,SNOW,GHCND:USC00333292,",,7,",0
5035,2016-10-27T00:00:00,SNWD,GHCND:USC00333292,",,7,",0
5036,2016-10-28T00:00:00,PRCP,GHCND:USC00333292,",,7,",0
5037,2016-10-28T00:00:00,SNOW,GHCND:USC00333292,",,7,",0
5038,2016-10-28T00:00:00,SNWD,GHCND:USC00333292,",,7,",0
5039,2016-10-29T00:00:00,PRCP,GHCND:USC00333292,",,7,",0
5040,2016-10-29T00:00:00,SNOW,GHCND:USC00333292,",,7,",0
5041,2016-10-29T00:00:00,SNWD,GHCND:USC00333292,",,7,",0
5042,2016-10-30T00:00:00,PRCP,GHCND:USC00333292,",,7,",0
5043,2016-10-30T00:00:00,SNOW,GHCND:USC00333292,",,7,",0
5044,2016-10-30T00:00:00,SNWD,GHCND:USC00333292,",,7,",0
5045,2016-10-31T00:00:00,PRCP,GHCND:USC00333292,",,7,",0
5046,2016-10-31T00:00:00,SNOW,GHCND:USC00333292,",,7,",0
5047,2016-10-31T00:00:00,SNWD,GHCND:USC00333292,",,7,",0
5048,2016-12-01T00:00:00,PRCP,GHCND:USC00333292,",,7,",0
5049,2016-12-01T00:00:00,SNOW,GHCND:USC00333292,",,7,",0
5050,2016-12-01T00:00:00,SNWD,GHCND:USC00333292,",,7,",0
5051,2016-12-02T00:00:00,PRCP,GHCND:USC00333292,",,7,",0
5052,2016-12-02T00:00:00,SNOW,GHCND:USC00333292,",,7,",0
5053,2016-12-02T00:00:00,SNWD,GHCND:USC00333292,",,7,",0
5054,2016-12-03T00:00:00,PRCP,GHCND:USC00333292,",,7,",0
5055,2016-12-03T00:00:00,SNOW,GHCND:USC00333292,",,7,",0
5056,2016-12-03T00:00:00,SNWD,GHCND:USC00333292,",,7,",0
5057,2016-12-04T00:00:00,PRCP,GHCND:USC00333292,",,7,",0
5058,2016-12-04T00:00:00,SNOW,GHCND:USC00333292,",,7,",0
5059,2016-12-04T00:00:00,SNWD,GHCND:USC00333292,",,7,",0
5060,2016-12-05T00:00:00,PRCP,GHCND:USC00333292,",,7,",0
5061,2016-12-05T00:00:00,SNOW,GHCND:USC00333292,",,7,",0
5062,2016-12-05T00:00:00,SNWD,GHCND:USC00333292,",,7,",0
5063,2016-12-06T00:00:00,PRCP,GHCND:USC00333292,",,7,",0
5064,2016-12-06T00:00:00,SNOW,GHCND:USC00333292,",,7,",0
5065,2016-12-06T00:00:00,SNWD,GHCND:USC00333292,",,7,",0
5066,2016-12-07T00:00:00,PRCP,GHCND:USC00333292,",,7,",0
5067,2016-12-07T00:00:00,SNOW,GHCND:USC00333292,",,7,",0
5068,2016-12-07T00:00:00,SNWD,GHCND:USC00333292,",,7,",0
5069,2016-12-08T00:00:00,PRCP,GHCND:USC00333292,",,7,",0
5070,2016-12-08T00:00:00,SNOW,GHCND:USC00333292,",,7,",0
5071,2016-12-08T00:00:00,SNWD,GHCND:USC00333292,",,7,",0
5072,2016-12-09T00:00:00,PRCP,GHCND:USC00333292,",,7,",0
5073,2016-12-09T00:00:00,SNOW,GHCND:USC00333292,",,7,",0
5074,2016-12-09T00:00:00,SNWD,GHCND:USC00333292,",,7,",0
5075,2016-12-10T00:00:00,PRCP,GHCND:USC00333292,",,7,",0
5076,2016-12-10T00:00:00,SNOW,GHCND:USC00333292,",,7,",0
5077,2016-12-10T00:00:00,SNWD,GHCND:USC00333292,",,7,",0
5078,2016-12-11T00:00:00,PRCP,GHCND:USC00333292,",,7,",0
5079,2016-12-11T00:00:00,SNOW,GHCND:USC00333292,",,7,",0
5080,2016-12-11T00:00:00,SNWD,GHCND:USC00333292,",,7,",0
5081,2016-12-12T00:00:00,PRCP,GHCND:USC00333292,",,7,",0
5082,2016-12-12T00:00:00,SNOW,GHCND:USC00333292,",,7,",0
5083,2016-12-12T00:00:00,SNWD,GHCND:USC00333292,",,7,",0
5084,2016-12-13T00:00:00,PRCP,GHCND:USC00333292,",,7,",0
5085,2016-12-13T00:00:00,SNOW,GHCND:USC00333292,",,7,",0
5086,2016-12-13T00:00:00,SNWD,GHCND:USC00333292,",,7,",0
5087,2016-12-14T00:00:00,PRCP,GHCND:USC00333292,",,7,",0
5088,2016-12-14T00:00:00,SNOW,GHCND:USC00333292,",,7,",0
5089,2016-12-14T00:00:00,SNWD,GHCND:USC00333292,",,7,",0
5090,2016-12-15T00:00:00,PRCP,GHCND:USC00333292,",,7,",0
5091,2016-12-15T00:00:00,SNOW,GHCND:USC00333292,",,7,",0
5092,2016-12-15T00:00:00,SNWD,GHCND:USC00333292,",,7,",0
5093,2016-12-16T00:00:00,PRCP,GHCND:USC00333292,",,7,",0
5094,2016-12-16T00:00:00,SNOW,GHCND:USC00333292,",,7,",0
5095,2016-12-16T00:00:00,SNWD,GHCND:USC00333292,",,7,",0
5096,2016-12-17T00:00:00,PRCP,GHCND:USC00333292,",,7,",0
5097,2016-12-17T00:00:00,SNOW,GHCND:USC00333292,",,7,",0
5098,2016-12-17T00:00:00,SNWD,GHCND:USC00333292,",,7,",0
5099,2016-12-18T00:00:00,PRCP,GHCND:USC00333292,",,7,",0
5100,2016-12-18T00:00:00,SNOW,GHCND:USC00333292,",,7,",0
5101,2016-12-18T00:00:00,SNWD,GHCND:USC00333292,",,7,",0
5102,2016-12-19T00:00:00,PRCP,GHCND:USC00333292,",,7,",0
5103,2016-12-19T00:00:00,SNOW,GHCND:USC00333292,",,7,",0
5104,2016-12-19T00:00:00,SNWD,GHCND:USC00333292,",,7,",0
5105,2016-12-20T00:00:00,PRCP,GHCND:USC00333292,",,7,",0
5106,2016-12-20T00:00:00,SNOW,GHCND:USC00333292,",,7,",0
5107,2016-12-20T00:00:00,SNWD,GHCND:USC00333292,",,7,",0
5108,2016-12-21T00:00:00,PRCP,GHCND:USC00333292,",,7,",0
5109,2016-12-21T00:00:00,SNOW,GHCND:USC00333292,",,7,",0
5110,2016-12-21T00:00:00,SNWD,GHCND:USC00333292,",,7,",0
5111,2016-12-22T00:00:00,PRCP,GHCND:USC00333292,",,7,",0
5112,2016-12-22T00:00:00,SNOW,GHCND:USC00333292,",,7,",0
5113,2016-12-22T00:00:00,SNWD,GHCND:USC00333292,",,7,",0
5114,2016-12-23T00:00:00,PRCP,GHCND:USC00333292,",,7,",0
5115,2016-12-23T00:00:00,SNOW,GHCND:USC00333292,",,7,",0
5116,2016-12-23T00:00:00,SNWD,GHCND:USC00333292,",,7,",0
5117,2016-12-24T00:00:00,PRCP,GHCND:USC00333292,",,7,",0
5118,2016-12-24T00:00:00,SNOW,GHCND:USC00333292,",,7,",0
5119,2016-12-24T00:00:00,SNWD,GHCND:USC00333292,",,7,",0
5120,2016-12-25T00:00:00,PRCP,GHCND:USC00333292,",,7,",0
5121,2016-12-25T00:00:00,SNOW,GHCND:USC00333292,",,7,",0
5122,2016-12-25T00:00:00,SNWD,GHCND:USC00333292,",,7,",0
5123,2016-12-26T00:00:00,PRCP,GHCND:USC00333292,",,7,",0
5124,2016-12-26T00:00:00,SNOW,GHCND:USC00333292,",,7,",0
5125,2016-12-26T00:00:00,SNWD,GHCND:USC00333292,",,7,",0
5126,2016-12-27T00:00:00,PRCP,GHCND:USC00333292,",,7,",0
5127,2016-12-27T00:00:00,SNOW,GHCND:USC00333292,",,7,",0
5128,2016-12-27T00:00:00,SNWD,GHCND:USC00333292,",,7,",0
5129,2016-12-28T00:00:00,PRCP,GHCND:USC00333292,",,7,",0
5130,2016-12-28T00:00:00,SNOW,GHCND:USC00333292,",,7,",0
5131,2016-12-28T00:00:00,SNWD,GHCND:USC00333292,",,7,",0
5132,2016-12-29T00:00:00,PRCP,GHCND:USC00333292,",,7,",69
5133,2016-12-29T00:00:00,SNOW,GHCND:USC00333292,"T,,7,",0
5134,2016-12-29T00:00:00,SNWD,GHCND:USC00333292,"T,,7,",0
5135,2016-12-30T00:00:00,PRCP,GHCND:USC00333292,",,7,",0
5136,2016-12-30T00:00:00,SNOW,GHCND:USC00333292,",,7,",0
5137,2016-12-30T00:00:00,SNWD,GHCND:USC00333292,",,7,",0
5138,2016-12-31T00:00:00,PRCP,GHCND:USC00333292,",,7,",0
5139,2016-12-31T00:00:00,SNOW,GHCND:USC00333292,",,7,",0
5140,2016-12-31T00:00:00,SNWD,GHCND:USC00333292,",,7,",0
5141,2017-01-01T00:00:00,PRCP,GHCND:USC00333292,",,7,",0
5142,2017-01-01T00:00:00,SNOW,GHCND:USC00333292,",,7,",0
5143,2017-01-01T00:00:00,SNWD,GHCND:USC00333292,",,7,",0
5144,2017-01-02T00:00:00,PRCP,GHCND:USC00333292,"T,,7,",0
5145,2017-01-02T00:00:00,SNOW,GHCND:USC00333292,",,7,",0
5146,2017-01-02T00:00:00,SNWD,GHCND:USC00333292,",,7,",0
5147,2017-01-03T00:00:00,PRCP,GHCND:USC00333292,",,7,",147
5148,2017-01-03T00:00:00,SNOW,GHCND:USC00333292,",,7,",0
5149,2017-01-03T00:00:00,SNWD,GHCND:USC00333292,",,7,",0
5150,2017-01-04T00:00:00,PRCP,GHCND:USC00333292,",,7,",107
5151,2017-01-04T00:00:00,SNOW,GHCND:USC00333292,",,7,",0
5152,2017-01-04T00:00:00,SNWD,GHCND:USC00333292,",,7,",0
5153,2017-01-05T00:00:00,PRCP,GHCND:USC00333292,",,7,",0
5154,2017-01-05T00:00:00,SNOW,GHCND:USC00333292,",,7,",0
5155,2017-01-05T00:00:00,SNWD,GHCND:USC00333292,",,7,",0
5156,2017-01-06T00:00:00,PRCP,GHCND:USC00333292,",,7,",0
5157,2017-01-06T00:00:00,SNOW,GHCND:USC00333292,",,7,",0
5158,2017-01-06T00:00:00,SNWD,GHCND:USC00333292,",,7,",0
5159,2017-01-07T00:00:00,PRCP,GHCND:USC00333292,",,7,",0
5160,2017-01-07T00:00:00,SNOW,GHCND:USC00333292,",,7,",0
5161,2017-01-07T00:00:00,SNWD,GHCND:USC00333292,",,7,",0
5162,2017-01-08T00:00:00,PRCP,GHCND:USC00333292,",,7,",5
5163,2017-01-08T00:00:00,SNOW,GHCND:USC00333292,"T,,7,",0
5164,2017-01-08T00:00:00,SNWD,GHCND:USC00333292,"T,,7,",0
5165,2017-01-09T00:00:00,PRCP,GHCND:USC00333292,",,7,",0
5166,2017-01-09T00:00:00,SNOW,GHCND:USC00333292,",,7,",0
5167,2017-01-09T00:00:00,SNWD,GHCND:USC00333292,",,7,",0
5168,2017-01-10T00:00:00,PRCP,GHCND:USC00333292,",,7,",0
5169,2017-01-10T00:00:00,SNOW,GHCND:USC00333292,",,7,",0
5170,2017-01-10T00:00:00,SNWD,GHCND:USC00333292,",,7,",0
5171,2017-01-15T00:00:00,DAPR,GHCND:USC00333292,",,7,",5
5172,2017-01-15T00:00:00,MDPR,GHCND:USC00333292,",,7,",351
5173,2017-01-15T00:00:00,SNOW,GHCND:USC00333292,",,7,",0
5174,2017-01-15T00:00:00,SNWD,GHCND:USC00333292,",,7,",0
5175,2017-01-16T00:00:00,PRCP,GHCND:USC00333292,",,7,",0
5176,2017-01-16T00:00:00,SNOW,GHCND:USC00333292,",,7,",0
5177,2017-01-16T00:00:00,SNWD,GHCND:USC00333292,",,7,",0
5178,2017-01-17T00:00:00,PRCP,GHCND:USC00333292,",,7,",178
5179,2017-01-17T00:00:00,SNOW,GHCND:USC00333292,",,7,",0
5180,2017-01-17T00:00:00,SNWD,GHCND:USC00333292,",,7,",0
5181,2017-01-18T00:00:00,PRCP,GHCND:USC00333292,",,7,",13
5182,2017-01-18T00:00:00,SNOW,GHCND:USC00333292,",,7,",0
5183,2017-01-18T00:00:00,SNWD,GHCND:USC00333292,",,7,",0
5184,2017-01-19T00:00:00,PRCP,GHCND:USC00333292,",,7,",0
5185,2017-01-19T00:00:00,SNOW,GHCND:USC00333292,",,7,",0
5186,2017-01-19T00:00:00,SNWD,GHCND:USC00333292,",,7,",0
5187,2017-01-20T00:00:00,PRCP,GHCND:USC00333292,",,7,",0
5188,2017-01-20T00:00:00,SNOW,GHCND:USC00333292,",,7,",0
5189,2017-01-20T00:00:00,SNWD,GHCND:USC00333292,",,7,",0
5190,2017-01-21T00:00:00,PRCP,GHCND:USC00333292,",,7,",0
5191,2017-01-21T00:00:00,SNOW,GHCND:USC00333292,",,7,",0
5192,2017-01-21T00:00:00,SNWD,GHCND:USC00333292,",,7,",0
5193,2017-01-22T00:00:00,PRCP,GHCND:USC00333292,",,7,",132
5194,2017-01-22T00:00:00,SNOW,GHCND:USC00333292,",,7,",0
5195,2017-01-22T00:00:00,SNWD,GHCND:USC00333292,",,7,",0
5196,2017-01-24T00:00:00,DAPR,GHCND:USC00333292,",,7,",2
5197,2017-01-24T00:00:00,MDPR,GHCND:USC00333292,",,7,",97
5198,2017-01-24T00:00:00,SNOW,GHCND:USC00333292,",,7,",0
5199,2017-01-24T00:00:00,SNWD,GHCND:USC00333292,",,7,",0
5200,2017-01-25T00:00:00,PRCP,GHCND:USC00333292,",,7,",0
5201,2017-01-25T00:00:00,SNOW,GHCND:USC00333292,",,7,",0
5202,2017-01-25T00:00:00,SNWD,GHCND:USC00333292,",,7,",0
5203,2017-01-26T00:00:00,PRCP,GHCND:USC00333292,",,7,",5
5204,2017-01-26T00:00:00,SNOW,GHCND:USC00333292,",,7,",0
5205,2017-01-26T00:00:00,SNWD,GHCND:USC00333292,",,7,",0
5206,2017-01-27T00:00:00,PRCP,GHCND:USC00333292,",,7,",0
5207,2017-01-27T00:00:00,SNOW,GHCND:USC00333292,",,7,",0
5208,2017-01-27T00:00:00,SNWD,GHCND:USC00333292,",,7,",0
5209,2017-01-28T00:00:00,PRCP,GHCND:USC00333292,",,7,",0
5210,2017-01-28T00:00:00,SNOW,GHCND:USC00333292,",,7,",0
5211,2017-01-28T00:00:00,SNWD,GHCND:USC00333292,",,7,",0
5212,2017-01-29T00:00:00,PRCP,GHCND:USC00333292,"T,,7,",0
5213,2017-01-29T00:00:00,SNOW,GHCND:USC00333292,",,7,",0
5214,2017-01-29T00:00:00,SNWD,GHCND:USC00333292,",,7,",0
5215,2017-01-30T00:00:00,PRCP,GHCND:USC00333292,"T,,7,",0
5216,2017-01-30T00:00:00,SNOW,GHCND:USC00333292,",,7,",0
5217,2017-01-30T00:00:00,SNWD,GHCND:USC00333292,",,7,",0
5218,2017-01-31T00:00:00,PRCP,GHCND:USC00333292,",,7,",28
5219,2017-01-31T00:00:00,SNOW,GHCND:USC00333292,",,7,",0
5220,2017-01-31T00:00:00,SNWD,GHCND:USC00333292,",,7,",0
5221,2017-02-01T00:00:00,PRCP,GHCND:USC00333292,",,7,",3
5222,2017-02-01T00:00:00,SNOW,GHCND:USC00333292,",,7,",0
5223,2017-02-01T00:00:00,SNWD,GHCND:USC00333292,",,7,",0
5224,2017-02-02T00:00:00,PRCP,GHCND:USC00333292,",,7,",0
5225,2017-02-02T00:00:00,SNOW,GHCND:USC00333292,",,7,",0
5226,2017-02-02T00:00:00,SNWD,GHCND:USC00333292,",,7,",0
5227,2017-02-03T00:00:00,PRCP,GHCND:USC00333292,",,7,",0
5228,2017-02-03T00:00:00,SNOW,GHCND:USC00333292,",,7,",0
5229,2017-02-03T00:00:00,SNWD,GHCND:USC00333292,",,7,",0
5230,2017-02-04T00:00:00,PRCP,GHCND:USC00333292,",,7,",0
5231,2017-02-04T00:00:00,SNOW,GHCND:USC00333292,",,7,",0
5232,2017-02-04T00:00:00,SNWD,GHCND:USC00333292,",,7,",0
5233,2017-02-05T00:00:00,PRCP,GHCND:USC00333292,",,7,",0
5234,2017-02-05T00:00:00,SNOW,GHCND:USC00333292,",,7,",0
5235,2017-02-05T00:00:00,SNWD,GHCND:USC00333292,",,7,",0
5236,2017-02-06T00:00:00,PRCP,GHCND:USC00333292,",,7,",0
5237,2017-02-06T00:00:00,SNOW,GHCND:USC00333292,",,7,",0
5238,2017-02-06T00:00:00,SNWD,GHCND:USC00333292,",,7,",0
5239,2017-02-07T00:00:00,PRCP,GHCND:USC00333292,",,7,",91
5240,2017-02-07T00:00:00,SNOW,GHCND:USC00333292,",,7,",0
5241,2017-02-07T00:00:00,SNWD,GHCND:USC00333292,",,7,",0
5242,2017-02-08T00:00:00,PRCP,GHCND:USC00333292,",,7,",109
5243,2017-02-08T00:00:00,SNOW,GHCND:USC00333292,",,7,",0
5244,2017-02-08T00:00:00,SNWD,GHCND:USC00333292,",,7,",0
5245,2017-02-09T00:00:00,PRCP,GHCND:USC00333292,",,7,",25
5246,2017-02-09T00:00:00,SNOW,GHCND:USC00333292,",,7,",0
5247,2017-02-09T00:00:00,SNWD,GHCND:USC00333292,",,7,",0
5248,2017-02-10T00:00:00,PRCP,GHCND:USC00333292,",,7,",0
5249,2017-02-10T00:00:00,SNOW,GHCND:USC00333292,",,7,",0
5250,2017-02-10T00:00:00,SNWD,GHCND:USC00333292,",,7,",0
5251,2017-02-11T00:00:00,PRCP,GHCND:USC00333292,",,7,",0
5252,2017-02-11T00:00:00,SNOW,GHCND:USC00333292,",,7,",0
5253,2017-02-11T00:00:00,SNWD,GHCND:USC00333292,",,7,",0
5254,2017-02-12T00:00:00,PRCP,GHCND:USC00333292,",,7,",53
5255,2017-02-12T00:00:00,SNOW,GHCND:USC00333292,",,7,",0
5256,2017-02-12T00:00:00,SNWD,GHCND:USC00333292,",,7,",0
5257,2017-02-13T00:00:00,PRCP,GHCND:USC00333292,",,7,",0
5258,2017-02-13T00:00:00,SNOW,GHCND:USC00333292,",,7,",0
5259,2017-02-13T00:00:00,SNWD,GHCND:USC00333292,",,7,",0
5260,2017-02-14T00:00:00,PRCP,GHCND:USC00333292,",,7,",0
5261,2017-02-14T00:00:00,SNOW,GHCND:USC00333292,",,7,",0
5262,2017-02-14T00:00:00,SNWD,GHCND:USC00333292,",,7,",0
5263,2017-02-15T00:00:00,PRCP,GHCND:USC00333292,",,7,",0
5264,2017-02-15T00:00:00,SNOW,GHCND:USC00333292,",,7,",0
5265,2017-02-15T00:00:00,SNWD,GHCND:USC00333292,",,7,",0
5266,2017-02-16T00:00:00,PRCP,GHCND:USC00333292,",,7,",0
5267,2017-02-16T00:00:00,SNOW,GHCND:USC00333292,",,7,",0
5268,2017-02-16T00:00:00,SNWD,GHCND:USC00333292,",,7,",0
5269,2017-02-17T00:00:00,PRCP,GHCND:USC00333292,",,7,",0
5270,2017-02-17T00:00:00,SNOW,GHCND:USC00333292,",,7,",0
5271,2017-02-17T00:00:00,SNWD,GHCND:USC00333292,",,7,",0
5272,2017-02-18T00:00:00,PRCP,GHCND:USC00333292,",,7,",0
5273,2017-02-18T00:00:00,SNOW,GHCND:USC00333292,",,7,",0
5274,2017-02-18T00:00:00,SNWD,GHCND:USC00333292,",,7,",0
5275,2017-02-19T00:00:00,PRCP,GHCND:USC00333292,",,7,",0
5276,2017-02-19T00:00:00,SNOW,GHCND:USC00333292,",,7,",0
5277,2017-02-19T00:00:00,SNWD,GHCND:USC00333292,",,7,",0
5278,2017-02-20T00:00:00,PRCP,GHCND:USC00333292,",,7,",0
5279,2017-02-20T00:00:00,SNOW,GHCND:USC00333292,",,7,",0
5280,2017-02-20T00:00:00,SNWD,GHCND:USC00333292,",,7,",0
5281,2017-02-21T00:00:00,PRCP,GHCND:USC00333292,",,7,",0
5282,2017-02-21T00:00:00,SNOW,GHCND:USC00333292,",,7,",0
5283,2017-02-21T00:00:00,SNWD,GHCND:USC00333292,",,7,",0
5284,2017-02-22T00:00:00,PRCP,GHCND:USC00333292,",,7,",0
5285,2017-02-22T00:00:00,SNOW,GHCND:USC00333292,",,7,",0
5286,2017-02-22T00:00:00,SNWD,GHCND:USC00333292,",,7,",0
5287,2017-02-23T00:00:00,PRCP,GHCND:USC00333292,",,7,",0
5288,2017-02-23T00:00:00,SNOW,GHCND:USC00333292,",,7,",0
5289,2017-02-23T00:00:00,SNWD,GHCND:USC00333292,",,7,",0
5290,2017-02-24T00:00:00,PRCP,GHCND:USC00333292,",,7,",0
5291,2017-02-24T00:00:00,SNOW,GHCND:USC00333292,",,7,",0
5292,2017-02-24T00:00:00,SNWD,GHCND:USC00333292,",,7,",0
5293,2017-02-25T00:00:00,PRCP,GHCND:USC00333292,",,7,",0
5294,2017-02-25T00:00:00,SNOW,GHCND:USC00333292,",,7,",0
5295,2017-02-25T00:00:00,SNWD,GHCND:USC00333292,",,7,",0
5296,2017-02-26T00:00:00,PRCP,GHCND:USC00333292,",,7,",0
5297,2017-02-26T00:00:00,SNOW,GHCND:USC00333292,",,7,",0
5298,2017-02-26T00:00:00,SNWD,GHCND:USC00333292,",,7,",0
5299,2017-02-27T00:00:00,PRCP,GHCND:USC00333292,",,7,",0
5300,2017-02-27T00:00:00,SNOW,GHCND:USC00333292,",,7,",0
5301,2017-02-27T00:00:00,SNWD,GHCND:USC00333292,",,7,",0
5302,2017-02-28T00:00:00,PRCP,GHCND:USC00333292,",,7,",0
5303,2017-02-28T00:00:00,SNOW,GHCND:USC00333292,",,7,",0
5304,2017-02-28T00:00:00,SNWD,GHCND:USC00333292,",,7,",0
5305,2017-03-05T00:00:00,DAPR,GHCND:USC00333292,",,7,",5
5306,2017-03-05T00:00:00,MDPR,GHCND:USC00333292,",,7,",180
5307,2017-03-05T00:00:00,SNOW,GHCND:USC00333292,",,7,",0
5308,2017-03-05T00:00:00,SNWD,GHCND:USC00333292,",,7,",0
5309,2017-03-06T00:00:00,PRCP,GHCND:USC00333292,",,7,",0
5310,2017-03-06T00:00:00,SNOW,GHCND:USC00333292,",,7,",0
5311,2017-03-06T00:00:00,SNWD,GHCND:USC00333292,",,7,",0
5312,2017-03-07T00:00:00,PRCP,GHCND:USC00333292,",,7,",48
5313,2017-03-07T00:00:00,SNOW,GHCND:USC00333292,",,7,",0
5314,2017-03-07T00:00:00,SNWD,GHCND:USC00333292,",,7,",0
5315,2017-03-08T00:00:00,PRCP,GHCND:USC00333292,",,7,",8
5316,2017-03-08T00:00:00,SNOW,GHCND:USC00333292,",,7,",0
5317,2017-03-08T00:00:00,SNWD,GHCND:USC00333292,",,7,",0
5318,2017-03-09T00:00:00,PRCP,GHCND:USC00333292,",,7,",0
5319,2017-03-09T00:00:00,SNOW,GHCND:USC00333292,",,7,",0
5320,2017-03-09T00:00:00,SNWD,GHCND:USC00333292,",,7,",0
5321,2017-03-10T00:00:00,PRCP,GHCND:USC00333292,",,7,",0
5322,2017-03-10T00:00:00,SNOW,GHCND:USC00333292,",,7,",0
5323,2017-03-10T00:00:00,SNWD,GHCND:USC00333292,",,7,",0
5324,2017-03-11T00:00:00,PRCP,GHCND:USC00333292,",,7,",0
5325,2017-03-11T00:00:00,SNOW,GHCND:USC00333292,",,7,",0
5326,2017-03-11T00:00:00,SNWD,GHCND:USC00333292,",,7,",0
5327,2017-03-12T00:00:00,PRCP,GHCND:USC00333292,",,7,",0
5328,2017-03-12T00:00:00,SNOW,GHCND:USC00333292,",,7,",0
5329,2017-03-12T00:00:00,SNWD,GHCND:USC00333292,",,7,",0
5330,2017-03-13T00:00:00,PRCP,GHCND:USC00333292,",,7,",0
5331,2017-03-13T00:00:00,SNOW,GHCND:USC00333292,",,7,",0
5332,2017-03-13T00:00:00,SNWD,GHCND:USC00333292,",,7,",0
5333,2017-03-14T00:00:00,PRCP,GHCND:USC00333292,",,7,",23
5334,2017-03-14T00:00:00,SNOW,GHCND:USC00333292,",,7,",38
5335,2017-03-14T00:00:00,SNWD,GHCND:USC00333292,",,7,",51
5336,2017-03-16T00:00:00,PRCP,GHCND:USC00333292,",,7,",0
5337,2017-03-16T00:00:00,SNOW,GHCND:USC00333292,",,7,",0
5338,2017-03-16T00:00:00,SNWD,GHCND:USC00333292,",,7,",0
5339,2017-03-17T00:00:00,PRCP,GHCND:USC00333292,",,7,",0
5340,2017-03-17T00:00:00,SNOW,GHCND:USC00333292,",,7,",0
5341,2017-03-17T00:00:00,SNWD,GHCND:USC00333292,",,7,",0
5342,2017-03-18T00:00:00,PRCP,GHCND:USC00333292,",,7,",0
5343,2017-03-18T00:00:00,SNOW,GHCND:USC00333292,",,7,",0
5344,2017-03-18T00:00:00,SNWD,GHCND:USC00333292,",,7,",0
5345,2017-03-19T00:00:00,PRCP,GHCND:USC00333292,",,7,",0
5346,2017-03-19T00:00:00,SNOW,GHCND:USC00333292,",,7,",0
5347,2017-03-19T00:00:00,SNWD,GHCND:USC00333292,",,7,",0
5348,2017-03-20T00:00:00,PRCP,GHCND:USC00333292,",,7,",0
5349,2017-03-20T00:00:00,SNOW,GHCND:USC00333292,",,7,",0
5350,2017-03-20T00:00:00,SNWD,GHCND:USC00333292,",,7,",0
5351,2017-03-21T00:00:00,PRCP,GHCND:USC00333292,",,7,",0
5352,2017-03-21T00:00:00,SNOW,GHCND:USC00333292,",,7,",0
5353,2017-03-21T00:00:00,SNWD,GHCND:USC00333292,",,7,",0
5354,2017-03-22T00:00:00,PRCP,GHCND:USC00333292,",,7,",0
5355,2017-03-22T00:00:00,SNOW,GHCND:USC00333292,",,7,",0
5356,2017-03-22T00:00:00,SNWD,GHCND:USC00333292,",,7,",0
5357,2017-03-23T00:00:00,PRCP,GHCND:USC00333292,",,7,",0
5358,2017-03-23T00:00:00,SNOW,GHCND:USC00333292,",,7,",0
5359,2017-03-23T00:00:00,SNWD,GHCND:USC00333292,",,7,",0
5360,2017-03-24T00:00:00,PRCP,GHCND:USC00333292,",,7,",0
5361,2017-03-24T00:00:00,SNOW,GHCND:USC00333292,",,7,",0
5362,2017-03-24T00:00:00,SNWD,GHCND:USC00333292,",,7,",0
5363,2017-03-25T00:00:00,PRCP,GHCND:USC00333292,",,7,",0
5364,2017-03-25T00:00:00,SNOW,GHCND:USC00333292,",,7,",0
5365,2017-03-25T00:00:00,SNWD,GHCND:USC00333292,",,7,",0
5366,2017-03-26T00:00:00,PRCP,GHCND:USC00333292,",,7,",25
5367,2017-03-26T00:00:00,SNOW,GHCND:USC00333292,",,7,",0
5368,2017-03-26T00:00:00,SNWD,GHCND:USC00333292,",,7,",0
5369,2017-03-27T00:00:00,PRCP,GHCND:USC00333292,",,7,",74
5370,2017-03-27T00:00:00,SNOW,GHCND:USC00333292,",,7,",0
5371,2017-03-27T00:00:00,SNWD,GHCND:USC00333292,",,7,",0
5372,2017-03-28T00:00:00,PRCP,GHCND:USC00333292,",,7,",28
5373,2017-03-28T00:00:00,SNOW,GHCND:USC00333292,",,7,",0
5374,2017-03-28T00:00:00,SNWD,GHCND:USC00333292,",,7,",0
5375,2017-03-29T00:00:00,PRCP,GHCND:USC00333292,",,7,",0
5376,2017-03-29T00:00:00,SNOW,GHCND:USC00333292,",,7,",0
5377,2017-03-29T00:00:00,SNWD,GHCND:USC00333292,",,7,",0
5378,2017-03-30T00:00:00,PRCP,GHCND:USC00333292,",,7,",0
5379,2017-03-30T00:00:00,SNOW,GHCND:USC00333292,",,7,",0
5380,2017-03-30T00:00:00,SNWD,GHCND:USC00333292,",,7,",0
5381,2017-03-31T00:00:00,PRCP,GHCND:USC00333292,",,7,",0
5382,2017-03-31T00:00:00,SNOW,GHCND:USC00333292,",,7,",0
5383,2017-03-31T00:00:00,SNWD,GHCND:USC00333292,",,7,",0
5384,2017-04-02T00:00:00,DAPR,GHCND:USC00333292,",,7,",2
5385,2017-04-02T00:00:00,MDPR,GHCND:USC00333292,",,7,",241
5386,2017-04-02T00:00:00,SNOW,GHCND:USC00333292,",,7,",0
5387,2017-04-02T00:00:00,SNWD,GHCND:USC00333292,",,7,",0
5388,2017-04-04T00:00:00,DAPR,GHCND:USC00333292,",,7,",2
5389,2017-04-04T00:00:00,MDPR,GHCND:USC00333292,",,7,",71
5390,2017-04-04T00:00:00,SNOW,GHCND:USC00333292,",,7,",0
5391,2017-04-04T00:00:00,SNWD,GHCND:USC00333292,",,7,",0
5392,2017-04-05T00:00:00,PRCP,GHCND:USC00333292,",,7,",0
5393,2017-04-05T00:00:00,SNOW,GHCND:USC00333292,",,7,",0
5394,2017-04-05T00:00:00,SNWD,GHCND:USC00333292,",,7,",0
5395,2017-04-06T00:00:00,PRCP,GHCND:USC00333292,",,7,",0
5396,2017-04-06T00:00:00,SNOW,GHCND:USC00333292,",,7,",0
5397,2017-04-06T00:00:00,SNWD,GHCND:USC00333292,",,7,",0
5398,2017-04-07T00:00:00,PRCP,GHCND:USC00333292,",,7,",147
5399,2017-04-07T00:00:00,SNOW,GHCND:USC00333292,",,7,",0
5400,2017-04-07T00:00:00,SNWD,GHCND:USC00333292,",,7,",0
5401,2017-04-08T00:00:00,PRCP,GHCND:USC00333292,",,7,",0
5402,2017-04-08T00:00:00,SNOW,GHCND:USC00333292,",,7,",0
5403,2017-04-08T00:00:00,SNWD,GHCND:USC00333292,",,7,",0
5404,2017-04-09T00:00:00,PRCP,GHCND:USC00333292,",,7,",0
5405,2017-04-09T00:00:00,SNOW,GHCND:USC00333292,",,7,",0
5406,2017-04-09T00:00:00,SNWD,GHCND:USC00333292,",,7,",0
5407,2017-04-10T00:00:00,PRCP,GHCND:USC00333292,",,7,",0
5408,2017-04-10T00:00:00,SNOW,GHCND:USC00333292,",,7,",0
5409,2017-04-10T00:00:00,SNWD,GHCND:USC00333292,",,7,",0
5410,2017-04-11T00:00:00,PRCP,GHCND:USC00333292,",,7,",66
5411,2017-04-11T00:00:00,SNOW,GHCND:USC00333292,",,7,",0
5412,2017-04-11T00:00:00,SNWD,GHCND:USC00333292,",,7,",0
5413,2017-04-12T00:00:00,PRCP,GHCND:USC00333292,",,7,",0
5414,2017-04-12T00:00:00,SNOW,GHCND:USC00333292,",,7,",0
5415,2017-04-12T00:00:00,SNWD,GHCND:USC00333292,",,7,",0
5416,2017-04-13T00:00:00,PRCP,GHCND:USC00333292,",,7,",0
5417,2017-04-13T00:00:00,SNOW,GHCND:USC00333292,",,7,",0
5418,2017-04-13T00:00:00,SNWD,GHCND:USC00333292,",,7,",0
5419,2017-04-28T00:00:00,SNOW,GHCND:USC00333292,",,7,",0
5420,2017-04-28T00:00:00,SNWD,GHCND:USC00333292,",,7,",0
5421,2017-04-29T00:00:00,DAPR,GHCND:USC00333292,",,7,",16
5422,2017-04-29T00:00:00,MDPR,GHCND:USC00333292,",,7,",323
5423,2017-04-29T00:00:00,SNOW,GHCND:USC00333292,",,7,",0
5424,2017-04-29T00:00:00,SNWD,GHCND:USC00333292,",,7,",0
5425,2017-04-30T00:00:00,PRCP,GHCND:USC00333292,",,7,",0
5426,2017-04-30T00:00:00,SNOW,GHCND:USC00333292,",,7,",0
5427,2017-04-30T00:00:00,SNWD,GHCND:USC00333292,",,7,",0
5428,2017-05-01T00:00:00,PRCP,GHCND:USC00333292,",,7,",0
5429,2017-05-01T00:00:00,SNOW,GHCND:USC00333292,",,7,",0
5430,2017-05-01T00:00:00,SNWD,GHCND:USC00333292,",,7,",0
5431,2017-05-02T00:00:00,PRCP,GHCND:USC00333292,",,7,",0
5432,2017-05-02T00:00:00,SNOW,GHCND:USC00333292,",,7,",0
5433,2017-05-02T00:00:00,SNWD,GHCND:USC00333292,",,7,",0
5434,2017-05-03T00:00:00,PRCP,GHCND:USC00333292,",,7,",0
5435,2017-05-03T00:00:00,SNOW,GHCND:USC00333292,",,7,",0
5436,2017-05-03T00:00:00,SNWD,GHCND:USC00333292,",,7,",0
5437,2017-05-04T00:00:00,PRCP,GHCND:USC00333292,",,7,",89
5438,2017-05-04T00:00:00,SNOW,GHCND:USC00333292,",,7,",0
5439,2017-05-04T00:00:00,SNWD,GHCND:USC00333292,",,7,",0
5440,2017-05-05T00:00:00,PRCP,GHCND:USC00333292,",,7,",0
5441,2017-05-05T00:00:00,SNOW,GHCND:USC00333292,",,7,",0
5442,2017-05-05T00:00:00,SNWD,GHCND:USC00333292,",,7,",0
5443,2017-05-06T00:00:00,PRCP,GHCND:USC00333292,",,7,",0
5444,2017-05-06T00:00:00,SNOW,GHCND:USC00333292,",,7,",0
5445,2017-05-06T00:00:00,SNWD,GHCND:USC00333292,",,7,",0
5446,2017-05-07T00:00:00,PRCP,GHCND:USC00333292,",,7,",5
5447,2017-05-07T00:00:00,SNOW,GHCND:USC00333292,",,7,",0
5448,2017-05-07T00:00:00,SNWD,GHCND:USC00333292,",,7,",0
5449,2017-05-08T00:00:00,SNOW,GHCND:USC00333292,",,7,",0
5450,2017-05-08T00:00:00,SNWD,GHCND:USC00333292,",,7,",0
5451,2017-05-09T00:00:00,SNOW,GHCND:USC00333292,",,7,",0
5452,2017-05-09T00:00:00,SNWD,GHCND:USC00333292,",,7,",0
5453,2017-05-10T00:00:00,SNOW,GHCND:USC00333292,",,7,",0
5454,2017-05-10T00:00:00,SNWD,GHCND:USC00333292,",,7,",0
5455,2017-05-11T00:00:00,SNOW,GHCND:USC00333292,",,7,",0
5456,2017-05-11T00:00:00,SNWD,GHCND:USC00333292,",,7,",0
5457,2017-05-12T00:00:00,SNOW,GHCND:USC00333292,",,7,",0
5458,2017-05-12T00:00:00,SNWD,GHCND:USC00333292,",,7,",0
5459,2017-05-13T00:00:00,SNOW,GHCND:USC00333292,",,7,",0
5460,2017-05-13T00:00:00,SNWD,GHCND:USC00333292,",,7,",0
5461,2017-05-14T00:00:00,SNOW,GHCND:USC00333292,",,7,",0
5462,2017-05-14T00:00:00,SNWD,GHCND:USC00333292,",,7,",0
5463,2017-05-15T00:00:00,SNOW,GHCND:USC00333292,",,7,",0
5464,2017-05-15T00:00:00,SNWD,GHCND:USC00333292,",,7,",0
5465,2017-05-16T00:00:00,SNOW,GHCND:USC00333292,",,7,",0
5466,2017-05-16T00:00:00,SNWD,GHCND:USC00333292,",,7,",0
5467,2017-05-17T00:00:00,SNOW,GHCND:USC00333292,",,7,",0
5468,2017-05-17T00:00:00,SNWD,GHCND:USC00333292,",,7,",0
5469,2017-05-18T00:00:00,SNOW,GHCND:USC00333292,",,7,",0
5470,2017-05-18T00:00:00,SNWD,GHCND:USC00333292,",,7,",0
5471,2017-05-19T00:00:00,SNOW,GHCND:USC00333292,",,7,",0
5472,2017-05-19T00:00:00,SNWD,GHCND:USC00333292,",,7,",0
5473,2017-05-20T00:00:00,SNOW,GHCND:USC00333292,",,7,",0
5474,2017-05-20T00:00:00,SNWD,GHCND:USC00333292,",,7,",0
5475,2017-05-21T00:00:00,SNOW,GHCND:USC00333292,",,7,",0
5476,2017-05-21T00:00:00,SNWD,GHCND:USC00333292,",,7,",0
5477,2017-05-22T00:00:00,SNOW,GHCND:USC00333292,",,7,",0
5478,2017-05-22T00:00:00,SNWD,GHCND:USC00333292,",,7,",0
5479,2017-05-23T00:00:00,SNOW,GHCND:USC00333292,",,7,",0
5480,2017-05-23T00:00:00,SNWD,GHCND:USC00333292,",,7,",0
5481,2017-05-24T00:00:00,SNOW,GHCND:USC00333292,",,7,",0
5482,2017-05-24T00:00:00,SNWD,GHCND:USC00333292,",,7,",0
5483,2017-05-25T00:00:00,DAPR,GHCND:USC00333292,",,7,",18
5484,2017-05-25T00:00:00,MDPR,GHCND:USC00333292,",,7,",384
5485,2017-05-25T00:00:00,SNOW,GHCND:USC00333292,",,7,",0
5486,2017-05-25T00:00:00,SNWD,GHCND:USC00333292,",,7,",0
5487,2017-05-26T00:00:00,PRCP,GHCND:USC00333292,",,7,",0
5488,2017-05-26T00:00:00,SNOW,GHCND:USC00333292,",,7,",0
5489,2017-05-26T00:00:00,SNWD,GHCND:USC00333292,",,7,",0
5490,2017-05-27T00:00:00,PRCP,GHCND:USC00333292,",,7,",0
5491,2017-05-27T00:00:00,SNOW,GHCND:USC00333292,",,7,",0
5492,2017-05-27T00:00:00,SNWD,GHCND:USC00333292,",,7,",0
5493,2017-05-28T00:00:00,PRCP,GHCND:USC00333292,",,7,",3
5494,2017-05-28T00:00:00,SNOW,GHCND:USC00333292,",,7,",0
5495,2017-05-28T00:00:00,SNWD,GHCND:USC00333292,",,7,",0
5496,2017-05-29T00:00:00,PRCP,GHCND:USC00333292,",,7,",109
5497,2017-05-29T00:00:00,SNOW,GHCND:USC00333292,",,7,",0
5498,2017-05-29T00:00:00,SNWD,GHCND:USC00333292,",,7,",0
5499,2017-05-30T00:00:00,PRCP,GHCND:USC00333292,",,7,",0
5500,2017-05-30T00:00:00,SNOW,GHCND:USC00333292,",,7,",0
5501,2017-05-30T00:00:00,SNWD,GHCND:USC00333292,",,7,",0
5502,2017-05-31T00:00:00,PRCP,GHCND:USC00333292,",,7,",0
5503,2017-05-31T00:00:00,SNOW,GHCND:USC00333292,",,7,",0
5504,2017-05-31T00:00:00,SNWD,GHCND:USC00333292,",,7,",0
5505,2017-07-01T00:00:00,SNOW,GHCND:USC00333292,",,7,",0
5506,2017-07-01T00:00:00,SNWD,GHCND:USC00333292,",,7,0700",0
5507,2017-07-02T00:00:00,SNOW,GHCND:USC00333292,",,7,",0
5508,2017-07-02T00:00:00,SNWD,GHCND:USC00333292,",,7,0700",0
5509,2017-07-03T00:00:00,SNOW,GHCND:USC00333292,",,7,",0
5510,2017-07-03T00:00:00,SNWD,GHCND:USC00333292,",,7,0700",0
5511,2017-07-04T00:00:00,SNOW,GHCND:USC00333292,",,7,",0
5512,2017-07-04T00:00:00,SNWD,GHCND:USC00333292,",,7,0700",0
5513,2017-07-05T00:00:00,SNOW,GHCND:USC00333292,",,7,",0
5514,2017-07-05T00:00:00,SNWD,GHCND:USC00333292,",,7,0700",0
5515,2017-07-06T00:00:00,SNOW,GHCND:USC00333292,",,7,",0
5516,2017-07-06T00:00:00,SNWD,GHCND:USC00333292,",,7,0700",0
5517,2017-07-07T00:00:00,SNOW,GHCND:USC00333292,",,7,",0
5518,2017-07-07T00:00:00,SNWD,GHCND:USC00333292,",,7,0700",0
5519,2017-07-08T00:00:00,SNOW,GHCND:USC00333292,",,7,",0
5520,2017-07-08T00:00:00,SNWD,GHCND:USC00333292,",,7,0700",0
5521,2017-07-09T00:00:00,SNOW,GHCND:USC00333292,",,7,",0
5522,2017-07-09T00:00:00,SNWD,GHCND:USC00333292,",,7,0700",0
5523,2017-07-10T00:00:00,SNOW,GHCND:USC00333292,",,7,",0
5524,2017-07-10T00:00:00,SNWD,GHCND:USC00333292,",,7,0700",0
5525,2017-07-11T00:00:00,PRCP,GHCND:USC00333292,",,7,0700",290
5526,2017-07-11T00:00:00,SNOW,GHCND:USC00333292,",,7,",0
5527,2017-07-11T00:00:00,SNWD,GHCND:USC00333292,",,7,0700",0
5528,2017-07-12T00:00:00,PRCP,GHCND:USC00333292,",,7,0700",323
5529,2017-07-12T00:00:00,SNOW,GHCND:USC00333292,",,7,",0
5530,2017-07-12T00:00:00,SNWD,GHCND:USC00333292,",,7,0700",0
5531,2017-07-13T00:00:00,SNOW,GHCND:USC00333292,",,7,",0
5532,2017-07-13T00:00:00,SNWD,GHCND:USC00333292,",,7,0700",0
5533,2017-07-14T00:00:00,SNOW,GHCND:USC00333292,",,7,",0
5534,2017-07-14T00:00:00,SNWD,GHCND:USC00333292,",,7,0700",0
5535,2017-07-15T00:00:00,SNOW,GHCND:USC00333292,",,7,",0
5536,2017-07-15T00:00:00,SNWD,GHCND:USC00333292,",,7,0700",0
5537,2017-07-16T00:00:00,SNOW,GHCND:USC00333292,",,7,",0
5538,2017-07-16T00:00:00,SNWD,GHCND:USC00333292,",,7,0700",0
5539,2017-07-17T00:00:00,SNOW,GHCND:USC00333292,",,7,",0
5540,2017-07-17T00:00:00,SNWD,GHCND:USC00333292,",,7,0700",0
5541,2017-07-18T00:00:00,SNOW,GHCND:USC00333292,",,7,",0
5542,2017-07-18T00:00:00,SNWD,GHCND:USC00333292,",,7,0700",0
5543,2017-07-19T00:00:00,SNOW,GHCND:USC00333292,",,7,",0
5544,2017-07-19T00:00:00,SNWD,GHCND:USC00333292,",,7,0700",0
5545,2017-07-20T00:00:00,SNOW,GHCND:USC00333292,",,7,",0
5546,2017-07-20T00:00:00,SNWD,GHCND:USC00333292,",,7,0700",0
5547,2017-07-21T00:00:00,SNOW,GHCND:USC00333292,",,7,",0
5548,2017-07-21T00:00:00,SNWD,GHCND:USC00333292,",,7,0700",0
5549,2017-07-22T00:00:00,SNOW,GHCND:USC00333292,",,7,",0
5550,2017-07-22T00:00:00,SNWD,GHCND:USC00333292,",,7,0700",0
5551,2017-07-23T00:00:00,SNOW,GHCND:USC00333292,",,7,",0
5552,2017-07-23T00:00:00,SNWD,GHCND:USC00333292,",,7,0700",0
5553,2017-07-24T00:00:00,SNOW,GHCND:USC00333292,",,7,",0
5554,2017-07-24T00:00:00,SNWD,GHCND:USC00333292,",,7,0700",0
5555,2017-07-25T00:00:00,SNOW,GHCND:USC00333292,",,7,",0
5556,2017-07-25T00:00:00,SNWD,GHCND:USC00333292,",,7,0700",0
5557,2017-07-26T00:00:00,SNOW,GHCND:USC00333292,",,7,",0
5558,2017-07-26T00:00:00,SNWD,GHCND:USC00333292,",,7,0700",0
5559,2017-07-27T00:00:00,SNOW,GHCND:USC00333292,",,7,",0
5560,2017-07-27T00:00:00,SNWD,GHCND:USC00333292,",,7,0700",0
5561,2017-07-28T00:00:00,SNOW,GHCND:USC00333292,",,7,",0
5562,2017-07-28T00:00:00,SNWD,GHCND:USC00333292,",,7,0700",0
5563,2017-07-29T00:00:00,SNOW,GHCND:USC00333292,",,7,",0
5564,2017-07-29T00:00:00,SNWD,GHCND:USC00333292,",,7,0700",0
5565,2017-07-30T00:00:00,SNOW,GHCND:USC00333292,",,7,",0
5566,2017-07-30T00:00:00,SNWD,GHCND:USC00333292,",,7,0700",0
5567,2017-07-31T00:00:00,SNOW,GHCND:USC00333292,",,7,",0
5568,2017-07-31T00:00:00,SNWD,GHCND:USC00333292,",,7,0700",0
5569,2017-10-01T00:00:00,PRCP,GHCND:USC00333292,",,7,0700",0
5570,2017-10-01T00:00:00,SNOW,GHCND:USC00333292,",,7,",0
5571,2017-10-01T00:00:00,SNWD,GHCND:USC00333292,",,7,0700",0
5572,2017-10-02T00:00:00,PRCP,GHCND:USC00333292,",,7,0700",0
5573,2017-10-02T00:00:00,SNOW,GHCND:USC00333292,",,7,",0
5574,2017-10-02T00:00:00,SNWD,GHCND:USC00333292,",,7,0700",0
5575,2017-10-03T00:00:00,PRCP,GHCND:USC00333292,",,7,0700",0
5576,2017-10-03T00:00:00,SNOW,GHCND:USC00333292,",,7,",0
5577,2017-10-03T00:00:00,SNWD,GHCND:USC00333292,",,7,0700",0
5578,2017-10-04T00:00:00,PRCP,GHCND:USC00333292,",,7,0700",0
5579,2017-10-04T00:00:00,SNOW,GHCND:USC00333292,",,7,",0
5580,2017-10-04T00:00:00,SNWD,GHCND:USC00333292,",,7,0700",0
5581,2017-10-05T00:00:00,PRCP,GHCND:USC00333292,",,7,0700",33
5582,2017-10-05T00:00:00,SNOW,GHCND:USC00333292,",,7,",0
5583,2017-10-05T00:00:00,SNWD,GHCND:USC00333292,",,7,0700",0
5584,2017-10-06T00:00:00,PRCP,GHCND:USC00333292,",,7,0700",38
5585,2017-10-06T00:00:00,SNOW,GHCND:USC00333292,",,7,",0
5586,2017-10-06T00:00:00,SNWD,GHCND:USC00333292,",,7,0700",0
5587,2017-10-07T00:00:00,PRCP,GHCND:USC00333292,",,7,0700",33
5588,2017-10-07T00:00:00,SNOW,GHCND:USC00333292,",,7,",0
5589,2017-10-07T00:00:00,SNWD,GHCND:USC00333292,",,7,0700",0
5590,2017-10-08T00:00:00,PRCP,GHCND:USC00333292,",,7,0700",43
5591,2017-10-08T00:00:00,SNOW,GHCND:USC00333292,",,7,",0
5592,2017-10-08T00:00:00,SNWD,GHCND:USC00333292,",,7,0700",0
5593,2017-10-09T00:00:00,PRCP,GHCND:USC00333292,",,7,0700",38
5594,2017-10-09T00:00:00,SNOW,GHCND:USC00333292,",,7,",0
5595,2017-10-09T00:00:00,SNWD,GHCND:USC00333292,",,7,0700",0
5596,2017-10-10T00:00:00,PRCP,GHCND:USC00333292,",,7,0700",13
5597,2017-10-10T00:00:00,SNOW,GHCND:USC00333292,",,7,",0
5598,2017-10-10T00:00:00,SNWD,GHCND:USC00333292,",,7,0700",0
5599,2017-10-11T00:00:00,PRCP,GHCND:USC00333292,",,7,0700",147
5600,2017-10-11T00:00:00,SNOW,GHCND:USC00333292,",,7,",0
5601,2017-10-11T00:00:00,SNWD,GHCND:USC00333292,",,7,0700",0
5602,2017-10-12T00:00:00,PRCP,GHCND:USC00333292,",,7,0700",51
5603,2017-10-12T00:00:00,SNOW,GHCND:USC00333292,",,7,",0
5604,2017-10-12T00:00:00,SNWD,GHCND:USC00333292,",,7,0700",0
5605,2017-10-13T00:00:00,PRCP,GHCND:USC00333292,",,7,0700",0
5606,2017-10-13T00:00:00,SNOW,GHCND:USC00333292,",,7,",0
5607,2017-10-13T00:00:00,SNWD,GHCND:USC00333292,",,7,0700",0
5608,2017-10-14T00:00:00,PRCP,GHCND:USC00333292,",,7,0700",0
5609,2017-10-14T00:00:00,SNOW,GHCND:USC00333292,",,7,",0
5610,2017-10-14T00:00:00,SNWD,GHCND:USC00333292,",,7,0700",0
5611,2017-10-15T00:00:00,PRCP,GHCND:USC00333292,",,7,0700",0
5612,2017-10-15T00:00:00,SNOW,GHCND:USC00333292,",,7,",0
5613,2017-10-15T00:00:00,SNWD,GHCND:USC00333292,",,7,0700",0
5614,2017-10-16T00:00:00,PRCP,GHCND:USC00333292,",,7,0700",0
5615,2017-10-16T00:00:00,SNOW,GHCND:USC00333292,",,7,",0
5616,2017-10-16T00:00:00,SNWD,GHCND:USC00333292,",,7,0700",0
5617,2017-10-17T00:00:00,PRCP,GHCND:USC00333292,",,7,0700",0
5618,2017-10-17T00:00:00,SNOW,GHCND:USC00333292,",,7,",0
5619,2017-10-17T00:00:00,SNWD,GHCND:USC00333292,",,7,0700",0
5620,2017-10-18T00:00:00,PRCP,GHCND:USC00333292,",,7,0700",0
5621,2017-10-18T00:00:00,SNOW,GHCND:USC00333292,",,7,",0
5622,2017-10-18T00:00:00,SNWD,GHCND:USC00333292,",,7,0700",0
5623,2017-10-19T00:00:00,PRCP,GHCND:USC00333292,",,7,0700",0
5624,2017-10-19T00:00:00,SNOW,GHCND:USC00333292,",,7,",0
5625,2017-10-19T00:00:00,SNWD,GHCND:USC00333292,",,7,0700",0
5626,2017-10-20T00:00:00,PRCP,GHCND:USC00333292,",,7,0700",0
5627,2017-10-20T00:00:00,SNOW,GHCND:USC00333292,",,7,",0
5628,2017-10-20T00:00:00,SNWD,GHCND:USC00333292,",,7,0700",0
5629,2017-10-21T00:00:00,PRCP,GHCND:USC00333292,",,7,0700",0
5630,2017-10-21T00:00:00,SNOW,GHCND:USC00333292,",,7,",0
5631,2017-10-21T00:00:00,SNWD,GHCND:USC00333292,",,7,0700",0
5632,2017-10-22T00:00:00,PRCP,GHCND:USC00333292,",,7,0700",0
5633,2017-10-22T00:00:00,SNOW,GHCND:USC00333292,",,7,",0
5634,2017-10-22T00:00:00,SNWD,GHCND:USC00333292,",,7,0700",0
5635,2017-10-23T00:00:00,PRCP,GHCND:USC00333292,",,7,0700",0
5636,2017-10-23T00:00:00,SNOW,GHCND:USC00333292,",,7,",0
5637,2017-10-23T00:00:00,SNWD,GHCND:USC00333292,",,7,0700",0
5638,2017-10-24T00:00:00,PRCP,GHCND:USC00333292,",,7,0700",99
5639,2017-10-24T00:00:00,SNOW,GHCND:USC00333292,",,7,",0
5640,2017-10-24T00:00:00,SNWD,GHCND:USC00333292,",,7,0700",0
5641,2017-10-25T00:00:00,PRCP,GHCND:USC00333292,",,7,0700",18
5642,2017-10-25T00:00:00,SNOW,GHCND:USC00333292,",,7,",0
5643,2017-10-25T00:00:00,SNWD,GHCND:USC00333292,",,7,0700",0
5644,2017-10-26T00:00:00,PRCP,GHCND:USC00333292,",,7,0700",0
5645,2017-10-26T00:00:00,SNOW,GHCND:USC00333292,",,7,",0
5646,2017-10-26T00:00:00,SNWD,GHCND:USC00333292,",,7,0700",0
5647,2017-10-27T00:00:00,PRCP,GHCND:USC00333292,",,7,0700",0
5648,2017-10-27T00:00:00,SNOW,GHCND:USC00333292,",,7,",0
5649,2017-10-27T00:00:00,SNWD,GHCND:USC00333292,",,7,0700",0
5650,2017-10-28T00:00:00,PRCP,GHCND:USC00333292,",,7,0700",58
5651,2017-10-28T00:00:00,SNOW,GHCND:USC00333292,",,7,",0
5652,2017-10-28T00:00:00,SNWD,GHCND:USC00333292,",,7,0700",0
5653,2017-10-29T00:00:00,PRCP,GHCND:USC00333292,",,7,0700",0
5654,2017-10-29T00:00:00,SNOW,GHCND:USC00333292,",,7,",0
5655,2017-10-29T00:00:00,SNWD,GHCND:USC00333292,",,7,0700",0
5656,2017-10-30T00:00:00,PRCP,GHCND:USC00333292,",,7,0700",0
5657,2017-10-30T00:00:00,SNOW,GHCND:USC00333292,",,7,",0
5658,2017-10-30T00:00:00,SNWD,GHCND:USC00333292,",,7,0700",0
5659,2017-10-31T00:00:00,PRCP,GHCND:USC00333292,",,7,0700",0
5660,2017-10-31T00:00:00,SNOW,GHCND:USC00333292,",,7,",0
5661,2017-10-31T00:00:00,SNWD,GHCND:USC00333292,",,7,0700",0
5662,2017-11-01T00:00:00,PRCP,GHCND:USC00333292,",,7,0700",0
5663,2017-11-01T00:00:00,SNOW,GHCND:USC00333292,",,7,",0
5664,2017-11-01T00:00:00,SNWD,GHCND:USC00333292,",,7,0700",0
5665,2017-11-02T00:00:00,PRCP,GHCND:USC00333292,",,7,0700",66
5666,2017-11-02T00:00:00,SNOW,GHCND:USC00333292,",,7,",0
5667,2017-11-02T00:00:00,SNWD,GHCND:USC00333292,",,7,0700",0
5668,2017-11-03T00:00:00,PRCP,GHCND:USC00333292,",,7,0700",79
5669,2017-11-03T00:00:00,SNOW,GHCND:USC00333292,",,7,",0
5670,2017-11-03T00:00:00,SNWD,GHCND:USC00333292,",,7,0700",0
5671,2017-11-04T00:00:00,PRCP,GHCND:USC00333292,",,7,0700",0
5672,2017-11-04T00:00:00,SNOW,GHCND:USC00333292,",,7,",0
5673,2017-11-04T00:00:00,SNWD,GHCND:USC00333292,",,7,0700",0
5674,2017-11-05T00:00:00,PRCP,GHCND:USC00333292,",,7,0700",61
5675,2017-11-05T00:00:00,SNOW,GHCND:USC00333292,",,7,",0
5676,2017-11-05T00:00:00,SNWD,GHCND:USC00333292,",,7,0700",0
5677,2017-11-06T00:00:00,PRCP,GHCND:USC00333292,",,7,0700",414
5678,2017-11-06T00:00:00,SNOW,GHCND:USC00333292,",,7,",0
5679,2017-11-06T00:00:00,SNWD,GHCND:USC00333292,",,7,0700",0
5680,2017-11-07T00:00:00,PRCP,GHCND:USC00333292,",,7,0700",0
5681,2017-11-07T00:00:00,SNOW,GHCND:USC00333292,",,7,",0
5682,2017-11-07T00:00:00,SNWD,GHCND:USC00333292,",,7,0700",0
5683,2017-11-08T00:00:00,PRCP,GHCND:USC00333292,",,7,0700",0
5684,2017-11-08T00:00:00,SNOW,GHCND:USC00333292,",,7,",0
5685,2017-11-08T00:00:00,SNWD,GHCND:USC00333292,",,7,0700",0
5686,2017-11-09T00:00:00,PRCP,GHCND:USC00333292,",,7,0700",0
5687,2017-11-09T00:00:00,SNOW,GHCND:USC00333292,",,7,",0
5688,2017-11-09T00:00:00,SNWD,GHCND:USC00333292,",,7,0700",0
5689,2017-11-10T00:00:00,PRCP,GHCND:USC00333292,",,7,0700",0
5690,2017-11-10T00:00:00,SNOW,GHCND:USC00333292,",,7,",0
5691,2017-11-10T00:00:00,SNWD,GHCND:USC00333292,",,7,0700",0
5692,2017-11-11T00:00:00,PRCP,GHCND:USC00333292,",,7,0700",0
5693,2017-11-11T00:00:00,SNOW,GHCND:USC00333292,",,7,",0
5694,2017-11-11T00:00:00,SNWD,GHCND:USC00333292,",,7,0700",0
5695,2017-11-12T00:00:00,PRCP,GHCND:USC00333292,",,7,0700",0
5696,2017-11-12T00:00:00,SNOW,GHCND:USC00333292,",,7,",0
5697,2017-11-12T00:00:00,SNWD,GHCND:USC00333292,",,7,0700",0
5698,2017-11-13T00:00:00,PRCP,GHCND:USC00333292,",,7,0700",46
5699,2017-11-13T00:00:00,SNOW,GHCND:USC00333292,",,7,",0
5700,2017-11-13T00:00:00,SNWD,GHCND:USC00333292,",,7,0700",0
5701,2017-11-14T00:00:00,PRCP,GHCND:USC00333292,",,7,0700",3
5702,2017-11-14T00:00:00,SNOW,GHCND:USC00333292,",,7,",0
5703,2017-11-14T00:00:00,SNWD,GHCND:USC00333292,",,7,0700",0
5704,2017-11-15T00:00:00,PRCP,GHCND:USC00333292,",,7,0700",0
5705,2017-11-15T00:00:00,SNOW,GHCND:USC00333292,",,7,",0
5706,2017-11-15T00:00:00,SNWD,GHCND:USC00333292,",,7,0700",0
5707,2017-11-16T00:00:00,PRCP,GHCND:USC00333292,",,7,0700",56
5708,2017-11-16T00:00:00,SNOW,GHCND:USC00333292,",,7,",0
5709,2017-11-16T00:00:00,SNWD,GHCND:USC00333292,",,7,0700",0
5710,2017-11-17T00:00:00,PRCP,GHCND:USC00333292,",,7,0700",0
5711,2017-11-17T00:00:00,SNOW,GHCND:USC00333292,",,7,",0
5712,2017-11-17T00:00:00,SNWD,GHCND:USC00333292,",,7,0700",0
5713,2017-11-18T00:00:00,PRCP,GHCND:USC00333292,",,7,0700",147
5714,2017-11-18T00:00:00,SNOW,GHCND:USC00333292,",,7,",0
5715,2017-11-18T00:00:00,SNWD,GHCND:USC00333292,",,7,0700",0
5716,2017-11-19T00:00:00,PRCP,GHCND:USC00333292,",,7,0700",310
5717,2017-11-19T00:00:00,SNOW,GHCND:USC00333292,",,7,",0
5718,2017-11-19T00:00:00,SNWD,GHCND:USC00333292,",,7,0700",0
5719,2017-11-20T00:00:00,PRCP,GHCND:USC00333292,",,7,0700",3
5720,2017-11-20T00:00:00,SNOW,GHCND:USC00333292,",,7,",0
5721,2017-11-20T00:00:00,SNWD,GHCND:USC00333292,",,7,0700",0
5722,2017-11-21T00:00:00,PRCP,GHCND:USC00333292,",,7,0700",0
5723,2017-11-21T00:00:00,SNOW,GHCND:USC00333292,",,7,",0
5724,2017-11-21T00:00:00,SNWD,GHCND:USC00333292,",,7,0700",0
5725,2017-11-22T00:00:00,PRCP,GHCND:USC00333292,",,7,0700",18
5726,2017-11-22T00:00:00,SNOW,GHCND:USC00333292,",,7,",0
5727,2017-11-22T00:00:00,SNWD,GHCND:USC00333292,",,7,0700",0
5728,2017-11-23T00:00:00,PRCP,GHCND:USC00333292,",,7,0700",0
5729,2017-11-23T00:00:00,SNOW,GHCND:USC00333292,",,7,",0
5730,2017-11-23T00:00:00,SNWD,GHCND:USC00333292,",,7,0700",0
5731,2017-11-24T00:00:00,PRCP,GHCND:USC00333292,",,7,0700",0
5732,2017-11-24T00:00:00,SNOW,GHCND:USC00333292,",,7,",0
5733,2017-11-24T00:00:00,SNWD,GHCND:USC00333292,",,7,0700",0
5734,2017-11-25T00:00:00,PRCP,GHCND:USC00333292,",,7,0700",0
5735,2017-11-25T00:00:00,SNOW,GHCND:USC00333292,",,7,",0
5736,2017-11-25T00:00:00,SNWD,GHCND:USC00333292,",,7,0700",0
5737,2017-11-26T00:00:00,PRCP,GHCND:USC00333292,",,7,0700",0
5738,2017-11-26T00:00:00,SNOW,GHCND:USC00333292,",,7,",0
5739,2017-11-26T00:00:00,SNWD,GHCND:USC00333292,",,7,0700",0
5740,2017-11-27T00:00:00,PRCP,GHCND:USC00333292,",,7,0700",0
5741,2017-11-27T00:00:00,SNOW,GHCND:USC00333292,",,7,",0
5742,2017-11-27T00:00:00,SNWD,GHCND:USC00333292,",,7,0700",0
5743,2017-11-28T00:00:00,PRCP,GHCND:USC00333292,",,7,0700",0
5744,2017-11-28T00:00:00,SNOW,GHCND:USC00333292,",,7,",0
5745,2017-11-28T00:00:00,SNWD,GHCND:USC00333292,",,7,0700",0
5746,2017-11-29T00:00:00,PRCP,GHCND:USC00333292,",,7,0700",0
5747,2017-11-29T00:00:00,SNOW,GHCND:USC00333292,",,7,",0
5748,2017-11-29T00:00:00,SNWD,GHCND:USC00333292,",,7,0700",0
5749,2017-11-30T00:00:00,PRCP,GHCND:USC00333292,",,7,0700",0
5750,2017-11-30T00:00:00,SNOW,GHCND:USC00333292,",,7,",0
5751,2017-11-30T00:00:00,SNWD,GHCND:USC00333292,",,7,0700",0
5752,2017-12-01T00:00:00,PRCP,GHCND:USC00333292,",,7,0700",0
5753,2017-12-01T00:00:00,SNOW,GHCND:USC00333292,",,7,",0
5754,2017-12-01T00:00:00,SNWD,GHCND:USC00333292,",,7,0700",0
5755,2017-12-02T00:00:00,PRCP,GHCND:USC00333292,",,7,0700",0
5756,2017-12-02T00:00:00,SNOW,GHCND:USC00333292,",,7,",0
5757,2017-12-02T00:00:00,SNWD,GHCND:USC00333292,",,7,0700",0
5758,2017-12-03T00:00:00,PRCP,GHCND:USC00333292,",,7,0700",25
5759,2017-12-03T00:00:00,SNOW,GHCND:USC00333292,",,7,",0
5760,2017-12-03T00:00:00,SNWD,GHCND:USC00333292,",,7,0700",0
5761,2017-12-04T00:00:00,PRCP,GHCND:USC00333292,",,7,0700",0
5762,2017-12-04T00:00:00,SNOW,GHCND:USC00333292,",,7,",0
5763,2017-12-04T00:00:00,SNWD,GHCND:USC00333292,",,7,0700",0
5764,2017-12-05T00:00:00,PRCP,GHCND:USC00333292,",,7,0700",0
5765,2017-12-05T00:00:00,SNOW,GHCND:USC00333292,",,7,",0
5766,2017-12-05T00:00:00,SNWD,GHCND:USC00333292,",,7,0700",0
5767,2017-12-06T00:00:00,PRCP,GHCND:USC00333292,",,7,0700",0
5768,2017-12-06T00:00:00,SNOW,GHCND:USC00333292,",,7,",0
5769,2017-12-06T00:00:00,SNWD,GHCND:USC00333292,",,7,0700",0
5770,2017-12-07T00:00:00,PRCP,GHCND:USC00333292,",,7,0700",0
5771,2017-12-07T00:00:00,SNOW,GHCND:USC00333292,",,7,",0
5772,2017-12-07T00:00:00,SNWD,GHCND:USC00333292,",,7,0700",0
5773,2017-12-08T00:00:00,PRCP,GHCND:USC00333292,",,7,0700",0
5774,2017-12-08T00:00:00,SNOW,GHCND:USC00333292,",,7,",0
5775,2017-12-08T00:00:00,SNWD,GHCND:USC00333292,",,7,0700",0
5776,2017-12-09T00:00:00,PRCP,GHCND:USC00333292,",,7,0700",0
5777,2017-12-09T00:00:00,SNOW,GHCND:USC00333292,",,7,",0
5778,2017-12-09T00:00:00,SNWD,GHCND:USC00333292,",,7,0700",0
5779,2017-12-10T00:00:00,PRCP,GHCND:USC00333292,",,7,0700",13
5780,2017-12-10T00:00:00,SNOW,GHCND:USC00333292,",,7,",38
5781,2017-12-10T00:00:00,SNWD,GHCND:USC00333292,",,7,0700",25
5782,2017-12-11T00:00:00,PRCP,GHCND:USC00333292,",,7,0700",0
5783,2017-12-11T00:00:00,SNOW,GHCND:USC00333292,",,7,",0
5784,2017-12-11T00:00:00,SNWD,GHCND:USC00333292,",,7,0700",25
5785,2017-12-12T00:00:00,PRCP,GHCND:USC00333292,",,7,0700",3
5786,2017-12-12T00:00:00,SNOW,GHCND:USC00333292,"T,,7,",0
5787,2017-12-12T00:00:00,SNWD,GHCND:USC00333292,",,7,0700",25
5788,2017-12-13T00:00:00,PRCP,GHCND:USC00333292,",,7,0700",0
5789,2017-12-13T00:00:00,SNOW,GHCND:USC00333292,",,7,",0
5790,2017-12-13T00:00:00,SNWD,GHCND:USC00333292,"T,,7,0700",0
5791,2017-12-14T00:00:00,PRCP,GHCND:USC00333292,",,7,0700",0
5792,2017-12-14T00:00:00,SNOW,GHCND:USC00333292,",,7,",0
5793,2017-12-14T00:00:00,SNWD,GHCND:USC00333292,",,7,0700",0
5794,2017-12-15T00:00:00,PRCP,GHCND:USC00333292,",,7,0700",0
5795,2017-12-15T00:00:00,SNOW,GHCND:USC00333292,",,7,",0
5796,2017-12-15T00:00:00,SNWD,GHCND:USC00333292,",,7,0700",0
5797,2017-12-16T00:00:00,PRCP,GHCND:USC00333292,",,7,0700",0
5798,2017-12-16T00:00:00,SNOW,GHCND:USC00333292,",,7,",0
5799,2017-12-16T00:00:00,SNWD,GHCND:USC00333292,",,7,0700",0
5800,2017-12-17T00:00:00,PRCP,GHCND:USC00333292,",,7,0700",0
5801,2017-12-17T00:00:00,SNOW,GHCND:USC00333292,",,7,",0
5802,2017-12-17T00:00:00,SNWD,GHCND:USC00333292,",,7,0700",0
5803,2017-12-18T00:00:00,PRCP,GHCND:USC00333292,",,7,0700",0
5804,2017-12-18T00:00:00,SNOW,GHCND:USC00333292,",,7,",0
5805,2017-12-18T00:00:00,SNWD,GHCND:USC00333292,",,7,0700",0
5806,2017-12-19T00:00:00,PRCP,GHCND:USC00333292,"T,,7,0700",0
5807,2017-12-19T00:00:00,SNOW,GHCND:USC00333292,",,7,",0
5808,2017-12-19T00:00:00,SNWD,GHCND:USC00333292,",,7,0700",0
5809,2017-12-20T00:00:00,PRCP,GHCND:USC00333292,",,7,0700",0
5810,2017-12-20T00:00:00,SNOW,GHCND:USC00333292,",,7,",0
5811,2017-12-20T00:00:00,SNWD,GHCND:USC00333292,",,7,0700",0
5812,2017-12-21T00:00:00,PRCP,GHCND:USC00333292,",,7,0700",0
5813,2017-12-21T00:00:00,SNOW,GHCND:USC00333292,",,7,",0
5814,2017-12-21T00:00:00,SNWD,GHCND:USC00333292,",,7,0700",0
5815,2017-12-22T00:00:00,PRCP,GHCND:USC00333292,",,7,0700",0
5816,2017-12-22T00:00:00,SNOW,GHCND:USC00333292,",,7,",0
5817,2017-12-22T00:00:00,SNWD,GHCND:USC00333292,",,7,0700",0
5818,2017-12-24T00:00:00,DAPR,GHCND:USC00333292,",,7,",2
5819,2017-12-24T00:00:00,MDPR,GHCND:USC00333292,",,7,",64
5820,2017-12-24T00:00:00,SNOW,GHCND:USC00333292,",,7,",30
5821,2017-12-24T00:00:00,SNWD,GHCND:USC00333292,",,7,0700",25
5822,2017-12-26T00:00:00,DAPR,GHCND:USC00333292,",,7,",2
5823,2017-12-26T00:00:00,MDPR,GHCND:USC00333292,",,7,",76
5824,2017-12-26T00:00:00,SNOW,GHCND:USC00333292,",,7,",89
5825,2017-12-26T00:00:00,SNWD,GHCND:USC00333292,",,7,0700",76
5826,2017-12-27T00:00:00,PRCP,GHCND:USC00333292,",,7,0700",0
5827,2017-12-27T00:00:00,SNOW,GHCND:USC00333292,",,7,",0
5828,2017-12-27T00:00:00,SNWD,GHCND:USC00333292,",,7,0700",76
5829,2017-12-28T00:00:00,PRCP,GHCND:USC00333292,",,7,0700",0
5830,2017-12-28T00:00:00,SNOW,GHCND:USC00333292,",,7,",0
5831,2017-12-28T00:00:00,SNWD,GHCND:USC00333292,",,7,0700",76
5832,2017-12-29T00:00:00,PRCP,GHCND:USC00333292,",,7,0700",0
5833,2017-12-29T00:00:00,SNOW,GHCND:USC00333292,",,7,",0
5834,2017-12-29T00:00:00,SNWD,GHCND:USC00333292,",,7,0700",76
5835,2017-12-30T00:00:00,PRCP,GHCND:USC00333292,",,7,0700",0
5836,2017-12-30T00:00:00,SNOW,GHCND:USC00333292,",,7,",0
5837,2017-12-30T00:00:00,SNWD,GHCND:USC00333292,",,7,0700",76
5838,2017-12-31T00:00:00,PRCP,GHCND:USC00333292,",,7,0700",0
5839,2017-12-31T00:00:00,SNOW,GHCND:USC00333292,",,7,",0
5840,2017-12-31T00:00:00,SNWD,GHCND:USC00333292,",,7,0700",76
5841,2018-01-17T00:00:00,PRCP,GHCND:USC00333292,",,7,0700",203
5842,2018-01-17T00:00:00,SNOW,GHCND:USC00333292,",,7,",76
5843,2018-01-17T00:00:00,SNWD,GHCND:USC00333292,",,7,0700",76
5844,2018-02-02T00:00:00,DAPR,GHCND:USC00333292,",L,7,",2
5845,2018-02-03T00:00:00,DAPR,GHCND:USC00333292,",L,7,",2
5846,2018-02-20T00:00:00,DAPR,GHCND:USC00333292,",,7,",5
5847,2018-02-20T00:00:00,MDPR,GHCND:USC00333292,",,7,",381
5848,2018-02-20T00:00:00,SNOW,GHCND:USC00333292,",,7,",0
5849,2018-02-20T00:00:00,SNWD,GHCND:USC00333292,",,7,0700",0
5850,2018-04-02T00:00:00,DAPR,GHCND:USC00333292,",L,7,",2
5851,2018-04-17T00:00:00,DAPR,GHCND:USC00333292,",,7,",17
5852,2018-04-17T00:00:00,MDPR,GHCND:USC00333292,",,7,",798
5853,2018-04-22T00:00:00,DAPR,GHCND:USC00333292,",,7,",5
5854,2018-04-22T00:00:00,MDPR,GHCND:USC00333292,",,7,",41
5855,2018-05-01T00:00:00,PRCP,GHCND:USC00333292,",,7,0700",0
5856,2018-05-01T00:00:00,SNOW,GHCND:USC00333292,",,7,",0
5857,2018-05-01T00:00:00,SNWD,GHCND:USC00333292,",,7,0700",0
5858,2018-05-02T00:00:00,PRCP,GHCND:USC00333292,",,7,0700",0
5859,2018-05-02T00:00:00,SNOW,GHCND:USC00333292,",,7,",0
5860,2018-05-02T00:00:00,SNWD,GHCND:USC00333292,",,7,0700",0
5861,2018-05-03T00:00:00,PRCP,GHCND:USC00333292,",,7,0700",620
5862,2018-05-03T00:00:00,SNOW,GHCND:USC00333292,",,7,",0
5863,2018-05-03T00:00:00,SNWD,GHCND:USC00333292,",,7,0700",0
5864,2018-05-08T00:00:00,DAPR,GHCND:USC00333292,",,7,",5
5865,2018-05-08T00:00:00,MDPR,GHCND:USC00333292,",,7,",180
5866,2018-05-09T00:00:00,PRCP,GHCND:USC00333292,",,7,0700",0
5867,2018-05-09T00:00:00,SNOW,GHCND:USC00333292,",,7,",0
5868,2018-05-09T00:00:00,SNWD,GHCND:USC00333292,",,7,0700",0
5869,2018-05-10T00:00:00,PRCP,GHCND:USC00333292,",,7,0700",0
5870,2018-05-10T00:00:00,SNOW,GHCND:USC00333292,",,7,",0
5871,2018-05-10T00:00:00,SNWD,GHCND:USC00333292,",,7,0700",0
5872,2018-05-11T00:00:00,PRCP,GHCND:USC00333292,",,7,0700",0
5873,2018-05-11T00:00:00,SNOW,GHCND:USC00333292,",,7,",0
5874,2018-05-11T00:00:00,SNWD,GHCND:USC00333292,",,7,0700",0
5875,2018-05-12T00:00:00,PRCP,GHCND:USC00333292,",,7,0700",0
5876,2018-05-12T00:00:00,SNOW,GHCND:USC00333292,",,7,",0
5877,2018-05-12T00:00:00,SNWD,GHCND:USC00333292,",,7,0700",0
5878,2018-05-13T00:00:00,PRCP,GHCND:USC00333292,",,7,0700",0
5879,2018-05-13T00:00:00,SNOW,GHCND:USC00333292,",,7,",0
5880,2018-05-13T00:00:00,SNWD,GHCND:USC00333292,",,7,0700",0
5881,2018-05-14T00:00:00,PRCP,GHCND:USC00333292,",,7,0700",0
5882,2018-05-14T00:00:00,SNOW,GHCND:USC00333292,",,7,",0
5883,2018-05-14T00:00:00,SNWD,GHCND:USC00333292,",,7,0700",0
5884,2018-05-15T00:00:00,PRCP,GHCND:USC00333292,",,7,0700",0
5885,2018-05-15T00:00:00,SNOW,GHCND:USC00333292,",,7,",0
5886,2018-05-15T00:00:00,SNWD,GHCND:USC00333292,",,7,0700",0
5887,2018-05-16T00:00:00,PRCP,GHCND:USC00333292,",,7,0700",0
5888,2018-05-16T00:00:00,SNOW,GHCND:USC00333292,",,7,",0
5889,2018-05-16T00:00:00,SNWD,GHCND:USC00333292,",,7,0700",0
5890,2018-05-17T00:00:00,PRCP,GHCND:USC00333292,",,7,0700",0
5891,2018-05-17T00:00:00,SNOW,GHCND:USC00333292,",,7,",0
5892,2018-05-17T00:00:00,SNWD,GHCND:USC00333292,",,7,0700",0
5893,2018-05-18T00:00:00,PRCP,GHCND:USC00333292,",,7,0700",0
5894,2018-05-18T00:00:00,SNOW,GHCND:USC00333292,",,7,",0
5895,2018-05-18T00:00:00,SNWD,GHCND:USC00333292,",,7,0700",0
5896,2018-05-19T00:00:00,PRCP,GHCND:USC00333292,",,7,0700",0
5897,2018-05-19T00:00:00,SNOW,GHCND:USC00333292,",,7,",0
5898,2018-05-19T00:00:00,SNWD,GHCND:USC00333292,",,7,0700",0
5899,2018-05-20T00:00:00,PRCP,GHCND:USC00333292,",,7,0700",0
5900,2018-05-20T00:00:00,SNOW,GHCND:USC00333292,",,7,",0
5901,2018-05-20T00:00:00,SNWD,GHCND:USC00333292,",,7,0700",0
5902,2018-05-21T00:00:00,PRCP,GHCND:USC00333292,",,7,0700",0
5903,2018-05-21T00:00:00,SNOW,GHCND:USC00333292,",,7,",0
5904,2018-05-21T00:00:00,SNWD,GHCND:USC00333292,",,7,0700",0
5905,2018-05-22T00:00:00,PRCP,GHCND:USC00333292,",,7,0700",0
5906,2018-05-22T00:00:00,SNOW,GHCND:USC00333292,",,7,",0
5907,2018-05-22T00:00:00,SNWD,GHCND:USC00333292,",,7,0700",0
5908,2018-05-23T00:00:00,PRCP,GHCND:USC00333292,",,7,0700",0
5909,2018-05-23T00:00:00,SNOW,GHCND:USC00333292,",,7,",0
5910,2018-05-23T00:00:00,SNWD,GHCND:USC00333292,",,7,0700",0
5911,2018-05-24T00:00:00,PRCP,GHCND:USC00333292,",,7,0700",0
5912,2018-05-24T00:00:00,SNOW,GHCND:USC00333292,",,7,",0
5913,2018-05-24T00:00:00,SNWD,GHCND:USC00333292,",,7,0700",0
5914,2018-05-25T00:00:00,PRCP,GHCND:USC00333292,",,7,0700",0
5915,2018-05-25T00:00:00,SNOW,GHCND:USC00333292,",,7,",0
5916,2018-05-25T00:00:00,SNWD,GHCND:USC00333292,",,7,0700",0
5917,2018-05-26T00:00:00,PRCP,GHCND:USC00333292,",,7,0700",0
5918,2018-05-26T00:00:00,SNOW,GHCND:USC00333292,",,7,",0
5919,2018-05-26T00:00:00,SNWD,GHCND:USC00333292,",,7,0700",0
5920,2018-05-27T00:00:00,PRCP,GHCND:USC00333292,",,7,0700",0
5921,2018-05-27T00:00:00,SNOW,GHCND:USC00333292,",,7,",0
5922,2018-05-27T00:00:00,SNWD,GHCND:USC00333292,",,7,0700",0
5923,2018-05-28T00:00:00,PRCP,GHCND:USC00333292,",,7,0700",0
5924,2018-05-28T00:00:00,SNOW,GHCND:USC00333292,",,7,",0
5925,2018-05-28T00:00:00,SNWD,GHCND:USC00333292,",,7,0700",0
5926,2018-05-29T00:00:00,PRCP,GHCND:USC00333292,",,7,0700",0
5927,2018-05-29T00:00:00,SNOW,GHCND:USC00333292,",,7,",0
5928,2018-05-29T00:00:00,SNWD,GHCND:USC00333292,",,7,0700",0
5929,2018-05-30T00:00:00,PRCP,GHCND:USC00333292,",,7,0700",0
5930,2018-05-30T00:00:00,SNOW,GHCND:USC00333292,",,7,",0
5931,2018-05-30T00:00:00,SNWD,GHCND:USC00333292,",,7,0700",0
5932,2018-05-31T00:00:00,PRCP,GHCND:USC00333292,",,7,0700",0
5933,2018-05-31T00:00:00,SNOW,GHCND:USC00333292,",,7,",0
5934,2018-05-31T00:00:00,SNWD,GHCND:USC00333292,",,7,0700",0
5935,2018-06-01T00:00:00,PRCP,GHCND:USC00333292,",,7,0700",0
5936,2018-06-01T00:00:00,SNOW,GHCND:USC00333292,",,7,",0
5937,2018-06-01T00:00:00,SNWD,GHCND:USC00333292,",,7,0700",0
5938,2018-06-02T00:00:00,PRCP,GHCND:USC00333292,",,7,0700",145
5939,2018-06-02T00:00:00,SNOW,GHCND:USC00333292,",,7,",0
5940,2018-06-02T00:00:00,SNWD,GHCND:USC00333292,",,7,0700",0
5941,2018-06-03T00:00:00,PRCP,GHCND:USC00333292,",,7,0700",0
5942,2018-06-03T00:00:00,SNOW,GHCND:USC00333292,",,7,",0
5943,2018-06-03T00:00:00,SNWD,GHCND:USC00333292,",,7,0700",0
5944,2018-06-04T00:00:00,PRCP,GHCND:USC00333292,",,7,0700",0
5945,2018-06-04T00:00:00,SNOW,GHCND:USC00333292,",,7,",0
5946,2018-06-04T00:00:00,SNWD,GHCND:USC00333292,",,7,0700",0
5947,2018-06-05T00:00:00,PRCP,GHCND:USC00333292,",,7,0700",23
5948,2018-06-05T00:00:00,SNOW,GHCND:USC00333292,",,7,",0
5949,2018-06-05T00:00:00,SNWD,GHCND:USC00333292,",,7,0700",0
5950,2018-06-06T00:00:00,PRCP,GHCND:USC00333292,",,7,0700",0
5951,2018-06-06T00:00:00,SNOW,GHCND:USC00333292,",,7,",0
5952,2018-06-06T00:00:00,SNWD,GHCND:USC00333292,",,7,0700",0
5953,2018-06-07T00:00:00,PRCP,GHCND:USC00333292,",,7,0700",0
5954,2018-06-07T00:00:00,SNOW,GHCND:USC00333292,",,7,",0
5955,2018-06-07T00:00:00,SNWD,GHCND:USC00333292,",,7,0700",0
5956,2018-06-08T00:00:00,PRCP,GHCND:USC00333292,",,7,0700",0
5957,2018-06-08T00:00:00,SNOW,GHCND:USC00333292,",,7,",0
5958,2018-06-08T00:00:00,SNWD,GHCND:USC00333292,",,7,0700",0
5959,2018-06-09T00:00:00,PRCP,GHCND:USC00333292,",,7,0700",25
5960,2018-06-09T00:00:00,SNOW,GHCND:USC00333292,",,7,",0
5961,2018-06-09T00:00:00,SNWD,GHCND:USC00333292,",,7,0700",0
5962,2018-06-10T00:00:00,PRCP,GHCND:USC00333292,",,7,0700",38
5963,2018-06-10T00:00:00,SNOW,GHCND:USC00333292,",,7,",0
5964,2018-06-10T00:00:00,SNWD,GHCND:USC00333292,",,7,0700",0
5965,2018-06-11T00:00:00,PRCP,GHCND:USC00333292,",,7,0700",259
5966,2018-06-11T00:00:00,SNOW,GHCND:USC00333292,",,7,",0
5967,2018-06-11T00:00:00,SNWD,GHCND:USC00333292,",,7,0700",0
5968,2018-06-12T00:00:00,PRCP,GHCND:USC00333292,",,7,0700",3
5969,2018-06-12T00:00:00,SNOW,GHCND:USC00333292,",,7,",0
5970,2018-06-12T00:00:00,SNWD,GHCND:USC00333292,",,7,0700",0
5971,2018-06-13T00:00:00,PRCP,GHCND:USC00333292,",,7,0700",188
5972,2018-06-13T00:00:00,SNOW,GHCND:USC00333292,",,7,",0
5973,2018-06-13T00:00:00,SNWD,GHCND:USC00333292,",,7,0700",0
5974,2018-06-14T00:00:00,PRCP,GHCND:USC00333292,",,7,0700",0
5975,2018-06-14T00:00:00,SNOW,GHCND:USC00333292,",,7,",0
5976,2018-06-14T00:00:00,SNWD,GHCND:USC00333292,",,7,0700",0
5977,2018-06-15T00:00:00,PRCP,GHCND:USC00333292,",,7,0700",0
5978,2018-06-15T00:00:00,SNOW,GHCND:USC00333292,",,7,",0
5979,2018-06-15T00:00:00,SNWD,GHCND:USC00333292,",,7,0700",0
5980,2018-06-16T00:00:00,PRCP,GHCND:USC00333292,",,7,0700",0
5981,2018-06-16T00:00:00,SNOW,GHCND:USC00333292,",,7,",0
5982,2018-06-16T00:00:00,SNWD,GHCND:USC00333292,",,7,0700",0
5983,2018-06-17T00:00:00,PRCP,GHCND:USC00333292,",,7,0700",41
5984,2018-06-17T00:00:00,SNOW,GHCND:USC00333292,",,7,",0
5985,2018-06-17T00:00:00,SNWD,GHCND:USC00333292,",,7,0700",0
5986,2018-06-18T00:00:00,PRCP,GHCND:USC00333292,",,7,0700",0
5987,2018-06-18T00:00:00,SNOW,GHCND:USC00333292,",,7,",0
5988,2018-06-18T00:00:00,SNWD,GHCND:USC00333292,",,7,0700",0
5989,2018-06-19T00:00:00,PRCP,GHCND:USC00333292,",,7,0700",33
5990,2018-06-19T00:00:00,SNOW,GHCND:USC00333292,",,7,",0
5991,2018-06-19T00:00:00,SNWD,GHCND:USC00333292,",,7,0700",0
5992,2018-06-20T00:00:00,PRCP,GHCND:USC00333292,",,7,0700",0
5993,2018-06-20T00:00:00,SNOW,GHCND:USC00333292,",,7,",0
5994,2018-06-20T00:00:00,SNWD,GHCND:USC00333292,",,7,0700",0
5995,2018-06-21T00:00:00,PRCP,GHCND:USC00333292,",,7,0700",51
5996,2018-06-21T00:00:00,SNOW,GHCND:USC00333292,",,7,",0
5997,2018-06-21T00:00:00,SNWD,GHCND:USC00333292,",,7,0700",0
5998,2018-06-22T00:00:00,PRCP,GHCND:USC00333292,",,7,0700",0
5999,2018-06-22T00:00:00,SNOW,GHCND:USC00333292,",,7,",0
6000,2018-06-22T00:00:00,SNWD,GHCND:USC00333292,",,7,0700",0
6001,2018-06-23T00:00:00,PRCP,GHCND:USC00333292,",,7,0700",277
6002,2018-06-23T00:00:00,SNOW,GHCND:USC00333292,",,7,",0
6003,2018-06-23T00:00:00,SNWD,GHCND:USC00333292,",,7,0700",0
6004,2018-06-24T00:00:00,PRCP,GHCND:USC00333292,",,7,0700",15
6005,2018-06-24T00:00:00,SNOW,GHCND:USC00333292,",,7,",0
6006,2018-06-24T00:00:00,SNWD,GHCND:USC00333292,",,7,0700",0
6007,2018-06-25T00:00:00,PRCP,GHCND:USC00333292,",,7,0700",5
6008,2018-06-25T00:00:00,SNOW,GHCND:USC00333292,",,7,",0
6009,2018-06-25T00:00:00,SNWD,GHCND:USC00333292,",,7,0700",0
6010,2018-06-26T00:00:00,PRCP,GHCND:USC00333292,",,7,0700",0
6011,2018-06-26T00:00:00,SNOW,GHCND:USC00333292,",,7,",0
6012,2018-06-26T00:00:00,SNWD,GHCND:USC00333292,",,7,0700",0
6013,2018-06-27T00:00:00,PRCP,GHCND:USC00333292,",,7,0700",91
6014,2018-06-27T00:00:00,SNOW,GHCND:USC00333292,",,7,",0
6015,2018-06-27T00:00:00,SNWD,GHCND:USC00333292,",,7,0700",0
6016,2018-06-28T00:00:00,PRCP,GHCND:USC00333292,",,7,0700",15
6017,2018-06-28T00:00:00,SNOW,GHCND:USC00333292,",,7,",0
6018,2018-06-28T00:00:00,SNWD,GHCND:USC00333292,",,7,0700",0
6019,2018-06-29T00:00:00,PRCP,GHCND:USC00333292,",,7,0700",0
6020,2018-06-29T00:00:00,SNOW,GHCND:USC00333292,",,7,",0
6021,2018-06-29T00:00:00,SNWD,GHCND:USC00333292,",,7,0700",0
6022,2018-06-30T00:00:00,PRCP,GHCND:USC00333292,",,7,0700",0
6023,2018-06-30T00:00:00,SNOW,GHCND:USC00333292,",,7,",0
6024,2018-06-30T00:00:00,SNWD,GHCND:USC00333292,",,7,0700",0
6025,2018-07-01T00:00:00,PRCP,GHCND:USC00333292,",,7,0700",0
6026,2018-07-01T00:00:00,SNOW,GHCND:USC00333292,",,7,",0
6027,2018-07-01T00:00:00,SNWD,GHCND:USC00333292,",,7,0700",0
6028,2018-07-02T00:00:00,PRCP,GHCND:USC00333292,",,7,0700",79
6029,2018-07-02T00:00:00,SNOW,GHCND:USC00333292,",,7,",0
6030,2018-07-02T00:00:00,SNWD,GHCND:USC00333292,",,7,0700",0
6031,2018-07-03T00:00:00,PRCP,GHCND:USC00333292,",,7,0700",0
6032,2018-07-03T00:00:00,SNOW,GHCND:USC00333292,",,7,",0
6033,2018-07-03T00:00:00,SNWD,GHCND:USC00333292,",,7,0700",0
6034,2018-07-04T00:00:00,PRCP,GHCND:USC00333292,",,7,0700",10
6035,2018-07-04T00:00:00,SNOW,GHCND:USC00333292,",,7,",0
6036,2018-07-04T00:00:00,SNWD,GHCND:USC00333292,",,7,0700",0
6037,2018-07-05T00:00:00,PRCP,GHCND:USC00333292,",,7,0700",0
6038,2018-07-05T00:00:00,SNOW,GHCND:USC00333292,",,7,",0
6039,2018-07-05T00:00:00,SNWD,GHCND:USC00333292,",,7,0700",0
6040,2018-07-06T00:00:00,PRCP,GHCND:USC00333292,",,7,0700",0
6041,2018-07-06T00:00:00,SNOW,GHCND:USC00333292,",,7,",0
6042,2018-07-06T00:00:00,SNWD,GHCND:USC00333292,",,7,0700",0
6043,2018-07-07T00:00:00,PRCP,GHCND:USC00333292,",,7,0700",0
6044,2018-07-07T00:00:00,SNOW,GHCND:USC00333292,",,7,",0
6045,2018-07-07T00:00:00,SNWD,GHCND:USC00333292,",,7,0700",0
6046,2018-07-08T00:00:00,PRCP,GHCND:USC00333292,",,7,0700",0
6047,2018-07-08T00:00:00,SNOW,GHCND:USC00333292,",,7,",0
6048,2018-07-08T00:00:00,SNWD,GHCND:USC00333292,",,7,0700",0
6049,2018-07-09T00:00:00,PRCP,GHCND:USC00333292,",,7,0700",0
6050,2018-07-09T00:00:00,SNOW,GHCND:USC00333292,",,7,",0
6051,2018-07-09T00:00:00,SNWD,GHCND:USC00333292,",,7,0700",0
6052,2018-07-10T00:00:00,PRCP,GHCND:USC00333292,",,7,0700",0
6053,2018-07-10T00:00:00,SNOW,GHCND:USC00333292,",,7,",0
6054,2018-07-10T00:00:00,SNWD,GHCND:USC00333292,",,7,0700",0
6055,2018-07-11T00:00:00,PRCP,GHCND:USC00333292,",,7,0700",0
6056,2018-07-11T00:00:00,SNOW,GHCND:USC00333292,",,7,",0
6057,2018-07-11T00:00:00,SNWD,GHCND:USC00333292,",,7,0700",0
6058,2018-07-12T00:00:00,PRCP,GHCND:USC00333292,",,7,0700",0
6059,2018-07-12T00:00:00,SNOW,GHCND:USC00333292,",,7,",0
6060,2018-07-12T00:00:00,SNWD,GHCND:USC00333292,",,7,0700",0
6061,2018-07-13T00:00:00,PRCP,GHCND:USC00333292,",,7,0700",0
6062,2018-07-13T00:00:00,SNOW,GHCND:USC00333292,",,7,",0
6063,2018-07-13T00:00:00,SNWD,GHCND:USC00333292,",,7,0700",0
6064,2018-07-14T00:00:00,PRCP,GHCND:USC00333292,",,7,0700",0
6065,2018-07-14T00:00:00,SNOW,GHCND:USC00333292,",,7,",0
6066,2018-07-14T00:00:00,SNWD,GHCND:USC00333292,",,7,0700",0
6067,2018-07-15T00:00:00,PRCP,GHCND:USC00333292,",,7,0700",0
6068,2018-07-15T00:00:00,SNOW,GHCND:USC00333292,",,7,",0
6069,2018-07-15T00:00:00,SNWD,GHCND:USC00333292,",,7,0700",0
6070,2018-07-16T00:00:00,PRCP,GHCND:USC00333292,",,7,0700",53
6071,2018-07-16T00:00:00,SNOW,GHCND:USC00333292,",,7,",0
6072,2018-07-16T00:00:00,SNWD,GHCND:USC00333292,",,7,0700",0
6073,2018-07-17T00:00:00,PRCP,GHCND:USC00333292,",,7,0700",208
6074,2018-07-17T00:00:00,SNOW,GHCND:USC00333292,",,7,",0
6075,2018-07-17T00:00:00,SNWD,GHCND:USC00333292,",,7,0700",0
6076,2018-07-18T00:00:00,PRCP,GHCND:USC00333292,",,7,0700",0
6077,2018-07-18T00:00:00,SNOW,GHCND:USC00333292,",,7,",0
6078,2018-07-18T00:00:00,SNWD,GHCND:USC00333292,",,7,0700",0
6079,2018-07-19T00:00:00,PRCP,GHCND:USC00333292,",,7,0700",0
6080,2018-07-19T00:00:00,SNOW,GHCND:USC00333292,",,7,",0
6081,2018-07-19T00:00:00,SNWD,GHCND:USC00333292,",,7,0700",0
6082,2018-07-20T00:00:00,PRCP,GHCND:USC00333292,",,7,0700",0
6083,2018-07-20T00:00:00,SNOW,GHCND:USC00333292,",,7,",0
6084,2018-07-20T00:00:00,SNWD,GHCND:USC00333292,",,7,0700",0
6085,2018-07-21T00:00:00,PRCP,GHCND:USC00333292,",,7,0700",25
6086,2018-07-21T00:00:00,SNOW,GHCND:USC00333292,",,7,",0
6087,2018-07-21T00:00:00,SNWD,GHCND:USC00333292,",,7,0700",0
6088,2018-07-22T00:00:00,PRCP,GHCND:USC00333292,",,7,0700",23
6089,2018-07-22T00:00:00,SNOW,GHCND:USC00333292,",,7,",0
6090,2018-07-22T00:00:00,SNWD,GHCND:USC00333292,",,7,0700",0
6091,2018-07-23T00:00:00,PRCP,GHCND:USC00333292,",,7,0700",0
6092,2018-07-23T00:00:00,SNOW,GHCND:USC00333292,",,7,",0
6093,2018-07-23T00:00:00,SNWD,GHCND:USC00333292,",,7,0700",0
6094,2018-07-24T00:00:00,PRCP,GHCND:USC00333292,",,7,0700",0
6095,2018-07-24T00:00:00,SNOW,GHCND:USC00333292,",,7,",0
6096,2018-07-24T00:00:00,SNWD,GHCND:USC00333292,",,7,0700",0
6097,2018-07-25T00:00:00,PRCP,GHCND:USC00333292,",,7,0700",0
6098,2018-07-25T00:00:00,SNOW,GHCND:USC00333292,",,7,",0
6099,2018-07-25T00:00:00,SNWD,GHCND:USC00333292,",,7,0700",0
6100,2018-07-26T00:00:00,PRCP,GHCND:USC00333292,",,7,0700",0
6101,2018-07-26T00:00:00,SNOW,GHCND:USC00333292,",,7,",0
6102,2018-07-26T00:00:00,SNWD,GHCND:USC00333292,",,7,0700",0
6103,2018-07-27T00:00:00,PRCP,GHCND:USC00333292,",,7,0700",38
6104,2018-07-27T00:00:00,SNOW,GHCND:USC00333292,",,7,",0
6105,2018-07-27T00:00:00,SNWD,GHCND:USC00333292,",,7,0700",0
6106,2018-07-28T00:00:00,PRCP,GHCND:USC00333292,",,7,0700",0
6107,2018-07-28T00:00:00,SNOW,GHCND:USC00333292,",,7,",0
6108,2018-07-28T00:00:00,SNWD,GHCND:USC00333292,",,7,0700",0
6109,2018-07-29T00:00:00,PRCP,GHCND:USC00333292,",,7,0700",0
6110,2018-07-29T00:00:00,SNOW,GHCND:USC00333292,",,7,",0
6111,2018-07-29T00:00:00,SNWD,GHCND:USC00333292,",,7,0700",0
6112,2018-07-30T00:00:00,PRCP,GHCND:USC00333292,",,7,0700",0
6113,2018-07-30T00:00:00,SNOW,GHCND:USC00333292,",,7,",0
6114,2018-07-30T00:00:00,SNWD,GHCND:USC00333292,",,7,0700",0
6115,2018-07-31T00:00:00,PRCP,GHCND:USC00333292,",,7,0700",0
6116,2018-07-31T00:00:00,SNOW,GHCND:USC00333292,",,7,",0
6117,2018-07-31T00:00:00,SNWD,GHCND:USC00333292,",,7,0700",0
6118,2018-08-01T00:00:00,PRCP,GHCND:USC00333292,",,7,0700",170
6119,2018-08-01T00:00:00,SNOW,GHCND:USC00333292,",,7,",0
6120,2018-08-01T00:00:00,SNWD,GHCND:USC00333292,",,7,0700",0
6121,2018-08-02T00:00:00,PRCP,GHCND:USC00333292,",,7,0700",5
6122,2018-08-02T00:00:00,SNOW,GHCND:USC00333292,",,7,",0
6123,2018-08-02T00:00:00,SNWD,GHCND:USC00333292,",,7,0700",0
6124,2018-08-03T00:00:00,PRCP,GHCND:USC00333292,",,7,0700",0
6125,2018-08-03T00:00:00,SNOW,GHCND:USC00333292,",,7,",0
6126,2018-08-03T00:00:00,SNWD,GHCND:USC00333292,",,7,0700",0
6127,2018-08-04T00:00:00,PRCP,GHCND:USC00333292,",,7,0700",0
6128,2018-08-04T00:00:00,SNOW,GHCND:USC00333292,",,7,",0
6129,2018-08-04T00:00:00,SNWD,GHCND:USC00333292,",,7,0700",0
6130,2018-08-05T00:00:00,PRCP,GHCND:USC00333292,",,7,0700",0
6131,2018-08-05T00:00:00,SNOW,GHCND:USC00333292,",,7,",0
6132,2018-08-05T00:00:00,SNWD,GHCND:USC00333292,",,7,0700",0
6133,2018-08-06T00:00:00,PRCP,GHCND:USC00333292,",,7,0700",0
6134,2018-08-06T00:00:00,SNOW,GHCND:USC00333292,",,7,",0
6135,2018-08-06T00:00:00,SNWD,GHCND:USC00333292,",,7,0700",0
6136,2018-08-07T00:00:00,PRCP,GHCND:USC00333292,",,7,0700",196
6137,2018-08-07T00:00:00,SNOW,GHCND:USC00333292,",,7,",0
6138,2018-08-07T00:00:00,SNWD,GHCND:USC00333292,",,7,0700",0
6139,2018-08-08T00:00:00,PRCP,GHCND:USC00333292,",,7,0700",15
6140,2018-08-08T00:00:00,SNOW,GHCND:USC00333292,",,7,",0
6141,2018-08-08T00:00:00,SNWD,GHCND:USC00333292,",,7,0700",0
6142,2018-08-09T00:00:00,PRCP,GHCND:USC00333292,",,7,0700",58
6143,2018-08-09T00:00:00,SNOW,GHCND:USC00333292,",,7,",0
6144,2018-08-09T00:00:00,SNWD,GHCND:USC00333292,",,7,0700",0
6145,2018-08-10T00:00:00,PRCP,GHCND:USC00333292,",,7,0700",13
6146,2018-08-10T00:00:00,SNOW,GHCND:USC00333292,",,7,",0
6147,2018-08-10T00:00:00,SNWD,GHCND:USC00333292,",,7,0700",0
6148,2018-08-11T00:00:00,PRCP,GHCND:USC00333292,",,7,0700",33
6149,2018-08-11T00:00:00,SNOW,GHCND:USC00333292,",,7,",0
6150,2018-08-11T00:00:00,SNWD,GHCND:USC00333292,",,7,0700",0
6151,2018-08-12T00:00:00,PRCP,GHCND:USC00333292,",,7,0700",0
6152,2018-08-12T00:00:00,SNOW,GHCND:USC00333292,",,7,",0
6153,2018-08-12T00:00:00,SNWD,GHCND:USC00333292,",,7,0700",0
6154,2018-08-13T00:00:00,PRCP,GHCND:USC00333292,",,7,0700",3
6155,2018-08-13T00:00:00,SNOW,GHCND:USC00333292,",,7,",0
6156,2018-08-13T00:00:00,SNWD,GHCND:USC00333292,",,7,0700",0
6157,2018-08-14T00:00:00,PRCP,GHCND:USC00333292,",,7,0700",0
6158,2018-08-14T00:00:00,SNOW,GHCND:USC00333292,",,7,",0
6159,2018-08-14T00:00:00,SNWD,GHCND:USC00333292,",,7,0700",0
6160,2018-08-15T00:00:00,PRCP,GHCND:USC00333292,",,7,0700",0
6161,2018-08-15T00:00:00,SNOW,GHCND:USC00333292,",,7,",0
6162,2018-08-15T00:00:00,SNWD,GHCND:USC00333292,",,7,0700",0
6163,2018-08-16T00:00:00,PRCP,GHCND:USC00333292,",,7,0700",112
6164,2018-08-16T00:00:00,SNOW,GHCND:USC00333292,",,7,",0
6165,2018-08-16T00:00:00,SNWD,GHCND:USC00333292,",,7,0700",0
6166,2018-08-17T00:00:00,PRCP,GHCND:USC00333292,",,7,0700",76
6167,2018-08-17T00:00:00,SNOW,GHCND:USC00333292,",,7,",0
6168,2018-08-17T00:00:00,SNWD,GHCND:USC00333292,",,7,0700",0
6169,2018-08-18T00:00:00,PRCP,GHCND:USC00333292,",,7,0700",432
6170,2018-08-18T00:00:00,SNOW,GHCND:USC00333292,",,7,",0
6171,2018-08-18T00:00:00,SNWD,GHCND:USC00333292,",,7,0700",0
6172,2018-08-19T00:00:00,PRCP,GHCND:USC00333292,",,7,0700",0
6173,2018-08-19T00:00:00,SNOW,GHCND:USC00333292,",,7,",0
6174,2018-08-19T00:00:00,SNWD,GHCND:USC00333292,",,7,0700",0
6175,2018-08-20T00:00:00,PRCP,GHCND:USC00333292,",,7,0700",0
6176,2018-08-20T00:00:00,SNOW,GHCND:USC00333292,",,7,",0
6177,2018-08-20T00:00:00,SNWD,GHCND:USC00333292,",,7,0700",0
6178,2018-08-21T00:00:00,PRCP,GHCND:USC00333292,",,7,0700",193
6179,2018-08-21T00:00:00,SNOW,GHCND:USC00333292,",,7,",0
6180,2018-08-21T00:00:00,SNWD,GHCND:USC00333292,",,7,0700",0
6181,2018-08-22T00:00:00,PRCP,GHCND:USC00333292,",,7,0700",10
6182,2018-08-22T00:00:00,SNOW,GHCND:USC00333292,",,7,",0
6183,2018-08-22T00:00:00,SNWD,GHCND:USC00333292,",,7,0700",0
6184,2018-08-23T00:00:00,PRCP,GHCND:USC00333292,",,7,0700",0
6185,2018-08-23T00:00:00,SNOW,GHCND:USC00333292,",,7,",0
6186,2018-08-23T00:00:00,SNWD,GHCND:USC00333292,",,7,0700",0
6187,2018-08-24T00:00:00,PRCP,GHCND:USC00333292,",,7,0700",0
6188,2018-08-24T00:00:00,SNOW,GHCND:USC00333292,",,7,",0
6189,2018-08-24T00:00:00,SNWD,GHCND:USC00333292,",,7,0700",0
6190,2018-08-25T00:00:00,PRCP,GHCND:USC00333292,",,7,0700",0
6191,2018-08-25T00:00:00,SNOW,GHCND:USC00333292,",,7,",0
6192,2018-08-25T00:00:00,SNWD,GHCND:USC00333292,",,7,0700",0
6193,2018-08-26T00:00:00,PRCP,GHCND:USC00333292,",,7,0700",160
6194,2018-08-26T00:00:00,SNOW,GHCND:USC00333292,",,7,",0
6195,2018-08-26T00:00:00,SNWD,GHCND:USC00333292,",,7,0700",0
6196,2018-08-27T00:00:00,PRCP,GHCND:USC00333292,",,7,0700",0
6197,2018-08-27T00:00:00,SNOW,GHCND:USC00333292,",,7,",0
6198,2018-08-27T00:00:00,SNWD,GHCND:USC00333292,",,7,0700",0
6199,2018-08-28T00:00:00,PRCP,GHCND:USC00333292,",,7,0700",0
6200,2018-08-28T00:00:00,SNOW,GHCND:USC00333292,",,7,",0
6201,2018-08-28T00:00:00,SNWD,GHCND:USC00333292,",,7,0700",0
6202,2018-08-29T00:00:00,PRCP,GHCND:USC00333292,",,7,0700",0
6203,2018-08-29T00:00:00,SNOW,GHCND:USC00333292,",,7,",0
6204,2018-08-29T00:00:00,SNWD,GHCND:USC00333292,",,7,0700",0
6205,2018-08-30T00:00:00,PRCP,GHCND:USC00333292,",,7,0700",0
6206,2018-08-30T00:00:00,SNOW,GHCND:USC00333292,",,7,",0
6207,2018-08-30T00:00:00,SNWD,GHCND:USC00333292,",,7,0700",0
6208,2018-08-31T00:00:00,PRCP,GHCND:USC00333292,",,7,0700",0
6209,2018-08-31T00:00:00,SNOW,GHCND:USC00333292,",,7,",0
6210,2018-08-31T00:00:00,SNWD,GHCND:USC00333292,",,7,0700",0
6211,2018-09-01T00:00:00,PRCP,GHCND:USC00333292,",,7,0700",0
6212,2018-09-01T00:00:00,SNOW,GHCND:USC00333292,",,7,",0
6213,2018-09-01T00:00:00,SNWD,GHCND:USC00333292,",,7,0700",0
6214,2018-09-02T00:00:00,PRCP,GHCND:USC00333292,",,7,0700",0
6215,2018-09-02T00:00:00,SNOW,GHCND:USC00333292,",,7,",0
6216,2018-09-02T00:00:00,SNWD,GHCND:USC00333292,",,7,0700",0
6217,2018-09-03T00:00:00,PRCP,GHCND:USC00333292,",,7,0700",0
6218,2018-09-03T00:00:00,SNOW,GHCND:USC00333292,",,7,",0
6219,2018-09-03T00:00:00,SNWD,GHCND:USC00333292,",,7,0700",0
6220,2018-09-04T00:00:00,PRCP,GHCND:USC00333292,",,7,0700",10
6221,2018-09-04T00:00:00,SNOW,GHCND:USC00333292,",,7,",0
6222,2018-09-04T00:00:00,SNWD,GHCND:USC00333292,",,7,0700",0
6223,2018-09-05T00:00:00,PRCP,GHCND:USC00333292,",,7,0700",0
6224,2018-09-05T00:00:00,SNOW,GHCND:USC00333292,",,7,",0
6225,2018-09-05T00:00:00,SNWD,GHCND:USC00333292,",,7,0700",0
6226,2018-09-06T00:00:00,PRCP,GHCND:USC00333292,",,7,0700",0
6227,2018-09-06T00:00:00,SNOW,GHCND:USC00333292,",,7,",0
6228,2018-09-06T00:00:00,SNWD,GHCND:USC00333292,",,7,0700",0
6229,2018-09-07T00:00:00,PRCP,GHCND:USC00333292,",,7,0700",0
6230,2018-09-07T00:00:00,SNOW,GHCND:USC00333292,",,7,",0
6231,2018-09-07T00:00:00,SNWD,GHCND:USC00333292,",,7,0700",0
6232,2018-09-08T00:00:00,PRCP,GHCND:USC00333292,",,7,0700",51
6233,2018-09-08T00:00:00,SNOW,GHCND:USC00333292,",,7,",0
6234,2018-09-08T00:00:00,SNWD,GHCND:USC00333292,",,7,0700",0
6235,2018-09-09T00:00:00,PRCP,GHCND:USC00333292,",,7,0700",112
6236,2018-09-09T00:00:00,SNOW,GHCND:USC00333292,",,7,",0
6237,2018-09-09T00:00:00,SNWD,GHCND:USC00333292,",,7,0700",0
6238,2018-09-10T00:00:00,PRCP,GHCND:USC00333292,",,7,0700",279
6239,2018-09-10T00:00:00,SNOW,GHCND:USC00333292,",,7,",0
6240,2018-09-10T00:00:00,SNWD,GHCND:USC00333292,",,7,0700",0
6241,2018-09-11T00:00:00,PRCP,GHCND:USC00333292,",,7,0700",15
6242,2018-09-11T00:00:00,SNOW,GHCND:USC00333292,",,7,",0
6243,2018-09-11T00:00:00,SNWD,GHCND:USC00333292,",,7,0700",0
6244,2018-09-12T00:00:00,PRCP,GHCND:USC00333292,",,7,0700",3
6245,2018-09-12T00:00:00,SNOW,GHCND:USC00333292,",,7,",0
6246,2018-09-12T00:00:00,SNWD,GHCND:USC00333292,",,7,0700",0
6247,2018-09-13T00:00:00,PRCP,GHCND:USC00333292,",,7,0700",0
6248,2018-09-13T00:00:00,SNOW,GHCND:USC00333292,",,7,",0
6249,2018-09-13T00:00:00,SNWD,GHCND:USC00333292,",,7,0700",0
6250,2018-09-14T00:00:00,PRCP,GHCND:USC00333292,",,7,0700",0
6251,2018-09-14T00:00:00,SNOW,GHCND:USC00333292,",,7,",0
6252,2018-09-14T00:00:00,SNWD,GHCND:USC00333292,",,7,0700",0
6253,2018-09-15T00:00:00,PRCP,GHCND:USC00333292,",,7,0700",0
6254,2018-09-15T00:00:00,SNOW,GHCND:USC00333292,",,7,",0
6255,2018-09-15T00:00:00,SNWD,GHCND:USC00333292,",,7,0700",0
6256,2018-09-16T00:00:00,PRCP,GHCND:USC00333292,",,7,0700",3
6257,2018-09-16T00:00:00,SNOW,GHCND:USC00333292,",,7,",0
6258,2018-09-16T00:00:00,SNWD,GHCND:USC00333292,",,7,0700",0
6259,2018-09-17T00:00:00,PRCP,GHCND:USC00333292,",,7,0700",0
6260,2018-09-17T00:00:00,SNOW,GHCND:USC00333292,",,7,",0
6261,2018-09-17T00:00:00,SNWD,GHCND:USC00333292,",,7,0700",0
6262,2018-09-18T00:00:00,PRCP,GHCND:USC00333292,",,7,0700",0
6263,2018-09-18T00:00:00,SNOW,GHCND:USC00333292,",,7,",0
6264,2018-09-18T00:00:00,SNWD,GHCND:USC00333292,",,7,0700",0
6265,2018-09-19T00:00:00,PRCP,GHCND:USC00333292,",,7,0700",56
6266,2018-09-19T00:00:00,SNOW,GHCND:USC00333292,",,7,",0
6267,2018-09-19T00:00:00,SNWD,GHCND:USC00333292,",,7,0700",0
6268,2018-09-20T00:00:00,PRCP,GHCND:USC00333292,",,7,0700",0
6269,2018-09-20T00:00:00,SNOW,GHCND:USC00333292,",,7,",0
6270,2018-09-20T00:00:00,SNWD,GHCND:USC00333292,",,7,0700",0
6271,2018-09-21T00:00:00,PRCP,GHCND:USC00333292,",,7,0700",0
6272,2018-09-21T00:00:00,SNOW,GHCND:USC00333292,",,7,",0
6273,2018-09-21T00:00:00,SNWD,GHCND:USC00333292,",,7,0700",0
6274,2018-09-22T00:00:00,PRCP,GHCND:USC00333292,",,7,0700",0
6275,2018-09-22T00:00:00,SNOW,GHCND:USC00333292,",,7,",0
6276,2018-09-22T00:00:00,SNWD,GHCND:USC00333292,",,7,0700",0
6277,2018-09-23T00:00:00,PRCP,GHCND:USC00333292,",,7,0700",0
6278,2018-09-23T00:00:00,SNOW,GHCND:USC00333292,",,7,",0
6279,2018-09-23T00:00:00,SNWD,GHCND:USC00333292,",,7,0700",0
6280,2018-09-24T00:00:00,PRCP,GHCND:USC00333292,",,7,0700",0
6281,2018-09-24T00:00:00,SNOW,GHCND:USC00333292,",,7,",0
6282,2018-09-24T00:00:00,SNWD,GHCND:USC00333292,",,7,0700",0
6283,2018-09-25T00:00:00,PRCP,GHCND:USC00333292,",,7,0700",112
6284,2018-09-25T00:00:00,SNOW,GHCND:USC00333292,",,7,",0
6285,2018-09-25T00:00:00,SNWD,GHCND:USC00333292,",,7,0700",0
6286,2018-09-26T00:00:00,PRCP,GHCND:USC00333292,",,7,0700",51
6287,2018-09-26T00:00:00,SNOW,GHCND:USC00333292,",,7,",0
6288,2018-09-26T00:00:00,SNWD,GHCND:USC00333292,",,7,0700",0
6289,2018-09-27T00:00:00,PRCP,GHCND:USC00333292,",,7,0700",0
6290,2018-09-27T00:00:00,SNOW,GHCND:USC00333292,",,7,",0
6291,2018-09-27T00:00:00,SNWD,GHCND:USC00333292,",,7,0700",0
6292,2018-09-28T00:00:00,PRCP,GHCND:USC00333292,",,7,0700",0
6293,2018-09-28T00:00:00,SNOW,GHCND:USC00333292,",,7,",0
6294,2018-09-28T00:00:00,SNWD,GHCND:USC00333292,",,7,0700",0
6295,2018-09-29T00:00:00,PRCP,GHCND:USC00333292,",,7,0700",0
6296,2018-09-29T00:00:00,SNOW,GHCND:USC00333292,",,7,",0
6297,2018-09-29T00:00:00,SNWD,GHCND:USC00333292,",,7,0700",0
6298,2018-09-30T00:00:00,PRCP,GHCND:USC00333292,",,7,0700",0
6299,2018-09-30T00:00:00,SNOW,GHCND:USC00333292,",,7,",0
6300,2018-09-30T00:00:00,SNWD,GHCND:USC00333292,",,7,0700",0
6301,2019-10-01T00:00:00,PRCP,GHCND:USC00333292,",,7,0700",0
6302,2019-10-01T00:00:00,SNOW,GHCND:USC00333292,",,7,",0
6303,2019-10-01T00:00:00,SNWD,GHCND:USC00333292,",,7,0700",0
6304,2019-10-02T00:00:00,PRCP,GHCND:USC00333292,",,7,0700",0
6305,2019-10-02T00:00:00,SNOW,GHCND:USC00333292,",,7,",0
6306,2019-10-02T00:00:00,SNWD,GHCND:USC00333292,",,7,0700",0
6307,2019-10-03T00:00:00,PRCP,GHCND:USC00333292,",,7,0700",0
6308,2019-10-03T00:00:00,SNOW,GHCND:USC00333292,",,7,",0
6309,2019-10-03T00:00:00,SNWD,GHCND:USC00333292,",,7,0700",0
6310,2019-10-04T00:00:00,PRCP,GHCND:USC00333292,",,7,0700",0
6311,2019-10-04T00:00:00,SNOW,GHCND:USC00333292,",,7,",0
6312,2019-10-04T00:00:00,SNWD,GHCND:USC00333292,",,7,0700",0
6313,2019-10-05T00:00:00,PRCP,GHCND:USC00333292,",,7,0700",0
6314,2019-10-05T00:00:00,SNOW,GHCND:USC00333292,",,7,",0
6315,2019-10-05T00:00:00,SNWD,GHCND:USC00333292,",,7,0700",0
6316,2019-10-06T00:00:00,PRCP,GHCND:USC00333292,",,7,0700",0
6317,2019-10-06T00:00:00,SNOW,GHCND:USC00333292,",,7,",0
6318,2019-10-06T00:00:00,SNWD,GHCND:USC00333292,",,7,0700",0
6319,2019-10-07T00:00:00,PRCP,GHCND:USC00333292,",,7,0700",0
6320,2019-10-07T00:00:00,SNOW,GHCND:USC00333292,",,7,",0
6321,2019-10-07T00:00:00,SNWD,GHCND:USC00333292,",,7,0700",0
6322,2019-10-08T00:00:00,PRCP,GHCND:USC00333292,",,7,0700",0
6323,2019-10-08T00:00:00,SNOW,GHCND:USC00333292,",,7,",0
6324,2019-10-08T00:00:00,SNWD,GHCND:USC00333292,",,7,0700",0
6325,2019-10-09T00:00:00,PRCP,GHCND:USC00333292,",,7,0700",0
6326,2019-10-09T00:00:00,SNOW,GHCND:USC00333292,",,7,",0
6327,2019-10-09T00:00:00,SNWD,GHCND:USC00333292,",,7,0700",0
6328,2019-10-10T00:00:00,PRCP,GHCND:USC00333292,",,7,0700",0
6329,2019-10-10T00:00:00,SNOW,GHCND:USC00333292,",,7,",0
6330,2019-10-10T00:00:00,SNWD,GHCND:USC00333292,",,7,0700",0
6331,2019-10-11T00:00:00,PRCP,GHCND:USC00333292,",,7,0700",0
6332,2019-10-11T00:00:00,SNOW,GHCND:USC00333292,",,7,",0
6333,2019-10-11T00:00:00,SNWD,GHCND:USC00333292,",,7,0700",0
6334,2019-10-12T00:00:00,PRCP,GHCND:USC00333292,",,7,0700",188
6335,2019-10-12T00:00:00,SNOW,GHCND:USC00333292,",,7,",0
6336,2019-10-12T00:00:00,SNWD,GHCND:USC00333292,",,7,0700",0
6337,2019-10-13T00:00:00,PRCP,GHCND:USC00333292,",,7,0700",0
6338,2019-10-13T00:00:00,SNOW,GHCND:USC00333292,",,7,",0
6339,2019-10-13T00:00:00,SNWD,GHCND:USC00333292,",,7,0700",0
6340,2019-10-14T00:00:00,PRCP,GHCND:USC00333292,",,7,0700",0
6341,2019-10-14T00:00:00,SNOW,GHCND:USC00333292,",,7,",0
6342,2019-10-14T00:00:00,SNWD,GHCND:USC00333292,",,7,0700",0
6343,2019-10-15T00:00:00,PRCP,GHCND:USC00333292,",,7,0700",0
6344,2019-10-15T00:00:00,SNOW,GHCND:USC00333292,",,7,",0
6345,2019-10-15T00:00:00,SNWD,GHCND:USC00333292,",,7,0700",0
6346,2019-10-16T00:00:00,PRCP,GHCND:USC00333292,",,7,0700",0
6347,2019-10-16T00:00:00,SNOW,GHCND:USC00333292,",,7,",0
6348,2019-10-16T00:00:00,SNWD,GHCND:USC00333292,",,7,0700",0
6349,2019-10-17T00:00:00,PRCP,GHCND:USC00333292,",,7,0700",0
6350,2019-10-17T00:00:00,SNOW,GHCND:USC00333292,",,7,",0
6351,2019-10-17T00:00:00,SNWD,GHCND:USC00333292,",,7,0700",0
6352,2019-10-18T00:00:00,PRCP,GHCND:USC00333292,",,7,0700",0
6353,2019-10-18T00:00:00,SNOW,GHCND:USC00333292,",,7,",0
6354,2019-10-18T00:00:00,SNWD,GHCND:USC00333292,",,7,0700",0
6355,2019-10-19T00:00:00,PRCP,GHCND:USC00333292,",,7,0700",0
6356,2019-10-19T00:00:00,SNOW,GHCND:USC00333292,",,7,",0
6357,2019-10-19T00:00:00,SNWD,GHCND:USC00333292,",,7,0700",0
6358,2019-10-20T00:00:00,PRCP,GHCND:USC00333292,",,7,0700",0
6359,2019-10-20T00:00:00,SNOW,GHCND:USC00333292,",,7,",0
6360,2019-10-20T00:00:00,SNWD,GHCND:USC00333292,",,7,0700",0
6361,2019-10-21T00:00:00,PRCP,GHCND:USC00333292,",,7,0700",0
6362,2019-10-21T00:00:00,SNOW,GHCND:USC00333292,",,7,",0
6363,2019-10-21T00:00:00,SNWD,GHCND:USC00333292,",,7,0700",0
6364,2019-10-22T00:00:00,PRCP,GHCND:USC00333292,",,7,0700",43
6365,2019-10-22T00:00:00,SNOW,GHCND:USC00333292,",,7,",0
6366,2019-10-22T00:00:00,SNWD,GHCND:USC00333292,",,7,0700",0
6367,2019-10-23T00:00:00,PRCP,GHCND:USC00333292,",,7,0700",0
6368,2019-10-23T00:00:00,SNOW,GHCND:USC00333292,",,7,",0
6369,2019-10-23T00:00:00,SNWD,GHCND:USC00333292,",,7,0700",0
6370,2019-10-24T00:00:00,PRCP,GHCND:USC00333292,",,7,0700",0
6371,2019-10-24T00:00:00,SNOW,GHCND:USC00333292,",,7,",0
6372,2019-10-24T00:00:00,SNWD,GHCND:USC00333292,",,7,0700",0
6373,2019-10-25T00:00:00,PRCP,GHCND:USC00333292,",,7,0700",0
6374,2019-10-25T00:00:00,SNOW,GHCND:USC00333292,",,7,",0
6375,2019-10-25T00:00:00,SNWD,GHCND:USC00333292,",,7,0700",0
6376,2019-10-26T00:00:00,PRCP,GHCND:USC00333292,",,7,0700",0
6377,2019-10-26T00:00:00,SNOW,GHCND:USC00333292,",,7,",0
6378,2019-10-26T00:00:00,SNWD,GHCND:USC00333292,",,7,0700",0
6379,2019-10-27T00:00:00,PRCP,GHCND:USC00333292,",,7,0700",310
6380,2019-10-27T00:00:00,SNOW,GHCND:USC00333292,",,7,",0
6381,2019-10-27T00:00:00,SNWD,GHCND:USC00333292,",,7,0700",0
6382,2019-10-28T00:00:00,PRCP,GHCND:USC00333292,",,7,0700",0
6383,2019-10-28T00:00:00,SNOW,GHCND:USC00333292,",,7,",0
6384,2019-10-28T00:00:00,SNWD,GHCND:USC00333292,",,7,0700",0
6385,2019-10-29T00:00:00,PRCP,GHCND:USC00333292,",,7,0700",0
6386,2019-10-29T00:00:00,SNOW,GHCND:USC00333292,",,7,",0
6387,2019-10-29T00:00:00,SNWD,GHCND:USC00333292,",,7,0700",0
6388,2019-10-30T00:00:00,PRCP,GHCND:USC00333292,",,7,0700",0
6389,2019-10-30T00:00:00,SNOW,GHCND:USC00333292,",,7,",0
6390,2019-10-30T00:00:00,SNWD,GHCND:USC00333292,",,7,0700",0
6391,2019-10-31T00:00:00,PRCP,GHCND:USC00333292,",,7,0700",0
6392,2019-10-31T00:00:00,SNOW,GHCND:USC00333292,",,7,",0
6393,2019-10-31T00:00:00,SNWD,GHCND:USC00333292,",,7,0700",0
6394,2019-11-01T00:00:00,PRCP,GHCND:USC00333292,",,7,0700",0
6395,2019-11-01T00:00:00,SNOW,GHCND:USC00333292,",,7,",0
6396,2019-11-01T00:00:00,SNWD,GHCND:USC00333292,",,7,0700",0
6397,2019-11-02T00:00:00,PRCP,GHCND:USC00333292,",,7,0700",5
6398,2019-11-02T00:00:00,SNOW,GHCND:USC00333292,",,7,",0
6399,2019-11-02T00:00:00,SNWD,GHCND:USC00333292,",,7,0700",0
6400,2019-11-03T00:00:00,PRCP,GHCND:USC00333292,",,7,0700",20
6401,2019-11-03T00:00:00,SNOW,GHCND:USC00333292,",,7,",0
6402,2019-11-03T00:00:00,SNWD,GHCND:USC00333292,",,7,0700",0
6403,2019-11-04T00:00:00,PRCP,GHCND:USC00333292,",,7,0700",13
6404,2019-11-04T00:00:00,SNOW,GHCND:USC00333292,",,7,",0
6405,2019-11-04T00:00:00,SNWD,GHCND:USC00333292,",,7,0700",0
6406,2019-11-05T00:00:00,PRCP,GHCND:USC00333292,",,7,0700",3
6407,2019-11-05T00:00:00,SNOW,GHCND:USC00333292,",,7,",0
6408,2019-11-05T00:00:00,SNWD,GHCND:USC00333292,",,7,0700",0
6409,2019-11-06T00:00:00,PRCP,GHCND:USC00333292,",,7,0700",10
6410,2019-11-06T00:00:00,SNOW,GHCND:USC00333292,",,7,",0
6411,2019-11-06T00:00:00,SNWD,GHCND:USC00333292,",,7,0700",0
6412,2019-11-07T00:00:00,PRCP,GHCND:USC00333292,",,7,0700",0
6413,2019-11-07T00:00:00,SNOW,GHCND:USC00333292,",,7,",0
6414,2019-11-07T00:00:00,SNWD,GHCND:USC00333292,",,7,0700",0
6415,2019-11-08T00:00:00,PRCP,GHCND:USC00333292,",,7,0700",0
6416,2019-11-08T00:00:00,SNOW,GHCND:USC00333292,",,7,",0
6417,2019-11-08T00:00:00,SNWD,GHCND:USC00333292,",,7,0700",0
6418,2019-11-09T00:00:00,PRCP,GHCND:USC00333292,",,7,0700",0
6419,2019-11-09T00:00:00,SNOW,GHCND:USC00333292,",,7,",0
6420,2019-11-09T00:00:00,SNWD,GHCND:USC00333292,",,7,0700",0
6421,2019-11-10T00:00:00,PRCP,GHCND:USC00333292,",,7,0700",0
6422,2019-11-10T00:00:00,SNOW,GHCND:USC00333292,",,7,",0
6423,2019-11-10T00:00:00,SNWD,GHCND:USC00333292,",,7,0700",0
6424,2019-11-11T00:00:00,PRCP,GHCND:USC00333292,",,7,0700",0
6425,2019-11-11T00:00:00,SNOW,GHCND:USC00333292,",,7,",0
6426,2019-11-11T00:00:00,SNWD,GHCND:USC00333292,",,7,0700",0
6427,2019-11-12T00:00:00,PRCP,GHCND:USC00333292,",,7,0700",84
6428,2019-11-12T00:00:00,SNOW,GHCND:USC00333292,",,7,",76
6429,2019-11-12T00:00:00,SNWD,GHCND:USC00333292,",,7,0700",76
6430,2019-11-13T00:00:00,PRCP,GHCND:USC00333292,",,7,0700",0
6431,2019-11-13T00:00:00,SNOW,GHCND:USC00333292,",,7,",0
6432,2019-11-13T00:00:00,SNWD,GHCND:USC00333292,",,7,0700",76
6433,2019-11-14T00:00:00,PRCP,GHCND:USC00333292,"T,,7,0700",0
6434,2019-11-14T00:00:00,SNOW,GHCND:USC00333292,",,7,",0
6435,2019-11-15T00:00:00,PRCP,GHCND:USC00333292,",,7,0700",0
6436,2019-11-15T00:00:00,SNOW,GHCND:USC00333292,",,7,",0
6437,2019-11-16T00:00:00,PRCP,GHCND:USC00333292,",,7,0700",0
6438,2019-11-16T00:00:00,SNOW,GHCND:USC00333292,",,7,",0
6439,2019-11-17T00:00:00,PRCP,GHCND:USC00333292,",,7,0700",0
6440,2019-11-17T00:00:00,SNOW,GHCND:USC00333292,",,7,",0
6441,2019-11-18T00:00:00,PRCP,GHCND:USC00333292,",,7,0700",0
6442,2019-11-18T00:00:00,SNOW,GHCND:USC00333292,",,7,",0
6443,2019-11-19T00:00:00,PRCP,GHCND:USC00333292,",,7,0700",0
6444,2019-11-19T00:00:00,SNOW,GHCND:USC00333292,",,7,",0
6445,2019-11-20T00:00:00,PRCP,GHCND:USC00333292,",,7,0700",0
6446,2019-11-20T00:00:00,SNOW,GHCND:USC00333292,",,7,",0
6447,2019-11-21T00:00:00,PRCP,GHCND:USC00333292,",,7,0700",13
6448,2019-11-21T00:00:00,SNOW,GHCND:USC00333292,",,7,",0
6449,2019-11-22T00:00:00,PRCP,GHCND:USC00333292,",,7,0700",0
6450,2019-11-22T00:00:00,SNOW,GHCND:USC00333292,",,7,",0
6451,2019-11-23T00:00:00,PRCP,GHCND:USC00333292,",,7,0700",0
6452,2019-11-23T00:00:00,SNOW,GHCND:USC00333292,",,7,",0
6453,2019-11-24T00:00:00,PRCP,GHCND:USC00333292,",,7,0700",5
6454,2019-11-24T00:00:00,SNOW,GHCND:USC00333292,",,7,",0
6455,2019-11-25T00:00:00,PRCP,GHCND:USC00333292,",,7,0700",0
6456,2019-11-25T00:00:00,SNOW,GHCND:USC00333292,",,7,",0
6457,2019-11-26T00:00:00,PRCP,GHCND:USC00333292,",,7,0700",3
6458,2019-11-26T00:00:00,SNOW,GHCND:USC00333292,",,7,",0
6459,2019-11-27T00:00:00,PRCP,GHCND:USC00333292,",,7,0700",69
6460,2019-11-27T00:00:00,SNOW,GHCND:USC00333292,",,7,",0
6461,2019-11-28T00:00:00,PRCP,GHCND:USC00333292,",,7,0700",0
6462,2019-11-28T00:00:00,SNOW,GHCND:USC00333292,",,7,",0
6463,2019-11-29T00:00:00,PRCP,GHCND:USC00333292,",,7,0700",0
6464,2019-11-29T00:00:00,SNOW,GHCND:USC00333292,",,7,",0
6465,2019-11-30T00:00:00,PRCP,GHCND:USC00333292,",,7,0700",0
6466,2019-11-30T00:00:00,SNOW,GHCND:USC00333292,",,7,",0
6467,2021-05-27T00:00:00,PRCP,GHCND:USC00333292,",,7,0700",91
6468,2021-05-27T00:00:00,SNOW,GHCND:USC00333292,",,7,",0
6469,2021-05-27T00:00:00,SNWD,GHCND:USC00333292,",,7,0700",0
6470,2021-05-30T00:00:00,DAPR,GHCND:USC00333292,",,7,",3
6471,2021-05-30T00:00:00,MDPR,GHCND:USC00333292,",,7,",376
6472,2021-05-30T00:00:00,SNOW,GHCND:USC00333292,",,7,",0
6473,2021-05-30T00:00:00,SNWD,GHCND:USC00333292,",,7,0700",0
6474,2021-06-14T00:00:00,DAPR,GHCND:USC00333292,",,7,",10
6475,2021-06-14T00:00:00,MDPR,GHCND:USC00333292,",,7,",213
6476,2021-06-14T00:00:00,SNOW,GHCND:USC00333292,",,7,",0
6477,2021-06-14T00:00:00,SNWD,GHCND:USC00333292,",,7,0700",0
6478,2021-06-21T00:00:00,PRCP,GHCND:USC00333292,",,7,0700",203
6479,2021-06-21T00:00:00,SNOW,GHCND:USC00333292,",,7,",0
6480,2021-06-21T00:00:00,SNWD,GHCND:USC00333292,",,7,0700",0
6481,2021-06-28T00:00:00,DAPR,GHCND:USC00333292,",,7,",7
6482,2021-06-28T00:00:00,MDPR,GHCND:USC00333292,",,7,",328
6483,2021-06-28T00:00:00,SNOW,GHCND:USC00333292,",,7,",0
6484,2021-06-28T00:00:00,SNWD,GHCND:USC00333292,",,7,0700",0
6485,2021-07-12T00:00:00,DAPR,GHCND:USC00333292,",,7,",13
6486,2021-07-12T00:00:00,MDPR,GHCND:USC00333292,",,7,",1034
6487,2021-07-12T00:00:00,SNOW,GHCND:USC00333292,",,7,",0
6488,2021-07-12T00:00:00,SNWD,GHCND:USC00333292,",,7,0700",0
6489,2021-07-15T00:00:00,DAPR,GHCND:USC00333292,",,7,",3
6490,2021-07-15T00:00:00,MDPR,GHCND:USC00333292,",,7,",366
6491,2021-07-15T00:00:00,SNOW,GHCND:USC00333292,",,7,",0
6492,2021-07-15T00:00:00,SNWD,GHCND:USC00333292,",,7,0700",0
6493,2021-07-20T00:00:00,DAPR,GHCND:USC00333292,",,7,",5
6494,2021-07-20T00:00:00,MDPR,GHCND:USC00333292,",,7,",432
6495,2021-07-20T00:00:00,SNOW,GHCND:USC00333292,",,7,",0
6496,2021-07-20T00:00:00,SNWD,GHCND:USC00333292,",,7,0700",0
6497,2021-07-25T00:00:00,DAPR,GHCND:USC00333292,",,7,",5
6498,2021-07-25T00:00:00,MDPR,GHCND:USC00333292,",,7,",615
6499,2021-07-25T00:00:00,SNOW,GHCND:USC00333292,",,7,",0
6500,2021-07-25T00:00:00,SNWD,GHCND:USC00333292,",,7,0700",0
6501,2021-08-01T00:00:00,DAPR,GHCND:USC00333292,",,7,",7
6502,2021-08-01T00:00:00,MDPR,GHCND:USC00333292,",,7,",25
6503,2021-08-01T00:00:00,SNOW,GHCND:USC00333292,",,7,",0
6504,2021-08-01T00:00:00,SNWD,GHCND:USC00333292,",,7,0700",0
6505,2021-08-10T00:00:00,DAPR,GHCND:USC00333292,",,7,",9
6506,2021-08-10T00:00:00,MDPR,GHCND:USC00333292,",,7,",170
6507,2021-08-10T00:00:00,SNOW,GHCND:USC00333292,",,7,",0
6508,2021-08-10T00:00:00,SNWD,GHCND:USC00333292,",,7,0700",0
6509,2021-08-11T00:00:00,PRCP,GHCND:USC00333292,",,7,0700",104
6510,2021-08-11T00:00:00,SNOW,GHCND:USC00333292,",,7,",0
6511,2021-08-11T00:00:00,SNWD,GHCND:USC00333292,",,7,0700",0
6512,2021-08-30T00:00:00,DAPR,GHCND:USC00333292,",,7,",19
6513,2021-08-30T00:00:00,MDPR,GHCND:USC00333292,",,7,",284
6514,2021-08-30T00:00:00,SNOW,GHCND:USC00333292,",,7,",0
6515,2021-08-30T00:00:00,SNWD,GHCND:USC00333292,",,7,0700",0
6516,2021-09-06T00:00:00,DAPR,GHCND:USC00333292,",,7,",8
6517,2021-09-06T00:00:00,MDPR,GHCND:USC00333292,",,7,",61
6518,2021-09-06T00:00:00,SNOW,GHCND:USC00333292,",,7,",0
6519,2021-09-06T00:00:00,SNWD,GHCND:USC00333292,",,7,0700",0
6520,2021-09-08T00:00:00,DAPR,GHCND:USC00333292,",,7,",2
6521,2021-09-08T00:00:00,MDPR,GHCND:USC00333292,",,7,",25
6522,2021-09-08T00:00:00,SNOW,GHCND:USC00333292,",,7,",0
6523,2021-09-08T00:00:00,SNWD,GHCND:USC00333292,",,7,0700",0
6524,2021-09-26T00:00:00,DAPR,GHCND:USC00333292,",,7,",18
6525,2021-09-26T00:00:00,MDPR,GHCND:USC00333292,",,7,",1265
6526,2021-09-26T00:00:00,SNOW,GHCND:USC00333292,",,7,",0
6527,2021-09-26T00:00:00,SNWD,GHCND:USC00333292,",,7,0700",0
6528,2021-10-03T00:00:00,DAPR,GHCND:USC00333292,",,7,",7
6529,2021-10-03T00:00:00,MDPR,GHCND:USC00333292,",,7,",28
6530,2021-10-03T00:00:00,SNOW,GHCND:USC00333292,",,7,",0
6531,2021-10-03T00:00:00,SNWD,GHCND:USC00333292,",,7,0700",0
6532,2021-10-04T00:00:00,PRCP,GHCND:USC00333292,",,7,0700",127
6533,2021-10-04T00:00:00,SNOW,GHCND:USC00333292,",,7,",0
6534,2021-10-04T00:00:00,SNWD,GHCND:USC00333292,",,7,0700",0
6535,2021-10-06T00:00:00,DAPR,GHCND:USC00333292,",,7,",2
6536,2021-10-06T00:00:00,MDPR,GHCND:USC00333292,",,7,",94
6537,2021-10-06T00:00:00,SNOW,GHCND:USC00333292,",,7,",0
6538,2021-10-06T00:00:00,SNWD,GHCND:USC00333292,",,7,0700",0
6539,2021-10-11T00:00:00,DAPR,GHCND:USC00333292,",,7,",5
6540,2021-10-11T00:00:00,MDPR,GHCND:USC00333292,",,7,",188
6541,2021-10-11T00:00:00,SNOW,GHCND:USC00333292,",,7,",0
6542,2021-10-11T00:00:00,SNWD,GHCND:USC00333292,",,7,0700",0
6543,2021-10-17T00:00:00,DAPR,GHCND:USC00333292,",,7,",6
6544,2021-10-17T00:00:00,MDPR,GHCND:USC00333292,",,7,",627
6545,2021-10-17T00:00:00,SNOW,GHCND:USC00333292,",,7,",0
6546,2021-10-17T00:00:00,SNWD,GHCND:USC00333292,",,7,0700",0
6547,2021-10-25T00:00:00,DAPR,GHCND:USC00333292,",,7,",8
6548,2021-10-25T00:00:00,MDPR,GHCND:USC00333292,",,7,",533
6549,2021-10-25T00:00:00,SNOW,GHCND:USC00333292,",,7,",0
6550,2021-10-25T00:00:00,SNWD,GHCND:USC00333292,",,7,0700",0
6551,2021-10-26T00:00:00,PRCP,GHCND:USC00333292,",,7,0700",61
6552,2021-10-26T00:00:00,SNOW,GHCND:USC00333292,",,7,",0
6553,2021-10-26T00:00:00,SNWD,GHCND:USC00333292,",,7,0700",0
6554,2021-11-01T00:00:00,DAPR,GHCND:USC00333292,",,7,",4
6555,2021-11-01T00:00:00,MDPR,GHCND:USC00333292,",,7,",251
6556,2021-11-14T00:00:00,DAPR,GHCND:USC00333292,",,7,",13
6557,2021-11-14T00:00:00,MDPR,GHCND:USC00333292,",,7,",74
6558,2021-11-18T00:00:00,DAPR,GHCND:USC00333292,",,7,",4
6559,2021-11-18T00:00:00,MDPR,GHCND:USC00333292,",,7,",53
6560,2021-11-28T00:00:00,DAPR,GHCND:USC00333292,",,7,",10
6561,2021-11-28T00:00:00,MDPR,GHCND:USC00333292,",,7,",109
6562,2021-12-06T00:00:00,DAPR,GHCND:USC00333292,",,7,",8
6563,2021-12-06T00:00:00,MDPR,GHCND:USC00333292,",,7,",277
6564,2021-12-12T00:00:00,DAPR,GHCND:USC00333292,",,7,",6
6565,2021-12-12T00:00:00,MDPR,GHCND:USC00333292,",,7,",79
6566,2021-12-15T00:00:00,DAPR,GHCND:USC00333292,",,7,",3
6567,2021-12-15T00:00:00,MDPR,GHCND:USC00333292,",,7,",56
6568,2021-12-19T00:00:00,DAPR,GHCND:USC00333292,",,7,",4
6569,2021-12-19T00:00:00,MDPR,GHCND:USC00333292,",,7,",137
6570,2021-12-27T00:00:00,DAPR,GHCND:USC00333292,",,7,",8
6571,2021-12-27T00:00:00,MDPR,GHCND:USC00333292,",,7,",140
6572,2021-12-29T00:00:00,DAPR,GHCND:USC00333292,",,7,",2
6573,2021-12-29T00:00:00,MDPR,GHCND:USC00333292,",,7,",117
6574,2021-12-29T00:00:00,SNOW,GHCND:USC00333292,"T,,7,",0
6575,2022-01-01T00:00:00,DAPR,GHCND:USC00333292,",,7,",3
6576,2022-01-01T00:00:00,MDPR,GHCND:USC00333292,",,7,",13
6577,2022-01-02T00:00:00,PRCP,GHCND:USC00333292,",,7,0700",74
6578,2022-01-09T00:00:00,DAPR,GHCND:USC00333292,",,7,",7
6579,2022-01-09T00:00:00,MDPR,GHCND:USC00333292,",,7,",28
6580,2022-01-23T00:00:00,DAPR,GHCND:USC00333292,",,7,",14
6581,2022-01-23T00:00:00,MDPR,GHCND:USC00333292,",,7,",58
6582,2022-01-23T00:00:00,SNOW,GHCND:USC00333292,",,7,",102
6583,2022-01-25T00:00:00,DAPR,GHCND:USC00333292,",,7,",2
6584,2022-01-25T00:00:00,MDPR,GHCND:USC00333292,",,7,",18
6585,2022-01-25T00:00:00,SNOW,GHCND:USC00333292,",,7,",25
6586,2022-01-25T00:00:00,SNWD,GHCND:USC00333292,",,7,0700",102
6587,2022-02-02T00:00:00,DAPR,GHCND:USC00333292,",,7,",8
6588,2022-02-02T00:00:00,MDPR,GHCND:USC00333292,",,7,",18
6589,2022-02-02T00:00:00,SNOW,GHCND:USC00333292,",,7,",0
6590,2022-02-02T00:00:00,SNWD,GHCND:USC00333292,",,7,0700",0
6591,2022-02-03T00:00:00,PRCP,GHCND:USC00333292,",,7,0700",213
6592,2022-02-03T00:00:00,SNOW,GHCND:USC00333292,",,7,",102
6593,2022-02-03T00:00:00,SNWD,GHCND:USC00333292,",,7,0700",102
6594,2022-02-06T00:00:00,DAPR,GHCND:USC00333292,",,7,",3
6595,2022-02-06T00:00:00,MDPR,GHCND:USC00333292,",,7,",61
6596,2022-02-06T00:00:00,SNOW,GHCND:USC00333292,",,7,",89
6597,2022-02-06T00:00:00,SNWD,GHCND:USC00333292,",,7,0700",127
6598,2022-02-17T00:00:00,DAPR,GHCND:USC00333292,",,7,",11
6599,2022-02-17T00:00:00,MDPR,GHCND:USC00333292,",,7,",112
6600,2022-02-21T00:00:00,DAPR,GHCND:USC00333292,",,7,",4
6601,2022-02-21T00:00:00,MDPR,GHCND:USC00333292,",,7,",185
6602,2022-02-21T00:00:00,SNOW,GHCND:USC00333292,",,7,",0
6603,2022-02-21T00:00:00,SNWD,GHCND:USC00333292,",,7,0700",0
6604,2022-02-22T00:00:00,PRCP,GHCND:USC00333292,",,7,0700",30
6605,2022-02-22T00:00:00,SNOW,GHCND:USC00333292,",,7,",0
6606,2022-02-22T00:00:00,SNWD,GHCND:USC00333292,",,7,0700",0
6607,2022-02-23T00:00:00,PRCP,GHCND:USC00333292,",,7,0700",46
6608,2022-02-23T00:00:00,SNOW,GHCND:USC00333292,",,7,",0
6609,2022-02-23T00:00:00,SNWD,GHCND:USC00333292,",,7,0700",0
6610,2022-02-27T00:00:00,DAPR,GHCND:USC00333292,",,7,",4
6611,2022-02-27T00:00:00,MDPR,GHCND:USC00333292,",,7,",25
6612,2022-02-27T00:00:00,SNOW,GHCND:USC00333292,",,7,",0
6613,2022-02-27T00:00:00,SNWD,GHCND:USC00333292,",,7,0700",25
6614,2022-03-03T00:00:00,DAPR,GHCND:USC00333292,",,7,",4
6615,2022-03-03T00:00:00,MDPR,GHCND:USC00333292,",,7,",20
6616,2022-03-06T00:00:00,DAPR,GHCND:USC00333292,",,7,",3
6617,2022-03-06T00:00:00,MDPR,GHCND:USC00333292,",,7,",64
6618,2022-03-07T00:00:00,PRCP,GHCND:USC00333292,",,7,0700",119
6619,2022-03-08T00:00:00,PRCP,GHCND:USC00333292,",,7,0700",5
6620,2022-03-20T00:00:00,DAPR,GHCND:USC00333292,",,7,",12
6621,2022-03-20T00:00:00,MDPR,GHCND:USC00333292,",,7,",193
6622,2022-03-24T00:00:00,DAPR,GHCND:USC00333292,",,7,",4
6623,2022-03-24T00:00:00,MDPR,GHCND:USC00333292,",,7,",234
6624,2022-03-28T00:00:00,DAPR,GHCND:USC00333292,",,7,",4
6625,2022-03-28T00:00:00,MDPR,GHCND:USC00333292,",,7,",25
6626,2022-03-30T00:00:00,DAPR,GHCND:USC00333292,",,7,",2
6627,2022-03-30T00:00:00,MDPR,GHCND:USC00333292,",,7,",13
6628,2022-03-31T00:00:00,PRCP,GHCND:USC00333292,",,7,0700",10
6629,2022-04-03T00:00:00,DAPR,GHCND:USC00333292,",,7,",3
6630,2022-04-03T00:00:00,MDPR,GHCND:USC00333292,",,7,",69
6631,2022-04-04T00:00:00,PRCP,GHCND:USC00333292,",,7,0700",23
6632,2022-04-06T00:00:00,DAPR,GHCND:USC00333292,",,7,",2
6633,2022-04-06T00:00:00,MDPR,GHCND:USC00333292,",,7,",28
6634,2022-04-07T00:00:00,PRCP,GHCND:USC00333292,",,7,0700",53
6635,2022-04-10T00:00:00,DAPR,GHCND:USC00333292,",,7,",3
6636,2022-04-10T00:00:00,MDPR,GHCND:USC00333292,",,7,",13
6637,2022-04-12T00:00:00,DAPR,GHCND:USC00333292,",,7,",2
6638,2022-04-12T00:00:00,MDPR,GHCND:USC00333292,",,7,",28
6639,2022-04-18T00:00:00,DAPR,GHCND:USC00333292,",,7,",6
6640,2022-04-18T00:00:00,MDPR,GHCND:USC00333292,",,7,",56
6641,2022-04-19T00:00:00,PRCP,GHCND:USC00333292,",,7,0700",104
6642,2022-04-21T00:00:00,DAPR,GHCND:USC00333292,",,7,",2
6643,2022-04-21T00:00:00,MDPR,GHCND:USC00333292,",,7,",13
6644,2022-04-25T00:00:00,DAPR,GHCND:USC00333292,",,7,",4
6645,2022-04-25T00:00:00,MDPR,GHCND:USC00333292,",,7,",61
6646,2022-04-26T00:00:00,PRCP,GHCND:USC00333292,",,7,0700",71
6647,2022-05-01T00:00:00,DAPR,GHCND:USC00333292,",,7,",5
6648,2022-05-01T00:00:00,MDPR,GHCND:USC00333292,",,7,",165
6649,2022-05-01T00:00:00,SNOW,GHCND:USC00333292,",,7,",0
6650,2022-05-01T00:00:00,SNWD,GHCND:USC00333292,",,7,0700",0
6651,2022-05-03T00:00:00,DAPR,GHCND:USC00333292,",,7,",2
6652,2022-05-03T00:00:00,MDPR,GHCND:USC00333292,",,7,",10
6653,2022-05-03T00:00:00,SNOW,GHCND:USC00333292,",,7,",0
6654,2022-05-03T00:00:00,SNWD,GHCND:USC00333292,",,7,0700",0
6655,2022-05-04T00:00:00,PRCP,GHCND:USC00333292,",,7,0700",330
6656,2022-05-04T00:00:00,SNOW,GHCND:USC00333292,",,7,",0
6657,2022-05-04T00:00:00,SNWD,GHCND:USC00333292,",,7,0700",0
6658,2022-05-05T00:00:00,PRCP,GHCND:USC00333292,",,7,0700",3
6659,2022-05-05T00:00:00,SNOW,GHCND:USC00333292,",,7,",0
6660,2022-05-05T00:00:00,SNWD,GHCND:USC00333292,",,7,0700",0
6661,2022-05-09T00:00:00,DAPR,GHCND:USC00333292,",,7,",4
6662,2022-05-09T00:00:00,MDPR,GHCND:USC00333292,",,7,",130
6663,2022-05-09T00:00:00,SNOW,GHCND:USC00333292,",,7,",0
6664,2022-05-09T00:00:00,SNWD,GHCND:USC00333292,",,7,0700",0
6665,2022-05-16T00:00:00,DAPR,GHCND:USC00333292,",,7,",7
6666,2022-05-16T00:00:00,MDPR,GHCND:USC00333292,",,7,",155
6667,2022-05-16T00:00:00,SNOW,GHCND:USC00333292,",,7,",0
6668,2022-05-16T00:00:00,SNWD,GHCND:USC00333292,",,7,0700",0
6669,2022-05-23T00:00:00,DAPR,GHCND:USC00333292,",,7,",7
6670,2022-05-23T00:00:00,MDPR,GHCND:USC00333292,",,7,",86
6671,2022-05-23T00:00:00,SNOW,GHCND:USC00333292,",,7,",0
6672,2022-05-23T00:00:00,SNWD,GHCND:USC00333292,",,7,0700",0
6673,2022-05-31T00:00:00,DAPR,GHCND:USC00333292,",,7,",8
6674,2022-05-31T00:00:00,MDPR,GHCND:USC00333292,",,7,",244
6675,2022-05-31T00:00:00,SNOW,GHCND:USC00333292,",,7,",0
6676,2022-05-31T00:00:00,SNWD,GHCND:USC00333292,",,7,0700",0
6677,2022-06-02T00:00:00,DAPR,GHCND:USC00333292,",,7,",2
6678,2022-06-02T00:00:00,MDPR,GHCND:USC00333292,",,7,",13
6679,2022-06-02T00:00:00,SNOW,GHCND:USC00333292,",,7,",0
6680,2022-06-02T00:00:00,SNWD,GHCND:USC00333292,",,7,0700",0
6681,2022-06-07T00:00:00,DAPR,GHCND:USC00333292,",,7,",5
6682,2022-06-07T00:00:00,MDPR,GHCND:USC00333292,",,7,",371
6683,2022-06-07T00:00:00,SNOW,GHCND:USC00333292,",,7,",0
6684,2022-06-07T00:00:00,SNWD,GHCND:USC00333292,",,7,0700",0
6685,2022-06-13T00:00:00,DAPR,GHCND:USC00333292,",,7,",6
6686,2022-06-13T00:00:00,MDPR,GHCND:USC00333292,",,7,",284
6687,2022-06-13T00:00:00,SNOW,GHCND:USC00333292,",,7,",0
6688,2022-06-13T00:00:00,SNWD,GHCND:USC00333292,",,7,0700",0
6689,2022-06-14T00:00:00,PRCP,GHCND:USC00333292,",,7,0700",340
6690,2022-06-14T00:00:00,SNOW,GHCND:USC00333292,",,7,",0
6691,2022-06-14T00:00:00,SNWD,GHCND:USC00333292,",,7,0700",0
6692,2022-07-01T00:00:00,DAPR,GHCND:USC00333292,",,7,",17
6693,2022-07-01T00:00:00,MDPR,GHCND:USC00333292,",,7,",566
6694,2022-07-14T00:00:00,DAPR,GHCND:USC00333292,",,7,",13
6695,2022-07-14T00:00:00,MDPR,GHCND:USC00333292,",,7,",114
6696,2022-07-17T00:00:00,DAPR,GHCND:USC00333292,",,7,",3
6697,2022-07-17T00:00:00,MDPR,GHCND:USC00333292,",,7,",140
6698,2022-07-18T00:00:00,PRCP,GHCND:USC00333292,",,7,0700",114
6699,2022-07-18T00:00:00,SNOW,GHCND:USC00333292,",,7,",0
6700,2022-07-18T00:00:00,SNWD,GHCND:USC00333292,",,7,0700",0
6701,2022-07-25T00:00:00,DAPR,GHCND:USC00333292,",,7,",7
6702,2022-07-25T00:00:00,MDPR,GHCND:USC00333292,",,7,",198
6703,2022-08-02T00:00:00,DAPR,GHCND:USC00333292,",,7,",8
6704,2022-08-02T00:00:00,MDPR,GHCND:USC00333292,",,7,",5
6705,2022-08-02T00:00:00,SNOW,GHCND:USC00333292,",,7,",0
6706,2022-08-02T00:00:00,SNWD,GHCND:USC00333292,",,7,0700",0
6707,2022-08-04T00:00:00,DAPR,GHCND:USC00333292,",,7,",2
6708,2022-08-04T00:00:00,MDPR,GHCND:USC00333292,",,7,",97
6709,2022-08-04T00:00:00,SNOW,GHCND:USC00333292,",,7,",0
6710,2022-08-04T00:00:00,SNWD,GHCND:USC00333292,",,7,0700",0
6711,2022-08-07T00:00:00,DAPR,GHCND:USC00333292,",,7,",3
6712,2022-08-07T00:00:00,MDPR,GHCND:USC00333292,",,7,",13
6713,2022-08-07T00:00:00,SNOW,GHCND:USC00333292,",,7,",0
6714,2022-08-07T00:00:00,SNWD,GHCND:USC00333292,",,7,0700",0
6715,2022-08-21T00:00:00,DAPR,GHCND:USC00333292,",,7,",14
6716,2022-08-21T00:00:00,MDPR,GHCND:USC00333292,",,7,",287
6717,2022-08-21T00:00:00,SNOW,GHCND:USC00333292,",,7,",0
6718,2022-08-21T00:00:00,SNWD,GHCND:USC00333292,",,7,0700",0
6719,2022-08-30T00:00:00,DAPR,GHCND:USC00333292,",,7,",9
6720,2022-08-30T00:00:00,MDPR,GHCND:USC00333292,",,7,",632
6721,2022-08-30T00:00:00,SNOW,GHCND:USC00333292,",,7,",0
6722,2022-08-30T00:00:00,SNWD,GHCND:USC00333292,",,7,0700",0
6723,2022-09-04T00:00:00,DAPR,GHCND:USC00333292,",,7,",5
6724,2022-09-04T00:00:00,MDPR,GHCND:USC00333292,",,7,",43
6725,2022-09-04T00:00:00,SNOW,GHCND:USC00333292,",,7,",0
6726,2022-09-04T00:00:00,SNWD,GHCND:USC00333292,",,7,0700",0
6727,2022-09-05T00:00:00,PRCP,GHCND:USC00333292,",,7,0700",38
6728,2022-09-05T00:00:00,SNOW,GHCND:USC00333292,",,7,",0
6729,2022-09-05T00:00:00,SNWD,GHCND:USC00333292,",,7,0700",0
6730,2022-09-13T00:00:00,DAPR,GHCND:USC00333292,",,7,",8
6731,2022-09-13T00:00:00,MDPR,GHCND:USC00333292,",,7,",241
6732,2022-09-13T00:00:00,SNOW,GHCND:USC00333292,",,7,",0
6733,2022-09-13T00:00:00,SNWD,GHCND:USC00333292,",,7,0700",0
6734,2022-09-19T00:00:00,DAPR,GHCND:USC00333292,",,7,",6
6735,2022-09-19T00:00:00,MDPR,GHCND:USC00333292,",,7,",64
6736,2022-09-19T00:00:00,SNOW,GHCND:USC00333292,",,7,",0
6737,2022-09-19T00:00:00,SNWD,GHCND:USC00333292,",,7,0700",0
6738,2022-09-21T00:00:00,DAPR,GHCND:USC00333292,",,7,",2
6739,2022-09-21T00:00:00,MDPR,GHCND:USC00333292,",,7,",74
6740,2022-09-21T00:00:00,SNOW,GHCND:USC00333292,",,7,",0
6741,2022-09-21T00:00:00,SNWD,GHCND:USC00333292,",,7,0700",0
6742,2022-09-27T00:00:00,DAPR,GHCND:USC00333292,",,7,",6
6743,2022-09-27T00:00:00,MDPR,GHCND:USC00333292,",,7,",152
6744,2022-09-27T00:00:00,SNOW,GHCND:USC00333292,",,7,",0
6745,2022-09-27T00:00:00,SNWD,GHCND:USC00333292,",,7,0700",0
6746,2022-10-13T00:00:00,DAPR,GHCND:USC00333292,",,7,",16
6747,2022-10-13T00:00:00,MDPR,GHCND:USC00333292,",,7,",38
6748,2022-10-13T00:00:00,SNOW,GHCND:USC00333292,",,7,",0
6749,2022-10-13T00:00:00,SNWD,GHCND:USC00333292,",,7,0700",0
6750,2022-10-17T00:00:00,DAPR,GHCND:USC00333292,",,7,",4
6751,2022-10-17T00:00:00,MDPR,GHCND:USC00333292,",,7,",23
6752,2022-10-19T00:00:00,DAPR,GHCND:USC00333292,",,7,",2
6753,2022-10-19T00:00:00,MDPR,GHCND:USC00333292,",,7,",38
6754,2022-10-26T00:00:00,DAPR,GHCND:USC00333292,",,7,",7
6755,2022-10-26T00:00:00,MDPR,GHCND:USC00333292,",,7,",81
6756,2022-10-26T00:00:00,SNOW,GHCND:USC00333292,",,7,",0
6757,2022-10-26T00:00:00,SNWD,GHCND:USC00333292,",,7,0700",0
6758,2022-11-06T00:00:00,DAPR,GHCND:USC00333292,",,7,",11
6759,2022-11-06T00:00:00,MDPR,GHCND:USC00333292,",,7,",86
6760,2022-11-13T00:00:00,PRCP,GHCND:USC00333292,",,7,0700",38
6761,2022-11-16T00:00:00,DAPR,GHCND:USC00333292,",,7,",3
6762,2022-11-16T00:00:00,MDPR,GHCND:USC00333292,",,7,",23
6763,2022-11-28T00:00:00,DAPR,GHCND:USC00333292,",,7,",12
6764,2022-11-28T00:00:00,MDPR,GHCND:USC00333292,",,7,",389
6765,2022-12-13T00:00:00,DAPR,GHCND:USC00333292,",,7,",15
6766,2022-12-13T00:00:00,MDPR,GHCND:USC00333292,",,7,",36
6767,2023-02-26T00:00:00,DAPR,GHCND:USC00333292,",,7,",3
6768,2023-02-26T00:00:00,MDPR,GHCND:USC00333292,",,7,",5
6769,2023-02-27T00:00:00,PRCP,GHCND:USC00333292,",,7,0700",0
6770,2023-02-28T00:00:00,PRCP,GHCND:USC00333292,",,7,0700",361
6771,2023-03-04T00:00:00,DAPR,GHCND:USC00333292,",,7,",4
6772,2023-03-04T00:00:00,MDPR,GHCND:USC00333292,",,7,",348
6773,2023-03-13T00:00:00,DAPR,GHCND:USC00333292,",,7,",9
6774,2023-03-13T00:00:00,MDPR,GHCND:USC00333292,",,7,",102
6775,2023-03-13T00:00:00,SNOW,GHCND:USC00333292,"T,,7,",0
6776,2023-03-13T00:00:00,SNWD,GHCND:USC00333292,"T,,7,0700",0
6777,2023-03-20T00:00:00,DAPR,GHCND:USC00333292,",,7,",7
6778,2023-03-20T00:00:00,MDPR,GHCND:USC00333292,",,7,",15
6779,2023-03-26T00:00:00,DAPR,GHCND:USC00333292,",,7,",6
6780,2023-03-26T00:00:00,MDPR,GHCND:USC00333292,",,7,",226
6781,2023-03-27T00:00:00,PRCP,GHCND:USC00333292,",,7,0700",3
6782,2023-04-02T00:00:00,DAPR,GHCND:USC00333292,",,7,",6
6783,2023-04-02T00:00:00,MDPR,GHCND:USC00333292,",,7,",112
6784,2023-04-18T00:00:00,DAPR,GHCND:USC00333292,",,7,",16
6785,2023-04-18T00:00:00,MDPR,GHCND:USC00333292,",,7,",30
6786,2023-04-23T00:00:00,DAPR,GHCND:USC00333292,",,7,",5
6787,2023-04-23T00:00:00,MDPR,GHCND:USC00333292,",,7,",38
6788,2023-04-24T00:00:00,PRCP,GHCND:USC00333292,",,7,0700",10
6789,2023-04-25T00:00:00,PRCP,GHCND:USC00333292,"T,,7,0700",0
6790,2023-04-26T00:00:00,PRCP,GHCND:USC00333292,",,7,0700",20
6791,2023-04-26T00:00:00,SNOW,GHCND:USC00333292,",,7,",0
6792,2023-04-26T00:00:00,SNWD,GHCND:USC00333292,",,7,0700",0
6793,2023-04-30T00:00:00,DAPR,GHCND:USC00333292,",,7,",4
6794,2023-04-30T00:00:00,MDPR,GHCND:USC00333292,",,7,",257
6795,2023-04-30T00:00:00,SNOW,GHCND:USC00333292,",,7,",0
6796,2023-04-30T00:00:00,SNWD,GHCND:USC00333292,",,7,0700",0
6797,2023-05-01T00:00:00,PRCP,GHCND:USC00333292,",,7,0700",51
6798,2023-05-02T00:00:00,PRCP,GHCND:USC00333292,",,7,0700",64
6799,2023-05-03T00:00:00,PRCP,GHCND:USC00333292,",,7,0700",13
6800,2023-05-07T00:00:00,DAPR,GHCND:USC00333292,",,7,",4
6801,2023-05-07T00:00:00,MDPR,GHCND:USC00333292,",,7,",124
6802,2023-05-07T00:00:00,SNOW,GHCND:USC00333292,",,7,",0
6803,2023-05-07T00:00:00,SNWD,GHCND:USC00333292,",,7,0700",0
6804,2023-05-23T00:00:00,DAPR,GHCND:USC00333292,",,7,",16
6805,2023-05-23T00:00:00,MDPR,GHCND:USC00333292,",,7,",130
6806,2023-05-23T00:00:00,SNOW,GHCND:USC00333292,",,7,",0
6807,2023-05-23T00:00:00,SNWD,GHCND:USC00333292,",,7,0700",0
6808,2023-06-12T00:00:00,PRCP,GHCND:USC00333292,",,7,0700",140
6809,2023-06-12T00:00:00,SNOW,GHCND:USC00333292,",,7,",0
6810,2023-06-12T00:00:00,SNWD,GHCND:USC00333292,",,7,0700",0
6811,2023-06-13T00:00:00,PRCP,GHCND:USC00333292,",,7,0700",13
6812,2023-06-13T00:00:00,SNOW,GHCND:USC00333292,",,7,",0
6813,2023-06-13T00:00:00,SNWD,GHCND:USC00333292,",,7,0700",0
6814,2023-06-14T00:00:00,PRCP,GHCND:USC00333292,",,7,0700",81
6815,2023-06-14T00:00:00,SNOW,GHCND:USC00333292,",,7,",0
6816,2023-06-14T00:00:00,SNWD,GHCND:USC00333292,",,7,0700",0
6817,2023-06-25T00:00:00,DAPR,GHCND:USC00333292,",,7,",11
6818,2023-06-25T00:00:00,MDPR,GHCND:USC00333292,",,7,",56
6819,2023-06-25T00:00:00,SNOW,GHCND:USC00333292,",,7,",0
6820,2023-06-25T00:00:00,SNWD,GHCND:USC00333292,",,7,0700",0
6821,2023-06-26T00:00:00,PRCP,GHCND:USC00333292,",,7,0700",163
6822,2023-06-26T00:00:00,SNOW,GHCND:USC00333292,",,7,",0
6823,2023-06-26T00:00:00,SNWD,GHCND:USC00333292,",,7,0700",0
6824,2023-06-27T00:00:00,PRCP,GHCND:USC00333292,",,7,0700",23
6825,2023-06-27T00:00:00,SNOW,GHCND:USC00333292,",,7,",0
6826,2023-06-27T00:00:00,SNWD,GHCND:USC00333292,",,7,0700",0
6827,2023-07-09T00:00:00,DAPR,GHCND:USC00333292,",,7,",12
6828,2023-07-09T00:00:00,MDPR,GHCND:USC00333292,",,7,",434
6829,2023-07-09T00:00:00,SNOW,GHCND:USC00333292,",,7,",0
6830,2023-07-09T00:00:00,SNWD,GHCND:USC00333292,",,7,0700",0
6831,2023-07-12T00:00:00,DAPR,GHCND:USC00333292,",,7,",3
6832,2023-07-12T00:00:00,MDPR,GHCND:USC00333292,",,7,",81
6833,2023-07-12T00:00:00,SNOW,GHCND:USC00333292,",,7,",0
6834,2023-07-12T00:00:00,SNWD,GHCND:USC00333292,",,7,0700",0
6835,2023-07-13T00:00:00,PRCP,GHCND:USC00333292,",,7,0700",15
6836,2023-07-13T00:00:00,SNOW,GHCND:USC00333292,",,7,",0
6837,2023-07-13T00:00:00,SNWD,GHCND:USC00333292,",,7,0700",0
6838,2023-07-16T00:00:00,DAPR,GHCND:USC00333292,",,7,",3
6839,2023-07-16T00:00:00,MDPR,GHCND:USC00333292,",,7,",94
6840,2023-07-16T00:00:00,SNOW,GHCND:USC00333292,",,7,",0
6841,2023-07-16T00:00:00,SNWD,GHCND:USC00333292,",,7,0700",0
6842,2023-07-23T00:00:00,DAPR,GHCND:USC00333292,",,7,",7
6843,2023-07-23T00:00:00,MDPR,GHCND:USC00333292,",,7,",36
6844,2023-07-23T00:00:00,SNOW,GHCND:USC00333292,",,7,",0
6845,2023-07-23T00:00:00,SNWD,GHCND:USC00333292,",,7,0700",0
6846,2023-07-30T00:00:00,DAPR,GHCND:USC00333292,",,7,",7
6847,2023-07-30T00:00:00,MDPR,GHCND:USC00333292,",,7,",554
6848,2023-07-30T00:00:00,SNOW,GHCND:USC00333292,",,7,",0
6849,2023-07-30T00:00:00,SNWD,GHCND:USC00333292,",,7,0700",0
6850,2023-08-02T00:00:00,PRCP,GHCND:USC00333292,",,7,0700",0
6851,2023-08-02T00:00:00,SNOW,GHCND:USC00333292,",,7,",0
6852,2023-08-02T00:00:00,SNWD,GHCND:USC00333292,",,7,0700",0
6853,2023-08-03T00:00:00,PRCP,GHCND:USC00333292,",,7,0700",0
6854,2023-08-03T00:00:00,SNOW,GHCND:USC00333292,",,7,",0
6855,2023-08-03T00:00:00,SNWD,GHCND:USC00333292,",,7,0700",0
6856,2023-08-07T00:00:00,DAPR,GHCND:USC00333292,",,7,",4
6857,2023-08-07T00:00:00,MDPR,GHCND:USC00333292,",,7,",51
6858,2023-08-07T00:00:00,SNOW,GHCND:USC00333292,",,7,",0
6859,2023-08-07T00:00:00,SNWD,GHCND:USC00333292,",,7,0700",0
6860,2023-08-08T00:00:00,PRCP,GHCND:USC00333292,"T,,7,0700",0
6861,2023-08-08T00:00:00,SNOW,GHCND:USC00333292,",,7,",0
6862,2023-08-08T00:00:00,SNWD,GHCND:USC00333292,",,7,0700",0
6863,2023-08-09T00:00:00,PRCP,GHCND:USC00333292,",,7,0700",0
6864,2023-08-09T00:00:00,SNOW,GHCND:USC00333292,",,7,",0
6865,2023-08-09T00:00:00,SNWD,GHCND:USC00333292,",,7,0700",0
6866,2023-08-14T00:00:00,DAPR,GHCND:USC00333292,",,7,",5
6867,2023-08-14T00:00:00,MDPR,GHCND:USC00333292,",,7,",193
6868,2023-08-14T00:00:00,SNOW,GHCND:USC00333292,",,7,",0
6869,2023-08-14T00:00:00,SNWD,GHCND:USC00333292,",,7,0700",0
6870,2023-08-15T00:00:00,PRCP,GHCND:USC00333292,",,7,0700",15
6871,2023-08-15T00:00:00,SNOW,GHCND:USC00333292,",,7,",0
6872,2023-08-15T00:00:00,SNWD,GHCND:USC00333292,",,7,0700",0
6873,2023-08-16T00:00:00,PRCP,GHCND:USC00333292,",,7,0700",5
6874,2023-08-16T00:00:00,SNOW,GHCND:USC00333292,",,7,",0
6875,2023-08-16T00:00:00,SNWD,GHCND:USC00333292,",,7,0700",0
6876,2023-08-22T00:00:00,DAPR,GHCND:USC00333292,",,7,",6
6877,2023-08-22T00:00:00,MDPR,GHCND:USC00333292,",,7,",155
6878,2023-08-22T00:00:00,SNOW,GHCND:USC00333292,",,7,",0
6879,2023-08-22T00:00:00,SNWD,GHCND:USC00333292,",,7,0700",0
6880,2023-08-24T00:00:00,DAPR,GHCND:USC00333292,",,7,",2
6881,2023-08-24T00:00:00,MDPR,GHCND:USC00333292,",,7,",546
6882,2023-08-24T00:00:00,SNOW,GHCND:USC00333292,",,7,",0
6883,2023-08-24T00:00:00,SNWD,GHCND:USC00333292,",,7,0700",0
6884,2023-08-27T00:00:00,DAPR,GHCND:USC00333292,",,7,",3
6885,2023-08-27T00:00:00,MDPR,GHCND:USC00333292,",,7,",53
6886,2023-08-27T00:00:00,SNOW,GHCND:USC00333292,",,7,",0
6887,2023-08-27T00:00:00,SNWD,GHCND:USC00333292,",,7,0700",0
6888,2023-08-28T00:00:00,PRCP,GHCND:USC00333292,",,7,0700",0
6889,2023-08-28T00:00:00,SNOW,GHCND:USC00333292,",,7,",0
6890,2023-08-28T00:00:00,SNWD,GHCND:USC00333292,",,7,0700",0
6891,2023-08-29T00:00:00,PRCP,GHCND:USC00333292,",,7,0700",0
6892,2023-08-29T00:00:00,SNOW,GHCND:USC00333292,",,7,",0
6893,2023-08-29T00:00:00,SNWD,GHCND:USC00333292,",,7,0700",0
6894,2023-08-30T00:00:00,PRCP,GHCND:USC00333292,",,7,0700",20
6895,2023-08-30T00:00:00,SNOW,GHCND:USC00333292,",,7,",0
6896,2023-08-30T00:00:00,SNWD,GHCND:USC00333292,",,7,0700",0
6897,2023-08-31T00:00:00,PRCP,GHCND:USC00333292,",,7,0700",0
6898,2023-08-31T00:00:00,SNOW,GHCND:USC00333292,",,7,",0
6899,2023-08-31T00:00:00,SNWD,GHCND:USC00333292,",,7,0700",0
6900,2023-09-03T00:00:00,DAPR,GHCND:USC00333292,",,7,",3
6901,2023-09-03T00:00:00,MDPR,GHCND:USC00333292,",,7,",0
6902,2023-09-03T00:00:00,SNOW,GHCND:USC00333292,",,7,",0
6903,2023-09-03T00:00:00,SNWD,GHCND:USC00333292,",,7,0700",0
6904,2023-09-04T00:00:00,PRCP,GHCND:USC00333292,",,7,0700",0
6905,2023-09-04T00:00:00,SNOW,GHCND:USC00333292,",,7,",0
6906,2023-09-04T00:00:00,SNWD,GHCND:USC00333292,",,7,0700",0
6907,2023-09-05T00:00:00,PRCP,GHCND:USC00333292,",,7,0700",0
6908,2023-09-05T00:00:00,SNOW,GHCND:USC00333292,",,7,",0
6909,2023-09-05T00:00:00,SNWD,GHCND:USC00333292,",,7,0700",0
6910,2023-09-06T00:00:00,PRCP,GHCND:USC00333292,",,7,0700",0
6911,2023-09-06T00:00:00,SNOW,GHCND:USC00333292,",,7,",0
6912,2023-09-06T00:00:00,SNWD,GHCND:USC00333292,",,7,0700",0
6913,2023-09-13T00:00:00,PRCP,GHCND:USC00333292,",,7,0700",188
6914,2023-09-13T00:00:00,SNOW,GHCND:USC00333292,",,7,",0
6915,2023-09-13T00:00:00,SNWD,GHCND:USC00333292,",,7,0700",0
6916,2023-09-14T00:00:00,PRCP,GHCND:USC00333292,",,7,0700",0
6917,2023-09-14T00:00:00,SNOW,GHCND:USC00333292,",,7,",0
6918,2023-09-14T00:00:00,SNWD,GHCND:USC00333292,",,7,0700",0
6919,2023-09-17T00:00:00,DAPR,GHCND:USC00333292,",,7,",3
6920,2023-09-17T00:00:00,MDPR,GHCND:USC00333292,",,7,",0
6921,2023-09-17T00:00:00,SNOW,GHCND:USC00333292,",,7,",0
6922,2023-09-17T00:00:00,SNWD,GHCND:USC00333292,",,7,0700",0
6923,2023-09-18T00:00:00,PRCP,GHCND:USC00333292,",,7,0700",0
6924,2023-09-18T00:00:00,SNOW,GHCND:USC00333292,",,7,",0
6925,2023-09-18T00:00:00,SNWD,GHCND:USC00333292,",,7,0700",0
6926,2023-09-19T00:00:00,PRCP,GHCND:USC00333292,",,7,0700",0
6927,2023-09-19T00:00:00,SNOW,GHCND:USC00333292,",,7,",0
6928,2023-09-19T00:00:00,SNWD,GHCND:USC00333292,",,7,0700",0
6929,2023-09-20T00:00:00,PRCP,GHCND:USC00333292,",,7,0700",5
6930,2023-09-20T00:00:00,SNOW,GHCND:USC00333292,",,7,",0
6931,2023-09-20T00:00:00,SNWD,GHCND:USC00333292,",,7,0700",0
6932,2023-09-21T00:00:00,PRCP,GHCND:USC00333292,",,7,0700",0
6933,2023-09-21T00:00:00,SNOW,GHCND:USC00333292,",,7,",0
6934,2023-09-21T00:00:00,SNWD,GHCND:USC00333292,",,7,0700",0
6935,2023-09-22T00:00:00,PRCP,GHCND:USC00333292,",,7,0700",0
6936,2023-09-22T00:00:00,SNOW,GHCND:USC00333292,",,7,",0
6937,2023-09-22T00:00:00,SNWD,GHCND:USC00333292,",,7,0700",0
6938,2023-09-23T00:00:00,PRCP,GHCND:USC00333292,",,7,0700",0
6939,2023-09-23T00:00:00,SNOW,GHCND:USC00333292,",,7,",0
6940,2023-09-23T00:00:00,SNWD,GHCND:USC00333292,",,7,0700",0
6941,2023-09-25T00:00:00,PRCP,GHCND:USC00333292,",,7,0700",0
6942,2023-09-25T00:00:00,SNOW,GHCND:USC00333292,",,7,",0
6943,2023-09-25T00:00:00,SNWD,GHCND:USC00333292,",,7,0700",0
6944,2023-09-27T00:00:00,PRCP,GHCND:USC00333292,",,7,0700",38
6945,2023-09-27T00:00:00,SNOW,GHCND:USC00333292,",,7,",0
6946,2023-09-27T00:00:00,SNWD,GHCND:USC00333292,",,7,0700",0
6947,2023-09-28T00:00:00,PRCP,GHCND:USC00333292,",,7,0700",155
6948,2023-09-28T00:00:00,SNOW,GHCND:USC00333292,",,7,",0
6949,2023-09-28T00:00:00,SNWD,GHCND:USC00333292,",,7,0700",0
6950,2023-09-30T00:00:00,DAPR,GHCND:USC00333292,",,7,",2
6951,2023-09-30T00:00:00,MDPR,GHCND:USC00333292,",,7,",20
6952,2023-09-30T00:00:00,SNOW,GHCND:USC00333292,",,7,",0
6953,2023-09-30T00:00:00,SNWD,GHCND:USC00333292,",,7,0700",0
6954,2023-10-01T00:00:00,PRCP,GHCND:USC00333292,",,7,0700",8
6955,2023-10-01T00:00:00,SNOW,GHCND:USC00333292,",,7,",0
6956,2023-10-01T00:00:00,SNWD,GHCND:USC00333292,",,7,0700",0
6957,2023-10-02T00:00:00,PRCP,GHCND:USC00333292,",,7,0700",0
6958,2023-10-02T00:00:00,SNOW,GHCND:USC00333292,",,7,",0
6959,2023-10-02T00:00:00,SNWD,GHCND:USC00333292,",,7,0700",0
6960,2023-10-03T00:00:00,PRCP,GHCND:USC00333292,",,7,0700",0
6961,2023-10-03T00:00:00,SNOW,GHCND:USC00333292,",,7,",0
6962,2023-10-03T00:00:00,SNWD,GHCND:USC00333292,",,7,0700",0
6963,2023-10-04T00:00:00,PRCP,GHCND:USC00333292,",,7,0700",0
6964,2023-10-04T00:00:00,SNOW,GHCND:USC00333292,",,7,",0
6965,2023-10-04T00:00:00,SNWD,GHCND:USC00333292,",,7,0700",0
6966,2023-10-05T00:00:00,PRCP,GHCND:USC00333292,",,7,0700",0
6967,2023-10-05T00:00:00,SNOW,GHCND:USC00333292,",,7,",0
6968,2023-10-05T00:00:00,SNWD,GHCND:USC00333292,",,7,0700",0
6969,2023-10-06T00:00:00,PRCP,GHCND:USC00333292,",,7,0700",183
6970,2023-10-06T00:00:00,SNOW,GHCND:USC00333292,",,7,",0
6971,2023-10-06T00:00:00,SNWD,GHCND:USC00333292,",,7,0700",0
6972,2023-10-07T00:00:00,PRCP,GHCND:USC00333292,",,7,0700",8
6973,2023-10-07T00:00:00,SNOW,GHCND:USC00333292,",,7,",0
6974,2023-10-07T00:00:00,SNWD,GHCND:USC00333292,",,7,0700",0
6975,2023-10-08T00:00:00,SNOW,GHCND:USC00333292,",,7,",0
6976,2023-10-08T00:00:00,SNWD,GHCND:USC00333292,",,7,0700",0
6977,2023-10-09T00:00:00,SNOW,GHCND:USC00333292,",,7,",0
6978,2023-10-09T00:00:00,SNWD,GHCND:USC00333292,",,7,0700",0
6979,2023-10-10T00:00:00,DAPR,GHCND:USC00333292,",,7,",3
6980,2023-10-10T00:00:00,MDPR,GHCND:USC00333292,",,7,",5
6981,2023-10-10T00:00:00,SNOW,GHCND:USC00333292,",,7,",0
6982,2023-10-10T00:00:00,SNWD,GHCND:USC00333292,",,7,0700",0
6983,2023-10-11T00:00:00,PRCP,GHCND:USC00333292,",,7,0700",0
6984,2023-10-11T00:00:00,SNOW,GHCND:USC00333292,",,7,",0
6985,2023-10-11T00:00:00,SNWD,GHCND:USC00333292,",,7,0700",0
6986,2023-10-12T00:00:00,PRCP,GHCND:USC00333292,",,7,0700",3
6987,2023-10-12T00:00:00,SNOW,GHCND:USC00333292,",,7,",0
6988,2023-10-12T00:00:00,SNWD,GHCND:USC00333292,",,7,0700",0
6989,2023-10-13T00:00:00,PRCP,GHCND:USC00333292,",,7,0700",0
6990,2023-10-13T00:00:00,SNOW,GHCND:USC00333292,",,7,",0
6991,2023-10-13T00:00:00,SNWD,GHCND:USC00333292,",,7,0700",0
6992,2023-10-14T00:00:00,PRCP,GHCND:USC00333292,",,7,0700",236
6993,2023-10-14T00:00:00,SNOW,GHCND:USC00333292,",,7,",0
6994,2023-10-14T00:00:00,SNWD,GHCND:USC00333292,",,7,0700",0
6995,2023-10-15T00:00:00,PRCP,GHCND:USC00333292,",,7,0700",89
6996,2023-10-15T00:00:00,SNOW,GHCND:USC00333292,",,7,",0
6997,2023-10-15T00:00:00,SNWD,GHCND:USC00333292,",,7,0700",0
6998,2023-10-16T00:00:00,PRCP,GHCND:USC00333292,",,7,0700",0
6999,2023-10-16T00:00:00,SNOW,GHCND:USC00333292,",,7,",0
7000,2023-10-16T00:00:00,SNWD,GHCND:USC00333292,",,7,0700",0
7001,2023-10-17T00:00:00,PRCP,GHCND:USC00333292,",,7,0700",0
7002,2023-10-17T00:00:00,SNOW,GHCND:USC00333292,",,7,",0
7003,2023-10-17T00:00:00,SNWD,GHCND:USC00333292,",,7,0700",0
7004,2023-10-18T00:00:00,PRCP,GHCND:USC00333292,",,7,0700",0
7005,2023-10-18T00:00:00,SNOW,GHCND:USC00333292,",,7,",0
7006,2023-10-18T00:00:00,SNWD,GHCND:USC00333292,",,7,0700",0
7007,2023-10-19T00:00:00,PRCP,GHCND:USC00333292,",,7,0700",0
7008,2023-10-19T00:00:00,SNOW,GHCND:USC00333292,",,7,",0
7009,2023-10-19T00:00:00,SNWD,GHCND:USC00333292,",,7,0700",0
7010,2023-10-20T00:00:00,PRCP,GHCND:USC00333292,",,7,0700",119
7011,2023-10-20T00:00:00,SNOW,GHCND:USC00333292,",,7,",0
7012,2023-10-20T00:00:00,SNWD,GHCND:USC00333292,",,7,0700",0
7013,2023-10-21T00:00:00,PRCP,GHCND:USC00333292,",,7,0700",15
7014,2023-10-21T00:00:00,SNOW,GHCND:USC00333292,",,7,",0
7015,2023-10-21T00:00:00,SNWD,GHCND:USC00333292,",,7,0700",0
7016,2023-10-22T00:00:00,PRCP,GHCND:USC00333292,",,7,0700",79
7017,2023-10-22T00:00:00,SNOW,GHCND:USC00333292,",,7,",0
7018,2023-10-22T00:00:00,SNWD,GHCND:USC00333292,",,7,0700",0
7019,2023-10-23T00:00:00,PRCP,GHCND:USC00333292,",,7,0700",0
7020,2023-10-23T00:00:00,SNOW,GHCND:USC00333292,",,7,",0
7021,2023-10-23T00:00:00,SNWD,GHCND:USC00333292,",,7,0700",0
7022,2023-10-24T00:00:00,PRCP,GHCND:USC00333292,",,7,0700",0
7023,2023-10-24T00:00:00,SNOW,GHCND:USC00333292,",,7,",0
7024,2023-10-24T00:00:00,SNWD,GHCND:USC00333292,",,7,0700",0
7025,2023-10-25T00:00:00,PRCP,GHCND:USC00333292,",,7,0700",0
7026,2023-10-25T00:00:00,SNOW,GHCND:USC00333292,",,7,",0
7027,2023-10-25T00:00:00,SNWD,GHCND:USC00333292,",,7,0700",0
7028,2023-10-26T00:00:00,PRCP,GHCND:USC00333292,",,7,0700",0
7029,2023-10-26T00:00:00,SNOW,GHCND:USC00333292,",,7,",0
7030,2023-10-26T00:00:00,SNWD,GHCND:USC00333292,",,7,0700",0
7031,2023-10-27T00:00:00,PRCP,GHCND:USC00333292,",,7,0700",0
7032,2023-10-27T00:00:00,SNOW,GHCND:USC00333292,",,7,",0
7033,2023-10-27T00:00:00,SNWD,GHCND:USC00333292,",,7,0700",0
7034,2023-10-28T00:00:00,PRCP,GHCND:USC00333292,",,7,0700",5
7035,2023-10-28T00:00:00,SNOW,GHCND:USC00333292,",,7,",0
7036,2023-10-28T00:00:00,SNWD,GHCND:USC00333292,",,7,0700",0
7037,2023-10-29T00:00:00,PRCP,GHCND:USC00333292,",,7,0700",147
7038,2023-10-29T00:00:00,SNOW,GHCND:USC00333292,",,7,",0
7039,2023-10-29T00:00:00,SNWD,GHCND:USC00333292,",,7,0700",0
7040,2023-10-30T00:00:00,PRCP,GHCND:USC00333292,",,7,0700",140
7041,2023-10-30T00:00:00,SNOW,GHCND:USC00333292,",,7,",0
7042,2023-10-30T00:00:00,SNWD,GHCND:USC00333292,",,7,0700",0
7043,2023-10-31T00:00:00,PRCP,GHCND:USC00333292,",,7,0700",8
7044,2023-10-31T00:00:00,SNOW,GHCND:USC00333292,",,7,",0
7045,2023-10-31T00:00:00,SNWD,GHCND:USC00333292,",,7,0700",0
7046,2023-11-01T00:00:00,PRCP,GHCND:USC00333292,",,7,0700",8
7047,2023-11-01T00:00:00,SNOW,GHCND:USC00333292,"T,,7,",0
7048,2023-11-01T00:00:00,SNWD,GHCND:USC00333292,"T,,7,0700",0
7049,2023-11-02T00:00:00,PRCP,GHCND:USC00333292,",,7,0700",0
7050,2023-11-02T00:00:00,SNOW,GHCND:USC00333292,",,7,",0
7051,2023-11-02T00:00:00,SNWD,GHCND:USC00333292,",,7,0700",0
7052,2023-11-03T00:00:00,PRCP,GHCND:USC00333292,",,7,0700",0
7053,2023-11-03T00:00:00,SNOW,GHCND:USC00333292,",,7,",0
7054,2023-11-03T00:00:00,SNWD,GHCND:USC00333292,",,7,0700",0
7055,2023-11-04T00:00:00,PRCP,GHCND:USC00333292,",,7,0700",3
7056,2023-11-04T00:00:00,SNOW,GHCND:USC00333292,",,7,",0
7057,2023-11-04T00:00:00,SNWD,GHCND:USC00333292,",,7,0700",0
7058,2023-11-05T00:00:00,PRCP,GHCND:USC00333292,",,7,0700",0
7059,2023-11-05T00:00:00,SNOW,GHCND:USC00333292,",,7,",0
7060,2023-11-05T00:00:00,SNWD,GHCND:USC00333292,",,7,0700",0
7061,2023-11-06T00:00:00,PRCP,GHCND:USC00333292,",,7,0700",0
7062,2023-11-06T00:00:00,SNOW,GHCND:USC00333292,",,7,",0
7063,2023-11-06T00:00:00,SNWD,GHCND:USC00333292,",,7,0700",0
7064,2023-11-07T00:00:00,PRCP,GHCND:USC00333292,",,7,0700",0
7065,2023-11-07T00:00:00,SNOW,GHCND:USC00333292,",,7,",0
7066,2023-11-07T00:00:00,SNWD,GHCND:USC00333292,",,7,0700",0
7067,2023-11-08T00:00:00,PRCP,GHCND:USC00333292,",,7,0700",0
7068,2023-11-08T00:00:00,SNOW,GHCND:USC00333292,",,7,",0
7069,2023-11-08T00:00:00,SNWD,GHCND:USC00333292,",,7,0700",0
7070,2023-11-09T00:00:00,PRCP,GHCND:USC00333292,",,7,0700",0
7071,2023-11-09T00:00:00,SNOW,GHCND:USC00333292,",,7,",0
7072,2023-11-09T00:00:00,SNWD,GHCND:USC00333292,",,7,0700",0
7073,2023-11-10T00:00:00,PRCP,GHCND:USC00333292,",,7,0700",0
7074,2023-11-10T00:00:00,SNOW,GHCND:USC00333292,",,7,",0
7075,2023-11-10T00:00:00,SNWD,GHCND:USC00333292,",,7,0700",0
7076,2023-11-11T00:00:00,PRCP,GHCND:USC00333292,",,7,0700",0
7077,2023-11-11T00:00:00,SNOW,GHCND:USC00333292,",,7,",0
7078,2023-11-11T00:00:00,SNWD,GHCND:USC00333292,",,7,0700",0
7079,2023-11-12T00:00:00,PRCP,GHCND:USC00333292,",,7,0700",0
7080,2023-11-12T00:00:00,SNOW,GHCND:USC00333292,",,7,",0
7081,2023-11-12T00:00:00,SNWD,GHCND:USC00333292,",,7,0700",0
7082,2023-11-13T00:00:00,PRCP,GHCND:USC00333292,",,7,0700",0
7083,2023-11-13T00:00:00,SNOW,GHCND:USC00333292,",,7,",0
7084,2023-11-13T00:00:00,SNWD,GHCND:USC00333292,",,7,0700",0
7085,2023-11-14T00:00:00,PRCP,GHCND:USC00333292,",,7,0700",0
7086,2023-11-14T00:00:00,SNOW,GHCND:USC00333292,",,7,",0
7087,2023-11-14T00:00:00,SNWD,GHCND:USC00333292,",,7,0700",0
7088,2023-11-15T00:00:00,PRCP,GHCND:USC00333292,",,7,0700",0
7089,2023-11-15T00:00:00,SNOW,GHCND:USC00333292,",,7,",0
7090,2023-11-15T00:00:00,SNWD,GHCND:USC00333292,",,7,0700",0
7091,2023-11-16T00:00:00,PRCP,GHCND:USC00333292,",,7,0700",0
7092,2023-11-16T00:00:00,SNOW,GHCND:USC00333292,",,7,",0
7093,2023-11-16T00:00:00,SNWD,GHCND:USC00333292,",,7,0700",0
7094,2023-11-28T00:00:00,DAPR,GHCND:USC00333292,",,7,",12
7095,2023-11-28T00:00:00,MDPR,GHCND:USC00333292,",,7,",152
7096,2023-11-30T00:00:00,DAPR,GHCND:USC00333292,",,7,",2
7097,2023-11-30T00:00:00,MDPR,GHCND:USC00333292,",,7,",0
7098,2023-11-30T00:00:00,SNOW,GHCND:USC00333292,",,7,",0
7099,2023-11-30T00:00:00,SNWD,GHCND:USC00333292,",,7,0700",0
7100,2023-12-04T00:00:00,DAPR,GHCND:USC00333292,",,7,",4
7101,2023-12-04T00:00:00,MDPR,GHCND:USC00333292,",,7,",152
7102,2023-12-05T00:00:00,PRCP,GHCND:USC00333292,",,7,0700",8
7103,2023-12-06T00:00:00,PRCP,GHCND:USC00333292,",,7,0700",18
7104,2023-12-07T00:00:00,PRCP,GHCND:USC00333292,",,7,0700",0
7105,2023-12-07T00:00:00,SNOW,GHCND:USC00333292,",,7,",0
7106,2023-12-10T00:00:00,DAPR,GHCND:USC00333292,",,7,",3
7107,2023-12-10T00:00:00,MDPR,GHCND:USC00333292,",,7,",0
7108,2023-12-10T00:00:00,SNOW,GHCND:USC00333292,",,7,",0
7109,2023-12-13T00:00:00,DAPR,GHCND:USC00333292,",,7,",3
7110,2023-12-13T00:00:00,MDPR,GHCND:USC00333292,",,7,",0
7111,2023-12-13T00:00:00,SNOW,GHCND:USC00333292,",,7,",0
7112,2023-12-14T00:00:00,PRCP,GHCND:USC00333292,",,7,0700",0
7113,2023-12-14T00:00:00,SNOW,GHCND:USC00333292,",,7,",0
7114,2023-12-27T00:00:00,DAPR,GHCND:USC00333292,",,7,",13
7115,2023-12-27T00:00:00,MDPR,GHCND:USC00333292,",,7,",208
7116,2023-12-28T00:00:00,PRCP,GHCND:USC00333292,",,7,0700",43
7117,2023-12-31T00:00:00,DAPR,GHCND:USC00333292,",,7,",3
7118,2023-12-31T00:00:00,MDPR,GHCND:USC00333292,",,7,",5
7119,2024-01-01T00:00:00,PRCP,GHCND:USC00333292,",,7,0700",46
7120,2024-01-02T00:00:00,PRCP,GHCND:USC00333292,"T,,7,0700",0
7121,2024-01-03T00:00:00,PRCP,GHCND:USC00333292,",,7,0700",0
7122,2024-01-03T00:00:00,SNOW,GHCND:USC00333292,",,7,",0
7123,2024-01-04T00:00:00,PRCP,GHCND:USC00333292,"T,,7,0700",0
7124,2024-01-08T00:00:00,DAPR,GHCND:USC00333292,",,7,",4
7125,2024-01-08T00:00:00,MDPR,GHCND:USC00333292,",,7,",25
7126,2024-01-09T00:00:00,PRCP,GHCND:USC00333292,",,7,0700",130
7127,2024-01-09T00:00:00,SNOW,GHCND:USC00333292,",,7,",13
7128,2024-01-10T00:00:00,PRCP,GHCND:USC00333292,",,7,0700",191
7129,2024-01-11T00:00:00,PRCP,GHCND:USC00333292,",,7,0700",10
7130,2024-01-17T00:00:00,DAPR,GHCND:USC00333292,",,7,",6
7131,2024-01-17T00:00:00,MDPR,GHCND:USC00333292,",,7,",226
7132,2024-01-21T00:00:00,DAPR,GHCND:USC00333292,",,7,",4
7133,2024-01-21T00:00:00,MDPR,GHCND:USC00333292,",,7,",43
7134,2024-01-21T00:00:00,SNOW,GHCND:USC00333292,",,7,",38
7135,2024-01-21T00:00:00,SNWD,GHCND:USC00333292,",,7,0700",76
7136,2024-01-22T00:00:00,PRCP,GHCND:USC00333292,",,7,0700",0
7137,2024-01-22T00:00:00,SNOW,GHCND:USC00333292,",,7,",0
7138,2024-01-22T00:00:00,SNWD,GHCND:USC00333292,",,7,0700",51
7139,2024-01-23T00:00:00,PRCP,GHCND:USC00333292,",,7,0700",53
7140,2024-01-23T00:00:00,SNOW,GHCND:USC00333292,",,7,",0
7141,2024-01-23T00:00:00,SNWD,GHCND:USC00333292,",,7,0700",51
7142,2024-01-23T00:00:00,WT06,GHCND:USC00333292,",,7,",1
7143,2024-01-24T00:00:00,PRCP,GHCND:USC00333292,",,7,0700",66
7144,2024-01-24T00:00:00,SNOW,GHCND:USC00333292,",,7,",0
7145,2024-01-24T00:00:00,SNWD,GHCND:USC00333292,",,7,0700",25
7146,2024-01-24T00:00:00,WT01,GHCND:USC00333292,",,7,",1
7147,2024-01-26T00:00:00,DAPR,GHCND:USC00333292,",,7,",2
7148,2024-01-26T00:00:00,MDPR,GHCND:USC00333292,",,7,",191
7149,2024-01-28T00:00:00,DAPR,GHCND:USC00333292,",,7,",2
7150,2024-01-28T00:00:00,MDPR,GHCND:USC00333292,",,7,",107
7151,2024-01-29T00:00:00,PRCP,GHCND:USC00333292,",,7,0700",18
7152,2024-01-30T00:00:00,PRCP,GHCND:USC00333292,",,7,0700",0
7153,2024-01-30T00:00:00,SNOW,GHCND:USC00333292,",,7,",0
7154,2024-01-31T00:00:00,PRCP,GHCND:USC00333292,",,7,0700",28
7155,2024-02-01T00:00:00,PRCP,GHCND:USC00333292,",,7,0700",0
7156,2024-02-01T00:00:00,SNOW,GHCND:USC00333292,",,7,",0
7157,2024-02-01T00:00:00,SNWD,GHCND:USC00333292,",,7,0700",0
7158,2024-02-08T00:00:00,DAPR,GHCND:USC00333292,",,7,",7
7159,2024-02-08T00:00:00,MDPR,GHCND:USC00333292,",,7,",0
7160,2024-02-08T00:00:00,SNOW,GHCND:USC00333292,",,7,",0
7161,2024-02-08T00:00:00,SNWD,GHCND:USC00333292,",,7,0700",0
7162,2024-02-11T00:00:00,DAPR,GHCND:USC00333292,",,7,",3
7163,2024-02-11T00:00:00,MDPR,GHCND:USC00333292,",,7,",0
7164,2024-02-11T00:00:00,SNOW,GHCND:USC00333292,",,7,",0
7165,2024-02-11T00:00:00,SNWD,GHCND:USC00333292,",,7,0700",0
7166,2024-02-13T00:00:00,DAPR,GHCND:USC00333292,",,7,",2
7167,2024-02-13T00:00:00,MDPR,GHCND:USC00333292,",,7,",0
7168,2024-02-13T00:00:00,SNOW,GHCND:USC00333292,",,7,",0
7169,2024-02-13T00:00:00,SNWD,GHCND:USC00333292,",,7,0700",0
7170,2024-02-15T00:00:00,DAPR,GHCND:USC00333292,",,7,",2
7171,2024-02-15T00:00:00,MDPR,GHCND:USC00333292,",,7,",0
7172,2024-02-25T00:00:00,DAPR,GHCND:USC00333292,",,7,",9
7173,2024-02-25T00:00:00,MDPR,GHCND:USC00333292,",,7,",132
7174,2024-02-28T00:00:00,DAPR,GHCND:USC00333292,",,7,",3
7175,2024-02-28T00:00:00,MDPR,GHCND:USC00333292,",,7,",38
7176,2024-02-28T00:00:00,SNOW,GHCND:USC00333292,",,7,",0
7177,2024-02-28T00:00:00,SNWD,GHCND:USC00333292,",,7,0700",0
7178,2024-03-06T00:00:00,DAPR,GHCND:USC00333292,",,7,",7
7179,2024-03-06T00:00:00,MDPR,GHCND:USC00333292,",,7,",43
7180,2024-03-06T00:00:00,SNOW,GHCND:USC00333292,",,7,",0
7181,2024-03-06T00:00:00,SNWD,GHCND:USC00333292,",,7,0700",0
7182,2024-03-10T00:00:00,DAPR,GHCND:USC00333292,",,7,",4
7183,2024-03-10T00:00:00,MDPR,GHCND:USC00333292,",,7,",231
7184,2024-03-11T00:00:00,PRCP,GHCND:USC00333292,",,7,0700",0
7185,2024-03-11T00:00:00,SNOW,GHCND:USC00333292,",,7,",0
7186,2024-03-11T00:00:00,SNWD,GHCND:USC00333292,",,7,0700",0
7187,2024-03-13T00:00:00,DAPR,GHCND:USC00333292,",,7,",2
7188,2024-03-13T00:00:00,MDPR,GHCND:USC00333292,",,7,",0
7189,2024-03-13T00:00:00,SNOW,GHCND:USC00333292,",,7,",0
7190,2024-03-13T00:00:00,SNWD,GHCND:USC00333292,",,7,0700",0
7191,2024-03-15T00:00:00,PRCP,GHCND:USC00333292,",,7,0700",429
7192,2024-03-15T00:00:00,SNOW,GHCND:USC00333292,",,7,",0
7193,2024-03-15T00:00:00,SNWD,GHCND:USC00333292,",,7,0700",0
7194,2024-03-17T00:00:00,PRCP,GHCND:USC00333292,",,7,0700",18
7195,2024-03-18T00:00:00,PRCP,GHCND:USC00333292,",,7,0700",0
7196,2024-03-18T00:00:00,SNOW,GHCND:USC00333292,",,7,",0
7197,2024-03-18T00:00:00,SNWD,GHCND:USC00333292,",,7,0700",0
7198,2024-03-21T00:00:00,PRCP,GHCND:USC00333292,",,7,0700",0
7199,2024-03-21T00:00:00,SNOW,GHCND:USC00333292,",,7,",0
7200,2024-03-21T00:00:00,SNWD,GHCND:USC00333292,",,7,0700",0
7201,2024-03-22T00:00:00,PRCP,GHCND:USC00333292,",,7,0700",0
7202,2024-03-22T00:00:00,SNOW,GHCND:USC00333292,",,7,",0
7203,2024-03-22T00:00:00,SNWD,GHCND:USC00333292,",,7,0700",0
7204,2024-03-23T00:00:00,PRCP,GHCND:USC00333292,",,7,0700",0
7205,2024-03-23T00:00:00,SNOW,GHCND:USC00333292,",,7,",0
7206,2024-03-23T00:00:00,SNWD,GHCND:USC00333292,",,7,0700",0
7207,2024-03-27T00:00:00,PRCP,GHCND:USC00333292,",,7,0700",61
7208,2024-03-27T00:00:00,SNOW,GHCND:USC00333292,",,7,",0
7209,2024-03-27T00:00:00,SNWD,GHCND:USC00333292,",,7,0700",0
7210,2024-03-28T00:00:00,PRCP,GHCND:USC00333292,",,7,0700",0
7211,2024-03-28T00:00:00,SNOW,GHCND:USC00333292,",,7,",0
7212,2024-03-28T00:00:00,SNWD,GHCND:USC00333292,",,7,0700",0
7213,2024-03-29T00:00:00,PRCP,GHCND:USC00333292,",,7,0700",0
7214,2024-03-29T00:00:00,SNOW,GHCND:USC00333292,",,7,",0
7215,2024-03-29T00:00:00,SNWD,GHCND:USC00333292,",,7,0700",0
7216,2024-03-30T00:00:00,PRCP,GHCND:USC00333292,",,7,0700",56
7217,2024-03-30T00:00:00,SNOW,GHCND:USC00333292,",,7,",0
7218,2024-03-30T00:00:00,SNWD,GHCND:USC00333292,",,7,0700",0
7219,2024-03-31T00:00:00,PRCP,GHCND:USC00333292,"T,,7,0700",0
7220,2024-03-31T00:00:00,SNOW,GHCND:USC00333292,",,7,",0
7221,2024-03-31T00:00:00,SNWD,GHCND:USC00333292,",,7,0700",0
7222,2024-04-01T00:00:00,PRCP,GHCND:USC00333292,",,7,0700",183
7223,2024-04-01T00:00:00,SNOW,GHCND:USC00333292,",,7,",0
7224,2024-04-01T00:00:00,SNWD,GHCND:USC00333292,",,7,0700",0
7225,2024-04-02T00:00:00,PRCP,GHCND:USC00333292,",,7,0700",206
7226,2024-04-02T00:00:00,SNOW,GHCND:USC00333292,",,7,",0
7227,2024-04-02T00:00:00,SNWD,GHCND:USC00333292,",,7,0700",0
7228,2024-04-03T00:00:00,PRCP,GHCND:USC00333292,",,7,0700",23
7229,2024-04-03T00:00:00,SNOW,GHCND:USC00333292,",,7,",0
7230,2024-04-03T00:00:00,SNWD,GHCND:USC00333292,",,7,0700",0
7231,2024-04-04T00:00:00,PRCP,GHCND:USC00333292,",,7,0700",13
7232,2024-04-05T00:00:00,PRCP,GHCND:USC00333292,",,7,0700",13
7233,2024-04-08T00:00:00,DAPR,GHCND:USC00333292,",,7,",2
7234,2024-04-08T00:00:00,MDPR,GHCND:USC00333292,",,7,",18
7235,2024-04-08T00:00:00,SNOW,GHCND:USC00333292,",,7,",0
7236,2024-04-08T00:00:00,SNWD,GHCND:USC00333292,",,7,0700",0
7237,2024-04-09T00:00:00,PRCP,GHCND:USC00333292,",,7,0700",0
7238,2024-04-09T00:00:00,SNOW,GHCND:USC00333292,",,7,",0
7239,2024-04-09T00:00:00,SNWD,GHCND:USC00333292,",,7,0700",0
7240,2024-04-10T00:00:00,PRCP,GHCND:USC00333292,",,7,0700",0
7241,2024-04-10T00:00:00,SNOW,GHCND:USC00333292,",,7,",0
7242,2024-04-10T00:00:00,SNWD,GHCND:USC00333292,",,7,0700",0
7243,2024-04-11T00:00:00,PRCP,GHCND:USC00333292,",,7,0700",277
7244,2024-04-11T00:00:00,SNOW,GHCND:USC00333292,",,7,",0
7245,2024-04-11T00:00:00,SNWD,GHCND:USC00333292,",,7,0700",0
7246,2024-04-12T00:00:00,PRCP,GHCND:USC00333292,",,7,0700",315
7247,2024-04-12T00:00:00,SNOW,GHCND:USC00333292,",,7,",0
7248,2024-04-12T00:00:00,SNWD,GHCND:USC00333292,",,7,0700",0
7249,2024-04-15T00:00:00,PRCP,GHCND:USC00333292,",,7,0700",0
7250,2024-04-15T00:00:00,SNOW,GHCND:USC00333292,",,7,",0
7251,2024-04-15T00:00:00,SNWD,GHCND:USC00333292,",,7,0700",0
7252,2024-04-16T00:00:00,PRCP,GHCND:USC00333292,",,7,0700",0
7253,2024-04-16T00:00:00,SNOW,GHCND:USC00333292,",,7,",0
7254,2024-04-16T00:00:00,SNWD,GHCND:USC00333292,",,7,0700",0
7255,2024-04-17T00:00:00,PRCP,GHCND:USC00333292,",,7,0700",15
7256,2024-04-17T00:00:00,SNOW,GHCND:USC00333292,",,7,",0
7257,2024-04-17T00:00:00,SNWD,GHCND:USC00333292,",,7,0700",0
7258,2024-04-18T00:00:00,PRCP,GHCND:USC00333292,",,7,0700",76
7259,2024-04-18T00:00:00,SNOW,GHCND:USC00333292,",,7,",0
7260,2024-04-18T00:00:00,SNWD,GHCND:USC00333292,",,7,0700",0
7261,2024-04-24T00:00:00,PRCP,GHCND:USC00333292,",,7,0700",211
7262,2024-04-24T00:00:00,SNOW,GHCND:USC00333292,",,7,",0
7263,2024-04-24T00:00:00,SNWD,GHCND:USC00333292,",,7,0700",0
7264,2024-04-25T00:00:00,PRCP,GHCND:USC00333292,",,7,0700",0
7265,2024-04-25T00:00:00,SNOW,GHCND:USC00333292,",,7,",0
7266,2024-04-25T00:00:00,SNWD,GHCND:USC00333292,",,7,0700",0
7267,2024-04-26T00:00:00,PRCP,GHCND:USC00333292,",,7,0700",0
7268,2024-04-26T00:00:00,SNOW,GHCND:USC00333292,",,7,",0
7269,2024-04-26T00:00:00,SNWD,GHCND:USC00333292,",,7,0700",0
7270,2024-04-27T00:00:00,PRCP,GHCND:USC00333292,",,7,0700",20
7271,2024-04-27T00:00:00,SNOW,GHCND:USC00333292,",,7,",0
7272,2024-04-27T00:00:00,SNWD,GHCND:USC00333292,",,7,0700",0
7273,2024-04-28T00:00:00,PRCP,GHCND:USC00333292,",,7,0700",130
7274,2024-04-28T00:00:00,SNOW,GHCND:USC00333292,",,7,",0
7275,2024-04-28T00:00:00,SNWD,GHCND:USC00333292,",,7,0700",0
7276,2024-04-30T00:00:00,DAPR,GHCND:USC00333292,",,7,",2
7277,2024-04-30T00:00:00,MDPR,GHCND:USC00333292,",,7,",292
7278,2024-04-30T00:00:00,SNOW,GHCND:USC00333292,",,7,",0
7279,2024-04-30T00:00:00,SNWD,GHCND:USC00333292,",,7,0700",0
7280,2024-05-01T00:00:00,PRCP,GHCND:USC00333292,",,7,0700",0
7281,2024-05-01T00:00:00,SNOW,GHCND:USC00333292,",,7,",0
7282,2024-05-01T00:00:00,SNWD,GHCND:USC00333292,",,7,0700",0
7283,2024-05-02T00:00:00,PRCP,GHCND:USC00333292,",,7,0700",0
7284,2024-05-02T00:00:00,SNOW,GHCND:USC00333292,",,7,",0
7285,2024-05-02T00:00:00,SNWD,GHCND:USC00333292,",,7,0700",0
7286,2024-05-03T00:00:00,PRCP,GHCND:USC00333292,",,7,0700",114
7287,2024-05-03T00:00:00,SNOW,GHCND:USC00333292,",,7,",0
7288,2024-05-03T00:00:00,SNWD,GHCND:USC00333292,",,7,0700",0
7289,2024-05-04T00:00:00,PRCP,GHCND:USC00333292,",,7,0700",3
7290,2024-05-04T00:00:00,SNOW,GHCND:USC00333292,",,7,",0
7291,2024-05-04T00:00:00,SNWD,GHCND:USC00333292,",,7,0700",0
7292,2024-05-06T00:00:00,DAPR,GHCND:USC00333292,",,7,",2
7293,2024-05-06T00:00:00,MDPR,GHCND:USC00333292,",,7,",450
7294,2024-05-06T00:00:00,SNOW,GHCND:USC00333292,",,7,",0
7295,2024-05-06T00:00:00,SNWD,GHCND:USC00333292,",,7,0700",0
7296,2024-05-07T00:00:00,PRCP,GHCND:USC00333292,",,7,0700",0
7297,2024-05-07T00:00:00,SNOW,GHCND:USC00333292,",,7,",0
7298,2024-05-07T00:00:00,SNWD,GHCND:USC00333292,",,7,0700",0
7299,2024-05-08T00:00:00,PRCP,GHCND:USC00333292,",,7,0700",74
7300,2024-05-08T00:00:00,SNOW,GHCND:USC00333292,",,7,",0
7301,2024-05-08T00:00:00,SNWD,GHCND:USC00333292,",,7,0700",0
7302,2024-05-09T00:00:00,PRCP,GHCND:USC00333292,",,7,0700",0
7303,2024-05-09T00:00:00,SNOW,GHCND:USC00333292,",,7,",0
7304,2024-05-09T00:00:00,SNWD,GHCND:USC00333292,",,7,0700",0
7305,2024-05-10T00:00:00,PRCP,GHCND:USC00333292,",,7,0700",168
7306,2024-05-10T00:00:00,SNOW,GHCND:USC00333292,",,7,",0
7307,2024-05-10T00:00:00,SNWD,GHCND:USC00333292,",,7,0700",0
7308,2024-05-11T00:00:00,PRCP,GHCND:USC00333292,",,7,0700",74
7309,2024-05-11T00:00:00,SNOW,GHCND:USC00333292,",,7,",0
7310,2024-05-11T00:00:00,SNWD,GHCND:USC00333292,",,7,0700",0
7311,2024-05-13T00:00:00,DAPR,GHCND:USC00333292,",,7,",2
7312,2024-05-13T00:00:00,MDPR,GHCND:USC00333292,",,7,",0
7313,2024-05-13T00:00:00,SNOW,GHCND:USC00333292,",,7,",0
7314,2024-05-13T00:00:00,SNWD,GHCND:USC00333292,",,7,0700",0
7315,2024-05-15T00:00:00,PRCP,GHCND:USC00333292,",,7,0700",30
7316,2024-05-15T00:00:00,SNOW,GHCND:USC00333292,",,7,",0
7317,2024-05-15T00:00:00,SNWD,GHCND:USC00333292,",,7,0700",0
7318,2024-05-16T00:00:00,PRCP,GHCND:USC00333292,",,7,0700",0
7319,2024-05-16T00:00:00,SNOW,GHCND:USC00333292,",,7,",0
7320,2024-05-16T00:00:00,SNWD,GHCND:USC00333292,",,7,0700",0
7321,2024-05-17T00:00:00,PRCP,GHCND:USC00333292,",,7,0700",124
7322,2024-05-17T00:00:00,SNOW,GHCND:USC00333292,",,7,",0
7323,2024-05-17T00:00:00,SNWD,GHCND:USC00333292,",,7,0700",0
7324,2024-05-18T00:00:00,PRCP,GHCND:USC00333292,",,7,0700",3
7325,2024-05-18T00:00:00,SNOW,GHCND:USC00333292,",,7,",0
7326,2024-05-18T00:00:00,SNWD,GHCND:USC00333292,",,7,0700",0
7327,2024-05-21T00:00:00,DAPR,GHCND:USC00333292,",,7,",3
7328,2024-05-21T00:00:00,MDPR,GHCND:USC00333292,",,7,",208
7329,2024-05-21T00:00:00,SNOW,GHCND:USC00333292,",,7,",0
7330,2024-05-21T00:00:00,SNWD,GHCND:USC00333292,",,7,0700",0
7331,2024-05-22T00:00:00,PRCP,GHCND:USC00333292,",,7,0700",0
7332,2024-05-22T00:00:00,SNOW,GHCND:USC00333292,",,7,",0
7333,2024-05-22T00:00:00,SNWD,GHCND:USC00333292,",,7,0700",0
7334,2024-05-23T00:00:00,PRCP,GHCND:USC00333292,",,7,0700",0
7335,2024-05-23T00:00:00,SNOW,GHCND:USC00333292,",,7,",0
7336,2024-05-23T00:00:00,SNWD,GHCND:USC00333292,",,7,0700",0
7337,2024-05-24T00:00:00,PRCP,GHCND:USC00333292,",,7,0700",0
7338,2024-05-24T00:00:00,SNOW,GHCND:USC00333292,",,7,",0
7339,2024-05-24T00:00:00,SNWD,GHCND:USC00333292,",,7,0700",0
7340,2024-05-25T00:00:00,PRCP,GHCND:USC00333292,",,7,0700",0
7341,2024-05-25T00:00:00,SNOW,GHCND:USC00333292,",,7,",0
7342,2024-05-25T00:00:00,SNWD,GHCND:USC00333292,",,7,0700",0
7343,2024-05-27T00:00:00,DAPR,GHCND:USC00333292,",,7,",2
7344,2024-05-27T00:00:00,MDPR,GHCND:USC00333292,",,7,",208
7345,2024-05-27T00:00:00,SNOW,GHCND:USC00333292,",,7,",0
7346,2024-05-27T00:00:00,SNWD,GHCND:USC00333292,",,7,0700",0
7347,2024-05-28T00:00:00,PRCP,GHCND:USC00333292,"T,,7,0700",0
7348,2024-05-28T00:00:00,SNOW,GHCND:USC00333292,",,7,",0
7349,2024-05-28T00:00:00,SNWD,GHCND:USC00333292,",,7,0700",0
7350,2024-05-29T00:00:00,PRCP,GHCND:USC00333292,",,7,0700",114
7351,2024-05-29T00:00:00,SNOW,GHCND:USC00333292,",,7,",0
7352,2024-05-29T00:00:00,SNWD,GHCND:USC00333292,",,7,0700",0
7353,2024-05-30T00:00:00,PRCP,GHCND:USC00333292,",,7,0700",36
7354,2024-05-30T00:00:00,SNOW,GHCND:USC00333292,",,7,",0
7355,2024-05-30T00:00:00,SNWD,GHCND:USC00333292,",,7,0700",0
7356,2024-05-31T00:00:00,PRCP,GHCND:USC00333292,",,7,0700",3
7357,2024-05-31T00:00:00,SNOW,GHCND:USC00333292,",,7,",0
7358,2024-05-31T00:00:00,SNWD,GHCND:USC00333292,",,7,0700",0
7359,2024-06-01T00:00:00,PRCP,GHCND:USC00333292,",,7,0700",0
7360,2024-06-01T00:00:00,SNOW,GHCND:USC00333292,",,7,",0
7361,2024-06-01T00:00:00,SNWD,GHCND:USC00333292,",,7,0700",0
7362,2024-06-05T00:00:00,PRCP,GHCND:USC00333292,",,7,0700",114
7363,2024-06-05T00:00:00,SNOW,GHCND:USC00333292,",,7,",0
7364,2024-06-05T00:00:00,SNWD,GHCND:USC00333292,",,7,0700",0
7365,2024-06-06T00:00:00,PRCP,GHCND:USC00333292,",,7,0700",43
7366,2024-06-06T00:00:00,SNOW,GHCND:USC00333292,",,7,",0
7367,2024-06-06T00:00:00,SNWD,GHCND:USC00333292,",,7,0700",0
7368,2024-06-07T00:00:00,PRCP,GHCND:USC00333292,",,7,0700",0
7369,2024-06-07T00:00:00,SNOW,GHCND:USC00333292,",,7,",0
7370,2024-06-07T00:00:00,SNWD,GHCND:USC00333292,",,7,0700",0
7371,2024-06-10T00:00:00,DAPR,GHCND:USC00333292,",,7,",3
7372,2024-06-10T00:00:00,MDPR,GHCND:USC00333292,",,7,",48
7373,2024-06-10T00:00:00,SNOW,GHCND:USC00333292,",,7,",0
7374,2024-06-10T00:00:00,SNWD,GHCND:USC00333292,",,7,0700",0
7375,2024-06-12T00:00:00,PRCP,GHCND:USC00333292,",,7,0700",0
7376,2024-06-12T00:00:00,SNOW,GHCND:USC00333292,",,7,",0
7377,2024-06-12T00:00:00,SNWD,GHCND:USC00333292,",,7,0700",0
7378,2024-06-19T00:00:00,PRCP,GHCND:USC00333292,",,7,0700",13
7379,2024-06-19T00:00:00,SNOW,GHCND:USC00333292,",,7,",0
7380,2024-06-19T00:00:00,SNWD,GHCND:USC00333292,",,7,0700",0
7381,2024-06-20T00:00:00,PRCP,GHCND:USC00333292,",,7,0700",66
7382,2024-06-20T00:00:00,SNOW,GHCND:USC00333292,",,7,",0
7383,2024-06-20T00:00:00,SNWD,GHCND:USC00333292,",,7,0700",0
7384,2024-06-21T00:00:00,PRCP,GHCND:USC00333292,",,7,0700",23
7385,2024-06-21T00:00:00,SNOW,GHCND:USC00333292,",,7,",0
7386,2024-06-21T00:00:00,SNWD,GHCND:USC00333292,",,7,0700",0
7387,2024-06-23T00:00:00,DAPR,GHCND:USC00333292,",,7,",2
7388,2024-06-23T00:00:00,MDPR,GHCND:USC00333292,",,7,",84
7389,2024-06-23T00:00:00,SNOW,GHCND:USC00333292,",,7,",0
7390,2024-06-23T00:00:00,SNWD,GHCND:USC00333292,",,7,0700",0
7391,2024-06-26T00:00:00,PRCP,GHCND:USC00333292,",,7,0700",155
7392,2024-06-26T00:00:00,SNOW,GHCND:USC00333292,",,7,",0
7393,2024-06-26T00:00:00,SNWD,GHCND:USC00333292,",,7,0700",0
7394,2024-06-27T00:00:00,PRCP,GHCND:USC00333292,",,7,0700",249
7395,2024-06-27T00:00:00,SNOW,GHCND:USC00333292,",,7,",0
7396,2024-06-27T00:00:00,SNWD,GHCND:USC00333292,",,7,0700",0
7397,2024-06-28T00:00:00,PRCP,GHCND:USC00333292,",,7,0700",0
7398,2024-06-28T00:00:00,SNOW,GHCND:USC00333292,",,7,",0
7399,2024-06-28T00:00:00,SNWD,GHCND:USC00333292,",,7,0700",0
7400,2024-06-29T00:00:00,PRCP,GHCND:USC00333292,",,7,0700",142
7401,2024-06-29T00:00:00,SNOW,GHCND:USC00333292,",,7,",0
7402,2024-06-29T00:00:00,SNWD,GHCND:USC00333292,",,7,0700",0
7403,2024-07-03T00:00:00,PRCP,GHCND:USC00333292,",,7,0700",0
7404,2024-07-03T00:00:00,SNOW,GHCND:USC00333292,",,7,",0
7405,2024-07-03T00:00:00,SNWD,GHCND:USC00333292,",,7,0700",0
7406,2024-07-04T00:00:00,PRCP,GHCND:USC00333292,",,7,0700",0
7407,2024-07-04T00:00:00,SNOW,GHCND:USC00333292,",,7,",0
7408,2024-07-04T00:00:00,SNWD,GHCND:USC00333292,",,7,0700",0
7409,2024-07-05T00:00:00,PRCP,GHCND:USC00333292,",,7,0700",15
7410,2024-07-05T00:00:00,SNOW,GHCND:USC00333292,",,7,",0
7411,2024-07-05T00:00:00,SNWD,GHCND:USC00333292,",,7,0700",0
7412,2024-07-10T00:00:00,PRCP,GHCND:USC00333292,",,7,0700",437
7413,2024-07-10T00:00:00,SNOW,GHCND:USC00333292,",,7,",0
7414,2024-07-10T00:00:00,SNWD,GHCND:USC00333292,",,7,0700",0
7415,2024-07-11T00:00:00,PRCP,GHCND:USC00333292,",,7,0700",64
7416,2024-07-11T00:00:00,SNOW,GHCND:USC00333292,",,7,",0
7417,2024-07-11T00:00:00,SNWD,GHCND:USC00333292,",,7,0700",0
7418,2024-07-12T00:00:00,PRCP,GHCND:USC00333292,",,7,0700",0
7419,2024-07-12T00:00:00,SNOW,GHCND:USC00333292,",,7,",0
7420,2024-07-12T00:00:00,SNWD,GHCND:USC00333292,",,7,0700",0
7421,2024-07-13T00:00:00,PRCP,GHCND:USC00333292,",,7,0700",3
7422,2024-07-13T00:00:00,SNOW,GHCND:USC00333292,",,7,",0
7423,2024-07-13T00:00:00,SNWD,GHCND:USC00333292,",,7,0700",0
7424,2024-07-15T00:00:00,DAPR,GHCND:USC00333292,",,7,",2
7425,2024-07-15T00:00:00,MDPR,GHCND:USC00333292,",,7,",38
7426,2024-07-15T00:00:00,SNOW,GHCND:USC00333292,",,7,",0
7427,2024-07-15T00:00:00,SNWD,GHCND:USC00333292,",,7,0700",0
7428,2024-07-16T00:00:00,PRCP,GHCND:USC00333292,",,7,0700",0
7429,2024-07-16T00:00:00,SNOW,GHCND:USC00333292,",,7,",0
7430,2024-07-16T00:00:00,SNWD,GHCND:USC00333292,",,7,0700",0
7431,2024-07-17T00:00:00,PRCP,GHCND:USC00333292,",,7,0700",0
7432,2024-07-17T00:00:00,SNOW,GHCND:USC00333292,",,7,",0
7433,2024-07-17T00:00:00,SNWD,GHCND:USC00333292,",,7,0700",0
7434,2024-07-19T00:00:00,PRCP,GHCND:USC00333292,",,7,0700",0
7435,2024-07-19T00:00:00,SNOW,GHCND:USC00333292,",,7,",0
7436,2024-07-19T00:00:00,SNWD,GHCND:USC00333292,",,7,0700",0
7437,2024-07-20T00:00:00,PRCP,GHCND:USC00333292,",,7,0700",0
7438,2024-07-20T00:00:00,SNOW,GHCND:USC00333292,",,7,",0
7439,2024-07-20T00:00:00,SNWD,GHCND:USC00333292,",,7,0700",0
7440,2024-07-24T00:00:00,PRCP,GHCND:USC00333292,",,7,0700",18
7441,2024-07-24T00:00:00,SNOW,GHCND:USC00333292,",,7,",0
7442,2024-07-24T00:00:00,SNWD,GHCND:USC00333292,",,7,0700",0
7443,2024-07-26T00:00:00,PRCP,GHCND:USC00333292,",,7,0700",0
7444,2024-07-26T00:00:00,SNOW,GHCND:USC00333292,",,7,",0
7445,2024-07-26T00:00:00,SNWD,GHCND:USC00333292,",,7,0700",0
7446,2024-07-27T00:00:00,PRCP,GHCND:USC00333292,",,7,0700",0
7447,2024-07-27T00:00:00,SNOW,GHCND:USC00333292,",,7,",0
7448,2024-07-27T00:00:00,SNWD,GHCND:USC00333292,",,7,0700",0
7449,2024-07-31T00:00:00,PRCP,GHCND:USC00333292,",,7,0700",5
7450,2024-07-31T00:00:00,SNOW,GHCND:USC00333292,",,7,",0
7451,2024-07-31T00:00:00,SNWD,GHCND:USC00333292,",,7,0700",0
7452,2024-08-01T00:00:00,PRCP,GHCND:USC00333292,",,7,0700",0
7453,2024-08-01T00:00:00,SNOW,GHCND:USC00333292,",,7,",0
7454,2024-08-01T00:00:00,SNWD,GHCND:USC00333292,",,7,0700",0
7455,2024-08-02T00:00:00,PRCP,GHCND:USC00333292,",,7,0700",23
7456,2024-08-02T00:00:00,SNOW,GHCND:USC00333292,",,7,",0
7457,2024-08-02T00:00:00,SNWD,GHCND:USC00333292,",,7,0700",0
7458,2024-08-03T00:00:00,PRCP,GHCND:USC00333292,",,7,0700",160
7459,2024-08-03T00:00:00,SNOW,GHCND:USC00333292,",,7,",0
7460,2024-08-03T00:00:00,SNWD,GHCND:USC00333292,",,7,0700",0
7461,2024-08-07T00:00:00,PRCP,GHCND:USC00333292,",,7,0700",130
7462,2024-08-07T00:00:00,SNOW,GHCND:USC00333292,",,7,",0
7463,2024-08-07T00:00:00,SNWD,GHCND:USC00333292,",,7,0700",0
7464,2024-08-08T00:00:00,PRCP,GHCND:USC00333292,",,7,0700",0
7465,2024-08-08T00:00:00,SNOW,GHCND:USC00333292,",,7,",0
7466,2024-08-08T00:00:00,SNWD,GHCND:USC00333292,",,7,0700",0
7467,2024-08-14T00:00:00,PRCP,GHCND:USC00333292,",,7,0700",0
7468,2024-08-14T00:00:00,SNOW,GHCND:USC00333292,",,7,",0
7469,2024-08-14T00:00:00,SNWD,GHCND:USC00333292,",,7,0700",0
7470,2024-08-16T00:00:00,PRCP,GHCND:USC00333292,",,7,0700",51
7471,2024-08-16T00:00:00,SNOW,GHCND:USC00333292,",,7,",0
7472,2024-08-16T00:00:00,SNWD,GHCND:USC00333292,",,7,0700",0
7473,2024-08-17T00:00:00,PRCP,GHCND:USC00333292,",,7,0700",3
7474,2024-08-17T00:00:00,SNOW,GHCND:USC00333292,",,7,",0
7475,2024-08-17T00:00:00,SNWD,GHCND:USC00333292,",,7,0700",0
7476,2024-08-18T00:00:00,PRCP,GHCND:USC00333292,",,7,0700",23
7477,2024-08-18T00:00:00,SNOW,GHCND:USC00333292,",,7,",0
7478,2024-08-18T00:00:00,SNWD,GHCND:USC00333292,",,7,0700",0
7479,2024-08-21T00:00:00,PRCP,GHCND:USC00333292,",,7,0700",10
7480,2024-08-21T00:00:00,SNOW,GHCND:USC00333292,",,7,",0
7481,2024-08-21T00:00:00,SNWD,GHCND:USC00333292,",,7,0700",0
7482,2024-08-22T00:00:00,PRCP,GHCND:USC00333292,",,7,0700",0
7483,2024-08-22T00:00:00,SNOW,GHCND:USC00333292,",,7,",0
7484,2024-08-22T00:00:00,SNWD,GHCND:USC00333292,",,7,0700",0
7485,2024-08-24T00:00:00,PRCP,GHCND:USC00333292,",,7,0700",0
7486,2024-08-24T00:00:00,SNOW,GHCND:USC00333292,",,7,",0
7487,2024-08-24T00:00:00,SNWD,GHCND:USC00333292,",,7,0700",0
7488,2024-09-04T00:00:00,PRCP,GHCND:USC00333292,",,7,0700",0
7489,2024-09-04T00:00:00,SNOW,GHCND:USC00333292,",,7,",0
7490,2024-09-04T00:00:00,SNWD,GHCND:USC00333292,",,7,0700",0
7491,2024-09-06T00:00:00,PRCP,GHCND:USC00333292,",,7,0700",69
7492,2024-09-06T00:00:00,SNOW,GHCND:USC00333292,",,7,",0
7493,2024-09-06T00:00:00,SNWD,GHCND:USC00333292,",,7,0700",0
7494,2024-09-07T00:00:00,PRCP,GHCND:USC00333292,",,7,0700",0
7495,2024-09-07T00:00:00,SNOW,GHCND:USC00333292,",,7,",0
7496,2024-09-07T00:00:00,SNWD,GHCND:USC00333292,",,7,0700",0
7497,2024-09-11T00:00:00,PRCP,GHCND:USC00333292,",,7,0700",0
7498,2024-09-11T00:00:00,SNOW,GHCND:USC00333292,",,7,",0
7499,2024-09-11T00:00:00,SNWD,GHCND:USC00333292,",,7,0700",0
7500,2024-09-12T00:00:00,PRCP,GHCND:USC00333292,",,7,0700",0
7501,2024-09-12T00:00:00,SNOW,GHCND:USC00333292,",,7,",0
7502,2024-09-12T00:00:00,SNWD,GHCND:USC00333292,",,7,0700",0
7503,2024-09-13T00:00:00,PRCP,GHCND:USC00333292,",,7,0700",0
7504,2024-09-13T00:00:00,SNOW,GHCND:USC00333292,",,7,",0
7505,2024-09-13T00:00:00,SNWD,GHCND:USC00333292,",,7,0700",0
7506,2024-09-14T00:00:00,PRCP,GHCND:USC00333292,",,7,0700",0
7507,2024-09-14T00:00:00,SNOW,GHCND:USC00333292,",,7,",0
7508,2024-09-14T00:00:00,SNWD,GHCND:USC00333292,",,7,0700",0
7509,2024-09-18T00:00:00,PRCP,GHCND:USC00333292,",,7,0700",0
7510,2024-09-18T00:00:00,SNOW,GHCND:USC00333292,",,7,",0
7511,2024-09-18T00:00:00,SNWD,GHCND:USC00333292,",,7,0700",0
7512,2024-09-19T00:00:00,PRCP,GHCND:USC00333292,",,7,0700",0
7513,2024-09-19T00:00:00,SNOW,GHCND:USC00333292,",,7,",0
7514,2024-09-19T00:00:00,SNWD,GHCND:USC00333292,",,7,0700",0
7515,2024-09-21T00:00:00,PRCP,GHCND:USC00333292,",,7,0700",3
7516,2024-09-21T00:00:00,SNOW,GHCND:USC00333292,",,7,",0
7517,2024-09-21T00:00:00,SNWD,GHCND:USC00333292,",,7,0700",0
7518,2024-09-25T00:00:00,PRCP,GHCND:USC00333292,",,7,0700",236
7519,2024-09-25T00:00:00,SNOW,GHCND:USC00333292,",,7,",0
7520,2024-09-25T00:00:00,SNWD,GHCND:USC00333292,",,7,0700",0
7521,2024-10-02T00:00:00,PRCP,GHCND:USC00333292,",,7,0700",71
7522,2024-10-02T00:00:00,SNOW,GHCND:USC00333292,",,7,",0
7523,2024-10-02T00:00:00,SNWD,GHCND:USC00333292,",,7,0700",0
7524,2024-10-09T00:00:00,PRCP,GHCND:USC00333292,",,7,0700",0
7525,2024-10-09T00:00:00,SNOW,GHCND:USC00333292,",,7,",0
7526,2024-10-09T00:00:00,SNWD,GHCND:USC00333292,",,7,0700",0
7527,2024-10-10T00:00:00,PRCP,GHCND:USC00333292,",,7,0700",0
7528,2024-10-10T00:00:00,SNOW,GHCND:USC00333292,",,7,",0
7529,2024-10-10T00:00:00,SNWD,GHCND:USC00333292,",,7,0700",0
7530,2024-10-11T00:00:00,PRCP,GHCND:USC00333292,",,7,0700",0
7531,2024-10-11T00:00:00,SNOW,GHCND:USC00333292,",,7,",0
7532,2024-10-11T00:00:00,SNWD,GHCND:USC00333292,",,7,0700",0
7533,2024-10-16T00:00:00,PRCP,GHCND:USC00333292,",,7,0700",229
7534,2024-10-16T00:00:00,SNOW,GHCND:USC00333292,",,7,",0
7535,2024-10-16T00:00:00,SNWD,GHCND:USC00333292,",,7,0700",0
7536,2024-10-17T00:00:00,PRCP,GHCND:USC00333292,",,7,0700",0
7537,2024-10-17T00:00:00,SNOW,GHCND:USC00333292,",,7,",0
7538,2024-10-17T00:00:00,SNWD,GHCND:USC00333292,",,7,0700",0
7539,2024-10-23T00:00:00,PRCP,GHCND:USC00333292,",,7,0700",0
7540,2024-10-23T00:00:00,SNOW,GHCND:USC00333292,",,7,",0
7541,2024-10-23T00:00:00,SNWD,GHCND:USC00333292,",,7,0700",0
7542,2024-10-31T00:00:00,PRCP,GHCND:USC00333292,",,7,0700",38
7543,2024-10-31T00:00:00,SNOW,GHCND:USC00333292,",,7,",0
7544,2024-10-31T00:00:00,SNWD,GHCND:USC00333292,",,7,0700",0
7545,2024-11-06T00:00:00,PRCP,GHCND:USC00333292,",,7,0700",165
7546,2024-11-06T00:00:00,SNOW,GHCND:USC00333292,",,7,",0
7547,2024-11-06T00:00:00,SNWD,GHCND:USC00333292,",,7,0700",0
7548,2024-11-07T00:00:00,PRCP,GHCND:USC00333292,",,7,0700",0
7549,2024-11-07T00:00:00,SNOW,GHCND:USC00333292,",,7,",0
7550,2024-11-07T00:00:00,SNWD,GHCND:USC00333292,",,7,0700",0
7551,2024-11-09T00:00:00,PRCP,GHCND:USC00333292,",,7,0700",0
7552,2024-11-09T00:00:00,SNOW,GHCND:USC00333292,",,7,",0
7553,2024-11-09T00:00:00,SNWD,GHCND:USC00333292,",,7,0700",0
7554,2024-11-13T00:00:00,PRCP,GHCND:USC00333292,",,7,0700",124
7555,2024-11-13T00:00:00,SNOW,GHCND:USC00333292,",,7,",0
7556,2024-11-13T00:00:00,SNWD,GHCND:USC00333292,",,7,0700",0
7557,2024-11-21T00:00:00,PRCP,GHCND:USC00333292,",,7,0700",0
7558,2024-11-21T00:00:00,SNOW,GHCND:USC00333292,",,7,",0
7559,2024-11-21T00:00:00,SNWD,GHCND:USC00333292,",,7,0700",0
7560,2024-11-23T00:00:00,PRCP,GHCND:USC00333292,",,7,0700",10
7561,2024-11-23T00:00:00,SNOW,GHCND:USC00333292,",,7,",0
7562,2024-12-18T00:00:00,DAPR,GHCND:USC00333292,",,7,",24
7563,2024-12-18T00:00:00,MDPR,GHCND:USC00333292,",,7,",478
7564,2024-12-19T00:00:00,PRCP,GHCND:USC00333292,",,7,0700",0
7565,2024-12-19T00:00:00,SNOW,GHCND:USC00333292,",,7,",0
7566,2024-12-21T00:00:00,PRCP,GHCND:USC00333292,",,7,0700",15
7567,2024-12-23T00:00:00,DAPR,GHCND:USC00333292,",,7,",2
7568,2024-12-23T00:00:00,MDPR,GHCND:USC00333292,",,7,",0
7569,2024-12-23T00:00:00,SNOW,GHCND:USC00333292,",,7,",0
7570,2025-01-02T00:00:00,DAPR,GHCND:USC00333292,",,7,",8
7571,2025-01-02T00:00:00,MDPR,GHCND:USC00333292,",,7,",544
7572,2025-01-06T00:00:00,DAPR,GHCND:USC00333292,",,7,",4
7573,2025-01-06T00:00:00,MDPR,GHCND:USC00333292,",,7,",23
7574,2025-01-06T00:00:00,SNOW,GHCND:USC00333292,",,7,",25
7575,2025-01-06T00:00:00,SNWD,GHCND:USC00333292,",,7,0700",25
7576,2025-01-07T00:00:00,PRCP,GHCND:USC00333292,",,7,0700",0
7577,2025-01-07T00:00:00,SNOW,GHCND:USC00333292,",,7,",0
7578,2025-01-07T00:00:00,SNWD,GHCND:USC00333292,",,7,0700",25
7579,2025-01-08T00:00:00,PRCP,GHCND:USC00333292,",,7,0700",0
7580,2025-01-08T00:00:00,SNOW,GHCND:USC00333292,",,7,",0
7581,2025-01-08T00:00:00,SNWD,GHCND:USC00333292,",,7,0700",0
7582,2025-01-12T00:00:00,DAPR,GHCND:USC00333292,",,7,",4
7583,2025-01-12T00:00:00,MDPR,GHCND:USC00333292,",,7,",36
7584,2025-01-12T00:00:00,SNOW,GHCND:USC00333292,",,7,",51
7585,2025-01-12T00:00:00,SNWD,GHCND:USC00333292,",,7,0700",51
7586,2025-01-13T00:00:00,PRCP,GHCND:USC00333292,",,7,0700",0
7587,2025-01-13T00:00:00,SNOW,GHCND:USC00333292,",,7,",0
7588,2025-01-13T00:00:00,SNWD,GHCND:USC00333292,",,7,0700",51
7589,2025-01-14T00:00:00,PRCP,GHCND:USC00333292,",,7,0700",0
7590,2025-01-14T00:00:00,SNOW,GHCND:USC00333292,",,7,",0
7591,2025-01-14T00:00:00,SNWD,GHCND:USC00333292,",,7,0700",25
7592,2025-01-15T00:00:00,PRCP,GHCND:USC00333292,",,7,0700",5
7593,2025-01-15T00:00:00,SNOW,GHCND:USC00333292,",,7,",13
7594,2025-01-15T00:00:00,SNWD,GHCND:USC00333292,",,7,0700",51
7595,2025-01-19T00:00:00,DAPR,GHCND:USC00333292,",,7,",4
7596,2025-01-19T00:00:00,MDPR,GHCND:USC00333292,",,7,",71
7597,2025-01-19T00:00:00,SNOW,GHCND:USC00333292,",,7,",0
7598,2025-01-19T00:00:00,SNWD,GHCND:USC00333292,",,7,0700",0
7599,2025-01-21T00:00:00,DAPR,GHCND:USC00333292,",,7,",2
7600,2025-01-21T00:00:00,MDPR,GHCND:USC00333292,",,7,",0
7601,2025-01-21T00:00:00,SNOW,GHCND:USC00333292,",,7,",0
7602,2025-01-21T00:00:00,SNWD,GHCND:USC00333292,",,7,0700",0
7603,2025-01-22T00:00:00,PRCP,GHCND:USC00333292,"T,,7,0700",0
7604,2025-01-22T00:00:00,SNOW,GHCND:USC00333292,"T,,7,",0
7605,2025-01-22T00:00:00,SNWD,GHCND:USC00333292,"T,,7,0700",0
7606,2025-01-23T00:00:00,PRCP,GHCND:USC00333292,",,7,0700",3
7607,2025-01-23T00:00:00,SNOW,GHCND:USC00333292,",,7,",5
7608,2025-01-26T00:00:00,DAPR,GHCND:USC00333292,",,7,",3
7609,2025-01-26T00:00:00,MDPR,GHCND:USC00333292,",,7,",0
7610,2025-01-26T00:00:00,SNOW,GHCND:USC00333292,",,7,",0
7611,2025-01-26T00:00:00,SNWD,GHCND:USC00333292,",,7,0700",0
7612,2025-01-27T00:00:00,PRCP,GHCND:USC00333292,",,7,0700",0
7613,2025-01-27T00:00:00,SNOW,GHCND:USC00333292,",,7,",0
7614,2025-01-27T00:00:00,SNWD,GHCND:USC00333292,",,7,0700",0
7615,2025-01-30T00:00:00,DAPR,GHCND:USC00333292,",,7,",3
7616,2025-01-30T00:00:00,MDPR,GHCND:USC00333292,",,7,",0
7617,2025-01-30T00:00:00,SNOW,GHCND:USC00333292,",,7,",0
7618,2025-01-30T00:00:00,SNWD,GHCND:USC00333292,",,7,0700",0
7619,2025-02-02T00:00:00,DAPR,GHCND:USC00333292,",,7,",3
7620,2025-02-02T00:00:00,MDPR,GHCND:USC00333292,",,7,",208
7621,2025-02-02T00:00:00,SNOW,GHCND:USC00333292,",,7,",0
7622,2025-02-02T00:00:00,SNWD,GHCND:USC00333292,",,7,0700",0
7623,2025-02-04T00:00:00,DAPR,GHCND:USC00333292,",,7,",2
7624,2025-02-04T00:00:00,MDPR,GHCND:USC00333292,",,7,",5
7625,2025-02-04T00:00:00,SNOW,GHCND:USC00333292,",,7,",0
7626,2025-02-04T00:00:00,SNWD,GHCND:USC00333292,",,7,0700",0
7627,2025-02-06T00:00:00,PRCP,GHCND:USC00333292,",,7,0700",43
7628,2025-02-06T00:00:00,SNOW,GHCND:USC00333292,",,7,",0
7629,2025-02-06T00:00:00,SNWD,GHCND:USC00333292,",,7,0700",0
7630,2025-02-06T00:00:00,WT01,GHCND:USC00333292,",,7,",1
7631,2025-02-06T00:00:00,WT03,GHCND:USC00333292,",,7,",1
7632,2025-02-06T00:00:00,WT06,GHCND:USC00333292,",,7,",1
7633,2025-02-09T00:00:00,DAPR,GHCND:USC00333292,",,7,",3
7634,2025-02-09T00:00:00,MDPR,GHCND:USC00333292,",,7,",43
7635,2025-02-09T00:00:00,SNOW,GHCND:USC00333292,"T,,7,",0
7636,2025-02-09T00:00:00,SNWD,GHCND:USC00333292,"T,,7,0700",0
7637,2025-02-12T00:00:00,DAPR,GHCND:USC00333292,",,7,",3
7638,2025-02-12T00:00:00,MDPR,GHCND:USC00333292,",,7,",0
7639,2025-02-12T00:00:00,SNOW,GHCND:USC00333292,",,7,",0
7640,2025-02-12T00:00:00,SNWD,GHCND:USC00333292,"T,,7,0700",0
7641,2025-02-13T00:00:00,PRCP,GHCND:USC00333292,",,7,0700",74
7642,2025-02-13T00:00:00,SNOW,GHCND:USC00333292,",,7,",25
7643,2025-02-13T00:00:00,SNWD,GHCND:USC00333292,",,7,0700",25
7644,2025-02-13T00:00:00,WT06,GHCND:USC00333292,",,7,",1
7645,2025-02-17T00:00:00,DAPR,GHCND:USC00333292,",,7,",4
7646,2025-02-17T00:00:00,MDPR,GHCND:USC00333292,",,7,",94
7647,2025-02-17T00:00:00,SNOW,GHCND:USC00333292,",,7,",38
7648,2025-02-17T00:00:00,SNWD,GHCND:USC00333292,",,7,0700",25
7649,2025-02-18T00:00:00,PRCP,GHCND:USC00333292,",,7,0700",0
7650,2025-02-18T00:00:00,SNOW,GHCND:USC00333292,",,7,",0
7651,2025-02-18T00:00:00,SNWD,GHCND:USC00333292,",,7,0700",25
7652,2025-02-19T00:00:00,PRCP,GHCND:USC00333292,",,7,0700",0
7653,2025-02-19T00:00:00,SNOW,GHCND:USC00333292,",,7,",0
7654,2025-02-19T00:00:00,SNWD,GHCND:USC00333292,",,7,0700",25
7655,2025-02-23T00:00:00,PRCP,GHCND:USC00333292,",,7,0700",5
7656,2025-02-23T00:00:00,SNOW,GHCND:USC00333292,",,7,",0
7657,2025-02-23T00:00:00,SNWD,GHCND:USC00333292,",,7,0700",25
7658,2025-02-25T00:00:00,DAPR,GHCND:USC00333292,",,7,",2
7659,2025-02-25T00:00:00,MDPR,GHCND:USC00333292,",,7,",8
7660,2025-02-25T00:00:00,SNOW,GHCND:USC00333292,",,7,",0
7661,2025-02-25T00:00:00,SNWD,GHCND:USC00333292,",,7,0700",0
7662,2025-02-26T00:00:00,PRCP,GHCND:USC00333292,",,7,0700",8
7663,2025-02-26T00:00:00,SNOW,GHCND:USC00333292,",,7,",0
7664,2025-02-26T00:00:00,SNWD,GHCND:USC00333292,",,7,0700",0
7665,2025-02-27T00:00:00,PRCP,GHCND:USC00333292,",,7,0700",56
7666,2025-02-27T00:00:00,SNOW,GHCND:USC00333292,",,7,",0
7667,2025-02-27T00:00:00,SNWD,GHCND:USC00333292,",,7,0700",0
7668,2025-03-02T00:00:00,DAPR,GHCND:USC00333292,",,7,",3
7669,2025-03-02T00:00:00,MDPR,GHCND:USC00333292,",,7,",0
7670,2025-03-02T00:00:00,SNOW,GHCND:USC00333292,",,7,",0
7671,2025-03-02T00:00:00,SNWD,GHCND:USC00333292,",,7,0700",0
7672,2025-03-03T00:00:00,PRCP,GHCND:USC00333292,",,7,0700",0
7673,2025-03-03T00:00:00,SNOW,GHCND:USC00333292,",,7,",0
7674,2025-03-03T00:00:00,SNWD,GHCND:USC00333292,",,7,0700",0
7675,2025-03-06T00:00:00,DAPR,GHCND:USC00333292,",,7,",3
7676,2025-03-06T00:00:00,MDPR,GHCND:USC00333292,",,7,",132
7677,2025-03-06T00:00:00,SNOW,GHCND:USC00333292,"T,,7,",0
7678,2025-03-06T00:00:00,SNWD,GHCND:USC00333292,"T,,7,0700",0
7679,2025-03-16T00:00:00,DAPR,GHCND:USC00333292,",,7,",10
7680,2025-03-16T00:00:00,MDPR,GHCND:USC00333292,",,7,",135
7681,2025-03-16T00:00:00,SNOW,GHCND:USC00333292,",,7,",0
7682,2025-03-16T00:00:00,SNWD,GHCND:USC00333292,",,7,0700",0
7683,2025-03-18T00:00:00,DAPR,GHCND:USC00333292,",,7,",2
7684,2025-03-18T00:00:00,MDPR,GHCND:USC00333292,",,7,",3
7685,2025-03-18T00:00:00,SNOW,GHCND:USC00333292,",,7,",0
7686,2025-03-18T00:00:00,SNWD,GHCND:USC00333292,",,7,0700",0
7687,2025-03-24T00:00:00,DAPR,GHCND:USC00333292,",,7,",6
7688,2025-03-24T00:00:00,MDPR,GHCND:USC00333292,",,7,",66
7689,2025-03-24T00:00:00,SNOW,GHCND:USC00333292,",,7,",0
7690,2025-03-24T00:00:00,SNWD,GHCND:USC00333292,",,7,0700",0
7691,2025-03-26T00:00:00,DAPR,GHCND:USC00333292,",,7,",2
7692,2025-03-26T00:00:00,MDPR,GHCND:USC00333292,",,7,",0
7693,2025-03-26T00:00:00,SNOW,GHCND:USC00333292,",,7,",0
7694,2025-03-26T00:00:00,SNWD,GHCND:USC00333292,",,7,0700",0
7695,2025-03-31T00:00:00,DAPR,GHCND:USC00333292,",,7,",5
7696,2025-03-31T00:00:00,MDPR,GHCND:USC00333292,",,7,",371
7697,2025-03-31T00:00:00,SNOW,GHCND:USC00333292,",,7,",0
7698,2025-03-31T00:00:00,SNWD,GHCND:USC00333292,",,7,0700",0
7699,2025-04-03T00:00:00,DAPR,GHCND:USC00333292,",,7,",3
7700,2025-04-03T00:00:00,MDPR,GHCND:USC00333292,",,7,",630
7701,2025-04-03T00:00:00,SNWD,GHCND:USC00333292,",,7,0700",0
7702,2025-04-05T00:00:00,PRCP,GHCND:USC00333292,",,7,0700",114
7703,2025-04-05T00:00:00,SNOW,GHCND:USC00333292,",,7,",0
7704,2025-04-05T00:00:00,SNWD,GHCND:USC00333292,",,7,0700",0
7705,2025-04-06T00:00:00,PRCP,GHCND:USC00333292,",,7,0700",30
7706,2025-04-07T00:00:00,PRCP,GHCND:USC00333292,",,7,0700",0
7707,2025-04-07T00:00:00,SNOW,GHCND:USC00333292,",,7,",0
7708,2025-04-07T00:00:00,SNWD,GHCND:USC00333292,",,7,0700",0
7709,2025-04-08T00:00:00,PRCP,GHCND:USC00333292,",,7,0700",0
7710,2025-04-08T00:00:00,SNOW,GHCND:USC00333292,",,7,",0
7711,2025-04-08T00:00:00,SNWD,GHCND:USC00333292,",,7,0700",0
7712,2025-04-09T00:00:00,PRCP,GHCND:USC00333292,",,7,0700",0
7713,2025-04-09T00:00:00,SNOW,GHCND:USC00333292,",,7,",0
7714,2025-04-09T00:00:00,SNWD,GHCND:USC00333292,",,7,0700",0
7715,2025-04-12T00:00:00,DAPR,GHCND:USC00333292,",,7,",3
7716,2025-04-12T00:00:00,MDPR,GHCND:USC00333292,",,7,",61
7717,2025-04-14T00:00:00,DAPR,GHCND:USC00333292,",,7,",2
7718,2025-04-14T00:00:00,MDPR,GHCND:USC00333292,",,7,",0
7719,2025-04-14T00:00:00,SNOW,GHCND:USC00333292,",,7,",0
7720,2025-04-14T00:00:00,SNWD,GHCND:USC00333292,",,7,0700",0
7721,2025-04-16T00:00:00,DAPR,GHCND:USC00333292,",,7,",2
7722,2025-04-16T00:00:00,MDPR,GHCND:USC00333292,",,7,",5
7723,2025-04-24T00:00:00,DAPR,GHCND:USC00333292,",,7,",8
7724,2025-04-24T00:00:00,MDPR,GHCND:USC00333292,",,7,",185
7725,2025-04-24T00:00:00,SNOW,GHCND:USC00333292,",,7,",0
7726,2025-04-24T00:00:00,SNWD,GHCND:USC00333292,",,7,0700",0
7727,2025-04-27T00:00:00,DAPR,GHCND:USC00333292,",,7,",3
7728,2025-04-27T00:00:00,MDPR,GHCND:USC00333292,",,7,",257
7729,2025-04-27T00:00:00,SNOW,GHCND:USC00333292,",,7,",0
7730,2025-04-27T00:00:00,SNWD,GHCND:USC00333292,",,7,0700",0
7731,2025-05-01T00:00:00,DAPR,GHCND:USC00333292,",,7,",4
7732,2025-05-01T00:00:00,MDPR,GHCND:USC00333292,",,7,",5
7733,2025-05-01T00:00:00,SNOW,GHCND:USC00333292,",,7,",0
7734,2025-05-01T00:00:00,SNWD,GHCND:USC00333292,",,7,0700",0
7735,2025-05-04T00:00:00,DAPR,GHCND:USC00333292,",,7,",3
7736,2025-05-04T00:00:00,MDPR,GHCND:USC00333292,",,7,",107
7737,2025-05-04T00:00:00,SNOW,GHCND:USC00333292,",,7,",0
7738,2025-05-04T00:00:00,SNWD,GHCND:USC00333292,",,7,0700",0
7739,2025-05-05T00:00:00,PRCP,GHCND:USC00333292,",,7,0700",163
7740,2025-05-05T00:00:00,SNOW,GHCND:USC00333292,",,7,",0
7741,2025-05-05T00:00:00,SNWD,GHCND:USC00333292,",,7,0700",0
7742,2025-05-06T00:00:00,PRCP,GHCND:USC00333292,",,7,0700",175
7743,2025-05-06T00:00:00,SNOW,GHCND:USC00333292,",,7,",0
7744,2025-05-06T00:00:00,SNWD,GHCND:USC00333292,",,7,0700",0
7745,2025-05-07T00:00:00,PRCP,GHCND:USC00333292,",,7,0700",155
7746,2025-05-07T00:00:00,SNOW,GHCND:USC00333292,",,7,",0
7747,2025-05-07T00:00:00,SNWD,GHCND:USC00333292,",,7,0700",0
7748,2025-05-12T00:00:00,DAPR,GHCND:USC00333292,",,7,",5
7749,2025-05-12T00:00:00,MDPR,GHCND:USC00333292,",,7,",3
7750,2025-05-12T00:00:00,SNOW,GHCND:USC00333292,",,7,",0
7751,2025-05-12T00:00:00,SNWD,GHCND:USC00333292,",,7,0700",0
7752,2025-05-13T00:00:00,PRCP,GHCND:USC00333292,",,7,0700",0
7753,2025-05-13T00:00:00,SNOW,GHCND:USC00333292,",,7,",0
7754,2025-05-13T00:00:00,SNWD,GHCND:USC00333292,",,7,0700",0
7755,2025-05-14T00:00:00,PRCP,GHCND:USC00333292,",,7,0700",218
7756,2025-05-14T00:00:00,SNOW,GHCND:USC00333292,",,7,",0
7757,2025-05-14T00:00:00,SNWD,GHCND:USC00333292,",,7,0700",0
7758,2025-05-15T00:00:00,PRCP,GHCND:USC00333292,",,7,0700",97
7759,2025-05-15T00:00:00,SNOW,GHCND:USC00333292,",,7,",0
7760,2025-05-15T00:00:00,SNWD,GHCND:USC00333292,",,7,0700",0
7761,2025-05-21T00:00:00,DAPR,GHCND:USC00333292,",,7,",6
7762,2025-05-21T00:00:00,MDPR,GHCND:USC00333292,",,7,",130
7763,2025-05-21T00:00:00,SNOW,GHCND:USC00333292,",,7,",0
7764,2025-05-21T00:00:00,SNWD,GHCND:USC00333292,",,7,0700",0
7765,2025-05-22T00:00:00,PRCP,GHCND:USC00333292,",,7,0700",312
7766,2025-05-22T00:00:00,SNOW,GHCND:USC00333292,",,7,",0
7767,2025-05-22T00:00:00,SNWD,GHCND:USC00333292,",,7,0700",0
7768,2025-05-25T00:00:00,DAPR,GHCND:USC00333292,",,7,",3
7769,2025-05-25T00:00:00,MDPR,GHCND:USC00333292,",,7,",13
7770,2025-05-25T00:00:00,SNOW,GHCND:USC00333292,",,7,",0
7771,2025-05-25T00:00:00,SNWD,GHCND:USC00333292,",,7,0700",0
7772,2025-05-27T00:00:00,DAPR,GHCND:USC00333292,",,7,",2
7773,2025-05-27T00:00:00,MDPR,GHCND:USC00333292,",,7,",0
7774,2025-05-27T00:00:00,SNOW,GHCND:USC00333292,",,7,",0
7775,2025-05-27T00:00:00,SNWD,GHCND:USC00333292,",,7,0700",0
7776,2025-06-08T00:00:00,DAPR,GHCND:USC00333292,",,7,",12
7777,2025-06-08T00:00:00,MDPR,GHCND:USC00333292,",,7,",157
7778,2025-06-08T00:00:00,SNOW,GHCND:USC00333292,",,7,",0
7779,2025-06-08T00:00:00,SNWD,GHCND:USC00333292,",,7,0700",0
7780,2025-06-09T00:00:00,PRCP,GHCND:USC00333292,",,7,0700",51
7781,2025-06-09T00:00:00,SNOW,GHCND:USC00333292,",,7,",0
7782,2025-06-09T00:00:00,SNWD,GHCND:USC00333292,",,7,0700",0
7783,2025-06-15T00:00:00,DAPR,GHCND:USC00333292,",,7,",6
7784,2025-06-15T00:00:00,MDPR,GHCND:USC00333292,",,7,",544
7785,2025-06-15T00:00:00,SNOW,GHCND:USC00333292,",,7,",0
7786,2025-06-15T00:00:00,SNWD,GHCND:USC00333292,",,7,0700",0
7787,2025-06-22T00:00:00,DAPR,GHCND:USC00333292,",,7,",7
7788,2025-06-22T00:00:00,MDPR,GHCND:USC00333292,",,7,",292
7789,2025-06-22T00:00:00,SNOW,GHCND:USC00333292,",,7,",0
7790,2025-06-22T00:00:00,SNWD,GHCND:USC00333292,",,7,0700",0
7791,2025-06-29T00:00:00,DAPR,GHCND:USC00333292,",,7,",7
7792,2025-06-29T00:00:00,MDPR,GHCND:USC00333292,",,7,",97
7793,2025-06-29T00:00:00,SNOW,GHCND:USC00333292,",,7,",0
7794,2025-06-29T00:00:00,SNWD,GHCND:USC00333292,",,7,0700",0
7795,2025-07-07T00:00:00,DAPR,GHCND:USC00333292,",,7,",8
7796,2025-07-07T00:00:00,MDPR,GHCND:USC00333292,",,7,",13
7797,2025-07-07T00:00:00,SNOW,GHCND:USC00333292,",,7,",0
7798,2025-07-07T00:00:00,SNWD,GHCND:USC00333292,",,7,0700",0
7799,2025-07-10T00:00:00,DAPR,GHCND:USC00333292,",,7,",3
7800,2025-07-10T00:00:00,MDPR,GHCND:USC00333292,",,7,",0
7801,2025-07-10T00:00:00,SNOW,GHCND:USC00333292,",,7,",0
7802,2025-07-10T00:00:00,SNWD,GHCND:USC00333292,",,7,0700",0
7803,2025-07-13T00:00:00,DAPR,GHCND:USC00333292,",,7,",3
7804,2025-07-13T00:00:00,MDPR,GHCND:USC00333292,",,7,",69
7805,2025-07-13T00:00:00,SNOW,GHCND:USC00333292,",,7,",0
7806,2025-07-13T00:00:00,SNWD,GHCND:USC00333292,",,7,0700",0
7807,2025-07-16T00:00:00,DAPR,GHCND:USC00333292,",,7,",3
7808,2025-07-16T00:00:00,MDPR,GHCND:USC00333292,"T,,7,",0
7809,2025-07-16T00:00:00,SNOW,GHCND:USC00333292,",,7,",0
7810,2025-07-16T00:00:00,SNWD,GHCND:USC00333292,",,7,0700",0
7811,2025-07-17T00:00:00,PRCP,GHCND:USC00333292,",,7,0700",229
7812,2025-07-17T00:00:00,SNOW,GHCND:USC00333292,",,7,",0
7813,2025-07-17T00:00:00,SNWD,GHCND:USC00333292,",,7,0700",0
7814,2025-07-20T00:00:00,DAPR,GHCND:USC00333292,",,7,",3
7815,2025-07-20T00:00:00,MDPR,GHCND:USC00333292,",,7,",51
7816,2025-07-20T00:00:00,SNOW,GHCND:USC00333292,",,7,",0
7817,2025-07-20T00:00:00,SNWD,GHCND:USC00333292,",,7,0700",0
7818,2025-07-21T00:00:00,PRCP,GHCND:USC00333292,",,7,0700",236
7819,2025-07-21T00:00:00,SNOW,GHCND:USC00333292,",,7,",0
7820,2025-07-21T00:00:00,SNWD,GHCND:USC00333292,",,7,0700",0
7821,2025-07-23T00:00:00,DAPR,GHCND:USC00333292,",,7,",2
7822,2025-07-23T00:00:00,MDPR,GHCND:USC00333292,",,7,",0
7823,2025-07-23T00:00:00,SNOW,GHCND:USC00333292,",,7,",0
7824,2025-07-23T00:00:00,SNWD,GHCND:USC00333292,",,7,0700",0
7825,2025-07-27T00:00:00,DAPR,GHCND:USC00333292,",,7,",4
7826,2025-07-27T00:00:00,MDPR,GHCND:USC00333292,",,7,",66
7827,2025-07-27T00:00:00,SNOW,GHCND:USC00333292,",,7,",0
7828,2025-07-27T00:00:00,SNWD,GHCND:USC00333292,",,7,0700",0
7829,2025-07-28T00:00:00,PRCP,GHCND:USC00333292,",,7,0700",0
7830,2025-07-28T00:00:00,SNOW,GHCND:USC00333292,",,7,",0
7831,2025-07-28T00:00:00,SNWD,GHCND:USC00333292,",,7,0700",0
7832,2025-07-29T00:00:00,PRCP,GHCND:USC00333292,",,7,0700",48
7833,2025-07-29T00:00:00,SNOW,GHCND:USC00333292,",,7,",0
7834,2025-07-29T00:00:00,SNWD,GHCND:USC00333292,",,7,0700",0
7835,2025-07-31T00:00:00,DAPR,GHCND:USC00333292,",,7,",2
7836,2025-07-31T00:00:00,MDPR,GHCND:USC00333292,",,7,",180
7837,2025-07-31T00:00:00,SNOW,GHCND:USC00333292,",,7,",0
7838,2025-07-31T00:00:00,SNWD,GHCND:USC00333292,",,7,0700",0
7839,2025-08-12T00:00:00,DAPR,GHCND:USC00333292,",,7,",12
7840,2025-08-12T00:00:00,MDPR,GHCND:USC00333292,",,7,",30
7841,2025-08-12T00:00:00,SNOW,GHCND:USC00333292,",,7,",0
7842,2025-08-12T00:00:00,SNWD,GHCND:USC00333292,",,7,0700",0
7843,2025-08-18T00:00:00,DAPR,GHCND:USC00333292,",,7,",6
7844,2025-08-18T00:00:00,MDPR,GHCND:USC00333292,",,7,",43
7845,2025-08-18T00:00:00,SNOW,GHCND:USC00333292,",,7,",0
7846,2025-08-18T00:00:00,SNWD,GHCND:USC00333292,",,7,0700",0
7847,2025-08-28T00:00:00,DAPR,GHCND:USC00333292,",,7,",10
7848,2025-08-28T00:00:00,MDPR,GHCND:USC00333292,",,7,",20
7849,2025-08-28T00:00:00,SNOW,GHCND:USC00333292,",,7,",0
7850,2025-08-28T00:00:00,SNWD,GHCND:USC00333292,",,7,0700",0
7851,2025-09-03T00:00:00,DAPR,GHCND:USC00333292,",,7,",6
7852,2025-09-03T00:00:00,MDPR,GHCND:USC00333292,",,7,",53
7853,2025-09-03T00:00:00,SNOW,GHCND:USC00333292,",,7,",0
7854,2025-09-03T00:00:00,SNWD,GHCND:USC00333292,",,7,0700",0
7855,2025-09-04T00:00:00,PRCP,GHCND:USC00333292,",,7,0700",183
7856,2025-09-04T00:00:00,SNOW,GHCND:USC00333292,",,7,",0
7857,2025-09-04T00:00:00,SNWD,GHCND:USC00333292,",,7,0700",0
7858,2025-09-11T00:00:00,DAPR,GHCND:USC00333292,",,7,",7
7859,2025-09-11T00:00:00,MDPR,GHCND:USC00333292,",,7,",0
7860,2025-09-11T00:00:00,SNOW,GHCND:USC00333292,",,7,",0
7861,2025-09-11T00:00:00,SNWD,GHCND:USC00333292,",,7,0700",0
7862,2025-09-23T00:00:00,DAPR,GHCND:USC00333292,",,7,",12
7863,2025-09-23T00:00:00,MDPR,GHCND:USC00333292,",,7,",43
7864,2025-09-23T00:00:00,SNOW,GHCND:USC00333292,",,7,",0
7865,2025-09-23T00:00:00,SNWD,GHCND:USC00333292,",,7,0700",0
7866,2025-09-24T00:00:00,PRCP,GHCND:USC00333292,",,7,0700",419
7867,2025-09-24T00:00:00,SNOW,GHCND:USC00333292,",,7,",0
7868,2025-09-24T00:00:00,SNWD,GHCND:USC00333292,",,7,0700",0
7869,2025-09-25T00:00:00,PRCP,GHCND:USC00333292,",,7,0700",3
7870,2025-09-25T00:00:00,SNOW,GHCND:USC00333292,",,7,",0
7871,2025-09-25T00:00:00,SNWD,GHCND:USC00333292,",,7,0700",0
7872,2025-10-20T00:00:00,DAPR,GHCND:USC00333292,",,7,",25
7873,2025-10-20T00:00:00,MDPR,GHCND:USC00333292,",,7,",99
7874,2025-10-20T00:00:00,SNOW,GHCND:USC00333292,",,7,",0
7875,2025-10-20T00:00:00,SNWD,GHCND:USC00333292,",,7,0700",0
