,CINCINNATI MUNICIPAL AIRPORT LUNKEN FIELD | GHCND:USW00093812,OBERLIN | GHCND:USC00336196,WAVERLY | GHCND:USC00338830,PORTSMOUTH SCIOTOVILLE | GHCND:USC00336781,BEVERLY STP | GHCND:USC00330676,LOGAN | GHCND:USC00334672,BELLEFONTAINE | GHCND:USC00330563,URBANA WRF | GHCND:USC00338552,GALLIPOLIS | GHCND:USC00333029,AKRON CANTON AIRPORT | GHCND:USW00014895,MILLERSBURG | GHCND:USC00335297,LIMA WWTP | GHCND:USC00334551,KENTON | GHCND:USC00334189,SANDUSKY | GHCND:USW00014846,FINDLAY AIRPORT | GHCND:USW00014825,STEUBENVILLE | GHCND:USC00338025,NEWARK WATER WORKS | GHCND:USC00335747,HANNIBAL LOCKS AND DAM | GHCND:USC00333500,HILLSBORO | GHCND:USC00333758,CELINA 3 NE | GHCND:USC00331390,MOSQUITO CREEK LAKE | GHCND:USC00335505,DENNISON WATER WORKS | GHCND:USC00332160,VAN WERT 1 S | GHCND:USC00338609,LANCASTER | GHCND:USC00334403,WILMINGTON AIR PARK | GHCND:USW00013841,MANSFIELD 5 W | GHCND:USC00334874,PAINESVILLE 4 NW | GHCND:USC00336389,DAYTON MCD | GHCND:USC00332067,PANDORA | GHCND:USC00336405,ATHENS OU | GHCND:USC00330279,YOUNGSTOWN WARREN REGIONAL AIRPORT | GHCND:USW00014852,FRANKLIN | GHCND:USC00332928,JOHN GLENN INTERNATIONAL AIRPORT | GHCND:USW00014821,JACKSON 3 NW | GHCND:USC00334004,BOWLING GREEN WWTP | GHCND:USC00330862,SPRINGFIELD WATER TREATMENT PLANT | GHCND:USC00337935,ZANESVILLE MUNICIPAL AIRPORT | GHCND:USW00093824,MARIETTA WWTP | GHCND:USC00334927,WARREN 3 S | GHCND:USC00338769,MARYSVILLE | GHCND:USC00334979,EATON | GHCND:USC00332485,PIQUA WWTP | GHCND:USC00336650,NORWALK WWTP | GHCND:USC00336118,CENTERBURG 2 SE | GHCND:USC00331404,NEW CARLISLE | GHCND:USC00335786,TOLEDO EXPRESS AIRPORT | GHCND:USW00094830,DEFIANCE | GHCND:USC00332098,CIRCLEVILLE | GHCND:USC00331592,MONTPELIER | GHCND:USC00335438,XENIA 6 SSE | GHCND:USC00339361,DAYTON INTERNATIONAL AIRPORT | GHCND:USW00093815,LAKEVIEW | GHCND:USC00333915,FREMONT | GHCND:USC00332974,MANSFIELD LAHM REGIONAL AIRPORT | GHCND:USW00014891,WAUSEON WATER PLANT | GHCND:USC00338822,FINDLAY WPCC | GHCND:USC00332791,WESTERVILLE | GHCND:USC00338951,LONDON STATE FISH HATCHERY | GHCND:USC00334681,CHARDON | GHCND:USC00331458,RAVENNA 2 S | GHCND:USC00336949,HIRAM | GHCND:USC00333780,BUCYRUS | GHCND:USC00331072,FAIRFIELD | GHCND:USC00332651,SOUTH POINT | GHCND:USC00337857,PAULDING | GHCND:USC00336465,WASHINGTON COURT HOUSE | GHCND:USC00338794,NEW LEXINGTON 2 NW | GHCND:USC00335857,HICKSVILLE | GHCND:USC00333722,NEW CUMBERLAND L D | GHCND:USC00466442,SIDNEY 1 S | GHCND:USC00337693,GALION WATER WORKS | GHCND:USC00333021,AKRON FULTON INTERNATIONAL AIRPORT | GHCND:USW00014813,CLEVELAND HOPKINS INTERNATIONAL AIRPORT | GHCND:USW00014820,GREENVILLE WATER PLANT | GHCND:USC00333375
0,9392.55940742564,9487.461624670914,9128.37600399573,8873.074756022941,9062.068920126765,9031.985286416295,9896.8185640117,9536.422052883112,8810.376839218805,9666.516174731929,9274.030207230568,9821.599853211215,9809.906446604164,9515.758279739266,9885.9939172863,9153.992852372345,9208.195287730641,8602.581929650665,8986.787714973501,9936.8809347339,8802.35707199259,9200.870747625502,10015.99896839355,9298.686368218228,9608.287964517172,9858.102690998368,9042.477737762298,9947.54188788242,9964.87797321529,8636.057902873721,9375.852653075437,9238.398604604137,9736.343731930214,8776.179971614632,9857.951150202902,9472.97640752699,9358.165317698713,8944.389780568687,9042.312347396854,9695.173264755844,9555.12307550794,9760.808252500105,9621.364066254038,9559.371712573144,8977.626678304037,9856.570804386349,9858.616414772581,9124.353881954941,9874.172898962877,9427.801084696708,9882.789892860415,9434.98033751505,9748.794947692064,9770.718849501698,9668.318979318237,9953.256720088819,9571.889855451134,9446.991638509573,9165.35384508449,9181.990030495726,9315.94032750871,9664.466096918479,9576.456827516755,8738.829253388792,9961.903131758936,9306.558780509444,9015.783071236852,9618.537549874152,8858.397594058404,9713.700363974212,9825.281095132492,9735.916354888994,9516.53522269279,9810.990307625885
1,9487.461624670914,10621.347118872804,9369.75927777148,9304.67957121516,9382.846817902027,9767.537660243672,10525.809660198795,10149.151690059096,9193.417462233196,10129.988416806644,10037.460064092631,10321.510533684252,10479.099897879692,10305.247659842567,10284.578248590642,9675.950978594738,9704.216154112251,9161.571723060177,9556.53151191467,10404.352020227945,,9576.541654154342,10641.781225345627,9196.397534609257,9943.507270945527,10361.411012974491,9780.231817276546,10311.865499827692,10437.574438183648,9156.887538103112,9913.922153966974,9553.69607189157,10029.167668695598,9232.167664584316,10545.756696282197,9992.943606028337,9659.112870326599,9217.441815175385,9677.058854495495,10108.23018083968,10072.50719480191,10210.834679691437,10320.766034735112,10209.954527070919,,10398.60078886756,10507.531535891952,9624.874562724957,10500.844891850391,9753.022229437094,10171.79634842106,,10550.568949490653,10198.807529196647,10217.738961018875,10451.596822733552,9985.901651735574,10017.16981920066,9954.978596401163,,10081.794050441511,10503.831813342445,9963.012325400765,9201.765218136039,10592.730163756416,9614.078649507961,9542.17589650135,9531.124275362994,9441.4943354768,10441.436065932437,11129.883532171863,10394.716921615896,10067.679486667901,10369.101412511687
2,9128.37600399573,9369.75927777148,9875.86826911547,9383.291037002451,9640.41376340453,9654.184800295858,10247.12908254413,9831.771698825984,9336.464476841928,9598.36698042607,9668.50369001925,9927.522564545669,10015.120093753234,9497.647780236315,9717.764459253674,9458.251933144298,9597.99656278979,9173.791586811332,9473.31495142689,9815.758071560515,9534.484721270102,9426.884718155103,10286.21286055363,9430.78613173602,9327.83343422309,9768.748684421173,9176.30435248696,10287.213174621029,9766.443324729828,9096.426020230321,9341.842681399034,9393.574521600516,9589.090406241412,9419.093875176108,9977.300622206538,9919.695174667992,9299.265356621809,9432.567047217224,9594.757208145485,9651.550941130634,9917.11151301561,9789.110186032693,10020.113836168224,10004.091928966442,9452.0083516536,9706.432192485308,10157.839427930496,9709.134683023833,10117.55434849638,9388.893457666767,9632.008239782397,9986.31154327998,10130.762747246643,9611.600504298105,9975.261110752945,9775.858070949487,9642.313632434823,9821.65642611721,9682.093881103061,9842.775455251867,9772.30702742878,10116.169996291603,9752.35036130896,9319.998735273934,10285.887736179982,9637.219165613531,9583.248932029459,9962.169520722882,9530.460961538934,9984.315583238378,10360.879011221803,9650.852115746044,9425.898677000916,9880.748919321384
3,8873.074756022941,9304.67957121516,9383.291037002451,9391.36775888961,9463.996307634905,9525.953335490814,10064.324197277483,9658.554703504069,9229.37872100341,9313.584682773799,9453.141429892661,9605.783340964028,9798.999343652302,9337.37186551423,9397.7510717114,9240.805113431798,9384.959574952773,9113.124601681768,9333.258887130432,9540.765913118486,9342.42872674458,9114.962717330565,10078.664802024994,9257.683445160255,9155.196118528105,9444.964091691003,8953.598410976301,10122.666523004738,9449.369558556511,9030.013733973316,9074.46477608992,9249.575432162208,9311.021528608017,9262.520399173425,9780.627712245807,9741.716752604283,9032.580608327553,9177.741839185057,9386.352694444444,9426.0745255443,9761.071161934402,9602.705858208956,9828.584890596912,9847.7928396422,9359.786406190336,9406.758211301838,9957.460042824596,9552.993808265366,9888.666272820563,9145.991565994495,9318.873034566672,9795.809798745711,9947.049335286605,9307.438924763499,9726.341560953213,9473.48756578747,9412.316944051834,9675.353565507972,9535.1988244562,9673.261171517504,9615.604816546489,9914.92908880653,9624.8625914418,9211.369648472455,10075.95218340334,9336.170847935795,9470.221287560542,9528.28746520715,9347.470091661755,9816.881778340436,10158.06579705693,9445.490324871931,9145.997182723682,9703.498016086074
4,9062.068920126765,9382.846817902027,9640.41376340453,9463.996307634905,9845.150558597485,9579.065191381746,10200.972328689635,9902.143436185941,9403.285883032426,9548.161522078759,9702.958629947154,9915.236434054996,9905.059853243194,9450.234721674966,9656.479740208519,9618.01086964477,9595.69613587686,9315.90779692019,9425.294447496457,9772.96970811768,9567.133626250677,9455.513827116583,10314.678664895773,9430.842871728844,9296.850223374706,9731.604975199265,9169.185840280385,10335.378306682876,9653.146876337736,9171.373095258297,9296.555458259365,9378.35257235954,9537.179597057382,9397.929172036329,9909.867196097674,9948.219494084726,9264.174210736728,9431.750270621336,9685.2549317169,9680.265274979933,9922.714093069964,9739.420525429763,10093.072868852816,10051.34013753981,9409.54067048299,9639.097895833842,10184.2920797703,9716.647640341876,10166.389782534261,9320.082309686448,9519.303266654722,9986.649096181442,10212.016307658956,9542.986746122026,9983.994611864993,9701.964716195573,9611.222900416591,9863.464532271992,9790.627150136375,9888.223360337766,9871.92723445256,10139.193107890525,9758.471806629588,9305.969160339117,10322.097189097596,9609.882480909113,9667.800428600016,10136.56044610082,9539.38372563066,10034.576606336177,10347.288080517437,9642.006394296894,9371.30182107274,9798.703971359057
5,9031.985286416295,9767.537660243672,9654.184800295858,9525.953335490814,9579.065191381746,10199.14944616343,10263.894232277415,9949.321805978665,9474.655058933398,9542.418775075163,9768.91260872217,9840.635766467829,10073.265762631125,9555.185747386977,9613.885101245465,9594.97335931732,9610.838537749081,9404.146627430327,9710.624721099985,9714.532966426528,9535.500015060334,9455.653765187608,10338.525270403596,9281.005992215363,9130.601055483885,9646.92478519999,9185.759732567665,10415.038795923552,9645.518900628405,9059.817013087506,9296.287447384128,9443.298838010582,9514.951566694865,9420.337548112688,9946.973166262045,10029.222941159025,9254.401318681113,9451.196352426037,9724.598436669461,9637.237580635872,9979.014071038418,9612.88417445904,10117.025860834983,10140.52154525245,9484.899072203529,9598.711708496256,10250.60998927297,9892.26809419107,10275.8064747329,9350.189824128187,9503.244213915685,9870.830214106416,10176.068294950603,9521.84274962886,9985.724836162915,9673.469393535792,9659.133881876358,10063.388879727401,9858.45767648836,9886.189086070715,9886.599311056458,10205.128149576414,9803.16893832844,9372.946687090696,10380.14477368109,9761.713922304185,9794.222710497823,9826.372671217896,9495.880284639728,10090.27736268512,10147.589750481866,9499.279256778118,9355.03984078188,9820.292748875934
6,9896.8185640117,10525.809660198795,10247.12908254413,10064.324197277483,10200.972328689635,10263.894232277415,11249.162500256918,10772.641029934344,9974.842056001102,10493.406321884311,10423.361878557434,10859.801940970232,11042.924152765834,10527.25316458662,10655.109681070107,10212.129648311267,10348.473483147527,9855.523996264084,10225.194850716773,10803.756321424265,10174.517267258927,10128.625718173513,11343.357570927692,10181.683316238294,10185.035355016744,10710.631460811761,10071.611698794235,11316.73394185456,10688.433586172803,9880.912956589327,10226.005742427944,10260.240904762806,10452.783041074677,10034.396347979284,11006.279955446771,10797.11319335139,10100.546106349908,10022.83257821435,10335.966441036418,10580.993459320765,10821.172866045528,10625.320222904063,11012.751727105962,10918.68863647833,10105.033395621324,10654.773463008873,11181.219704407935,10447.911170207344,11146.367132969137,10219.937153206924,10521.279895073441,10837.55880458842,11144.467184779336,10526.361067905229,10916.463504911286,10730.653081053713,10533.880937648222,10759.442080041277,10558.261092359216,10555.200725668383,10660.590493287395,11058.031223988735,10617.64123896451,9891.33985627092,11332.560215598958,10407.431006726249,10321.649761117002,10821.744698533603,10121.014814123015,10968.871545906819,11199.83216563074,10525.391471528501,10339.785469024693,10870.037402171421
7,9536.422052883112,10149.151690059096,9831.771698825984,9658.554703504069,9902.143436185941,9949.321805978665,10772.641029934344,10603.31159376464,9544.80473486023,10058.532040601674,10035.245753830945,10441.052587530861,10472.896061541012,10065.54677507992,10233.950150975592,9833.449001168374,9941.219380838664,9462.301196671327,9836.940361100804,10380.125195450957,9916.466122955808,9784.364492205234,10872.458596431388,9824.06929677991,9885.101978819152,10251.869516191864,9657.201786705024,10894.706675491503,10314.544846139206,9367.743480539171,9815.231550813702,9859.771446845421,10050.319462218928,9638.9839831662,10536.276738440209,10383.263322787636,9713.299585735373,9591.686757429876,9925.418115887865,10170.13641182121,10368.480776218918,10381.404751477909,10554.400262707833,10459.700234885344,9947.04052936523,10261.878267279817,10710.595698234016,10062.363264779777,10658.578447139625,9832.596806055424,10113.14926435856,10548.181065688776,10658.597929897802,10110.808042097022,10463.414473390269,10336.01036163536,10099.89032045905,10326.631207011374,10140.698848459271,10271.155469402025,10232.062537006312,10603.575105512333,10205.111536408294,9526.927756913443,10827.283431523425,9984.584457269144,9904.173831028163,10354.498586403419,9881.263084476965,10510.623802879503,10858.021646590621,10242.12379869002,9926.905519543589,10391.217195846111
8,8810.376839218805,9193.417462233196,9336.464476841928,9229.37872100341,9403.285883032426,9474.655058933398,9974.842056001102,9544.80473486023,9418.804782383355,9256.54618788789,9427.218390806851,9542.245228334981,9684.868136671535,9256.627824796115,9318.55752445164,9210.013185082316,9349.47643911883,9068.647032548648,9255.06587588636,9460.808841548213,9308.668326423915,9055.153421228531,9986.55499795288,9144.240311973688,9022.001051230514,9410.539864463715,8893.047098190103,10054.902784802678,9378.787779230655,9014.290891945364,9022.055062490841,9154.303976991503,9243.781537788502,9185.724261859654,9681.037302089499,9662.239540037199,8981.190901981015,9177.193409569838,9369.01302134864,9351.241908518941,9673.029449182932,9442.723502448363,9760.088049525895,9781.14787399641,9187.678288996018,9322.842592212066,9869.509743382781,9482.7164643005,9821.318797235595,9085.54066101759,9241.708076588271,9738.657132500655,9795.942465324182,9242.979899020149,9679.608810062384,9395.378330297644,9352.844203141673,9604.16159791457,9483.003833976914,9605.674124247324,9573.784307252012,9843.662416359339,9525.533153141525,9158.764700674179,9980.813353531626,9347.970729272643,9418.257053217932,9463.86269110861,9265.08644374306,9747.031687152312,10060.20858229715,9315.435593105358,9083.978033104184,9593.628299789885
9,9666.516174731929,10129.988416806644,9598.36698042607,9313.584682773799,9548.161522078759,9542.418775075163,10493.406321884311,10058.532040601674,9256.54618788789,10451.885855646997,9871.854464192285,10405.943467999909,10359.351668392288,10205.433456114451,10533.862538314248,9715.977687700142,9746.403418344715,9095.850269692337,9462.342940967874,10507.842549891253,9494.031501169035,9784.835202712287,10627.49939064339,9809.541180264348,10043.226163874873,10523.652025434243,9768.55199598056,10506.68222537822,10603.657059663181,9060.553961797325,10134.240320589646,9696.668864028417,10269.511416963758,9224.24566208234,10528.840591302498,9986.347228680992,9905.31806287042,9429.816740969773,9674.064213323847,10229.126196088782,10047.140599021439,10309.93733261637,10305.71073050615,10133.795246002204,9505.407330591646,10534.68458190115,10485.936893679422,9637.904351301115,10435.065644785,9892.77367295928,10377.018324548313,10110.309389297274,10429.296342683907,10459.701650594188,10290.79450973635,10586.52161917757,10117.099440435777,9992.707813431776,9845.314679485697,9867.409652329403,9978.053713768553,10297.663861623572,10002.179797535264,9189.835729801714,10589.684904265476,9796.684999768913,9523.399895530238,10241.03755207446,9452.11507159554,10264.995705689957,10471.857448441782,10510.402918383317,10257.88963058869,10336.686795703601
10,9274.030207230568,10037.460064092631,9668.50369001925,9453.141429892661,9702.958629947154,9768.91260872217,10423.361878557434,10035.245753830945,9427.218390806851,9871.854464192285,10147.058694930638,10168.120864696346,10274.006871615897,9832.232732883987,9989.174728409493,9739.332276446254,9731.641357082177,9328.973580223756,9568.774544386477,10078.808751658946,9808.757031097486,9718.54847790132,10531.483010874845,9449.56419088692,9525.398320340284,10073.907982814286,9460.445615704753,10452.610923528551,10022.07513151068,9154.852599052423,9624.13301416878,9467.389336261205,9802.801090474066,9406.127544949235,10191.531260189835,10055.94958230056,9503.554370776854,9445.834900486301,9842.614083793516,9966.912325324587,10065.454410495746,9920.034149799143,10299.354923475195,10203.24124221149,9535.300461312,9998.561523499708,10400.87767523269,9788.91246355953,10372.892253016878,9565.340078170635,9842.097553279633,10239.514477528257,10411.570834265116,9886.763899214977,10219.967518955096,10054.824672811854,9844.866834660845,10057.450114087183,9983.841104324361,10139.017372004253,10042.399355778834,10341.645423234977,9854.428016330345,9349.390366326183,10546.043047515624,9798.597420193077,9719.27758618462,10214.95721567658,9631.89944218323,10293.378658746378,10566.044288855202,9915.658142848475,9718.85301537577,10025.579054246778
11,9821.599853211215,10321.510533684252,9927.522564545669,9605.783340964028,9915.236434054996,9840.635766467829,10859.801940970232,10441.052587530861,9542.245228334981,10405.943467999909,10168.120864696346,11039.52305716717,10709.08930297918,10286.27130137396,10667.778708055646,9973.61918966798,9959.680092458295,9395.73319669514,9751.572591703078,10746.366252575088,9953.224634752154,10030.118354712811,11028.913368302377,9949.969371586989,10142.830951268157,10635.9911626344,9917.493913424374,10853.769719468604,10770.727442791436,9344.055601998594,10132.691953747555,9825.517405676497,10368.102639165705,9600.164400527785,10712.094471472785,10368.863444943201,9965.583501586962,9717.713758529739,9978.910776256775,10385.222677886923,10407.101304998328,10447.268604881716,10629.303842758742,10459.047399395533,9818.58390838558,10690.682498051963,10855.001459262465,9962.9229380337,10858.003052960297,10036.261552377786,10516.39028166888,10647.794350459157,10785.84734403612,10508.766873741852,10672.568487442912,10765.509711096896,10286.391667885408,10257.95433177455,10137.921580647431,10331.935530660401,10284.950722627194,10627.73706307888,10205.613057754683,9436.0554706057,10979.709569569886,10140.833748996982,9842.959352344478,10720.323730652392,9909.282172884336,10635.358974769386,11025.859077639378,10478.268355465656,10294.637076181276,10525.9014026645
12,9809.906446604164,10479.099897879692,10015.120093753234,9798.999343652302,9905.059853243194,10073.265762631125,11042.924152765834,10472.896061541012,9684.868136671535,10359.351668392288,10274.006871615897,10709.08930297918,11194.275821529362,10544.199087497229,10530.166930877289,9983.132941108468,10250.237186135453,9597.842519677217,10072.034202212413,10744.247451307596,,9738.66927658819,11127.701794328674,9801.09733123024,10094.868643671887,10546.783853894849,10039.633487682968,10838.499345864018,10670.643376156917,9684.215613107363,10103.24172460304,10028.159932205144,10319.754232658184,9819.269801419752,11001.399493121937,10526.52439792628,9959.291233311787,9762.136194835963,10116.21490221283,10394.24302720382,10574.127478007958,10611.323030381722,10764.429311445057,10653.104554971933,,10611.605042284451,10966.998479920825,10161.950508922446,10948.152631842768,10098.478275511388,10465.80560581462,,10910.277343540965,10417.57948742319,10700.994379231632,10703.731255476054,10373.246648991337,10408.56233780283,10313.62871126453,,10493.793243888616,10974.317507371285,10470.238997716415,9685.399683239943,11088.87939294635,10084.325141018977,10018.532480408532,10449.234691470772,9856.978051841488,10819.11959132096,11629.04021648217,10420.726834730933,10248.382168235903,10890.92689012783
13,9515.758279739266,10305.247659842567,9497.647780236315,9337.37186551423,9450.234721674966,9555.185747386977,10527.25316458662,10065.54677507992,9256.627824796115,10205.433456114451,9832.232732883987,10286.27130137396,10544.199087497229,10553.386819231848,10448.856106915355,9578.39085702657,9747.509709272663,9163.076574632,9505.560899781134,10469.975320442818,9364.032613759297,9558.499258992853,10737.008576080932,9722.426135001022,9893.354453672366,10345.514273103936,9843.629447617901,10554.374307735401,10540.711383597047,9102.42336383374,9953.570897911839,9715.677608341075,10100.663602016786,9193.424790802248,10705.517719721427,10017.396530605083,9708.994339623192,9358.392006198626,9677.791167170546,10156.581430848562,10086.944098767039,10212.478986930893,10439.151294979978,10167.966198770862,9400.079852440876,10509.293394650067,10616.607419505042,9695.803883721008,10610.236545877122,9750.568719555755,10226.417769152888,9988.325286257023,10520.695427356091,10288.831203917647,10359.804221633487,10519.347622759129,10016.336658377053,10084.7298782147,9951.866454258256,9755.044383279861,10035.38491913865,10387.371478289182,10063.073012186527,9227.670673307237,10704.51799116991,9689.208123009466,9572.580603401704,10131.8170053356,9280.391367746417,10329.642069269637,10277.474478113023,10317.064264819126,10160.796907554432,10400.61014281157
14,9885.9939172863,10284.578248590642,9717.764459253674,9397.7510717114,9656.479740208519,9613.885101245465,10655.109681070107,10233.950150975592,9318.55752445164,10533.862538314248,9989.174728409493,10667.778708055646,10530.166930877289,10448.856106915355,10925.640479370706,9786.968642508573,9843.142298586672,9150.588623324327,9562.648556716947,10811.56756330156,9568.42417551105,9911.305270659659,10845.7873409515,9970.817886378687,10317.127165997577,10728.050258408472,9920.891132303323,10637.570644108138,10965.822310374338,9108.985291451101,10240.761709478575,9852.788074597014,10474.144012291083,9314.000991941502,10781.217906513177,10113.203492527358,10035.958126403715,9503.904943172269,9733.716874759555,10450.016337541538,10195.638518247113,10625.174693265024,10441.202437918113,10250.427617660445,9680.521500811034,10880.476316967992,10688.581940885302,9730.196361961198,10657.653774858469,10082.722429373222,10664.993681032462,10292.059640994525,10591.555998486729,10679.773338488289,10489.234879605954,10935.103136214151,10281.678575663409,10102.665847489077,9917.855372939259,9959.954714585752,10050.79424231387,10437.625313213432,10175.867198280335,9275.991012470147,10804.15921884128,9911.709073449898,9600.92489081671,10506.726244088391,9553.242362043604,10442.536715392751,10667.98782046629,10660.288567840798,10455.525446803746,10561.692096906558
15,9153.992852372345,9675.950978594738,9458.251933144298,9240.805113431798,9618.01086964477,9594.97335931732,10212.129648311267,9833.449001168374,9210.013185082316,9715.977687700142,9739.332276446254,9973.61918966798,9983.132941108468,9578.39085702657,9786.968642508573,9793.23426506424,9501.931211029028,9132.739708870768,9376.36155022169,9892.61840718831,9709.715998711506,9536.143135560622,10284.027732357239,9394.379545605385,9459.145757076805,9870.113774904561,9295.853000645257,10200.552593207976,9853.385304157982,8939.34971976769,9491.463123246756,9302.230747933278,9645.633535321116,9241.512916857506,9974.507741740392,9826.838493839621,9366.556171351183,9287.136428608508,9618.025779173302,9734.7803185485,9829.582844790302,9835.525465324019,10044.260081046086,9967.971011817152,9327.63046772298,9812.445395179404,10165.88645340774,9556.991931725543,10120.30697712848,9447.265482272873,9675.864266451938,10056.24393898736,10161.106025460867,9717.301124146821,9967.859467161557,9883.74216756832,9678.162514447526,9750.098548593369,9728.453701947838,10012.905559227529,9849.350420886416,10088.095546662227,9670.278472453321,9122.789862301675,10258.511746182116,9588.275659880346,9482.385548676093,9950.98690990278,9675.988400785953,9997.08354246622,10441.15500027177,9849.293246449923,9543.559856627402,9828.796026309492
16,9208.195287730641,9704.216154112251,9597.99656278979,9384.959574952773,9595.69613587686,9610.838537749081,10348.473483147527,9941.219380838664,9349.47643911883,9746.403418344715,9731.641357082177,9959.680092458295,10250.237186135453,9747.509709272663,9843.142298586672,9501.931211029028,9985.135175339588,9243.981694095593,9465.631060760792,9967.822307857798,9340.164926930303,9381.332232279827,10421.60429680923,9606.61808494193,9479.400721357937,9916.023077767482,9342.213670308089,10388.06813070323,9913.367181494044,9356.654380562417,9502.768237716758,9567.554707971702,9714.294540318979,9367.915398687257,10217.85026226003,10030.029258969265,9426.295018470313,9390.1022998044,9723.622424786467,9870.061615257557,9993.792921238832,9915.215829304087,10177.562756584415,10109.873905939305,9470.177065162572,9856.538769934205,10308.96417278459,9752.101137759892,10311.594719569432,9489.758003205703,9743.393765904964,9834.184397997653,10226.865446338914,9759.115914519853,10109.311603267983,9931.915411845397,9773.432470714784,9943.917472511594,9833.84692936382,9741.406799822142,9929.08060274333,10231.547443209138,9937.166733800617,9258.93742761593,10413.393749597668,9552.814568377777,9649.276862305429,9905.799470644255,9507.30182107735,10090.764782161481,10294.484504281165,9820.530114271527,9583.01836734804,10099.619760176796
17,8602.581929650665,9161.571723060177,9173.791586811332,9113.124601681768,9315.90779692019,9404.146627430327,9855.523996264084,9462.301196671327,9068.647032548648,9095.850269692337,9328.973580223756,9395.73319669514,9597.842519677217,9163.076574632,9150.588623324327,9132.739708870768,9243.981694095593,9212.967558478906,9147.971776986244,9275.675344328283,9256.974764624982,8957.298179550504,9878.044269782242,9015.022934361463,8834.65137421074,9233.08929539935,8815.448433627085,9898.05874967972,9197.813837524633,8918.062061897877,8875.676025169747,9018.33037242362,9056.017199472115,9061.632782313414,9604.219424589233,9548.661066350742,8802.825291662948,9064.291917357074,9347.529706712106,9194.054255670022,9549.337883001182,9277.311272450346,9692.97001842732,9678.95795367576,9007.734407463095,9181.743564512348,9789.699738368608,9408.19323554468,9758.524121776734,8878.62619839486,9039.581620431634,9621.139346420829,9778.71309327676,9065.001612486132,9578.208313847188,9231.2229171497,9173.43060277013,9500.868167387625,9482.146874332739,9568.856662361535,9545.223153014396,9769.065444533566,9386.591029020703,9038.019846960435,9906.505697041814,9130.433349285046,9362.778610959442,9365.911939819263,9324.000915970237,9616.171988456565,9956.043302769596,9188.302589884548,8936.314724417627,9453.214029351555
18,8986.787714973501,9556.53151191467,9473.31495142689,9333.258887130432,9425.294447496457,9710.624721099985,10225.194850716773,9836.940361100804,9255.06587588636,9462.342940967874,9568.774544386477,9751.572591703078,10072.034202212413,9505.560899781134,9562.648556716947,9376.36155022169,9465.631060760792,9147.971776986244,9757.667610832455,9702.932851100635,9357.9082072141,9248.600491639167,10257.262454277392,9262.046495514413,9186.800373360962,9645.435109422293,9093.302886732645,10280.539703038598,9606.4001541755,9046.50237211966,9226.477079372195,9411.229241994484,9449.551013527,9273.029692642554,9906.817720871506,9908.940105240112,9167.097151459391,9249.50298744842,9498.20497884248,9563.967977378767,9901.86672354994,9591.159968978325,9976.304054539993,9987.602943355707,9386.938191710758,9556.0688125092,10105.059497612281,9679.452580413716,10135.674977180477,9306.398658858643,9479.071173256441,9839.196485454371,10046.134235497826,9471.538647603154,9886.169078512115,9628.320878263054,9541.182485005944,9902.42888087295,9659.908619651687,9675.666617658913,9743.159374094937,10067.8943715316,9736.297478842174,9236.28852853514,10250.73724475635,9552.263540997257,9555.633702739287,9590.85846929578,9317.84393367478,9976.2728244923,10082.908174319142,9476.886506952696,9293.111923747103,9833.046909947321
19,9936.8809347339,10404.352020227945,9815.758071560515,9540.765913118486,9772.96970811768,9714.532966426528,10803.756321424265,10380.125195450957,9460.808841548213,10507.842549891253,10078.808751658946,10746.366252575088,10744.247451307596,10469.975320442818,10811.56756330156,9892.61840718831,9967.822307857798,9275.675344328283,9702.932851100635,10961.828009515626,9591.332911312698,9938.815417031721,11008.974886704464,10038.051461500472,10326.121874451126,10755.101640928022,9954.443880010414,10843.52974317691,10934.778463451912,9312.627410075946,10220.027670759511,9966.44287694114,10488.064815999682,9474.04185884891,10820.18217220491,10274.067393647558,10054.598316811744,9597.279898241153,9837.891331807627,10525.04744686951,10356.519328841807,10639.283123687997,10578.89090729555,10392.530946703138,9779.400763534222,10808.947760351253,10835.248820910143,9880.357066371129,10818.674403168232,10183.261241016766,10670.485357491756,10375.325719165881,10692.388245014277,10636.41494471156,10606.854751273484,10910.958386458047,10383.419359959149,10221.64687736526,10027.052176419198,10052.264607207075,10185.634985213885,10550.872264315854,10319.725699648456,9381.09796207793,10931.54629895,10027.046019659203,9734.713506891443,10580.96117487691,9635.64638844293,10579.576664222803,10740.618973018893,10610.784569154046,10406.676572751681,10654.318244807908
20,8802.35707199259,,9534.484721270102,9342.42872674458,9567.133626250677,9535.500015060334,10174.517267258927,9916.466122955808,9308.668326423915,9494.031501169035,9808.757031097486,9953.224634752154,,9364.032613759297,9568.42417551105,9709.715998711506,9340.164926930303,9256.974764624982,9357.9082072141,9591.332911312698,9929.287437940415,9818.981748698314,10345.165720003994,9224.294610068504,9032.982681448602,9773.793495020996,9145.169070994429,10592.436648773553,9544.57524669913,6582.733293717813,9306.371193020375,9091.421542387094,9354.005736149002,9201.529599455998,9664.662502028992,9940.828371595586,9098.788573050499,9303.305598485613,9863.119782354672,9591.820873728615,9792.811219972089,9743.048171347384,10246.821384586005,10023.921012306486,9347.005401414619,9567.409515961503,10252.533577954557,9734.913071408424,10164.517018970406,9125.50568818352,9287.209564426501,9952.122375889247,10206.581549033395,9459.27626471911,10116.821761862473,9564.463611724399,9429.870176974677,9898.058823697274,10035.940325661886,10096.857565805944,10011.618391472242,9991.328853519044,9487.090340092047,9127.652329132503,10381.233890302034,9783.441864589216,9631.517904357514,9982.542500994949,9471.718695187823,10006.58291275067,10208.337402839263,9504.910989680808,9337.095315686274,9323.598681607033
21,9200.870747625502,9576.541654154342,9426.884718155103,9114.962717330565,9455.513827116583,9455.653765187608,10128.625718173513,9784.364492205234,9055.153421228531,9784.835202712287,9718.54847790132,10030.118354712811,9738.66927658819,9558.499258992853,9911.305270659659,9536.143135560622,9381.332232279827,8957.298179550504,9248.600491639167,9938.815417031721,9818.981748698314,10027.809539389906,10225.575999707487,9351.933852768276,9490.476653492577,9964.306740347656,9239.205127223553,10106.114522720069,9973.042202017283,8520.717448648551,9534.862853009217,9303.814474881427,9717.75787496502,9067.096372338292,9857.877805452716,9709.027729172863,9398.274044423486,9146.006843634026,9482.554251279835,9791.993878496494,9730.7220919825,9973.113130125244,9950.30642764414,9833.742126013945,9598.593154512926,9903.37153845218,10078.902138299762,9403.697332072381,9970.299498282062,9425.731856649238,9786.916786228385,10176.36901408115,10096.421297316054,9816.56291574121,9907.237458885596,9978.335773162995,9622.490463509304,9755.33828433515,9586.89553320002,10183.503244506024,9692.713094229697,9953.379573699553,9622.360092413794,9020.023786066111,10206.233641302073,9666.477437361988,9342.758399361774,10090.403212161582,9515.850832712647,9947.612437077241,10457.87149717076,9888.70816902886,9624.490094252746,9698.155699405695
22,10015.99896839355,10641.781225345627,10286.21286055363,10078.664802024994,10314.678664895773,10338.525270403596,11343.357570927692,10872.458596431388,9986.55499795288,10627.49939064339,10531.483010874845,11028.913368302377,11127.701794328674,10737.008576080932,10845.7873409515,10284.027732357239,10421.60429680923,9878.044269782242,10257.262454277392,11008.974886704464,10345.165720003994,10225.575999707487,11638.13929878137,10330.664258698864,10381.818991667424,10817.281364878876,10249.612527723924,11360.576493933582,10939.8477117039,9817.55594952243,10366.095795401929,10321.452653105785,10573.49160631678,10056.83703478967,11219.714396541021,10847.924587266178,10197.48504512422,10061.749847473664,10434.451903850479,10713.216245052812,10897.635993404721,10838.25653828679,11168.210661384617,10973.856026048647,10348.822812226987,10887.171704365177,11402.557291374167,10481.912248531802,11364.469665594832,10331.586092819121,10676.313772022359,11029.356979768274,11321.959858879516,10682.658976935343,11140.762431223264,10946.87952427551,10621.557999169529,10834.395629696659,10673.89524338684,10756.053234787269,10785.967743165602,11161.75501245307,10722.637507398626,9935.636686529531,11522.33509786259,10450.909439359268,10339.176633771765,10990.683774224948,10254.795652762354,11061.794474616849,11346.50447976502,10745.602958538751,10504.546739477253,10996.203488253335
23,9298.686368218228,9196.397534609257,9430.78613173602,9257.683445160255,9430.842871728844,9281.005992215363,10181.683316238294,9824.06929677991,9144.240311973688,9809.541180264348,9449.56419088692,9949.969371586989,9801.09733123024,9722.426135001022,9970.817886378687,9394.379545605385,9606.61808494193,9015.022934361463,9262.046495514413,10038.051461500472,9224.294610068504,9351.933852768276,10330.664258698864,10007.665928831919,9649.345117409493,9912.71014940768,9278.334567845071,10329.927381244359,9983.697329994915,9081.40630544006,9534.506801844387,9555.655051286656,9824.949241879516,9170.965052117794,10180.090972767852,9848.028862570884,9476.308165429698,9324.788033308934,9467.288274578157,9843.618388995521,9845.707516810802,10012.78868977351,10027.081319705534,9930.582960288091,9409.412427735404,9922.285787563713,10194.863336782719,9566.500844983035,10143.555935008333,9491.796455452353,9859.319050166816,9890.85885882995,10152.474145691895,9860.932090062048,9950.553689176333,10005.032620230837,9759.869832131693,9887.69834709979,9628.153449581327,9618.216221662718,9716.412293132698,10053.990221506043,9881.976308781623,9088.810948121692,10309.5948552454,9476.813547309992,9430.227837309701,10184.780072106436,9338.381712081129,9948.337620724156,10175.828391452698,9940.37474174673,9642.536877488352,10101.447407996086
24,9608.287964517172,9943.507270945527,9327.83343422309,9155.196118528105,9296.850223374706,9130.601055483885,10185.035355016744,9885.101978819152,9022.001051230514,10043.226163874873,9525.398320340284,10142.830951268157,10094.868643671887,9893.354453672366,10317.127165997577,9459.145757076805,9479.400721357937,8834.65137421074,9186.800373360962,10326.121874451126,9032.982681448602,9490.476653492577,10381.818991667424,9649.345117409493,9981.632278071007,10279.027683045475,9371.207756834861,10317.713236144664,10331.869669106605,8910.95388141142,9739.747713086901,9592.337114385566,10109.90238886145,9041.893461619866,10230.643849711785,9801.360317104502,9696.209828646204,9162.08575748842,9301.745625915888,10106.449857878884,9836.191175113563,10076.398247165058,9985.380657370426,9870.640890366152,9201.373303084581,10236.57867894822,10206.21922769596,9373.257009974486,10230.740185505005,9741.250605174158,10242.072892549339,9738.419373838753,10155.341465471827,10167.674547797898,9982.424776152802,10312.856842177445,9902.650194075664,9765.400027229267,9491.670084042122,9420.325530592108,9606.115036833853,10006.403917602742,9910.999257682746,8974.181901546577,10346.408684672944,9478.242080173846,9290.593039999118,10060.802298320365,9059.773180766357,10065.838327517762,10103.20590420997,10081.469692470046,9898.864251986808,10166.97927312155
25,9858.102690998368,10361.411012974491,9768.748684421173,9444.964091691003,9731.604975199265,9646.92478519999,10710.631460811761,10251.869516191864,9410.539864463715,10523.652025434243,10073.907982814286,10635.9911626344,10546.783853894849,10345.514273103936,10728.050258408472,9870.113774904561,9916.023077767482,9233.08929539935,9645.435109422293,10755.101640928022,9773.793495020996,9964.306740347656,10817.281364878876,9912.71014940768,10279.027683045475,10910.960809111766,9917.461061630862,10600.782843844028,10834.572233764746,9196.687737288734,10243.148670718294,9718.99761420632,10455.802226275402,9422.944175277209,10663.896973654208,10135.253205510202,10055.476521132381,9531.113788398012,9806.972650957763,10446.75856746748,10252.203333319274,10482.860566608031,10461.82749448425,10319.104818362182,9600.834080154471,10736.640353261573,10662.513814558968,9772.86968539311,10678.327710075762,10117.833444837994,10596.585433921555,10424.400960790434,10628.572436395165,10639.871229528018,10499.388714247445,10825.679632673908,10314.756862480526,10174.290522954745,9978.311106169827,10165.520616085432,10142.608637175807,10510.899128563207,10195.035708489855,9336.042240262983,10798.170500393353,9988.099159217829,9679.852176430804,10464.215128134567,9656.138484028766,10446.232910750861,10778.273247349363,10660.864028858467,10411.59356994643,10513.822573790492
26,9042.477737762298,9780.231817276546,9176.30435248696,8953.598410976301,9169.185840280385,9185.759732567665,10071.611698794235,9657.201786705024,8893.047098190103,9768.55199598056,9460.445615704753,9917.493913424374,10039.633487682968,9843.629447617901,9920.891132303323,9295.853000645257,9342.213670308089,8815.448433627085,9093.302886732645,9954.443880010414,9145.169070994429,9239.205127223553,10249.612527723924,9278.334567845071,9371.207756834861,9917.461061630862,9673.672539012043,10058.52183042439,10000.301940084035,8759.409015080872,9571.543344550386,9178.41774137977,9615.077095305978,8869.091646848387,10127.288701462656,9614.79512216313,9279.096091987878,9012.839996335399,9399.919936952601,9667.714358793486,9637.860069777493,9681.536979554414,10040.294037522677,9733.046370820022,8868.674949679084,9991.214751565392,10142.033563977247,9290.494515782018,10150.238326318757,9312.15565216234,9696.772655161962,9696.440054059265,10119.373488727124,9812.176877263873,9940.925145376492,9997.957671997006,9588.558860901374,9579.793820506931,9641.705873180215,9493.433254492162,9698.82053091422,9967.381399817243,9535.98322803025,8842.220338057008,10246.281239340868,9254.42526504582,9187.645379385263,9739.510790305507,9153.271766953932,9815.781503237036,10033.184572074073,9861.2014778736,9741.814568888616,9822.881273337302
27,9947.54188788242,10311.865499827692,10287.213174621029,10122.666523004738,10335.378306682876,10415.038795923552,11316.73394185456,10894.706675491503,10054.902784802678,10506.68222537822,10452.610923528551,10853.769719468604,10838.499345864018,10554.374307735401,10637.570644108138,10200.552593207976,10388.06813070323,9898.05874967972,10280.539703038598,10843.52974317691,10592.436648773553,10106.114522720069,11360.576493933582,10329.927381244359,10317.713236144664,10600.782843844028,10058.52183042439,11558.301651282747,10731.76857399066,9739.595725859745,10229.56963091391,10242.349351323655,10480.001556177112,10123.192740878198,11054.996971153201,10813.3627944482,10142.242191590909,10096.497535802204,10339.11349558097,10539.905588683285,10885.982994804564,10656.449356227236,11023.245516576091,10942.177304204877,11369.445122699388,10677.951252487532,11194.921010104721,10492.870706289472,11124.667234204155,10274.822337259107,10569.839336166579,11234.09602379919,11116.552377501905,10542.94071592373,10923.279502311643,10748.600513530404,10600.455930109083,10897.089458529916,10564.604826545985,11139.650328045784,10694.059632261116,11110.115226515218,10701.368581395616,10013.733041846264,11308.44366181028,10506.17447464134,10358.424807112988,10954.473364784402,10299.547310718346,10975.93859803229,11435.927672871421,10704.368271379744,10328.856669406809,10964.51893821342
28,9964.87797321529,10437.574438183648,9766.443324729828,9449.369558556511,9653.146876337736,9645.518900628405,10688.433586172803,10314.544846139206,9378.787779230655,10603.657059663181,10022.07513151068,10770.727442791436,10670.643376156917,10540.711383597047,10965.822310374338,9853.385304157982,9913.367181494044,9197.813837524633,9606.4001541755,10934.778463451912,9544.57524669913,9973.042202017283,10939.8477117039,9983.697329994915,10331.869669106605,10834.572233764746,10000.301940084035,10731.76857399066,11108.536012333405,9196.403412943244,10310.809602709727,9919.74845027352,10551.852515195913,9358.032527205249,10861.742901570531,10165.104928162065,10094.074893194718,9551.283066452033,9789.456941540753,10544.105297706248,10257.377898596995,10610.722259617756,10521.963343321897,10312.015840438553,9662.37141745843,10974.335788993047,10778.33294516617,9789.145499699333,10755.806461195933,10161.68414688086,10758.944791596536,10329.28064388728,10660.33919646899,10758.343281841791,10565.940082019313,11042.20570325565,10349.183502054399,10203.935663851726,9972.895746559778,9985.75500781065,10118.252953468429,10488.527495266831,10253.062225638158,9304.227322035444,10878.116741591024,10029.321708611364,9644.99027618024,10633.642662199069,9529.057657119165,10518.413354714414,10644.745649475199,10657.733106434163,10533.77453304874,10635.43667322389
29,8636.057902873721,9156.887538103112,9096.426020230321,9030.013733973316,9171.373095258297,9059.817013087506,9880.912956589327,9367.743480539171,9014.290891945364,9060.553961797325,9154.852599052423,9344.055601998594,9684.215613107363,9102.42336383374,9108.985291451101,8939.34971976769,9356.654380562417,8918.062061897877,9046.50237211966,9312.627410075946,6582.733293717813,8520.717448648551,9817.55594952243,9081.40630544006,8910.95388141142,9196.687737288734,8759.409015080872,9739.595725859745,9196.403412943244,9128.610646482959,8834.799822360563,9033.394783425216,9071.75998017025,9126.27817007106,9686.512535190557,9538.677401922878,8826.623347596862,9022.218908389425,9251.396717355026,9226.46284722811,9550.332010892655,8930.584269478408,9597.160833673228,9664.724012930405,6972.19598483111,9140.213866926944,9714.392835179387,9297.29696440793,9763.14549039283,8913.538234016261,9076.130439504852,8642.656162725565,9588.833513671449,9042.247028847865,9489.254752402032,9224.25754038517,9214.166869299994,9261.835682334533,9342.718067383412,7133.800633981404,9436.183492151245,9845.587537112122,9432.679230435702,8958.220076029404,9817.886186162934,8481.86151016883,9245.081346348868,8872.8979521964,9243.658923303066,9553.972607034108,9923.012108031638,9201.1931872813,8903.138936869726,9709.999518177878
30,9375.852653075437,9913.922153966974,9341.842681399034,9074.46477608992,9296.555458259365,9296.287447384128,10226.005742427944,9815.231550813702,9022.055062490841,10134.240320589646,9624.13301416878,10132.691953747555,10103.24172460304,9953.570897911839,10240.761709478575,9491.463123246756,9502.768237716758,8875.676025169747,9226.477079372195,10220.027670759511,9306.371193020375,9534.862853009217,10366.095795401929,9534.506801844387,9739.747713086901,10243.148670718294,9571.543344550386,10229.56963091391,10310.809602709727,8834.799822360563,9982.551762573015,9406.660598672166,9969.443987729934,8989.942119418854,10265.082079277154,9753.90750841078,9637.171833449025,9185.95337734293,9479.915416117294,9952.279225573224,9784.988776452523,10006.969798582537,10076.803377508757,9888.060752003545,9229.772465772312,10266.2154562448,10232.782901408673,9402.16572976686,10202.1005881475,9611.21280983299,10064.158695816406,9882.75894391134,10190.31295289811,10175.347171973755,10044.301649100305,10298.746676267989,9848.587466712095,9761.114119262476,9659.072224679603,9647.205484496215,9772.9607000797,10053.72076602246,9726.865878359029,8945.49549458793,10330.793704829335,9543.745909441284,9288.645840570873,9974.349748770352,9221.594706512662,10007.204679958846,10212.579395721134,10230.446714591262,10017.20048876927,10052.725842682195
31,9238.398604604137,9553.69607189157,9393.574521600516,9249.575432162208,9378.35257235954,9443.298838010582,10260.240904762806,9859.771446845421,9154.303976991503,9696.668864028417,9467.389336261205,9825.517405676497,10028.159932205144,9715.677608341075,9852.788074597014,9302.230747933278,9567.554707971702,9018.33037242362,9411.229241994484,9966.44287694114,9091.421542387094,9303.814474881427,10321.452653105785,9555.655051286656,9592.337114385566,9718.99761420632,9178.41774137977,10242.349351323655,9919.74845027352,9033.394783425216,9406.660598672166,10028.68552826984,9707.60247600603,9175.081752646971,10120.232745670635,9870.694416892578,9363.65689827833,9151.1572371889,9383.968822441058,9821.867874424888,9895.925159753111,10051.026963124486,9968.082394093191,9944.601605597172,9992.555287987216,9822.924053529712,10165.628566305499,9573.00822189013,10164.158056038588,9510.029377574361,9794.970715647863,9624.109231884093,10115.34225634335,9745.3712644121,9907.444975982195,9921.850836990041,9721.553204440677,9848.798439084914,9547.120660958255,9553.551688814388,9652.91222215662,10045.963989360444,9930.078294054238,9145.035046609317,10307.09994624646,9430.044017026834,9444.780098776368,9726.046959692847,9253.091420089408,9931.37665921826,10078.845678201506,9827.093743186502,9535.398593397898,10056.174399152253
32,9736.343731930214,10029.167668695598,9589.090406241412,9311.021528608017,9537.179597057382,9514.951566694865,10452.783041074677,10050.319462218928,9243.781537788502,10269.511416963758,9802.801090474066,10368.102639165705,10319.754232658184,10100.663602016786,10474.144012291083,9645.633535321116,9714.294540318979,9056.017199472115,9449.551013527,10488.064815999682,9354.005736149002,9717.75787496502,10573.49160631678,9824.949241879516,10109.90238886145,10455.802226275402,9615.077095305978,10480.001556177112,10551.852515195913,9071.75998017025,9969.443987729934,9707.60247600603,10335.58451116891,9232.355520516765,10445.489584416031,9971.695066195829,9890.39684873612,9401.85260971156,9558.642016018943,10231.882944482863,10038.142779252357,10318.676872984655,10189.144969835323,10091.156914360676,9481.225644106116,10443.075693252455,10415.692835603162,9613.010195341845,10397.7593200525,9909.059354421897,10401.466149983935,10025.35215043453,10326.228800374996,10371.748828916343,10209.800893013973,10538.026030432244,10107.83060332026,9961.835920991189,9712.562374962212,9762.380340590124,9856.362063901901,10213.955595235439,10031.251768155487,9178.996904632773,10523.53300694237,9792.715922941255,9492.73405728939,10169.540167872377,9367.149960929031,10242.476630266921,10399.334185399073,10364.992497359119,10114.703495270014,10331.862505516143
33,8776.179971614632,9232.167664584316,9419.093875176108,9262.520399173425,9397.929172036329,9420.337548112688,10034.396347979284,9638.9839831662,9185.724261859654,9224.24566208234,9406.127544949235,9600.164400527785,9819.269801419752,9193.424790802248,9314.000991941502,9241.512916857506,9367.915398687257,9061.632782313414,9273.029692642554,9474.04185884891,9201.529599455998,9067.096372338292,10056.83703478967,9170.965052117794,9041.893461619866,9422.944175277209,8869.091646848387,10123.192740878198,9358.032527205249,9126.27817007106,8989.942119418854,9175.081752646971,9232.355520516765,9339.606836722854,9685.176219829995,9739.868398479703,8957.148722948563,9191.901241957177,9404.11322496793,9406.334686086599,9722.764691273267,9440.417094791215,9799.851709104782,9827.502274865014,9084.153498297494,9308.857713417196,9927.063505082537,9529.074000248747,9943.790679230166,9084.706941703313,9219.295323875216,9622.80550901207,9842.98970053534,9219.491722775392,9715.989478298992,9379.62869038128,9339.528733836521,9571.142070242619,9517.916640352632,9481.986538733396,9594.090663433415,9906.584616756689,9554.131579383447,9166.699456405455,10058.53986280279,9261.9585748495,9433.952567767055,9619.367764092282,9298.21179585761,9787.95047708351,10028.718071929767,9329.965895757823,9041.671501625353,9620.049919607343
34,9857.951150202902,10545.756696282197,9977.300622206538,9780.627712245807,9909.867196097674,9946.973166262045,11006.279955446771,10536.276738440209,9681.037302089499,10528.840591302498,10191.531260189835,10712.094471472785,11001.399493121937,10705.517719721427,10781.217906513177,9974.507741740392,10217.85026226003,9604.219424589233,9906.817720871506,10820.18217220491,9664.662502028992,9857.877805452716,11219.714396541021,10180.090972767852,10230.643849711785,10663.896973654208,10127.288701462656,11054.996971153201,10861.742901570531,9686.512535190557,10265.082079277154,10120.232745670635,10445.489584416031,9685.176219829995,11252.440554387267,10514.169709656617,10051.280726551679,9824.468492844133,10150.339312690281,10522.265753544298,10553.910084626088,10567.542045630158,10900.408564079598,10652.809557890794,9699.148090063125,10838.14355472464,11118.044618303677,10177.270191413854,11153.992252120637,10118.237511515776,10562.290134071913,10419.34719202992,11000.473831433927,10600.871069336034,10841.481174596429,10849.490147539544,10415.738215363253,10470.872869130473,10419.779719350141,10070.47994518061,10495.311951964022,10874.65917643041,10484.178694223245,9682.214334457121,11219.800627566765,10030.464976687143,10031.47393483972,10579.307200471709,9844.693225447607,10723.616247373498,10816.16779524881,10627.077825409153,10439.903720902108,10897.591305998565
35,9472.97640752699,9992.943606028337,9919.695174667992,9741.716752604283,9948.219494084726,10029.222941159025,10797.11319335139,10383.263322787636,9662.239540037199,9986.347228680992,10055.94958230056,10368.863444943201,10526.52439792628,10017.396530605083,10113.203492527358,9826.838493839621,10030.029258969265,9548.661066350742,9908.940105240112,10274.067393647558,9940.828371595586,9709.027729172863,10847.924587266178,9848.028862570884,9801.360317104502,10135.253205510202,9614.79512216313,10813.3627944482,10165.104928162065,9538.677401922878,9753.90750841078,9870.694416892578,9971.695066195829,9739.868398479703,10514.169709656617,10614.469440389348,9670.927030792018,9703.55404780882,10005.971291882388,10114.087998155237,10431.264168838281,10257.597400017858,10553.6326618593,10515.182268321481,9932.964719889656,10130.946941737648,10690.53271497593,10143.308177105495,10692.368893997796,9802.494058314358,10024.082675607715,10439.183850433494,10671.089306530268,10016.900911878181,10465.59480128289,10191.655106889939,10094.240380871788,10383.141740579313,10198.057184316907,10290.85307970406,10269.836511561794,10642.766456540825,10231.768284598564,9610.33014312602,10835.763309999937,10019.591795490425,10006.300689143414,10288.838005222286,9874.701348221652,10560.497435507932,10860.840558802667,10112.168278153144,9824.81414712278,10435.777739333096
36,9358.165317698713,9659.112870326599,9299.265356621809,9032.580608327553,9264.174210736728,9254.401318681113,10100.546106349908,9713.299585735373,8981.190901981015,9905.31806287042,9503.554370776854,9965.583501586962,9959.291233311787,9708.994339623192,10035.958126403715,9366.556171351183,9426.295018470313,8802.825291662948,9167.097151459391,10054.598316811744,9098.788573050499,9398.274044423486,10197.48504512422,9476.308165429698,9696.209828646204,10055.476521132381,9279.096091987878,10142.242191590909,10094.074893194718,8826.623347596862,9637.171833449025,9363.65689827833,9890.39684873612,8957.148722948563,10051.280726551679,9670.927030792018,9641.384520662314,9141.302123419526,9297.61725440585,9830.2673324589,9706.207909552924,9873.228557331096,9872.781658561355,9782.067382707417,9118.304904520877,10003.953798315759,10050.449914259205,9331.687826927766,10023.26046728693,9543.828098078038,9956.133412591747,9701.23010936538,9977.27203188705,9966.527264485543,9854.225170120475,10086.185180315108,9768.818430896796,9659.591883751804,9440.7325627181,9428.713596574515,9569.779249655909,9898.174638939789,9679.688694721952,8914.57406393527,10150.530462097873,9449.026654123923,9229.576238358408,9785.306703729024,9082.418481799597,9891.115867503308,10061.680932211144,10004.854119616215,9734.696151271388,9952.939498188634
37,8944.389780568687,9217.441815175385,9432.567047217224,9177.741839185057,9431.750270621336,9451.196352426037,10022.83257821435,9591.686757429876,9177.193409569838,9429.816740969773,9445.834900486301,9717.713758529739,9762.136194835963,9358.392006198626,9503.904943172269,9287.136428608508,9390.1022998044,9064.291917357074,9249.50298744842,9597.279898241153,9303.305598485613,9146.006843634026,10061.749847473664,9324.788033308934,9162.08575748842,9531.113788398012,9012.839996335399,10096.497535802204,9551.283066452033,9022.218908389425,9185.95337734293,9151.1572371889,9401.85260971156,9191.901241957177,9824.468492844133,9703.55404780882,9141.302123419526,9435.736932760077,9441.257563961635,9393.142069055491,9695.261462385142,9482.167106233295,9824.059691615372,9804.876759346174,9104.356723484629,9510.777005456708,9942.347957058155,9495.203949255618,9906.938764231068,9166.56028786932,9425.912244513342,9792.955851490826,9926.578237464142,9429.554090398622,9769.852043947176,9571.70071504209,9459.398560075491,9619.083641628204,9529.542931646096,9615.140534504642,9631.918804858271,9900.578940167527,9512.21973492369,9094.485929032147,10054.507191157209,9378.85144314426,9409.633180708306,9683.281541321501,9364.476593785785,9780.878331741713,10110.455329856371,9502.231404776585,9245.716626501344,9719.408743863323
38,9042.312347396854,9677.058854495495,9594.757208145485,9386.352694444444,9685.2549317169,9724.598436669461,10335.966441036418,9925.418115887865,9369.01302134864,9674.064213323847,9842.614083793516,9978.910776256775,10116.21490221283,9677.791167170546,9733.716874759555,9618.025779173302,9723.622424786467,9347.529706712106,9498.20497884248,9837.891331807627,9863.119782354672,9482.554251279835,10434.451903850479,9467.288274578157,9301.745625915888,9806.972650957763,9399.919936952601,10339.11349558097,9789.456941540753,9251.396717355026,9479.915416117294,9383.968822441058,9558.642016018943,9404.11322496793,10150.339312690281,10005.971291882388,9297.61725440585,9441.257563961635,10110.050865900263,9726.569551485109,9966.519447166678,9758.960537646675,10284.265683937238,10140.755990129795,9475.215709742939,9784.622223306527,10344.619670272794,9767.71908777618,10307.758122034676,9354.316119510937,9565.203517346697,10165.749892154045,10367.491349894095,9647.07581350365,10185.80789293917,9815.13144619462,9669.663285933357,9932.909095759209,10070.369059338502,10170.08782155474,10111.724543896316,10287.820391564925,9761.145601037868,9274.842988838487,10471.79905056287,9614.455180785051,9693.664548533414,10000.982008024119,9777.619092430514,10084.659815835097,10484.185104599874,9755.82769549627,9531.754718529097,9924.120929387522
39,9695.173264755844,10108.23018083968,9651.550941130634,9426.0745255443,9680.265274979933,9637.237580635872,10580.993459320765,10170.13641182121,9351.241908518941,10229.126196088782,9966.912325324587,10385.222677886923,10394.24302720382,10156.581430848562,10450.016337541538,9734.7803185485,9870.061615257557,9194.054255670022,9563.967977378767,10525.04744686951,9591.820873728615,9791.993878496494,10713.216245052812,9843.618388995521,10106.449857878884,10446.75856746748,9667.714358793486,10539.905588683285,10544.105297706248,9226.46284722811,9952.279225573224,9821.867874424888,10231.882944482863,9406.334686086599,10522.265753544298,10114.087998155237,9830.2673324589,9393.142069055491,9726.569551485109,10566.573780746252,10162.257673093545,10547.929332251055,10335.074318719302,10216.492175000976,9764.234111440845,10447.031009873193,10553.600558880375,9739.717449868442,10538.059176352152,9932.707793890146,10349.852236069282,10223.741856949886,10346.152932443198,10328.788546648731,10353.076144579998,10540.885965497235,10125.856620915763,10102.22622257635,9860.609649590035,10040.250753581653,9993.433692125174,10356.014081932706,10165.724040809204,9280.504252300421,10695.576795443067,9842.225719530996,9620.85211751045,10266.196693033515,9529.679341049989,10367.76683303806,10610.484921833531,10374.60306113761,10106.311770249049,10365.526773215966
40,9555.12307550794,10072.50719480191,9917.11151301561,9761.071161934402,9922.714093069964,9979.014071038418,10821.172866045528,10368.480776218918,9673.029449182932,10047.140599021439,10065.454410495746,10407.101304998328,10574.127478007958,10086.944098767039,10195.638518247113,9829.582844790302,9993.792921238832,9549.337883001182,9901.86672354994,10356.519328841807,9792.811219972089,9730.7220919825,10897.635993404721,9845.707516810802,9836.191175113563,10252.203333319274,9637.860069777493,10885.982994804564,10257.377898596995,9550.332010892655,9784.988776452523,9895.925159753111,10038.142779252357,9722.764691273267,10553.910084626088,10431.264168838281,9706.207909552924,9695.261462385142,9966.519447166678,10162.257673093545,10568.105152067832,10266.611369284505,10548.352079590035,10506.596419486827,9784.212593166245,10200.139534041764,10740.226871338045,10115.725098923289,10734.848665318425,9862.970125803999,10104.068392218256,10411.210682616495,10648.788573613043,10075.12361781321,10507.440214609993,10274.588587488699,10126.191718672419,10345.04130183538,10144.584329574602,10170.715696811323,10249.380831556313,10625.144473344082,10298.684970165541,9641.64735838338,10885.006072687338,10006.598509986923,9985.289827761211,10325.447785729302,9829.627827386425,10564.588255839866,10822.634864339643,10125.112500116149,9884.613882936981,10481.608595611911
41,9760.808252500105,10210.834679691437,9789.110186032693,9602.705858208956,9739.420525429763,9612.88417445904,10625.320222904063,10381.404751477909,9442.723502448363,10309.93733261637,9920.034149799143,10447.268604881716,10611.323030381722,10212.478986930893,10625.174693265024,9835.525465324019,9915.215829304087,9277.311272450346,9591.159968978325,10639.283123687997,9743.048171347384,9973.113130125244,10838.25653828679,10012.78868977351,10076.398247165058,10482.860566608031,9681.536979554414,10656.449356227236,10610.722259617756,8930.584269478408,10006.969798582537,10051.026963124486,10318.676872984655,9440.417094791215,10567.542045630158,10257.597400017858,9873.228557331096,9482.167106233295,9758.960537646675,10547.929332251055,10266.611369284505,10828.287764398336,10495.149999900497,10270.727915356569,10062.511181344544,10550.066265324092,10647.545274023865,9899.227558033683,10720.573236233238,9990.981068221261,10410.830416967654,10158.76973575333,10666.366231780705,10416.856942974166,10492.851857977657,10614.261847950485,10184.387948577969,10368.826633153529,9965.323652687417,10035.331214060527,10051.624492090461,10297.91601415326,10340.403893942203,9327.161341060744,10823.829907999387,10131.9764061523,9745.710094273212,10566.329659083334,9486.283920569029,10464.92394691612,10487.747006309897,10273.659548256825,10193.379703139903,10404.680458869127
42,9621.364066254038,10320.766034735112,10020.113836168224,9828.584890596912,10093.072868852816,10117.025860834983,11012.751727105962,10554.400262707833,9760.088049525895,10305.71073050615,10299.354923475195,10629.303842758742,10764.429311445057,10439.151294979978,10441.202437918113,10044.260081046086,10177.562756584415,9692.97001842732,9976.304054539993,10578.89090729555,10246.821384586005,9950.30642764414,11168.210661384617,10027.081319705534,9985.380657370426,10461.82749448425,10040.294037522677,11023.245516576091,10521.963343321897,9597.160833673228,10076.803377508757,9968.082394093191,10189.144969835323,9799.851709104782,10900.408564079598,10553.6326618593,9872.781658561355,9824.059691615372,10284.265683937238,10335.074318719302,10548.352079590035,10495.149999900497,11054.482757845715,10699.488404377556,9997.979593334,10493.756026137024,11059.578943081442,10251.251208412994,10984.081971913347,9963.07133982271,10246.321971003148,10800.820818204125,11095.733360598735,10323.922574804737,10814.357124440437,10521.476570223367,10304.59036804249,10532.523699354999,10568.365207677914,10607.631517641861,10611.889988496225,10934.965859626629,10359.930436791607,9716.863275427473,11155.64456020687,10141.024952584905,10124.636786103754,10644.555459170022,10101.533773179717,10723.5804274314,11178.669082260376,10449.793472909649,10200.850318376037,10608.049649842522
43,9559.371712573144,10209.954527070919,10004.091928966442,9847.7928396422,10051.34013753981,10140.52154525245,10918.68863647833,10459.700234885344,9781.14787399641,10133.795246002204,10203.24124221149,10459.047399395533,10653.104554971933,10167.966198770862,10250.427617660445,9967.971011817152,10109.873905939305,9678.95795367576,9987.602943355707,10392.530946703138,10023.921012306486,9833.742126013945,10973.856026048647,9930.582960288091,9870.640890366152,10319.104818362182,9733.046370820022,10942.177304204877,10312.015840438553,9664.724012930405,9888.060752003545,9944.601605597172,10091.156914360676,9827.502274865014,10652.809557890794,10515.182268321481,9782.067382707417,9804.876759346174,10140.755990129795,10216.492175000976,10506.596419486827,10270.727915356569,10699.488404377556,10777.388080471832,9884.02500391604,10251.533424289077,10825.760132278328,10235.318833512663,10815.77961711387,9898.444168074107,10122.689273484644,10545.731747779726,10819.183669975935,10146.955204501483,10587.723341547697,10324.972572990146,10202.888853768081,10487.279873686115,10342.362039827802,10367.701546643393,10436.071889112245,10758.846400694458,10319.006314265154,9723.277393757606,10970.397120421203,10067.051397886402,10123.225140328908,10358.515356051856,9977.846459370265,10631.926644207833,10925.040191126825,10217.422511338706,9969.277362033994,10520.301838698495
44,8977.626678304037,,9452.0083516536,9359.786406190336,9409.54067048299,9484.899072203529,10105.033395621324,9947.04052936523,9187.678288996018,9505.407330591646,9535.300461312,9818.58390838558,,9400.079852440876,9680.521500811034,9327.63046772298,9470.177065162572,9007.734407463095,9386.938191710758,9779.400763534222,9347.005401414619,9598.593154512926,10348.822812226987,9409.412427735404,9201.373303084581,9600.834080154471,8868.674949679084,11369.445122699388,9662.37141745843,6972.19598483111,9229.772465772312,9992.555287987216,9481.225644106116,9084.153498297494,9699.148090063125,9932.964719889656,9118.304904520877,9104.356723484629,9475.215709742939,9764.234111440845,9784.212593166245,10062.511181344544,9997.979593334,9884.02500391604,9943.813535350435,9569.597498937543,10121.103718112807,9704.732593184859,9997.72862848724,9261.957935474536,9473.55581801069,9729.947880961645,10013.623672541002,9544.749482749268,9951.009795725151,9674.02802366478,9497.840890108517,9871.038100567443,9581.558443841577,9509.925635709684,9606.551510645191,9673.908401943005,9810.653620520654,9003.172335840796,10205.19408933112,9756.613100494034,9460.989544297963,9808.520446495926,9136.585336309741,9934.701692142939,10007.082606940969,9477.623533674421,9299.025638556735,9462.848547837657
45,9856.570804386349,10398.60078886756,9706.432192485308,9406.758211301838,9639.097895833842,9598.711708496256,10654.773463008873,10261.878267279817,9322.842592212066,10534.68458190115,9998.561523499708,10690.682498051963,10611.605042284451,10509.293394650067,10880.476316967992,9812.445395179404,9856.538769934205,9181.743564512348,9556.0688125092,10808.947760351253,9567.409515961503,9903.37153845218,10887.171704365177,9922.285787563713,10236.57867894822,10736.640353261573,9991.214751565392,10677.951252487532,10974.335788993047,9140.213866926944,10266.2154562448,9822.924053529712,10443.075693252455,9308.857713417196,10838.14355472464,10130.946941737648,10003.953798315759,9510.777005456708,9784.622223306527,10447.031009873193,10200.139534041764,10550.066265324092,10493.756026137024,10251.533424289077,9569.597498937543,11034.15920818636,10750.117637882806,9737.00065292619,10746.537134791195,10043.642194778136,10634.060024222963,10336.375920002783,10654.608964807134,10670.940587537063,10559.118253620829,10954.410799599844,10257.636884991814,10124.57480908092,9979.942423150911,9954.706261389274,10111.330444870484,10467.0014673441,10173.9637126237,9257.718034537133,10849.588803634972,9930.925211912747,9611.56370447417,10532.488804215547,9530.341563359067,10453.895976170781,10630.09376983512,10634.65495970893,10485.886636276358,10547.041270338008
46,9858.616414772581,10507.531535891952,10157.839427930496,9957.460042824596,10184.2920797703,10250.60998927297,11181.219704407935,10710.595698234016,9869.509743382781,10485.936893679422,10400.87767523269,10855.001459262465,10966.998479920825,10616.607419505042,10688.581940885302,10165.88645340774,10308.96417278459,9789.699738368608,10105.059497612281,10835.248820910143,10252.533577954557,10078.902138299762,11402.557291374167,10194.863336782719,10206.21922769596,10662.513814558968,10142.033563977247,11194.921010104721,10778.33294516617,9714.392835179387,10232.782901408673,10165.628566305499,10415.692835603162,9927.063505082537,11118.044618303677,10690.53271497593,10050.449914259205,9942.347957058155,10344.619670272794,10553.600558880375,10740.226871338045,10647.545274023865,11059.578943081442,10825.760132278328,10121.103718112807,10750.117637882806,11428.635529955845,10356.430505820523,11272.108178542363,10162.82535403385,10501.250063241718,10916.370524643298,11212.88544857136,10529.421002648924,11035.671453187662,10785.624053113637,10461.562623832653,10695.68609722116,10593.179338961841,10656.158798936527,10680.655127701608,11032.853944348659,10573.874788109844,9820.336476686189,11402.46164963812,10295.774776055932,10222.64876560403,10873.251170579391,10165.054377219303,10903.034047879995,11247.807358976099,10599.750358150764,10374.10196809287,10844.064666146038
47,9124.353881954941,9624.874562724957,9709.134683023833,9552.993808265366,9716.647640341876,9892.26809419107,10447.911170207344,10062.363264779777,9482.7164643005,9637.904351301115,9788.91246355953,9962.9229380337,10161.950508922446,9695.803883721008,9730.196361961198,9556.991931725543,9752.101137759892,9408.19323554468,9679.452580413716,9880.357066371129,9734.913071408424,9403.697332072381,10481.912248531802,9566.500844983035,9373.257009974486,9772.86968539311,9290.494515782018,10492.870706289472,9789.145499699333,9297.29696440793,9402.16572976686,9573.00822189013,9613.010195341845,9529.074000248747,10177.270191413854,10143.308177105495,9331.687826927766,9495.203949255618,9767.71908777618,9739.717449868442,10115.725098923289,9899.227558033683,10251.251208412994,10235.318833512663,9704.732593184859,9737.00065292619,10356.430505820523,10104.7945955922,10293.499590380447,9452.14931181506,9621.371119223377,10233.288387194383,10341.246312874693,9632.759845013414,10124.106419240828,9803.201035510267,9747.236706176787,10137.878539489038,9941.877739811096,10064.500516615562,10003.503256151576,10337.001094811485,9931.572119241044,9458.446592535018,10483.821332814501,9763.635963826962,9815.102347827056,9993.41802631728,9640.788569753558,10185.312073814062,10499.437573622701,9715.48434246204,9474.35393538639,10065.984445517293
48,9874.172898962877,10500.844891850391,10117.55434849638,9888.666272820563,10166.389782534261,10275.8064747329,11146.367132969137,10658.578447139625,9821.318797235595,10435.065644785,10372.892253016878,10858.003052960297,10948.152631842768,10610.236545877122,10657.653774858469,10120.30697712848,10311.594719569432,9758.524121776734,10135.674977180477,10818.674403168232,10164.517018970406,9970.299498282062,11364.469665594832,10143.555935008333,10230.740185505005,10678.327710075762,10150.238326318757,11124.667234204155,10755.806461195933,9763.14549039283,10202.1005881475,10164.158056038588,10397.7593200525,9943.790679230166,11153.992252120637,10692.368893997796,10023.26046728693,9906.938764231068,10307.758122034676,10538.059176352152,10734.848665318425,10720.573236233238,10984.081971913347,10815.77961711387,9997.72862848724,10746.537134791195,11272.108178542363,10293.499590380447,11325.175575615767,10191.79355670154,10503.363641337131,11191.168496120095,11229.064582794814,10495.232108368984,11013.51940431819,10788.004099520947,10453.82315184672,10626.702981642513,10544.21340092441,10866.923620500165,10659.244042164763,11046.033054048872,10572.08656308814,9794.447950019723,11394.102426624402,10198.095701286176,10173.424499572942,10877.25718288249,10232.821826993519,10867.173502785181,11374.270134833961,10582.097699056316,10327.128585040722,10903.0257932075
49,9427.801084696708,9753.022229437094,9388.893457666767,9145.991565994495,9320.082309686448,9350.189824128187,10219.937153206924,9832.596806055424,9085.54066101759,9892.77367295928,9565.340078170635,10036.261552377786,10098.478275511388,9750.568719555755,10082.722429373222,9447.265482272873,9489.758003205703,8878.62619839486,9306.398658858643,10183.261241016766,9125.50568818352,9425.731856649238,10331.586092819121,9491.796455452353,9741.250605174158,10117.833444837994,9312.15565216234,10274.822337259107,10161.68414688086,8913.538234016261,9611.21280983299,9510.029377574361,9909.059354421897,9084.706941703313,10118.237511515776,9802.494058314358,9543.828098078038,9166.56028786932,9354.316119510937,9932.707793890146,9862.970125803999,9990.981068221261,9963.07133982271,9898.444168074107,9261.957935474536,10043.642194778136,10162.82535403385,9452.14931181506,10191.79355670154,9800.609251990943,10036.870165237427,9729.129806252715,10087.92354565074,9975.234875445178,9966.383881942098,10141.964929241238,9849.089348734582,9771.276748373624,9500.149000952062,9507.378414569612,9631.233230151664,9999.993711595442,9818.18563226405,8997.855767905392,10292.296470262587,9616.734894148603,9325.450796671252,9884.773816540659,9135.151495692287,10015.555153816453,10154.718985237536,9949.19464000832,9737.327968843721,10069.87586219875
50,9882.789892860415,10171.79634842106,9632.008239782397,9318.873034566672,9519.303266654722,9503.244213915685,10521.279895073441,10113.14926435856,9241.708076588271,10377.018324548313,9842.097553279633,10516.39028166888,10465.80560581462,10226.417769152888,10664.993681032462,9675.864266451938,9743.393765904964,9039.581620431634,9479.071173256441,10670.485357491756,9287.209564426501,9786.916786228385,10676.313772022359,9859.319050166816,10242.072892549339,10596.585433921555,9696.772655161962,10569.839336166579,10758.944791596536,9076.130439504852,10064.158695816406,9794.970715647863,10401.466149983935,9219.295323875216,10562.290134071913,10024.082675607715,9956.133412591747,9425.912244513342,9565.203517346697,10349.852236069282,10104.068392218256,10410.830416967654,10246.321971003148,10122.689273484644,9473.55581801069,10634.060024222963,10501.250063241718,9621.371119223377,10503.363641337131,10036.870165237427,10661.933082790385,10040.284255084172,10373.44967571286,10517.51681321067,10300.880892689056,10720.722407536086,10183.023568102704,10008.194781632772,9719.87649135755,9688.717139940674,9879.242827772516,10266.015744379178,10116.407156209836,9184.81691361117,10616.581990779254,9847.890654785404,9491.89335872778,10285.013672482402,9337.021907493488,10323.865212312465,10404.46647841175,10445.116654331267,10240.854750182962,10465.390908241532
51,9434.98033751505,,9986.31154327998,9795.809798745711,9986.649096181442,9870.830214106416,10837.55880458842,10548.181065688776,9738.657132500655,10110.309389297274,10239.514477528257,10647.794350459157,,9988.325286257023,10292.059640994525,10056.24393898736,9834.184397997653,9621.139346420829,9839.196485454371,10375.325719165881,9952.122375889247,10176.36901408115,11029.356979768274,9890.85885882995,9738.419373838753,10424.400960790434,9696.440054059265,11234.09602379919,10329.28064388728,8642.656162725565,9882.75894391134,9624.109231884093,10025.35215043453,9622.80550901207,10419.34719202992,10439.183850433494,9701.23010936538,9792.955851490826,10165.749892154045,10223.741856949886,10411.210682616495,10158.76973575333,10800.820818204125,10545.731747779726,9729.947880961645,10336.375920002783,10916.370524643298,10233.288387194383,11191.168496120095,9729.129806252715,10040.284255084172,10754.622837991887,10770.229470039152,10135.832889719051,10740.57162823357,10300.42207083144,10090.04621332254,10501.31826978449,10394.810911168266,10322.798071648605,10403.721239368977,10567.110660891696,10097.552872287679,9565.032682506726,11087.4425052457,10247.784068432387,10047.306294451493,10595.998173112353,9855.560973534843,10661.398464666576,10738.106483377765,10118.858592981296,9986.660731507369,10102.370559807126
52,9748.794947692064,10550.568949490653,10130.762747246643,9947.049335286605,10212.016307658956,10176.068294950603,11144.467184779336,10658.597929897802,9795.942465324182,10429.296342683907,10411.570834265116,10785.84734403612,10910.277343540965,10520.695427356091,10591.555998486729,10161.106025460867,10226.865446338914,9778.71309327676,10046.134235497826,10692.388245014277,10206.581549033395,10096.421297316054,11321.959858879516,10152.474145691895,10155.341465471827,10628.572436395165,10119.373488727124,11116.552377501905,10660.33919646899,9588.833513671449,10190.31295289811,10115.34225634335,10326.228800374996,9842.98970053534,11000.473831433927,10671.089306530268,9977.27203188705,9926.578237464142,10367.491349894095,10346.152932443198,10648.788573613043,10666.366231780705,11095.733360598735,10819.183669975935,10013.623672541002,10654.608964807134,11212.88544857136,10341.246312874693,11229.064582794814,10087.92354565074,10373.44967571286,10770.229470039152,11255.22515546216,10454.248244320848,10971.91304016183,10665.908699059166,10381.231119941449,10511.068978530959,10647.559828826292,10578.825457677614,10723.860718151956,11040.15373129598,10488.043786300133,9832.051198118459,11334.664677112647,10177.45468542352,10202.972090015026,10807.316987559987,10232.246170805702,10861.737283166893,11214.382009567573,10617.345600297796,10313.665503883863,10698.478605084374
53,9770.718849501698,10198.807529196647,9611.600504298105,9307.438924763499,9542.986746122026,9521.84274962886,10526.361067905229,10110.808042097022,9242.979899020149,10459.701650594188,9886.763899214977,10508.766873741852,10417.57948742319,10288.831203917647,10679.773338488289,9717.301124146821,9759.115914519853,9065.001612486132,9471.538647603154,10636.41494471156,9459.27626471911,9816.56291574121,10682.658976935343,9860.932090062048,10167.674547797898,10639.871229528018,9812.176877263873,10542.94071592373,10758.343281841791,9042.247028847865,10175.347171973755,9745.3712644121,10371.748828916343,9219.491722775392,10600.871069336034,10016.900911878181,9966.527264485543,9429.554090398622,9647.07581350365,10328.788546648731,10075.12361781321,10416.856942974166,10323.922574804737,10146.955204501483,9544.749482749268,10670.940587537063,10529.421002648924,9632.759845013414,10495.232108368984,9975.234875445178,10517.51681321067,10135.832889719051,10454.248244320848,10626.693064663756,10334.44860007537,10734.614446382908,10186.362187412624,10014.462559712696,9823.511631353133,9848.664759446987,9965.927573973422,10311.470999925492,10052.073151144967,9172.093196964683,10634.15274240678,9837.868325280306,9510.08359974645,10327.17903179469,9424.920088462644,10313.216289075277,10495.718402396491,10560.599002324021,10346.11362522501,10413.414776234973
54,9668.318979318237,10217.738961018875,9975.261110752945,9726.341560953213,9983.994611864993,9985.724836162915,10916.463504911286,10463.414473390269,9679.608810062384,10290.79450973635,10219.967518955096,10672.568487442912,10700.994379231632,10359.804221633487,10489.234879605954,9967.859467161557,10109.311603267983,9578.208313847188,9886.169078512115,10606.854751273484,10116.821761862473,9907.237458885596,11140.762431223264,9950.553689176333,9982.424776152802,10499.388714247445,9940.925145376492,10923.279502311643,10565.940082019313,9489.254752402032,10044.301649100305,9907.444975982195,10209.800893013973,9715.989478298992,10841.481174596429,10465.59480128289,9854.225170120475,9769.852043947176,10185.80789293917,10353.076144579998,10507.440214609993,10492.851857977657,10814.357124440437,10587.723341547697,9951.009795725151,10559.118253620829,11035.671453187662,10124.106419240828,11013.51940431819,9966.383881942098,10300.880892689056,10740.57162823357,10971.91304016183,10334.44860007537,11004.907060828413,10580.235458431409,10249.79161261908,10413.839112346825,10374.974436050772,10502.388337131895,10473.897945027544,10785.719749384942,10307.850270440968,9574.643231997263,11154.820560191974,10126.006649098894,9995.200929354263,10769.43962618787,10005.718154547243,10658.6187597115,11064.472379459125,10391.009622465843,10175.497794236573,10571.246411429032
55,9953.256720088819,10451.596822733552,9775.858070949487,9473.48756578747,9701.964716195573,9673.469393535792,10730.653081053713,10336.01036163536,9395.378330297644,10586.52161917757,10054.824672811854,10765.509711096896,10703.731255476054,10519.347622759129,10935.103136214151,9883.74216756832,9931.915411845397,9231.2229171497,9628.320878263054,10910.958386458047,9564.463611724399,9978.335773162995,10946.87952427551,10005.032620230837,10312.856842177445,10825.679632673908,9997.957671997006,10748.600513530404,11042.20570325565,9224.25754038517,10298.746676267989,9921.850836990041,10538.026030432244,9379.62869038128,10849.490147539544,10191.655106889939,10086.185180315108,9571.70071504209,9815.13144619462,10540.885965497235,10274.588587488699,10614.261847950485,10521.476570223367,10324.972572990146,9674.02802366478,10954.410799599844,10785.624053113637,9803.201035510267,10788.004099520947,10141.964929241238,10720.722407536086,10300.42207083144,10665.908699059166,10734.614446382908,10580.235458431409,11059.863694077872,10342.009904848514,10190.256990982145,9992.763090425355,9989.115697034613,10141.948525055303,10498.575173203604,10272.278514323994,9317.125414388522,10883.35590937495,10010.522992777143,9669.782884683618,10578.844202286113,9571.375921350424,10524.881905031805,10666.960513880953,10656.044985628863,10516.392225900368,10619.31547631965
56,9571.889855451134,9985.901651735574,9642.313632434823,9412.316944051834,9611.222900416591,9659.133881876358,10533.880937648222,10099.89032045905,9352.844203141673,10117.099440435777,9844.866834660845,10286.391667885408,10373.246648991337,10016.336658377053,10281.678575663409,9678.162514447526,9773.432470714784,9173.43060277013,9541.182485005944,10383.419359959149,9429.870176974677,9622.490463509304,10621.557999169529,9759.869832131693,9902.650194075664,10314.756862480526,9588.558860901374,10600.455930109083,10349.183502054399,9214.166869299994,9848.587466712095,9721.553204440677,10107.83060332026,9339.528733836521,10415.738215363253,10094.240380871788,9768.818430896796,9459.398560075491,9669.663285933357,10125.856620915763,10126.191718672419,10184.387948577969,10304.59036804249,10202.888853768081,9497.840890108517,10257.636884991814,10461.562623832653,9747.236706176787,10453.82315184672,9849.089348734582,10183.023568102704,10090.04621332254,10381.231119941449,10186.362187412624,10249.79161261908,10342.009904848514,10228.287333948669,10054.782516753568,9841.765051549002,9803.22609550255,9962.331993186364,10317.4671892916,10036.50332266835,9277.41169449412,10577.451001615058,9796.912777844038,9629.077580602594,10129.526463716335,9458.051423302948,10290.679856366514,10454.590752443026,10193.418226693675,9961.568086522311,10317.66096726377
57,9446.991638509573,10017.16981920066,9821.65642611721,9675.353565507972,9863.464532271992,10063.388879727401,10759.442080041277,10326.631207011374,9604.16159791457,9992.707813431776,10057.450114087183,10257.95433177455,10408.56233780283,10084.7298782147,10102.665847489077,9750.098548593369,9943.917472511594,9500.868167387625,9902.42888087295,10221.64687736526,9898.058823697274,9755.33828433515,10834.395629696659,9887.69834709979,9765.400027229267,10174.290522954745,9579.793820506931,10897.089458529916,10203.935663851726,9261.835682334533,9761.114119262476,9848.798439084914,9961.835920991189,9571.142070242619,10470.872869130473,10383.141740579313,9659.591883751804,9619.083641628204,9932.909095759209,10102.22622257635,10345.04130183538,10368.826633153529,10532.523699354999,10487.279873686115,9871.038100567443,10124.57480908092,10695.68609722116,10137.878539489038,10626.702981642513,9771.276748373624,10008.194781632772,10501.31826978449,10511.068978530959,10014.462559712696,10413.839112346825,10190.256990982145,10054.782516753568,10665.480364278275,10144.85733203769,10231.935161667941,10242.871380781191,10572.813844899521,10179.547779964916,9574.797665894022,10775.801105049251,10008.959252441056,9959.770227077306,10198.758003890687,9808.118109398989,10510.663320747732,10695.001944291645,10161.295174494147,9821.595970709244,10317.393679600946
58,9165.35384508449,9954.978596401163,9682.093881103061,9535.1988244562,9790.627150136375,9858.45767648836,10558.261092359216,10140.698848459271,9483.003833976914,9845.314679485697,9983.841104324361,10137.921580647431,10313.62871126453,9951.866454258256,9917.855372939259,9728.453701947838,9833.84692936382,9482.146874332739,9659.908619651687,10027.052176419198,10035.940325661886,9586.89553320002,10673.89524338684,9628.153449581327,9491.670084042122,9978.311106169827,9641.705873180215,10564.604826545985,9972.895746559778,9342.718067383412,9659.072224679603,9547.120660958255,9712.562374962212,9517.916640352632,10419.779719350141,10198.057184316907,9440.7325627181,9529.542931646096,10070.369059338502,9860.609649590035,10144.584329574602,9965.323652687417,10568.365207677914,10342.362039827802,9581.558443841577,9979.942423150911,10593.179338961841,9941.877739811096,10544.21340092441,9500.149000952062,9719.87649135755,10394.810911168266,10647.559828826292,9823.511631353133,10374.974436050772,9992.763090425355,9841.765051549002,10144.85733203769,10438.776778924179,10336.494392386277,10347.107937738148,10541.854270530821,9941.153967571012,9431.367320417148,10711.388562955863,9720.295319445215,9853.802803492188,10140.966138661634,9892.135567191835,10298.762457576455,10722.844774854473,9985.860728898098,9732.359820899248,10139.086265533893
59,9181.990030495726,,9842.775455251867,9673.261171517504,9888.223360337766,9886.189086070715,10555.200725668383,10271.155469402025,9605.674124247324,9867.409652329403,10139.017372004253,10331.935530660401,,9755.044383279861,9959.954714585752,10012.905559227529,9741.406799822142,9568.856662361535,9675.666617658913,10052.264607207075,10096.857565805944,10183.503244506024,10756.053234787269,9618.216221662718,9420.325530592108,10165.520616085432,9493.433254492162,11139.650328045784,9985.75500781065,7133.800633981404,9647.205484496215,9553.551688814388,9762.380340590124,9481.986538733396,10070.47994518061,10290.85307970406,9428.713596574515,9615.140534504642,10170.08782155474,10040.250753581653,10170.715696811323,10035.331214060527,10607.631517641861,10367.701546643393,9509.925635709684,9954.706261389274,10656.158798936527,10064.500516615562,10866.923620500165,9507.378414569612,9688.717139940674,10322.798071648605,10578.825457677614,9848.664759446987,10502.388337131895,9989.115697034613,9803.22609550255,10231.935161667941,10336.494392386277,10548.96312705155,10326.615078019664,10283.354128219818,9917.998567945107,9446.73119923192,10791.774121033875,10161.466900983702,9946.551346897382,10359.99299941211,9786.961027855996,10420.964290235064,10581.647201939331,9849.07800774249,9711.967053318105,9709.60525679722
60,9315.94032750871,10081.794050441511,9772.30702742878,9615.604816546489,9871.92723445256,9886.599311056458,10660.590493287395,10232.062537006312,9573.784307252012,9978.053713768553,10042.399355778834,10284.950722627194,10493.793243888616,10035.38491913865,10050.79424231387,9849.350420886416,9929.08060274333,9545.223153014396,9743.159374094937,10185.634985213885,10011.618391472242,9692.713094229697,10785.967743165602,9716.412293132698,9606.115036833853,10142.608637175807,9698.82053091422,10694.059632261116,10118.252953468429,9436.183492151245,9772.9607000797,9652.91222215662,9856.362063901901,9594.090663433415,10495.311951964022,10269.836511561794,9569.779249655909,9631.918804858271,10111.724543896316,9993.433692125174,10249.380831556313,10051.624492090461,10611.889988496225,10436.071889112245,9606.551510645191,10111.330444870484,10680.655127701608,10003.503256151576,10659.244042164763,9631.233230151664,9879.242827772516,10403.721239368977,10723.860718151956,9965.927573973422,10473.897945027544,10141.948525055303,9962.331993186364,10242.871380781191,10347.107937738148,10326.615078019664,10535.692472632467,10597.00408668466,10056.493307415336,9481.468483475426,10792.330972766991,9843.42768294839,9918.303076215821,10297.32313980208,9919.769031017742,10397.82587530728,10757.57248484324,10063.070112003714,9843.778614831339,10250.78062076657
61,9664.466096918479,10503.831813342445,10116.169996291603,9914.92908880653,10139.193107890525,10205.128149576414,11058.031223988735,10603.575105512333,9843.662416359339,10297.663861623572,10341.645423234977,10627.73706307888,10974.317507371285,10387.371478289182,10437.625313213432,10088.095546662227,10231.547443209138,9769.065444533566,10067.8943715316,10550.872264315854,9991.328853519044,9953.379573699553,11161.75501245307,10053.990221506043,10006.403917602742,10510.899128563207,9967.381399817243,11110.115226515218,10488.527495266831,9845.587537112122,10053.72076602246,10045.963989360444,10213.955595235439,9906.584616756689,10874.65917643041,10642.766456540825,9898.174638939789,9900.578940167527,10287.820391564925,10356.014081932706,10625.144473344082,10297.91601415326,10934.965859626629,10758.846400694458,9673.908401943005,10467.0014673441,11032.853944348659,10337.001094811485,11046.033054048872,9999.993711595442,10266.015744379178,10567.110660891696,11040.15373129598,10311.470999925492,10785.719749384942,10498.575173203604,10317.4671892916,10572.813844899521,10541.854270530821,10283.354128219818,10597.00408668466,10983.71061086782,10425.837758876029,9816.191084741069,11181.919208752737,10121.896530652974,10215.341096854914,10463.75748184807,9994.793441610938,10777.595373427557,10964.747187101315,10415.836641030915,10153.455505975768,10666.131711911765
62,9576.456827516755,9963.012325400765,9752.35036130896,9624.8625914418,9758.471806629588,9803.16893832844,10617.64123896451,10205.111536408294,9525.533153141525,10002.179797535264,9854.428016330345,10205.613057754683,10470.238997716415,10063.073012186527,10175.867198280335,9670.278472453321,9937.166733800617,9386.591029020703,9736.297478842174,10319.725699648456,9487.090340092047,9622.360092413794,10722.637507398626,9881.976308781623,9910.999257682746,10195.035708489855,9535.98322803025,10701.368581395616,10253.062225638158,9432.679230435702,9726.865878359029,9930.078294054238,10031.251768155487,9554.131579383447,10484.178694223245,10231.768284598564,9679.688694721952,9512.21973492369,9761.145601037868,10165.724040809204,10298.684970165541,10340.403893942203,10359.930436791607,10319.006314265154,9810.653620520654,10173.9637126237,10573.874788109844,9931.572119241044,10572.08656308814,9818.18563226405,10116.407156209836,10097.552872287679,10488.043786300133,10052.073151144967,10307.850270440968,10272.278514323994,10036.50332266835,10179.547779964916,9941.153967571012,9917.998567945107,10056.493307415336,10425.837758876029,10503.99578879538,9498.484555466093,10683.01094733376,9767.228938675382,9808.164509627659,10085.425698332754,9621.58528194627,10357.10433534424,10501.19274207955,10145.546933959402,9848.089535413106,10425.193534996519
63,8738.829253388792,9201.765218136039,9319.998735273934,9211.369648472455,9305.969160339117,9372.946687090696,9891.33985627092,9526.927756913443,9158.764700674179,9189.835729801714,9349.390366326183,9436.0554706057,9685.399683239943,9227.670673307237,9275.991012470147,9122.789862301675,9258.93742761593,9038.019846960435,9236.28852853514,9381.09796207793,9127.652329132503,9020.023786066111,9935.636686529531,9088.810948121692,8974.181901546577,9336.042240262983,8842.220338057008,10013.733041846264,9304.227322035444,8958.220076029404,8945.49549458793,9145.035046609317,9178.996904632773,9166.699456405455,9682.214334457121,9610.33014312602,8914.57406393527,9094.485929032147,9274.842988838487,9280.504252300421,9641.64735838338,9327.161341060744,9716.863275427473,9723.277393757606,9003.172335840796,9257.718034537133,9820.336476686189,9458.446592535018,9794.447950019723,8997.855767905392,9184.81691361117,9565.032682506726,9832.051198118459,9172.093196964683,9574.643231997263,9317.125414388522,9277.41169449412,9574.797665894022,9431.367320417148,9446.73119923192,9481.468483475426,9816.191084741069,9498.484555466093,9325.718688686025,9956.61737624578,9198.525708953093,9385.351253355208,9447.656864809176,9198.7107752299,9691.967507751122,9926.819877111768,9264.482187204654,9014.626357459734,9586.59795154094
64,9961.903131758936,10592.730163756416,10285.887736179982,10075.95218340334,10322.097189097596,10380.14477368109,11332.560215598958,10827.283431523425,9980.813353531626,10589.684904265476,10546.043047515624,10979.709569569886,11088.87939294635,10704.51799116991,10804.15921884128,10258.511746182116,10413.393749597668,9906.505697041814,10250.73724475635,10931.54629895,10381.233890302034,10206.233641302073,11522.33509786259,10309.5948552454,10346.408684672944,10798.170500393353,10246.281239340868,11308.44366181028,10878.116741591024,9817.886186162934,10330.793704829335,10307.09994624646,10523.53300694237,10058.53986280279,11219.800627566765,10835.763309999937,10150.530462097873,10054.507191157209,10471.79905056287,10695.576795443067,10885.006072687338,10823.829907999387,11155.64456020687,10970.397120421203,10205.19408933112,10849.588803634972,11402.46164963812,10483.821332814501,11394.102426624402,10292.296470262587,10616.581990779254,11087.4425052457,11334.664677112647,10634.15274240678,11154.820560191974,10883.35590937495,10577.451001615058,10775.801105049251,10711.388562955863,10791.774121033875,10792.330972766991,11181.919208752737,10683.01094733376,9956.61737624578,11559.438303376874,10395.615475108525,10357.847094953646,11001.670873389854,10319.15061585837,11049.690431375599,11383.407248285213,10726.148773687532,10475.256974470083,10976.296830137717
65,9306.558780509444,9614.078649507961,9637.219165613531,9336.170847935795,9609.882480909113,9761.713922304185,10407.431006726249,9984.584457269144,9347.970729272643,9796.684999768913,9798.597420193077,10140.833748996982,10084.325141018977,9689.208123009466,9911.709073449898,9588.275659880346,9552.814568377777,9130.433349285046,9552.263540997257,10027.046019659203,9783.441864589216,9666.477437361988,10450.909439359268,9476.813547309992,9478.242080173846,9988.099159217829,9254.42526504582,10506.17447464134,10029.321708611364,8481.86151016883,9543.745909441284,9430.044017026834,9792.715922941255,9261.9585748495,10030.464976687143,10019.591795490425,9449.026654123923,9378.85144314426,9614.455180785051,9842.225719530996,10006.598509986923,10131.9764061523,10141.024952584905,10067.051397886402,9756.613100494034,9930.925211912747,10295.774776055932,9763.635963826962,10198.095701286176,9616.734894148603,9847.890654785404,10247.784068432387,10177.45468542352,9837.868325280306,10126.006649098894,10010.522992777143,9796.912777844038,10008.959252441056,9720.295319445215,10161.466900983702,9843.42768294839,10121.896530652974,9767.228938675382,9198.525708953093,10395.615475108525,10059.776230570125,9576.912467600097,10024.24380734819,9642.934767793264,10150.226183695242,10482.987194185855,9832.551337352197,9623.509955778303,9872.368934071215
66,9015.783071236852,9542.17589650135,9583.248932029459,9470.221287560542,9667.800428600016,9794.222710497823,10321.649761117002,9904.173831028163,9418.257053217932,9523.399895530238,9719.27758618462,9842.959352344478,10018.532480408532,9572.580603401704,9600.92489081671,9482.385548676093,9649.276862305429,9362.778610959442,9555.633702739287,9734.713506891443,9631.517904357514,9342.758399361774,10339.176633771765,9430.227837309701,9290.593039999118,9679.852176430804,9187.645379385263,10358.424807112988,9644.99027618024,9245.081346348868,9288.645840570873,9444.780098776368,9492.73405728939,9433.952567767055,10031.47393483972,10006.300689143414,9229.576238358408,9409.633180708306,9693.664548533414,9620.85211751045,9985.289827761211,9745.710094273212,10124.636786103754,10123.225140328908,9460.989544297963,9611.56370447417,10222.64876560403,9815.102347827056,10173.424499572942,9325.450796671252,9491.89335872778,10047.306294451493,10202.972090015026,9510.08359974645,9995.200929354263,9669.782884683618,9629.077580602594,9959.770227077306,9853.802803492188,9946.551346897382,9918.303076215821,10215.341096854914,9808.164509627659,9385.351253355208,10357.847094953646,9576.912467600097,9859.31930951526,9812.132260994453,9603.691891192617,10069.95951298551,10405.637753046029,9629.106676627345,9355.399586467434,9918.673761459693
67,9618.537549874152,9531.124275362994,9962.169520722882,9528.28746520715,10136.56044610082,9826.372671217896,10821.744698533603,10354.498586403419,9463.86269110861,10241.03755207446,10214.95721567658,10720.323730652392,10449.234691470772,10131.8170053356,10506.726244088391,9950.98690990278,9905.799470644255,9365.911939819263,9590.85846929578,10580.96117487691,9982.542500994949,10090.403212161582,10990.683774224948,10184.780072106436,10060.802298320365,10464.215128134567,9739.510790305507,10954.473364784402,10633.642662199069,8872.8979521964,9974.349748770352,9726.046959692847,10169.540167872377,9619.367764092282,10579.307200471709,10288.838005222286,9785.306703729024,9683.281541321501,10000.982008024119,10266.196693033515,10325.447785729302,10566.329659083334,10644.555459170022,10358.515356051856,9808.520446495926,10532.488804215547,10873.251170579391,9993.41802631728,10877.25718288249,9884.773816540659,10285.013672482402,10595.998173112353,10807.316987559987,10327.17903179469,10769.43962618787,10578.844202286113,10129.526463716335,10198.758003890687,10140.966138661634,10359.99299941211,10297.32313980208,10463.75748184807,10085.425698332754,9447.656864809176,11001.670873389854,10024.24380734819,9812.132260994453,11011.09784423554,9960.321928331561,10511.53749147629,10911.237654989067,10426.403623829718,10127.93608944987,10279.355528029693
68,8858.397594058404,9441.4943354768,9530.460961538934,9347.470091661755,9539.38372563066,9495.880284639728,10121.014814123015,9881.263084476965,9265.08644374306,9452.11507159554,9631.89944218323,9909.282172884336,9856.978051841488,9280.391367746417,9553.242362043604,9675.988400785953,9507.30182107735,9324.000915970237,9317.84393367478,9635.64638844293,9471.718695187823,9515.850832712647,10254.795652762354,9338.381712081129,9059.773180766357,9656.138484028766,9153.271766953932,10299.547310718346,9529.057657119165,9243.658923303066,9221.594706512662,9253.091420089408,9367.149960929031,9298.21179585761,9844.693225447607,9874.701348221652,9082.418481799597,9364.476593785785,9777.619092430514,9529.679341049989,9829.627827386425,9486.283920569029,10101.533773179717,9977.846459370265,9136.585336309741,9530.341563359067,10165.054377219303,9640.788569753558,10232.821826993519,9135.151495692287,9337.021907493488,9855.560973534843,10232.246170805702,9424.920088462644,10005.718154547243,9571.375921350424,9458.051423302948,9808.118109398989,9892.135567191835,9786.961027855996,9919.769031017742,9994.793441610938,9621.58528194627,9198.7107752299,10319.15061585837,9642.934767793264,9603.691891192617,9960.321928331561,9686.33978275209,9912.032083919967,10190.02306854488,9413.642230505486,9291.166817015954,9636.484920493145
69,9713.700363974212,10441.436065932437,9984.315583238378,9816.881778340436,10034.576606336177,10090.27736268512,10968.871545906819,10510.623802879503,9747.031687152312,10264.995705689957,10293.378658746378,10635.358974769386,10819.11959132096,10329.642069269637,10442.536715392751,9997.08354246622,10090.764782161481,9616.171988456565,9976.2728244923,10579.576664222803,10006.58291275067,9947.612437077241,11061.794474616849,9948.337620724156,10065.838327517762,10446.232910750861,9815.781503237036,10975.93859803229,10518.413354714414,9553.972607034108,10007.204679958846,9931.37665921826,10242.476630266921,9787.95047708351,10723.616247373498,10560.497435507932,9891.115867503308,9780.878331741713,10084.659815835097,10367.76683303806,10564.588255839866,10464.92394691612,10723.5804274314,10631.926644207833,9934.701692142939,10453.895976170781,10903.034047879995,10185.312073814062,10867.173502785181,10015.555153816453,10323.865212312465,10661.398464666576,10861.737283166893,10313.216289075277,10658.6187597115,10524.881905031805,10290.679856366514,10510.663320747732,10298.762457576455,10420.964290235064,10397.82587530728,10777.595373427557,10357.10433534424,9691.967507751122,11049.690431375599,10150.226183695242,10069.95951298551,10511.53749147629,9912.032083919967,10912.740840426994,11014.379395995316,10381.130855954145,10116.988584089431,10605.12107690145
70,9825.281095132492,11129.883532171863,10360.879011221803,10158.06579705693,10347.288080517437,10147.589750481866,11199.83216563074,10858.021646590621,10060.20858229715,10471.857448441782,10566.044288855202,11025.859077639378,11629.04021648217,10277.474478113023,10667.98782046629,10441.15500027177,10294.484504281165,9956.043302769596,10082.908174319142,10740.618973018893,10208.337402839263,10457.87149717076,11346.50447976502,10175.828391452698,10103.20590420997,10778.273247349363,10033.184572074073,11435.927672871421,10644.745649475199,9923.012108031638,10212.579395721134,10078.845678201506,10399.334185399073,10028.718071929767,10816.16779524881,10860.840558802667,10061.680932211144,10110.455329856371,10484.185104599874,10610.484921833531,10822.634864339643,10487.747006309897,11178.669082260376,10925.040191126825,10007.082606940969,10630.09376983512,11247.807358976099,10499.437573622701,11374.270134833961,10154.718985237536,10404.46647841175,10738.106483377765,11214.382009567573,10495.718402396491,11064.472379459125,10666.960513880953,10454.590752443026,10695.001944291645,10722.844774854473,10581.647201939331,10757.57248484324,10964.747187101315,10501.19274207955,9926.819877111768,11383.407248285213,10482.987194185855,10405.637753046029,10911.237654989067,10190.02306854488,11014.379395995316,11269.723323978205,10440.617706697405,10326.650052605972,10588.317843194694
71,9735.916354888994,10394.716921615896,9650.852115746044,9445.490324871931,9642.006394296894,9499.279256778118,10525.391471528501,10242.12379869002,9315.435593105358,10510.402918383317,9915.658142848475,10478.268355465656,10420.726834730933,10317.064264819126,10660.288567840798,9849.293246449923,9820.530114271527,9188.302589884548,9476.886506952696,10610.784569154046,9504.910989680808,9888.70816902886,10745.602958538751,9940.37474174673,10081.469692470046,10660.864028858467,9861.2014778736,10704.368271379744,10657.733106434163,9201.1931872813,10230.446714591262,9827.093743186502,10364.992497359119,9329.965895757823,10627.077825409153,10112.168278153144,10004.854119616215,9502.231404776585,9755.82769549627,10374.60306113761,10125.112500116149,10273.659548256825,10449.793472909649,10217.422511338706,9477.623533674421,10634.65495970893,10599.750358150764,9715.48434246204,10582.097699056316,9949.19464000832,10445.116654331267,10118.858592981296,10617.345600297796,10560.599002324021,10391.009622465843,10656.044985628863,10193.418226693675,10161.295174494147,9985.860728898098,9849.07800774249,10063.070112003714,10415.836641030915,10145.546933959402,9264.482187204654,10726.148773687532,9832.551337352197,9629.106676627345,10426.403623829718,9413.642230505486,10381.130855954145,10440.617706697405,10555.383159008396,10371.976974680041,10425.975062223024
72,9516.53522269279,10067.679486667901,9425.898677000916,9145.997182723682,9371.30182107274,9355.03984078188,10339.785469024693,9926.905519543589,9083.978033104184,10257.88963058869,9718.85301537577,10294.637076181276,10248.382168235903,10160.796907554432,10455.525446803746,9543.559856627402,9583.01836734804,8936.314724417627,9293.111923747103,10406.676572751681,9337.095315686274,9624.490094252746,10504.546739477253,9642.536877488352,9898.864251986808,10411.59356994643,9741.814568888616,10328.856669406809,10533.77453304874,8903.138936869726,10017.20048876927,9535.398593397898,10114.703495270014,9041.671501625353,10439.903720902108,9824.81414712278,9734.696151271388,9245.716626501344,9531.754718529097,10106.311770249049,9884.613882936981,10193.379703139903,10200.850318376037,9969.277362033994,9299.025638556735,10485.886636276358,10374.10196809287,9474.35393538639,10327.128585040722,9737.327968843721,10240.854750182962,9986.660731507369,10313.665503883863,10346.11362522501,10175.497794236573,10516.392225900368,9961.568086522311,9821.595970709244,9732.359820899248,9711.967053318105,9843.778614831339,10153.455505975768,9848.089535413106,9014.626357459734,10475.256974470083,9623.509955778303,9355.399586467434,10127.93608944987,9291.166817015954,10116.988584089431,10326.650052605972,10371.976974680041,10265.704246471632,10191.796193877344
73,9810.990307625885,10369.101412511687,9880.748919321384,9703.498016086074,9798.703971359057,9820.292748875934,10870.037402171421,10391.217195846111,9593.628299789885,10336.686795703601,10025.579054246778,10525.9014026645,10890.92689012783,10400.61014281157,10561.692096906558,9828.796026309492,10099.619760176796,9453.214029351555,9833.046909947321,10654.318244807908,9323.598681607033,9698.155699405695,10996.203488253335,10101.447407996086,10166.97927312155,10513.822573790492,9822.881273337302,10964.51893821342,10635.43667322389,9709.999518177878,10052.725842682195,10056.174399152253,10331.862505516143,9620.049919607343,10897.591305998565,10435.777739333096,9952.939498188634,9719.408743863323,9924.120929387522,10365.526773215966,10481.608595611911,10404.680458869127,10608.049649842522,10520.301838698495,9462.848547837657,10547.041270338008,10844.064666146038,10065.984445517293,10903.0257932075,10069.87586219875,10465.390908241532,10102.370559807126,10698.478605084374,10413.414776234973,10571.246411429032,10619.31547631965,10317.66096726377,10317.393679600946,10139.086265533893,9709.60525679722,10250.78062076657,10666.131711911765,10425.193534996519,9586.59795154094,10976.296830137717,9872.368934071215,9918.673761459693,10279.355528029693,9636.484920493145,10605.12107690145,10588.317843194694,10425.975062223024,10191.796193877344,10883.791182733135
