,elevation,mindate,maxdate,latitude,name,datacoverage,id,elevationUnit,longitude
0,299.0,1905-10-01,1976-06-01,40.38333,"SALAMONIA, IN US",0.8222,COOP:127747,METERS,-84.86667
1,170.7,1931-01-01,2015-11-01,38.45367,"ASHLAND, KY US",0.9843,COOP:150254,METERS,-82.61299
2,153.0,1931-01-01,1962-12-01,39.05,"BRENT DAM 36, OH US",0.987,COOP:150978,METERS,-84.41667
3,160.9,1931-01-01,1961-07-01,38.64812,"GREENUP LOCKS AND DAM, KY US",0.981,COOP:153443,METERS,-82.86115
4,160.9,1961-01-01,2015-10-01,38.64812,"GREENUP LOCKS AND DAM, KY US",0.9909,COOP:154848,METERS,-82.86115
5,368.8,1948-07-01,2015-11-01,40.91811,"AKRON CANTON AIRPORT, OH US",0.9864,COOP:330058,METERS,-81.44342
6,228.6,1957-03-19,2014-01-01,41.1573,"AKRON WPCS, OH US",0.0495,COOP:330059,METERS,-81.5664
7,329.2,1970-10-01,2000-09-01,41.08028,"AKRON, OH US",0.9111,COOP:330061,METERS,-81.51694
8,318.2,1948-01-01,1952-11-30,41.03732,"AKRON FULTON INTERNATIONAL AIRPORT, OH US",0.9999,COOP:330063,METERS,-81.46341
9,371.9,1946-06-01,1988-08-01,40.08333,"ALEXANDRIA 4 WSW, OH US",0.9901,COOP:330083,METERS,-82.68333
10,320.0,1931-01-01,1949-01-01,40.93333,"ALLIANCE, OH US",0.5667,COOP:330102,METERS,-81.1
11,321.6,1948-08-01,2014-01-01,40.9551,"ALLIANCE 3 NNW, OH US",0.6846,COOP:330107,METERS,-81.1167
12,,1948-08-01,1949-10-01,39.21667,"ALMA SCIOTO TRAILS F, OH US",0.9223,COOP:330115,,-82.96667
13,201.2,1953-07-01,1988-09-01,39.4,"AMESVILLE, OH US",0.9905,COOP:330141,METERS,-81.96667
14,320.0,1981-10-01,1997-08-30,41.62111,"ANDOVER 2 NE, OH US",0.979,COOP:330165,METERS,-80.55556
15,305.1,1948-03-01,1959-06-01,41.16667,"APCO RAVENNA ARSENAL, OH US",1.0,COOP:330195,METERS,-81.08333
16,320.0,1931-01-01,1967-12-01,40.86667,"ASHLAND, OH US",0.9685,COOP:330251,METERS,-82.3
17,385.6,1947-06-01,2012-05-01,40.83333,"ASHLAND 2 SW, OH US",0.903,COOP:330256,METERS,-82.35
18,210.3,1951-06-01,1998-02-01,41.85,"ASHTABULA, OH US",0.9822,COOP:330264,METERS,-80.8
19,208.8,1948-08-01,1981-06-01,39.38333,"ATHENS 5 NW, OH US",0.8912,COOP:330274,METERS,-82.18333
20,208.5,1931-01-01,2011-12-01,39.3224,"ATHENS OU, OH US",0.9568,COOP:330279,METERS,-82.0995
21,201.2,1976-10-01,1994-03-01,39.36667,"ATHENS 2, OH US",0.0254,COOP:330282,METERS,-82.1
22,345.0,1948-07-01,1949-01-01,41.01667,"ATWATER CENTER, OH US",0.7078,COOP:330290,METERS,-81.16667
23,289.6,1936-06-01,1987-06-01,40.51667,"ATWOOD LAKE, OH US",0.9658,COOP:330298,METERS,-81.28333
24,390.1,1939-08-01,2007-12-01,39.9916,"BARNESVILLE, OH US",0.9293,COOP:330430,METERS,-81.185
25,259.1,1931-01-01,1951-01-01,39.11667,"BATAVIA 4 N, OH US",0.9958,COOP:330460,METERS,-84.16667
26,300.2,1940-01-01,2014-01-01,40.6335,"BEACH CITY LAKE, OH US",0.9457,COOP:330493,METERS,-81.5577
27,274.9,1948-08-01,1950-03-28,40.01667,"BELLAIRE, OH US",0.1001,COOP:330555,METERS,-80.75
28,274.9,1950-04-08,1955-09-01,40.01667,"BELLAIRE, OH US",1.0,COOP:330556,METERS,-80.75
29,358.4,1931-01-01,2015-11-01,40.3535,"BELLEFONTAINE, OH US",0.9765,COOP:330563,METERS,-83.7754
30,263.0,1931-01-01,1942-11-01,40.25,"BELLPOINT, OH US",0.7763,COOP:330568,METERS,-83.15
31,184.1,1968-05-01,2015-08-01,39.11665,"BELLEVILLE LOCK AND DAM, OH US",0.9454,COOP:330573,METERS,-81.74284
32,406.0,1931-01-01,1949-05-01,39.98333,"BELMONT 4 SE, OH US",1.0,COOP:330581,METERS,-80.98333
33,348.1,1948-07-01,1949-01-01,40.91667,"BELOIT, OH US",0.7078,COOP:330600,METERS,-81.0
34,317.0,1948-08-01,2014-01-01,41.04307,"BERLIN LAKE, OH US",0.9216,COOP:330639,METERS,-81.00913
35,190.2,1931-01-01,2015-11-01,39.54747,"BEVERLY STP, OH US",0.4652,COOP:330676,METERS,-81.62835
36,299.0,1949-01-01,1987-07-01,40.65,"BOLIVAR DAM, OH US",0.9677,COOP:330823,METERS,-81.43333
37,228.6,1940-01-01,1957-04-01,41.1573,"AKRON WPCS, OH US",0.7444,COOP:330847,METERS,-81.5664
38,214.9,1955-01-01,1986-09-01,39.26667,"BOURNEVILLE 1 SSW, OH US",0.9552,COOP:330854,METERS,-83.16667
39,205.7,1931-01-01,2015-11-01,41.3831,"BOWLING GREEN WWTP, OH US",0.9981,COOP:330862,METERS,-83.6111
40,,1931-01-01,1948-04-01,41.36667,"BRECKSVILLE 3 N, OH US",0.9905,COOP:330911,,-81.61667
41,222.5,1970-04-01,2015-11-01,41.4619,"BRYAN 2 SE, OH US",0.9912,COOP:331042,METERS,-84.5272
42,270.7,1956-03-01,2015-11-01,39.9522,"BUCKEYE LAKE 1 N, OH US",0.9902,COOP:331057,METERS,-82.482
43,291.1,1931-01-01,2015-11-01,40.8126,"BUCYRUS, OH US",1.0,COOP:331072,METERS,-82.9698
44,228.3,1951-01-01,1952-12-01,39.54444,"TOM JENKINS DAM BURR OAK, OH US",0.9993,COOP:331105,METERS,-82.05812
45,353.6,1950-07-01,1994-01-01,41.46667,"BURTON 1 W, OH US",0.9324,COOP:331113,METERS,-81.16667
46,384.0,1931-01-01,2011-12-01,40.26861,"CADIZ, OH US",0.9156,COOP:331152,METERS,-80.99806
47,366.1,1948-01-01,1950-04-01,40.26667,"CADIZ 2, OH US",0.8942,COOP:331162,METERS,-81.0
48,268.2,2000-12-01,2013-12-01,39.7161,"CALDWELL 3 SE, OH US",0.9999,COOP:331175,METERS,-81.4642
49,305.1,1934-09-01,1955-05-01,39.73333,"CALDWELL 4 W, OH US",0.96,COOP:331177,METERS,-81.58333
50,298.7,1954-07-01,1990-09-01,39.81667,"CALDWELL 6 NW, OH US",0.9747,COOP:331178,METERS,-81.6
51,225.6,1948-08-01,1983-05-01,39.75,"CALDWELL WATER WORKS, OH US",0.5554,COOP:331182,METERS,-81.53333
52,243.8,1948-08-01,2015-11-01,40.0111,"CAMBRIDGE, OH US",0.8119,COOP:331197,METERS,-81.5794
53,259.1,1931-01-01,1963-11-01,40.08333,"CAMBRIDGE STATE HOSPITAL, OH US",0.9849,COOP:331202,METERS,-81.58333
54,200.9,1956-06-21,1976-11-01,39.31667,"CANAANVILLE, OH US",0.0635,COOP:331234,METERS,-81.98333
55,317.0,1956-07-01,1961-06-01,39.75,"CANAL WINCHERSTER 6, OH US",1.0,COOP:331240,METERS,-82.76667
56,347.5,1931-01-01,1998-05-01,41.01667,"CANFIELD 1 S, OH US",0.9778,COOP:331245,METERS,-80.76667
57,320.0,1953-01-01,1969-12-01,40.8,"CANTON REPOSITORY, OH US",0.7353,COOP:331250,METERS,-81.38333
58,345.0,1893-07-01,1948-09-01,40.86667,"CANTON 5 N, OH US",1.0,COOP:331254,METERS,-81.4
59,310.9,1948-09-01,1988-03-01,40.76667,"CANTON HIGHWAY DEPARTMENT, OH US",0.974,COOP:331259,METERS,-81.38333
60,250.5,1963-11-01,2007-08-01,39.14694,"CARPENTER 2 S, OH US",0.9563,COOP:331288,METERS,-82.21944
61,267.9,1956-07-01,1961-06-01,39.76667,"CARROLL 2 SSE, OH US",0.8168,COOP:331297,METERS,-82.68333
62,348.1,1956-07-01,1961-06-01,39.76667,"CARROLL 3 SW, OH US",1.0,COOP:331299,METERS,-82.75
63,,1948-08-01,1948-08-31,39.8,"CARROLL HIGHWAY DEPARTMENT, OH US",0.0292,COOP:331302,,-82.7
64,351.1,1948-08-01,1950-04-30,40.56667,"CARROLLTON, OH US",0.8125,COOP:331310,METERS,-81.08333
65,362.7,1939-09-01,1987-10-01,40.61667,"CARROLLTON 3 NNE, OH US",0.9619,COOP:331315,METERS,-81.06667
66,182.9,1931-01-01,1959-06-01,41.55,"CATAWBA ISLAND 1 SW, OH US",0.9621,COOP:331353,METERS,-82.85
67,264.0,1956-08-01,2015-11-01,40.56899,"CELINA 3 NE, OH US",0.9972,COOP:331390,METERS,-84.537
68,365.8,1946-04-01,1981-08-01,40.3,"CENTERBURG, OH US",0.9717,COOP:331399,METERS,-82.7
69,367.3,1950-11-05,2015-11-01,40.2913,"CENTERBURG 2 SE, OH US",0.941,COOP:331404,METERS,-82.6546
70,344.4,1945-03-01,2015-11-01,41.58732,"CHARDON, OH US",0.994,COOP:331458,METERS,-81.19138
71,320.0,1936-06-01,2014-01-01,40.74028,"CHARLES MILL LAKE, OH US",0.9919,COOP:331466,METERS,-82.35735
72,359.7,1931-01-01,1938-09-01,41.16667,"CHARLESTOWN, OH US",0.8497,COOP:331470,METERS,-81.15
73,320.0,1948-08-01,1949-12-26,40.5,"CHARM, OH US",0.875,COOP:331474,METERS,-81.78333
74,286.2,1940-01-01,1946-12-01,38.83333,"CHERRY FORK, OH US",0.9999,COOP:331497,METERS,-83.56667
75,170.7,1948-01-01,1960-12-01,38.41667,"CHESAPEAKE HUNTINGTON AIRPORT, OH US",0.9742,COOP:331502,METERS,-82.5
76,271.6,1965-02-01,2015-11-01,39.1547,"CHEVIOT, OH US",0.9788,COOP:331515,METERS,-84.6233
77,189.0,1931-01-01,1987-03-01,39.33333,"CHILLICOTHE, OH US",0.9899,COOP:331523,METERS,-82.96667
78,198.1,1972-04-01,2010-08-01,39.37444,"CHILLICOTHE MND CITY, OH US",0.9543,COOP:331528,METERS,-83.00361
79,146.3,1931-01-01,2014-01-01,38.79741,"CHILO MELDAHL LOCKS AND DAM, KY US",0.9578,COOP:331536,METERS,-84.17314
80,359.7,1895-01-01,2015-11-01,41.0517,"CHIPPEWA LAKE, OH US",0.9911,COOP:331541,METERS,-81.9361
81,317.0,1948-08-01,1951-05-28,41.06667,"CHIPPEWA LAKE W WKS, OH US",0.7359,COOP:331544,METERS,-81.9
82,152.4,1974-05-01,2013-12-01,39.1169,"CINCINNATI FERNBANK, OH US",0.9936,COOP:331550,METERS,-84.6961
83,231.6,1948-01-01,1985-09-01,39.15,"CINCINNATI ABBE WEATHER SERVICE OFFICE, OH US",0.9905,COOP:331561,METERS,-84.51667
84,235.0,1942-03-01,1957-05-01,39.13333,"CINCINNATI AULT PARK, OH US",0.978,COOP:331566,METERS,-84.41667
85,161.8,1951-08-01,1961-07-01,39.21667,"CINCINNATI HARTWELL, OH US",0.9499,COOP:331568,METERS,-84.48333
86,182.9,1951-08-01,1961-07-01,39.15,"CINCINNATI OAKLEY, OH US",0.9499,COOP:331569,METERS,-84.41667
87,267.9,1951-08-01,1961-03-01,39.1,"CINCINNATI PRICE HIL, OH US",0.9396,COOP:331570,METERS,-84.55
88,228.9,1953-01-01,1954-12-01,39.08333,"CINCINNATI MOUNT WASH, OH US",1.0,COOP:331572,METERS,-84.38333
89,246.9,1965-02-01,1974-08-01,39.06667,"CINCINNATI CHERRY GR, OH US",0.9917,COOP:331573,METERS,-84.33333
90,271.0,1965-02-01,1968-02-01,39.2,"CINCINNATI WHITE OAK, OH US",0.7582,COOP:331574,METERS,-84.61667
91,144.8,1948-08-01,2002-10-01,39.106,"CINCINNATI MUNICIPAL AIRPORT LUNKEN FIELD, OH US",0.8786,COOP:331576,METERS,-84.41609
92,193.9,1948-08-13,1971-05-01,39.1,"CINCINNATI WEATHER SERVICE OFFICE CITY, OH US",0.9845,COOP:331581,METERS,-84.51667
93,205.7,1931-01-01,2015-11-01,39.6104,"CIRCLEVILLE, OH US",0.9706,COOP:331592,METERS,-82.9555
94,195.1,1931-01-01,1974-08-01,39.8,"CLARINGTON LOCK 14, OH US",0.9447,COOP:331600,METERS,-80.83333
95,281.6,1936-06-01,1987-07-01,40.26667,"CLENDENING LAKE, OH US",0.9626,COOP:331642,METERS,-81.28333
96,351.1,1948-01-01,1949-06-01,41.36667,"CLEVELAND SEVEN HILL, OH US",0.779,COOP:331650,METERS,-81.66667
97,175.0,1955-09-11,2014-01-01,41.57049,"CLEVELAND EASTERLY, OH US",0.0356,COOP:331651,METERS,-81.58621
98,210.0,1971-07-01,1978-06-01,41.48333,"CLEVELAND LUTHERAN M, OH US",0.8928,COOP:331652,METERS,-81.71667
99,299.0,1942-12-01,1953-11-01,41.46667,"CLEVELAND SHAKER HEI, OH US",0.9545,COOP:331653,METERS,-81.56667
100,236.8,1948-08-01,2015-11-01,41.40568,"CLEVELAND HOPKINS INTERNATIONAL AIRPORT, OH US",1.0,COOP:331657,METERS,-81.85191
101,200.9,1948-02-01,1957-11-01,41.5,"CLEVELAND WEATHER BUREAU CITY, OH US",0.8646,COOP:331662,METERS,-81.66667
102,305.1,1948-07-01,1949-01-01,41.53333,"COLEBROOK, OH US",0.7078,COOP:331755,METERS,-80.76667
103,338.9,1948-08-01,1975-04-01,40.88333,"COLUMBIANA, OH US",0.546,COOP:331770,METERS,-80.68333
104,253.3,1996-05-01,2015-11-01,40.0604,"COLUMBUS HAP CREMEAN WP, OH US",0.9872,COOP:331777,METERS,-82.8941
105,232.0,1931-01-01,1957-09-01,40.0,"COLUMBUS OHIO STATE, OH US",0.9814,COOP:331778,METERS,-83.01667
106,267.9,1952-01-01,1983-06-01,39.95,"COLUMBUS SULLIVANT A, OH US",0.9842,COOP:331781,METERS,-83.11667
107,244.1,1957-05-02,1970-06-01,40.0,"COLUMBUS UNIVERSITY, OH US",0.9745,COOP:331782,METERS,-83.05
108,231.6,1931-01-01,2015-11-01,39.9047,"COLUMBUS VLY CROSSING, OH US",0.9794,COOP:331783,METERS,-82.9199
109,225.6,2015-01-01,2015-11-01,40.0251,"COLUMBUS WCMH, OH US",1.0,COOP:331785,METERS,-83.027
110,246.8,1948-01-01,2015-11-01,39.99068,"JOHN GLENN INTERNATIONAL AIRPORT, OH US",1.0,COOP:331786,METERS,-82.87703
111,221.0,1948-08-30,1973-04-27,39.96667,"COLUMBUS, OH US",1.0,COOP:331788,METERS,-83.0
112,195.1,1948-08-01,2014-01-01,41.96022,"CONNEAUT, OH US",0.5529,COOP:331818,METERS,-80.57279
113,237.7,1948-10-01,2011-12-01,40.22111,"COOPERDALE, OH US",0.9934,COOP:331858,METERS,-82.06667
114,305.1,1948-09-01,1955-11-01,41.31667,"CORTLAND HIGHWAY DEPARTMENT, OH US",0.5435,COOP:331882,METERS,-80.73333
115,231.6,1908-10-01,2015-11-01,40.2403,"COSHOCTON WPC PLANT, OH US",0.9868,COOP:331890,METERS,-81.871
116,228.9,1948-08-01,1951-05-28,40.3,"COSHOCTON 2 N, OH US",0.7948,COOP:331900,METERS,-81.86667
117,347.5,1956-04-01,2015-11-01,40.37083,"COSHOCTON ARGICULTURAL RESEARCH STATION, OH US",0.9944,COOP:331905,METERS,-81.79083
118,295.7,1963-06-01,2015-11-01,40.43894,"DANVILLE 2 W, OH US",1.0,COOP:332044,METERS,-82.30423
119,226.5,1948-01-01,2015-11-01,39.78175,"DAYTON MCD, OH US",0.989,COOP:332067,METERS,-84.19025
120,302.6,1950-03-01,2015-11-01,39.90638,"DAYTON INTERNATIONAL AIRPORT, OH US",0.9949,COOP:332075,METERS,-84.21853
121,262.1,1970-07-01,2014-01-01,39.6254,"DEER CREEK LAKE, OH US",0.9853,COOP:332090,METERS,-83.2132
122,213.4,1931-01-01,2015-11-01,41.2783,"DEFIANCE, OH US",0.9804,COOP:332098,METERS,-84.3847
123,215.0,2012-01-01,2015-11-01,41.3357,"DEFIANCE AIRPORT, OH US",1.0,COOP:332099,METERS,-84.4285
124,201.2,1948-08-01,1963-02-01,41.23694,"DEFIANCE POWER PLANT, OH US",0.8728,COOP:332103,METERS,-84.39944
125,210.0,1963-01-01,1968-01-01,41.28333,"DEFIANCE TOLEDO EDIS, OH US",0.0415,COOP:332108,METERS,-84.35
126,280.4,1931-01-01,2001-01-01,40.3175,"DELAWARE, OH US",0.9904,COOP:332119,METERS,-83.07389
127,281.6,1949-10-01,2014-01-01,40.35834,"DELAWARE LAKE, OH US",1.0,COOP:332124,METERS,-83.07026
128,262.1,1909-09-01,1959-06-01,40.4056,"DENNISON WATER WORKS, OH US",0.985,COOP:332156,METERS,-81.3435
129,262.1,1982-09-01,2015-11-01,40.4056,"DENNISON WATER WORKS, OH US",0.8747,COOP:332160,METERS,-81.3435
130,249.9,1961-02-01,1994-11-01,40.0,"DILLON LAKE, OH US",0.0504,COOP:332205,METERS,-82.08333
131,298.7,1956-12-01,2015-11-01,41.6764,"DORSET, OH US",1.0,COOP:332251,METERS,-80.6663
132,283.5,1936-06-01,2014-01-01,40.5622,"DOVER DAM, OH US",0.9707,COOP:332272,METERS,-81.4092
133,192.0,1948-08-11,1975-05-01,39.63333,"DUFFY DAM 15, OH US",0.6576,COOP:332305,METERS,-80.88333
134,355.1,1940-04-01,1948-09-01,40.68333,"EAST LIVERPOOL WEATHER BUREAU AIRPORT, OH US",0.9999,COOP:332433,METERS,-80.63333
135,305.4,1931-01-01,2015-11-01,39.7328,"EATON, OH US",0.9873,COOP:332485,METERS,-84.6353
136,253.0,1948-08-01,1975-08-01,41.45,"EDGERTON WATER WORKS, OH US",0.9479,COOP:332512,METERS,-84.73333
137,317.0,1931-01-01,1959-06-01,41.0247,"ELLSWORTH, OH US",0.9856,COOP:332580,METERS,-80.854
138,222.5,1949-04-01,2015-11-01,41.3815,"ELYRIA 3 E, OH US",0.9875,COOP:332599,METERS,-82.0558
139,249.9,1947-08-01,2008-03-01,39.55861,"ENTERPRISE, OH US",0.9698,COOP:332626,METERS,-82.48417
140,175.3,1985-10-01,2015-11-01,39.3477,"FAIRFIELD, OH US",0.989,COOP:332651,METERS,-84.5897
141,227.1,2012-01-01,2014-12-01,41.6596,"FAYETTE 5 E, OH US",0.9998,COOP:332725,METERS,-84.2488
142,300.5,1976-09-01,1999-11-01,39.21222,"FAYETTEVILLE, OH US",0.9213,COOP:332727,METERS,-83.87778
143,152.4,1931-01-01,1974-06-01,39.1169,"CINCINNATI FERNBANK, OH US",0.9886,COOP:332766,METERS,-84.6961
144,246.5,1948-08-01,2015-11-01,41.01369,"FINDLAY AIRPORT, OH US",0.9975,COOP:332786,METERS,-83.66814
145,234.1,1931-01-01,2015-11-01,41.0461,"FINDLAY WPCC, OH US",0.9961,COOP:332791,METERS,-83.6622
146,285.0,1997-07-01,2015-11-01,40.41,"FORT RECOVERY, OH US",0.9366,COOP:332895,METERS,-84.7856
147,238.0,1948-08-01,1975-06-01,41.15,"FOSTORIA WEST END SU, OH US",0.8162,COOP:332905,METERS,-83.43333
148,207.0,1931-01-01,2015-11-01,39.5536,"FRANKLIN, OH US",0.9775,COOP:332928,METERS,-84.319
149,320.0,1939-08-01,2012-05-01,40.41667,"FREDERICKTOWN 4 S, OH US",0.9332,COOP:332956,METERS,-82.53333
150,182.9,1931-01-01,2015-11-01,41.33353,"FREMONT, OH US",0.9559,COOP:332974,METERS,-83.11959
151,202.4,1996-12-01,2011-12-01,41.31194,"FREMONT AG STATION, OH US",1.0,COOP:332976,METERS,-83.17194
152,356.6,1948-08-01,2015-11-01,40.7231,"GALION WATER WORKS, OH US",0.9716,COOP:333021,METERS,-82.7999
153,176.2,1931-01-01,2015-11-01,38.82075,"GALLIPOLIS, OH US",0.9863,COOP:333029,METERS,-82.18171
154,331.9,1940-01-01,1971-09-01,40.38333,"GAMBIER, OH US",0.8222,COOP:333042,METERS,-82.4
155,284.1,1971-07-01,1978-06-01,41.41667,"GARFIELD HEIGHTS, OH US",0.9284,COOP:333071,METERS,-81.6
156,228.9,1943-06-01,1959-06-01,41.75,"GENEVA 3 S, OH US",0.9949,COOP:333094,METERS,-80.95
157,228.9,1970-06-01,1983-11-01,41.75,"GENEVA 3 S, OH US",0.9506,COOP:333095,METERS,-80.95
158,224.9,1948-08-01,2015-11-01,39.6361,"GERMANTOWN DAM, OH US",0.0644,COOP:333120,METERS,-84.4015
159,241.1,1931-01-01,1952-12-01,39.66667,"GERMANTOWN 3 NE, OH US",0.9886,COOP:333125,METERS,-84.33333
160,176.8,1953-01-01,1959-08-22,41.65,"PUT IN BAY, OH US",0.9627,COOP:333144,METERS,-82.8
161,225.9,1953-08-01,1967-02-01,41.03333,"GLANDORF, OH US",0.9205,COOP:333180,METERS,-84.08333
162,261.5,1948-09-01,2014-01-01,39.3418,"GREENFIELD WWTP, OH US",0.7846,COOP:333356,METERS,-83.3766
163,246.9,1951-04-01,1951-06-01,39.26667,"GREENHILLS, OH US",1.0,COOP:333364,METERS,-84.51667
164,313.9,1931-01-01,2015-11-01,40.1032,"GREENVILLE WATER PLANT, OH US",0.9951,COOP:333375,METERS,-84.6504
165,274.9,1948-08-01,1952-02-01,40.1,"GREENVILLE HIGHWAY DEP, OH US",0.4524,COOP:333380,METERS,-84.61667
166,280.4,1946-04-01,2015-11-01,40.5518,"GREER, OH US",0.9222,COOP:333393,METERS,-82.2015
167,222.5,1955-05-22,2015-11-01,41.01906,"GROVER HILL, OH US",0.9903,COOP:333421,METERS,-84.46561
168,348.1,1971-01-01,1974-11-01,40.8,"GUILFORD DAM, OH US",0.0208,COOP:333431,METERS,-80.86667
169,179.8,1931-01-01,1971-09-01,39.4,"HAMILTON 2, OH US",0.9489,COOP:333478,METERS,-84.56667
170,179.8,1971-10-01,1988-03-01,39.4,"HAMILTON 2, OH US",0.9898,COOP:333482,METERS,-84.56667
171,175.3,1931-01-01,1985-09-30,39.3477,"FAIRFIELD, OH US",0.9939,COOP:333483,METERS,-84.5897
172,189.0,1975-04-01,2015-11-01,39.6667,"HANNIBAL LOCKS AND DAM, OH US",0.9959,COOP:333500,METERS,-80.8667
173,228.6,2008-10-01,2015-11-01,41.28743,"HICKSVILLE, OH US",0.9886,COOP:333722,METERS,-84.75967
174,290.5,1931-01-01,2015-11-01,39.2334,"HILLSBORO, OH US",0.9824,COOP:333758,METERS,-83.6091
175,287.1,1948-08-01,1964-06-01,39.23333,"HILLSBORO WATER WORK, OH US",0.8952,COOP:333763,METERS,-83.61667
176,374.9,1931-01-01,2015-11-01,41.30718,"HIRAM, OH US",0.9932,COOP:333780,METERS,-81.14759
177,217.0,1931-01-01,1951-07-01,41.25,"HOLGATE, OH US",0.9758,COOP:333801,METERS,-84.15
178,213.4,1952-06-01,2011-12-01,41.21667,"HOYTVILLE 2 NE, OH US",1.0,COOP:333874,METERS,-83.76667
179,302.1,1949-01-01,2015-11-01,40.4911,"LAKEVIEW, OH US",0.9926,COOP:333915,METERS,-83.92532
180,164.9,1931-01-01,1982-06-01,38.53333,"IRONTON, OH US",0.9741,COOP:333971,METERS,-82.68333
181,204.2,1982-07-01,1985-12-01,38.53333,"IRONTON 1 NE, OH US",0.9987,COOP:333975,METERS,-82.66667
182,307.8,1941-04-01,1997-11-01,40.11667,"IRWIN, OH US",0.9985,COOP:333987,METERS,-83.48333
183,257.6,1931-01-01,2015-11-01,39.07909,"JACKSON 3 NW, OH US",0.9431,COOP:334004,METERS,-82.70651
184,214.0,1948-08-05,1960-05-27,39.05,"JACKSON HIGHWAY DEPARTMENT, OH US",0.4125,COOP:334009,METERS,-82.65
185,318.5,1998-06-01,2011-12-01,39.6369,"JEFFERSONVILLE 1 S, OH US",0.8158,COOP:334038,METERS,-83.5564
186,294.1,1931-01-01,1947-09-01,41.73333,"JEFFERSON, OH US",0.9504,COOP:334047,METERS,-80.76667
187,305.1,1948-08-01,1964-07-01,40.63333,"KENTON OHIO POWER CO, OH US",0.9742,COOP:334184,METERS,-83.61667
188,303.9,1931-01-01,2015-11-01,40.64851,"KENTON, OH US",0.9686,COOP:334189,METERS,-83.606
189,232.3,1931-01-01,2015-11-01,39.3531,"KINGS MILLS, OH US",0.9794,COOP:334238,METERS,-84.2602
190,228.0,1988-05-01,1994-07-01,41.61667,"KIRTLAND HOLDEN, OH US",0.9733,COOP:334258,METERS,-81.3
191,313.9,1994-12-01,2011-12-01,41.61667,"KIRTLAND HOLDEN 2, OH US",0.9463,COOP:334260,METERS,-81.3
192,287.1,1931-01-01,1952-12-01,41.11667,"LAKE MILTON, OH US",0.6401,COOP:334340,METERS,-80.98333
193,310.9,1931-01-01,1983-03-01,40.51667,"LAKEVIEW 3 NE, OH US",0.9953,COOP:334363,METERS,-83.88333
194,262.1,1931-01-01,1951-12-01,39.73333,"LANCASTER 2 NW, OH US",0.9842,COOP:334378,METERS,-82.63333
195,262.1,1949-03-01,1996-12-01,39.73333,"LANCASTER 2 NW, OH US",0.9738,COOP:334383,METERS,-82.63333
196,307.8,1956-07-01,1961-06-01,39.68333,"LANCASTER, OH US",0.8168,COOP:334387,METERS,-82.66667
197,278.0,1956-07-01,1961-06-01,39.71667,"LANCASTER 3 W, OH US",0.8834,COOP:334389,METERS,-82.65
198,274.9,1956-07-01,1966-01-01,39.76667,"LANCASTER 5 NW, OH US",0.0647,COOP:334391,METERS,-82.63333
199,287.1,1956-09-01,1961-06-01,39.73333,"LANCASTER 5 WNW, OH US",0.9318,COOP:334393,METERS,-82.7
200,345.0,1956-07-03,1961-08-25,39.7,"LANCASTER 5 WSW, OH US",0.0628,COOP:334395,METERS,-82.7
201,305.1,1956-07-01,1961-06-01,39.8,"LANCASTER 6 N, OH US",0.7668,COOP:334397,METERS,-82.61667
202,335.9,1956-07-01,1961-06-01,39.71667,"LANCASTER 6 W, OH US",0.966,COOP:334399,METERS,-82.71667
203,331.9,1956-07-09,1961-08-25,39.73333,"LANCASTER 7 WNW, OH US",0.0659,COOP:334401,METERS,-82.73333
204,252.1,1965-12-01,2015-11-01,39.7156,"LANCASTER, OH US",0.9826,COOP:334403,METERS,-82.6073
205,283.5,1931-01-01,1991-06-01,40.57216,"LA RUE, OH US",0.9216,COOP:334409,METERS,-83.38429
206,231.6,1951-10-01,2015-11-01,39.4706,"LAURELVILLE, OH US",0.9857,COOP:334434,METERS,-82.7344
207,208.8,1966-11-01,2014-01-01,39.3691,"LEBANON 4 SE, OH US",0.0316,COOP:334459,METERS,-84.2398
208,223.1,1948-08-01,1966-12-01,39.43333,"LEBANON HIGHWAY DEPARTMENT, OH US",0.8952,COOP:334461,METERS,-84.2
209,298.7,1936-06-01,2014-01-01,40.4709,"LEESVILLE LAKE, OH US",0.9544,COOP:334473,METERS,-81.1955
210,293.0,2012-01-01,2015-11-01,40.70806,"LIMA ALLEN CO AIRPORT, OH US",1.0,COOP:334547,METERS,-84.0214
211,259.1,1931-01-01,2015-11-01,40.7247,"LIMA WWTP, OH US",0.9941,COOP:334551,METERS,-84.1294
212,265.2,1948-08-01,1989-11-27,40.75,"LIMA WATER WORKS, OH US",0.9479,COOP:334556,METERS,-84.08333
213,253.0,1931-01-01,1936-06-01,39.93333,"LINDEN HEIGHTS, OH US",1.0,COOP:334581,METERS,-83.35
214,301.8,1951-12-01,1988-09-01,39.78333,"LITHOPOLIS 2 S, OH US",0.9977,COOP:334616,METERS,-82.81667
215,220.1,1948-08-01,2015-11-01,39.5326,"LOGAN, OH US",0.2834,COOP:334672,METERS,-82.3939
216,341.4,1931-01-01,2015-11-01,39.8972,"LONDON STATE FISH HATCHERY, OH US",0.898,COOP:334681,METERS,-83.5096
217,335.3,1966-04-01,1989-05-01,39.88333,"LONDON WWTP, OH US",0.0247,COOP:334686,METERS,-83.43333
218,356.6,1946-10-01,2011-12-01,40.83333,"LOUISVILLE, OH US",0.9464,COOP:334728,METERS,-81.25
219,189.0,1931-01-01,1952-06-01,39.53333,"LOWELL LOCK 3, OH US",0.973,COOP:334736,METERS,-81.51667
220,173.1,2015-01-01,2015-11-01,38.8845,"LUCASVILLE, OH US",1.0,COOP:334770,METERS,-82.9955
221,235.0,1948-08-01,1975-08-01,41.7,"LYONS HIGH SCHOOL, OH US",0.3463,COOP:334789,METERS,-84.06667
222,171.0,1951-04-01,1951-11-01,39.15,"MADISONVILLE, OH US",0.8732,COOP:334824,METERS,-84.38333
223,392.8,1948-08-01,2015-11-01,40.8204,"MANSFIELD LAHM REGIONAL AIRPORT, OH US",0.9493,COOP:334865,METERS,-82.51769
224,411.5,1889-02-01,2015-11-01,40.76047,"MANSFIELD 5 W, OH US",0.8713,COOP:334874,METERS,-82.61668
225,185.9,1931-01-01,2013-12-01,39.4108,"MARIETTA LOCK 1, OH US",0.9749,COOP:334924,METERS,-81.4536
226,185.9,1963-03-01,2015-11-01,39.4087,"MARIETTA WWTP, OH US",0.9984,COOP:334927,METERS,-81.4329
227,253.0,1931-01-01,1963-01-01,39.43333,"MARIETTA WATER WORKS, OH US",0.9168,COOP:334929,METERS,-81.46667
228,299.0,1931-01-01,1949-11-01,40.58333,"MARION, OH US",0.9956,COOP:334937,METERS,-83.13333
229,294.1,1948-08-01,2015-11-01,40.6142,"MARION 2 N, OH US",0.9777,COOP:334942,METERS,-83.13001
230,341.4,1946-03-01,2011-12-01,40.88333,"MARSHALLVILLE 1 SSW, OH US",0.8937,COOP:334967,METERS,-81.73333
231,295.7,1931-01-01,2015-11-01,40.19382,"MARYSVILLE, OH US",1.0,COOP:334979,METERS,-83.26751
232,305.1,1948-09-01,1960-06-01,40.23333,"MARYSVILLE HIGHWAY DEP, OH US",0.9469,COOP:334984,METERS,-83.36667
233,283.5,1948-08-01,2014-01-01,40.7667,"MASSILLON, OH US",0.009,COOP:334992,METERS,-81.5333
234,189.0,1948-08-01,1954-08-26,41.61667,"MAUMEE EXPERIMENTAL FARM, OH US",0.9742,COOP:335007,METERS,-83.65
235,360.0,1948-07-01,1949-01-01,40.88333,"MAXIMO, OH US",0.7078,COOP:335015,METERS,-81.18333
236,225.6,1931-01-01,1944-10-01,39.25,"MCARTHUR, OH US",0.9999,COOP:335021,METERS,-82.48333
237,235.0,1948-08-01,1957-10-01,39.25,"MC ARTHUR HIGHWAY DEPARTMENT, OH US",0.9536,COOP:335024,METERS,-82.46667
238,239.3,1957-05-01,2011-11-01,39.2503,"MC ARTHUR, OH US",0.9875,COOP:335029,METERS,-82.4822
239,231.6,1931-01-01,2012-03-01,39.6521,"MCCONNELSVILLE LOCK7, OH US",0.9907,COOP:335041,METERS,-81.8561
240,281.0,1946-05-01,1952-12-01,40.4,"MECCA, OH US",0.8493,COOP:335090,METERS,-80.73333
241,212.4,1931-01-01,1985-01-01,39.61667,"MIAMISBURG, OH US",0.983,COOP:335185,METERS,-84.28333
242,268.2,1948-02-01,1987-10-01,40.05,"MIDDLEBOURNE, OH US",0.9896,COOP:335199,METERS,-81.33333
243,196.9,1931-01-01,2015-11-01,39.5161,"MIDDLETOWN, OH US",0.9539,COOP:335220,METERS,-84.4071
244,174.0,1951-04-01,1969-02-01,39.16667,"MILFORD, OH US",0.9814,COOP:335265,METERS,-84.3
245,158.5,1969-04-01,2004-07-01,39.18139,"MILFORD, OH US",0.9976,COOP:335268,METERS,-84.28667
246,317.0,1948-11-01,1949-01-01,41.0,"MILL CREEK, OH US",0.9925,COOP:335282,METERS,-80.98333
247,246.9,1950-07-01,1953-04-01,40.56667,"MILLERSBURG, OH US",0.3074,COOP:335296,METERS,-81.91667
248,249.6,1916-12-01,2015-11-01,40.5375,"MILLERSBURG, OH US",0.9377,COOP:335297,METERS,-81.9197
249,249.9,1972-06-01,1989-04-01,40.53333,"MILLERSBURG 2 S, OH US",0.0332,COOP:335305,METERS,-81.91667
250,356.6,1893-06-01,2013-12-01,40.7692,"MILLPORT 2 NW, OH US",0.9751,COOP:335315,METERS,-80.8562
251,271.3,1931-01-01,2000-04-01,41.15,"MINERAL RIDGE W WKS, OH US",0.994,COOP:335356,METERS,-80.78333
252,263.7,1949-01-01,2014-01-01,40.3486,"MOHAWK DAM, OH US",0.9785,COOP:335398,METERS,-82.0908
253,296.0,1949-01-01,1987-06-01,40.73333,"MOHICANVILLE DAM, OH US",0.9633,COOP:335406,METERS,-82.15
254,266.1,1931-01-01,2014-12-01,41.58924,"MONTPELIER, OH US",0.9901,COOP:335438,METERS,-84.5858
255,277.4,1943-11-01,2015-11-01,41.29853,"MOSQUITO CREEK LAKE, OH US",0.9931,COOP:335505,METERS,-80.76418
256,332.2,1949-05-01,1951-12-01,40.55,"MOUNT GILEAD LAKES P, OH US",0.999,COOP:335532,METERS,-82.81667
257,332.2,1952-01-01,1995-12-01,40.55,"MOUNT GILEAD LAKES P, OH US",0.9773,COOP:335535,METERS,-82.81667
258,259.1,1931-01-01,1955-11-01,39.28333,"MOUNT HEALTHY EXPERIMENTAL FA, OH US",0.9934,COOP:335543,METERS,-84.56667
259,281.0,1948-08-01,1979-05-01,39.73333,"MOUNT STERLING GAS P, OH US",0.9216,COOP:335573,METERS,-83.28333
260,298.7,1931-01-01,2014-01-01,40.37915,"MOUNT VERNON, OH US",0.9127,COOP:335585,METERS,-82.4685
261,228.9,1951-04-01,1952-12-01,39.08333,"CINCINNATI MOUNT WASH, OH US",0.8547,COOP:335590,METERS,-84.38333
262,317.0,1948-01-01,1955-07-01,40.93333,"NANKIN, OH US",0.7115,COOP:335656,METERS,-82.28333
263,207.9,1931-01-01,1961-06-01,41.3939,"NAPOLEON, OH US",0.9974,COOP:335664,METERS,-84.1144
264,204.2,2009-10-01,2015-11-01,41.3816,"NAPOLEON 1 SW, OH US",1.0,COOP:335667,METERS,-84.1513
265,207.9,1961-07-01,2009-06-01,41.3939,"NAPOLEON, OH US",0.9514,COOP:335669,METERS,-84.1144
266,216.1,1951-10-01,2015-11-01,39.50143,"NELSONVILLE, OH US",0.9857,COOP:335718,METERS,-82.24376
267,256.0,1948-08-01,1956-12-01,40.05,"NEWARK POWER PLANT, OH US",0.9216,COOP:335742,METERS,-82.4
268,254.5,1934-11-01,2015-11-01,40.0875,"NEWARK WATER WORKS, OH US",0.999,COOP:335747,METERS,-82.4128
269,266.4,1931-01-01,2015-11-01,39.9317,"NEW CARLISLE, OH US",0.9745,COOP:335786,METERS,-84.0329
270,244.1,1931-01-01,1992-07-01,40.26667,"NEWCOMERSTOWN, OH US",0.77,COOP:335794,METERS,-81.6
271,292.9,1959-10-01,1972-10-01,40.28333,"NEWCOMERSTOWN 1 NNE, OH US",0.9743,COOP:335795,METERS,-81.6
272,241.4,1984-10-01,1999-09-01,40.27194,"NEWCOMERSTOWN, OH US",0.6001,COOP:335799,METERS,-81.6075
273,267.3,1942-02-01,2015-11-01,39.73315,"NEW LEXINGTON 2 NW, OH US",0.9922,COOP:335857,METERS,-82.21559
274,274.9,1948-09-01,1949-11-01,41.58333,"SOUTH NEW LYME, OH US",1.0,COOP:335864,METERS,-80.8
275,189.0,1948-08-01,1975-04-01,39.46667,"NEW MATAMORAS DAM 16, OH US",0.8689,COOP:335878,METERS,-81.11667
276,281.9,1948-08-01,2006-04-01,40.48778,"NEW PHILADELPHIA, OH US",0.8081,COOP:335894,METERS,-81.43167
277,296.0,1937-01-01,1952-12-01,40.48333,"NEW PHILADELPHIA 3 E, OH US",0.7396,COOP:335899,METERS,-81.38333
278,280.4,1936-05-01,1991-05-01,40.5,"NEW PHILADELPHIA 1 A, OH US",0.9399,COOP:335904,METERS,-81.45
279,206.0,1985-08-01,2015-11-01,39.39328,"NEWPORT, OH US",0.9918,COOP:335939,METERS,-81.21932
280,237.7,1951-11-01,1990-09-01,39.58333,"NEW STRAITSVILLE, OH US",0.9743,COOP:335947,METERS,-82.25
281,348.1,1944-03-01,1952-12-01,40.85,"NORTH GEORGETOWN, OH US",0.9335,COOP:336050,METERS,-80.98333
282,172.2,1931-01-01,1961-07-01,38.41667,"NORTH KENOVA, OH US",0.9537,COOP:336061,METERS,-82.5
283,204.2,1894-03-01,2015-11-01,41.26342,"NORWALK WWTP, OH US",0.9959,COOP:336118,METERS,-82.61462
284,281.9,1948-08-12,2014-01-01,41.17654,"NORWALK 5 SE, OH US",0.8061,COOP:336123,METERS,-82.56185
285,207.3,1982-02-01,1982-03-01,41.25,"NORWALK MILAN, OH US",1.0,COOP:336128,METERS,-82.61667
286,298.7,1948-02-01,1986-03-01,39.98333,"NORWICH 1 E, OH US",0.9259,COOP:336136,METERS,-81.78333
287,217.0,1953-04-01,1955-05-01,41.08333,"OAKWOOD, OH US",0.885,COOP:336188,METERS,-84.38333
288,248.7,1893-06-01,2015-11-01,41.2802,"OBERLIN, OH US",0.9837,COOP:336196,METERS,-82.2187
289,220.1,1931-01-01,1949-11-01,41.01667,"OTTAWA, OH US",0.9956,COOP:336337,METERS,-84.05
290,222.5,1948-08-01,2015-11-01,41.0324,"OTTAWA, OH US",0.7574,COOP:336342,METERS,-84.0543
291,176.8,1972-06-01,1989-04-01,41.61203,"OTTAWA NWR, OH US",0.9657,COOP:336346,METERS,-83.2013
292,274.9,1931-01-01,1950-11-01,39.51667,"OXFORD, OH US",0.8494,COOP:336371,METERS,-84.75
293,238.7,1948-08-01,2014-01-01,39.5068,"OXFORD, OH US",0.5003,COOP:336375,METERS,-84.7185
294,214.0,1948-08-01,1977-06-01,41.71667,"PAINESVILLE HIGHWAY DE, OH US",0.7899,COOP:336384,METERS,-81.21667
295,182.9,1950-04-01,2015-11-01,41.75288,"PAINESVILLE 4 NW, OH US",0.9949,COOP:336389,METERS,-81.29533
296,234.7,1949-12-01,2015-11-01,40.9462,"PANDORA, OH US",0.995,COOP:336405,METERS,-83.9614
297,225.6,1998-09-01,2002-02-01,38.78639,"PATRIOT 7 W, OH US",1.0,COOP:336441,METERS,-82.51333
298,221.0,1931-01-01,2015-11-01,41.1247,"PAULDING, OH US",0.9882,COOP:336465,METERS,-84.5919
299,228.9,1948-08-01,1950-09-01,41.08333,"PAYNE W WKS, OH US",0.959,COOP:336475,METERS,-84.73333
300,248.4,1948-08-04,1985-04-01,38.94689,"PEEBLES, OH US",0.6978,COOP:336493,METERS,-83.41611
301,239.9,1980-09-01,1986-03-01,38.95,"PEEBLES 2, OH US",0.0257,COOP:336495,METERS,-83.4
302,253.0,1936-05-01,1962-07-01,38.93333,"PEEBLES 1 S, OH US",0.9809,COOP:336498,METERS,-83.41667
303,262.1,1984-11-01,1984-12-01,41.1536,"PENFIELD 1 SE, OH US",0.0028,COOP:336512,METERS,-82.1018
304,210.9,1948-05-01,1950-01-21,41.78333,"PERRY CAA AIRPORT, OH US",0.8982,COOP:336545,METERS,-81.1
305,278.0,1931-01-01,1949-01-01,41.26667,"PHALANX STATION, OH US",0.5575,COOP:336554,METERS,-80.95
306,228.9,1931-01-01,1965-09-01,39.86667,"PHILO, OH US",0.9904,COOP:336590,METERS,-81.9
307,310.9,1931-01-01,2012-12-01,39.8386,"PHILO 3 SW, OH US",0.9929,COOP:336600,METERS,-81.9166
308,286.5,1936-06-01,2014-01-01,40.19201,"PIEDMONT LAKE, OH US",0.9707,COOP:336616,METERS,-81.21469
309,173.7,1942-07-01,2015-11-01,39.07011,"PIKETON, OH US",0.9807,COOP:336630,METERS,-83.01956
310,175.6,1986-03-01,1997-01-01,39.06833,"PIKETON WATER WKS, OH US",0.0211,COOP:336634,METERS,-83.02083
311,262.4,1931-01-01,2008-07-01,40.1525,"PIQUA, OH US",1.0,COOP:336645,METERS,-84.2372
312,260.0,1948-08-05,2015-11-01,40.1311,"PIQUA WWTP, OH US",0.8832,COOP:336650,METERS,-84.2344
313,261.2,1931-01-01,2015-11-01,40.0553,"PLEASANT HILL, OH US",0.9637,COOP:336697,METERS,-84.3581
314,342.9,1936-06-01,2014-01-01,40.6245,"PLEASANT HILL LAKE, OH US",0.9691,COOP:336702,METERS,-82.3271
315,292.9,1933-01-01,1982-09-01,40.98333,"PLYMOUTH 2 WSW, OH US",0.9917,COOP:336729,METERS,-82.7
316,180.1,1946-07-01,1969-09-01,39.01667,"PORTLAND DAM 21, OH US",0.9641,COOP:336773,METERS,-81.76667
317,164.6,1931-01-01,2015-11-01,38.7569,"PORTSMOUTH SCIOTOVILLE, OH US",0.9912,COOP:336781,METERS,-82.8872
318,173.7,1931-01-01,1997-01-01,38.73139,"PORTSMOUTH US GRANT, OH US",0.9634,COOP:336786,METERS,-82.99694
319,164.9,1948-08-01,1953-01-01,38.735,"PORTSMOUTH WATER WOR, OH US",0.9479,COOP:336791,METERS,-82.99861
320,203.9,1953-07-01,1955-06-25,39.0,"PORTSMOUTH AREA WEATHER BUREAU, OH US",1.0,COOP:336796,METERS,-83.0
321,278.9,1931-01-01,2011-12-01,40.48333,"PROSPECT, OH US",0.9835,COOP:336861,METERS,-83.2
322,176.8,1931-01-01,1997-09-01,41.65,"PUT IN BAY, OH US",0.895,COOP:336882,METERS,-82.8
323,232.0,1954-01-01,1957-04-01,39.13333,"RADCLIFF 1 E, OH US",0.9011,COOP:336917,METERS,-82.38333
324,337.4,1948-08-01,2015-11-01,41.13664,"RAVENNA 2 S, OH US",0.9319,COOP:336949,METERS,-81.28437
325,328.9,1948-09-01,1950-02-28,41.13333,"RAVENNA PUMP STATION, OH US",0.9947,COOP:336954,METERS,-81.23333
326,281.9,1997-08-01,2006-04-01,40.4183,"RICHWOOD 2, OH US",0.905,COOP:337069,METERS,-83.295
327,268.2,1959-04-01,2005-12-01,38.78722,"RIPLEY EXPERIMENTAL FARM, OH US",0.9892,COOP:337120,METERS,-83.79722
328,256.9,1972-07-01,1982-05-01,41.63333,"ROCK CREEK 2 S, OH US",0.0316,COOP:337175,METERS,-80.86667
329,245.4,1948-08-01,1984-10-01,40.68333,"ROCKFORD WATER DEPARTMENT, OH US",0.237,COOP:337179,METERS,-84.65
330,225.6,1961-11-01,2015-11-01,39.8161,"ROSEVILLE, OH US",0.9923,COOP:337255,METERS,-82.0732
331,304.8,1985-08-01,1988-03-01,39.83333,"RUSHVILLE 5 NE, OH US",1.0,COOP:337326,METERS,-82.38333
332,309.4,1948-08-01,1983-01-01,40.51667,"RUSSELLS POINT LAKEV, OH US",0.4213,COOP:337333,METERS,-83.9
333,300.2,1948-08-01,1986-03-01,39.21667,"ST MARTIN URSULINE S, OH US",0.8952,COOP:337375,METERS,-83.88333
334,266.4,1937-11-01,2015-11-01,40.5449,"ST. MARYS 3 W, OH US",0.9477,COOP:337383,METERS,-84.4374
335,264.9,1949-05-01,1958-05-01,40.53333,"ST MARYS WATER WORKS, OH US",0.9652,COOP:337388,METERS,-84.4
336,366.1,1948-08-01,1955-06-01,40.13333,"ST PARIS, OH US",0.7109,COOP:337396,METERS,-83.96667
337,377.6,2012-01-01,2015-11-01,40.1391,"ST PARIS 2 NE, OH US",1.0,COOP:337400,METERS,-83.9288
338,232.0,1998-09-01,2015-11-01,39.07009,"SALEM CENTER 2 E, OH US",1.0,COOP:337410,METERS,-82.29089
339,178.0,1948-01-01,2015-11-01,41.452,"SANDUSKY, OH US",0.9841,COOP:337447,METERS,-82.723
340,271.3,1951-10-01,1989-11-01,39.68333,"SAYRE, OH US",0.9716,COOP:337476,METERS,-82.05
341,326.1,1940-12-01,2008-12-01,39.73389,"SEDALIA, OH US",0.989,COOP:337538,METERS,-83.4775
342,266.7,1939-04-01,2014-01-01,39.9222,"SENECAVILLE LAKE, OH US",0.9845,COOP:337559,METERS,-81.4347
343,286.5,1943-09-01,2015-11-01,40.2705,"SIDNEY 1 S, OH US",0.9816,COOP:337693,METERS,-84.1507
344,313.9,1948-08-01,2014-01-01,40.2983,"SIDNEY HIGHWAY DEPARTMENT, OH US",1.0,COOP:337698,METERS,-84.1633
345,317.0,1931-01-01,1978-06-01,40.31667,"SIDNEY 2 N, OH US",0.8632,COOP:337700,METERS,-84.16667
346,274.9,1950-05-01,1972-08-01,41.58333,"SOUTH NEW LYME, OH US",0.1823,COOP:337854,METERS,-80.8
347,168.6,1990-08-01,2015-11-01,38.42375,"SOUTH POINT, OH US",0.9967,COOP:337857,METERS,-82.59307
348,310.9,1943-05-01,1969-11-01,39.91667,"SPRINGFIELD, OH US",0.9999,COOP:337925,METERS,-83.81667
349,310.9,1931-01-01,1950-07-01,39.91667,"SPRINGFIELD ELMWOOD, OH US",0.9959,COOP:337927,METERS,-83.78333
350,284.1,1948-01-01,1951-12-01,39.91667,"SPRINGFIELD MAD RIVE, OH US",0.4583,COOP:337930,METERS,-83.85
351,274.9,1952-01-01,1988-06-01,39.91667,"SPRINGFIELD WWTP, OH US",0.9909,COOP:337932,METERS,-83.85
352,289.9,1948-08-01,2015-11-01,39.9735,"SPRINGFIELD WATER TREATMENT PLANT, OH US",0.7228,COOP:337935,METERS,-83.8072
353,225.9,1948-08-01,1979-03-01,40.36667,"STEUBENVILLE WWTP, OH US",0.5947,COOP:338020,METERS,-80.61667
354,302.4,1941-04-01,2015-11-01,40.3765,"STEUBENVILLE, OH US",0.9766,COOP:338025,METERS,-80.6283
355,225.6,1962-01-01,2015-11-01,41.5364,"STRYKER, OH US",0.8285,COOP:338110,METERS,-84.4216
356,298.7,1946-04-01,1987-10-01,39.81667,"SUMMERFIELD 2 NE, OH US",0.9098,COOP:338148,METERS,-81.3
357,312.4,1997-08-01,1998-06-01,40.34306,"SUNBURY 6 N, OH US",1.0,COOP:338170,METERS,-82.84889
358,289.6,1949-01-01,2014-01-01,40.3562,"TAPPAN DAM, OH US",0.9785,COOP:338240,METERS,-81.2279
359,292.9,1946-04-01,1955-07-01,39.9,"THORNVILLE, OH US",0.9375,COOP:338303,METERS,-82.41667
360,225.6,1931-01-01,2015-11-01,41.10451,"TIFFIN, OH US",0.9529,COOP:338313,METERS,-83.18786
361,228.6,1959-07-01,1984-10-01,41.1,"TIFFIN W WKS, OH US",0.9925,COOP:338318,METERS,-83.18333
362,256.0,1931-01-01,2015-11-01,39.9573,"TIPP CITY, OH US",0.9637,COOP:338332,METERS,-84.17491
363,189.0,1950-02-01,1955-08-01,41.65,"TOLEDO ACME STATION, OH US",0.958,COOP:338351,METERS,-83.51667
364,176.2,1950-08-01,1971-06-01,40.68333,"TOLEDO COAST GUARD S, OH US",0.9523,COOP:338353,METERS,-83.48333
365,189.0,1948-01-01,1955-02-01,41.56327,"TOLEDO EXECUTIVE AIRPORT, OH US",0.9308,COOP:338356,METERS,-83.47671
366,205.5,1955-01-01,2015-11-01,41.58705,"TOLEDO EXPRESS AIRPORT, OH US",1.0,COOP:338357,METERS,-83.80538
367,182.9,1948-01-01,2000-02-01,41.65,"TOLEDO BLADE, OH US",0.9042,COOP:338366,METERS,-83.53333
368,228.3,1953-01-01,2014-01-01,39.54444,"TOM JENKINS DAM BURR OAK, OH US",0.9905,COOP:338378,METERS,-82.05812
369,253.0,1951-10-01,1963-03-01,40.0,"UPPER ARLINGTON, OH US",1.0,COOP:338526,METERS,-83.06667
370,260.3,1931-01-01,2015-11-01,40.83333,"UPPER SANDUSKY, OH US",0.9598,COOP:338534,METERS,-83.28333
371,256.0,1948-08-01,2014-01-01,40.84278,"UPPER SANDUSKY WATER WK, OH US",0.9461,COOP:338539,METERS,-83.2767
372,310.6,1931-01-01,2015-11-01,40.0991,"URBANA WRF, OH US",0.9902,COOP:338552,METERS,-83.7823
373,306.3,1944-11-01,1994-04-01,40.21667,"UTICA, OH US",0.921,COOP:338560,METERS,-82.43333
374,345.9,1995-12-01,2011-12-01,40.20611,"UTICA 4 WSW, OH US",0.8756,COOP:338565,METERS,-82.52
375,302.6,1948-01-01,1950-02-28,39.90638,"DAYTON INTERNATIONAL AIRPORT, OH US",1.0,COOP:338598,METERS,-84.21853
376,240.8,1931-01-01,2015-11-01,40.8494,"VAN WERT 1 S, OH US",0.9951,COOP:338609,METERS,-84.5808
377,294.4,1931-01-01,2015-11-01,40.2211,"VERSAILLES, OH US",0.9824,COOP:338642,METERS,-84.4955
378,180.1,1931-01-01,1953-03-01,41.36667,"VICKERY 2 NW, OH US",0.9776,COOP:338656,METERS,-82.96667
379,256.9,1931-01-01,1939-06-01,40.366667,"WALHONDING, OH US",1.0,COOP:338725,METERS,-82.133333
380,275.5,1984-04-01,1993-12-01,41.23333,"WARREN, OH US",0.9741,COOP:338764,METERS,-80.81667
381,274.3,1931-01-01,2015-11-01,41.2019,"WARREN 3 S, OH US",1.0,COOP:338769,METERS,-80.8105
382,274.9,1938-06-01,1971-09-01,41.21667,"WARREN OHIO EDISON, OH US",0.9648,COOP:338774,METERS,-80.8
383,291.7,1931-01-01,2015-11-01,39.5353,"WASHINGTON COURT HOUSE, OH US",0.8607,COOP:338794,METERS,-83.4239
384,189.6,1956-06-24,2015-11-01,38.70081,"WATERLOO, OH US",0.8103,COOP:338810,METERS,-82.47304
385,228.6,1931-01-01,2015-11-01,41.5183,"WAUSEON WATER PLANT, OH US",1.0,COOP:338822,METERS,-84.1452
386,174.3,1931-01-01,2015-11-01,39.1114,"WAVERLY, OH US",0.9451,COOP:338830,METERS,-82.9797
387,244.4,1952-01-01,2015-11-01,40.1268,"WESTERVILLE, OH US",0.9818,COOP:338951,METERS,-82.9441
388,223.1,1965-02-01,1978-06-01,39.26667,"WEST FORK MILL CREEK, OH US",0.9756,COOP:338960,METERS,-84.5
389,338.0,1931-01-01,2015-11-01,39.8731,"WEST MANCHESTER 3 WSW, OH US",0.947,COOP:338990,METERS,-84.6556
390,224.9,1998-02-01,2015-11-01,38.8053,"WEST UNION 6 ENE, OH US",0.9862,COOP:339050,METERS,-83.4353
391,274.9,1964-12-01,1976-06-01,39.06667,"WILLIAMSBURG 1 ENE, OH US",0.993,COOP:339161,METERS,-84.03333
392,192.0,1949-03-01,1953-05-01,41.68333,"WILLOUGHBY, OH US",0.54,COOP:339185,METERS,-81.38333
393,195.1,1931-01-01,1976-12-01,41.66667,"WILLOWGHBY EAST LAKE, OH US",0.9855,COOP:339190,METERS,-81.43333
394,187.8,1987-03-01,1991-01-30,39.36667,"WILLOW ISLAND LOCK AND DAM, OH US",0.9987,COOP:339197,METERS,-81.31667
395,301.1,1998-06-01,2000-10-01,38.59028,"WILLOW WOOD 3 NE, OH US",0.9985,COOP:339209,METERS,-82.44417
396,237.7,1949-01-01,2014-01-01,40.1563,"WILLS CREEK LAKE, OH US",0.9677,COOP:339211,METERS,-81.8437
397,314.9,1931-01-01,2015-11-01,39.49118,"WILMINGTON 3 N, OH US",0.9863,COOP:339219,METERS,-83.82005
398,299.0,1948-08-01,2014-01-01,39.4391,"WILMINGTON, OH US",0.8426,COOP:339224,METERS,-83.8527
399,371.9,1948-08-01,1994-05-01,39.78333,"WOODSFIELD, OH US",0.9479,COOP:339298,METERS,-81.1
400,365.8,2001-03-01,2015-11-01,39.7787,"WOODSFIELD 2 N, OH US",0.9039,COOP:339299,METERS,-81.1009
401,310.9,1893-06-01,2015-11-01,40.78126,"WOOSTER EXPERIMENTAL STATION, OH US",0.9966,COOP:339312,METERS,-81.91986
402,335.9,1914-03-01,1959-06-01,40.78333,"WOOSTER 2 SE, OH US",0.9853,COOP:339322,METERS,-81.93333
403,289.9,1951-10-01,1951-12-01,40.16667,"WORTHINGTON 5 N, OH US",0.9925,COOP:339332,METERS,-83.01667
404,249.9,1948-08-01,1948-12-29,39.83333,"DAYTON WRIGHT PATTERSON AFB, OH US",0.7958,COOP:339338,METERS,-84.05
405,256.0,1948-08-01,1953-02-21,39.73333,"XENIA, OH US",0.7299,COOP:339356,METERS,-83.93333
406,249.9,1952-07-01,2004-07-01,39.71667,"XENIA TREATMENT PLAN, OH US",0.0397,COOP:339357,METERS,-83.96667
407,289.6,1931-01-01,2015-11-01,39.613,"XENIA 6 SSE, OH US",0.9804,COOP:339361,METERS,-83.9058
408,355.6,1948-01-01,2015-11-01,41.25478,"YOUNGSTOWN WARREN REGIONAL AIRPORT, OH US",0.9914,COOP:339406,METERS,-80.67361
409,268.6,1948-05-01,2015-11-01,39.94609,"ZANESVILLE MUNICIPAL AIRPORT, OH US",0.9593,COOP:339417,METERS,-81.89315
410,213.4,1931-01-01,2014-01-01,39.9125,"ZANESVILLE WWTP, OH US",0.9789,COOP:339422,METERS,-82.0042
411,182.9,1931-01-01,1968-06-01,39.15,"BELLEVILLE DAM 2O, OH US",0.9934,COOP:460645,METERS,-81.75
412,158.5,1967-07-01,2015-11-01,38.4014,"HUNTINGTON SWG PLANT, WV US",0.9104,COOP:464397,METERS,-82.5266
413,205.7,1931-01-01,2015-11-01,40.5261,"NEW CUMBERLAND L D, OH US",0.8391,COOP:466442,METERS,-80.6275
414,170.7,1931-01-01,1937-08-01,38.91667,"POINT PLEASANT DAM 25, OH US",1.0,COOP:467109,METERS,-82.13333
415,182.9,1931-01-01,1968-06-01,39.25,"WASHINGTON DAM 19, OH US",0.9956,COOP:469309,METERS,-81.7
416,196.6,1987-09-01,2015-11-01,40.0567,"WHEELING, WV US",0.9794,COOP:469482,METERS,-80.7283
417,191.1,2009-01-01,2011-12-31,41.892133,"ASHTABULA 1.6 WNW, OH US",1.0,GHCND:US1OHAB0002,METERS,-80.824356
418,210.6,2009-05-01,2013-11-29,41.8757,"ASHTABULA 2.1 E, OH US",0.5451,GHCND:US1OHAB0004,METERS,-80.7567
419,301.1,2014-08-01,2016-12-07,41.751112,"PIERPONT 0.8 W, OH US",0.7207,GHCND:US1OHAB0008,METERS,-80.583433
420,200.9,2018-06-01,2018-11-16,41.87737,"ASHTABULA 1.5 E, OH US",0.7424,GHCND:US1OHAB0015,METERS,-80.76853
421,301.1,2020-07-26,2025-09-24,41.740038,"PIERPONT 1.5 WSW, OH US",0.4531,GHCND:US1OHAB0016,METERS,-80.59443
422,193.5,2023-04-29,2025-12-24,41.90366,"ASHTABULA 1.8 NNE, OH US",0.9985,GHCND:US1OHAB0021,METERS,-80.78286
423,309.7,2024-04-22,2025-11-11,41.59147,"ANDOVER 2.1 ESE, OH US",0.7346,GHCND:US1OHAB0026,METERS,-80.53584
424,254.8,2020-03-25,2025-12-23,38.939891,"SEAMAN 3.4 E, OH US",0.9999,GHCND:US1OHAD0005,METERS,-83.509029
425,237.1,2021-04-01,2025-12-19,39.007479,"PEEBLES 4.2 N, OH US",0.9997,GHCND:US1OHAD0006,METERS,-83.414601
426,256.0,2009-02-01,2025-10-30,40.7035,"SPENCERVILLE 0.3 SSE, OH US",0.1647,GHCND:US1OHAL0001,METERS,-84.3516
427,264.3,2009-02-01,2025-12-23,40.7739,"LIMA 2.7 NE, OH US",1.0,GHCND:US1OHAL0005,METERS,-84.08
428,252.4,2009-02-01,2009-12-30,40.722816,"SPENCERVILLE 1.1 NNE, OH US",1.0,GHCND:US1OHAL0006,METERS,-84.343991
429,238.7,2009-10-01,2025-12-24,40.833497,"DELPHOS 2.3 ESE, OH US",0.571,GHCND:US1OHAL0008,METERS,-84.2981719
430,246.0,2011-08-01,2022-08-21,40.77403,"ELIDA 0.8 S, OH US",1.0,GHCND:US1OHAL0009,METERS,-84.20207
431,270.1,2018-09-12,2025-12-24,40.700909,"LIMA 3.0 SSE, OH US",0.9301,GHCND:US1OHAL0010,METERS,-84.096605
432,241.4,2020-10-31,2025-10-31,40.796819,"ELIDA 1.4 WNW, OH US",1.0,GHCND:US1OHAL0013,METERS,-84.222965
433,282.5,2021-11-26,2025-12-23,40.6560821,"LIMA 7.3 SE, OH US",0.8972,GHCND:US1OHAL0014,METERS,-84.0333732
434,332.5,2009-05-28,2018-03-01,40.930174,"ASHLAND 4.7 NNW, OH US",0.2917,GHCND:US1OHAS0001,METERS,-82.35048
435,360.0,2010-03-01,2025-12-24,40.8326,"ASHLAND 3.9 SW, OH US",0.8626,GHCND:US1OHAS0002,METERS,-82.3763
436,348.7,2015-03-01,2016-02-18,40.873789,"ASHLAND 1.0 WNW, OH US",0.998,GHCND:US1OHAS0004,METERS,-82.3338
437,336.8,2015-03-01,2023-08-24,41.042,"SULLIVAN 1.1 NNE, OH US",0.9993,GHCND:US1OHAS0005,METERS,-82.2126
438,302.4,2001-01-17,2025-11-26,40.669,"LOUDONVILLE 3.0 NW, OH US",0.9995,GHCND:US1OHAS0006,METERS,-82.269
439,352.3,2019-08-01,2025-12-21,40.866061,"POLK 5.5 S, OH US",0.839,GHCND:US1OHAS0007,METERS,-82.2003
440,339.5,2019-09-05,2025-12-23,41.0124,"NOVA 3.8 WSW, OH US",0.8063,GHCND:US1OHAS0008,METERS,-82.37353
441,379.2,2019-11-17,2025-12-23,40.974347,"POLK 2.0 N, OH US",0.9986,GHCND:US1OHAS0009,METERS,-82.214465
442,251.8,2009-02-01,2015-01-06,39.249897,"GUYSVILLE 4.3 SE, OH US",0.9995,GHCND:US1OHAT0002,METERS,-81.869444
443,274.9,2009-02-01,2025-12-23,39.37182,"STEWART 4.6 NNE, OH US",1.0,GHCND:US1OHAT0003,METERS,-81.86625
444,234.1,2009-05-01,2025-12-23,39.372215,"AMESVILLE 2.6 SE, OH US",0.9997,GHCND:US1OHAT0005,METERS,-81.923065
445,262.7,2009-05-01,2025-12-23,39.2728148,"ALBANY 4.1 NW, OH US",0.9997,GHCND:US1OHAT0006,METERS,-82.2430117
446,276.1,2009-06-01,2025-12-22,39.3091778,"NEW MARSHFIELD 1.6 SW, OH US",0.9999,GHCND:US1OHAT0007,METERS,-82.2327634
447,228.9,2009-06-01,2010-12-06,39.2851,"ATHENS 4.1 SW, OH US",0.8937,GHCND:US1OHAT0008,METERS,-82.1528
448,224.9,2009-07-01,2025-12-24,39.4676168,"GLOUSTER 3.6 SW, OH US",0.9998,GHCND:US1OHAT0009,METERS,-82.133563
449,229.8,2010-03-01,2010-07-19,39.460793,"NELSONVILLE 0.1 N, OH US",1.0,GHCND:US1OHAT0010,METERS,-82.225978
450,218.2,2010-08-01,2019-03-28,39.199841,"GUYSVILLE 6.5 SSW, OH US",0.9852,GHCND:US1OHAT0011,METERS,-81.960324
451,227.7,2010-10-01,2018-02-02,39.4067,"AMESVILLE 0.7 WNW, OH US",1.0,GHCND:US1OHAT0012,METERS,-81.9657
452,267.9,2010-10-01,2019-05-31,39.3195,"STEWART 1.4 NW, OH US",0.9999,GHCND:US1OHAT0013,METERS,-81.91516667
453,195.7,2011-09-01,2014-12-12,39.337606,"ATHENS 1.0 NNE, OH US",0.9996,GHCND:US1OHAT0014,METERS,-82.091273
454,289.3,2013-07-01,2025-12-23,39.29397,"ATHENS 2.3 SSE, OH US",0.9994,GHCND:US1OHAT0016,METERS,-82.079316
455,201.2,2017-03-07,2025-12-23,39.38182222,"CHAUNCEY 1.6 SE, OH US",0.7253,GHCND:US1OHAT0020,METERS,-82.107825
456,256.6,2017-07-16,2025-12-24,39.3099,"ATHENS 4.6 ESE, OH US",0.9999,GHCND:US1OHAT0021,METERS,-82.0128
457,235.3,2015-10-18,2025-11-19,39.36027778,"ATHENS 7.0 WNW, OH US",0.7551,GHCND:US1OHAT0022,METERS,-82.21944444
458,234.1,2018-07-17,2022-11-16,39.2302,"ALBANY 0.6 NW, OH US",0.8696,GHCND:US1OHAT0023,METERS,-82.20497
459,274.9,2019-04-08,2019-08-07,39.30564,"ATHENS 1.7 SW, OH US",1.0,GHCND:US1OHAT0024,METERS,-82.11781
460,210.0,2020-10-12,2024-11-13,39.460754,"NELSONVILLE 1.4 W, OH US",0.9378,GHCND:US1OHAT0026,METERS,-82.25243
461,200.6,2021-07-29,2023-10-20,39.302297,"ATHENS 3.5 WSW, OH US",0.9819,GHCND:US1OHAT0027,METERS,-82.154833
462,222.2,2021-07-01,2025-12-19,39.373184,"ATHENS 6.0 NW, OH US",0.9991,GHCND:US1OHAT0028,METERS,-82.189583
463,217.6,2024-04-18,2025-02-16,39.3631034,"THE PLAINS 0.4 ESE, OH US",0.7112,GHCND:US1OHAT0029,METERS,-82.126797
464,274.0,2009-01-01,2025-10-22,40.568,"WAPAKONETA 0.3 SW, OH US",0.874,GHCND:US1OHAZ0001,METERS,-84.1963
465,283.2,2009-07-01,2015-11-06,40.50908,"ST. MARYS 3.2 SW, OH US",0.7142,GHCND:US1OHAZ0002,METERS,-84.431916
466,275.8,2011-08-01,2013-01-14,40.492339,"NEW KNOXVILLE 0.2 SE, OH US",0.9961,GHCND:US1OHAZ0004,METERS,-84.316233
467,289.0,2011-12-01,2016-06-04,40.4226,"NEW BREMEN 1.1 SSW, OH US",0.8333,GHCND:US1OHAZ0007,METERS,-84.3864
468,313.0,2012-01-01,2015-10-01,40.5761,"WAYNESFIELD 3.6 ESE, OH US",0.5653,GHCND:US1OHAZ0008,METERS,-83.9149
469,281.9,2013-04-01,2015-01-05,40.5826009,"WAPAKONETA 1.2 NW, OH US",0.8619,GHCND:US1OHAZ0012,METERS,-84.207996
470,270.4,2017-03-06,2020-09-09,40.501916,"ST. MARYS 2.9 S, OH US",0.9416,GHCND:US1OHAZ0015,METERS,-84.392861
471,272.5,2019-06-08,2023-08-04,40.567807,"WAPAKONETA 0.9 E, OH US",0.9223,GHCND:US1OHAZ0018,METERS,-84.175446
472,283.2,2019-08-22,2025-10-22,40.450959,"NEW BREMEN 1.9 WNW, OH US",0.8083,GHCND:US1OHAZ0019,METERS,-84.411588
473,364.2,2018-11-18,2025-12-24,40.14675,"MOUNT PLEASANT 2.9 SW, OH US",0.485,GHCND:US1OHBL0006,METERS,-80.83986
474,285.9,2009-02-01,2010-01-26,39.026012,"MOUNT ORAB 0.3 SE, OH US",1.0,GHCND:US1OHBR0002,METERS,-83.918913
475,289.6,2011-03-01,2022-05-04,39.155,"FAYETTEVILLE 2.2 S, OH US",0.9993,GHCND:US1OHBR0004,METERS,-83.9324
476,277.7,2016-10-31,2020-06-02,39.185024,"FAYETTEVILLE 0.5 W, OH US",1.0,GHCND:US1OHBR0008,METERS,-83.942033
477,154.5,2015-05-27,2022-01-20,38.72683,"RIPLEY 0.9 SSE, OH US",0.375,GHCND:US1OHBR0009,METERS,-83.83405
478,310.3,2019-04-14,2023-05-08,38.904344,"RUSSELLVILLE 2.6 N, OH US",0.8271,GHCND:US1OHBR0012,METERS,-83.781189
479,284.7,2023-02-28,2025-12-24,38.87215,"GEORGETOWN 0.5 NE, OH US",0.9682,GHCND:US1OHBR0017,METERS,-83.89652
480,302.4,2023-03-18,2025-12-23,38.90481,"HAMERSVILLE 1.2 SE, OH US",0.999,GHCND:US1OHBR0018,METERS,-83.97214
481,213.1,2009-02-01,2025-12-23,39.3933,"HAMILTON 4.7 E, OH US",1.0,GHCND:US1OHBT0001,METERS,-84.477
482,227.1,2009-02-01,2009-12-18,39.38827,"BECKETT RIDGE 3.9 NW, OH US",0.998,GHCND:US1OHBT0002,METERS,-84.48621
483,267.0,2009-02-01,2009-07-15,39.33098,"WEST CHESTER 2.5 E, OH US",1.0,GHCND:US1OHBT0003,METERS,-84.36163
484,275.2,2009-06-01,2010-07-16,39.307331,"WEST CHESTER 2.9 SE, OH US",1.0,GHCND:US1OHBT0006,METERS,-84.362703
485,192.0,2009-06-01,2010-04-09,39.46897,"TRENTON 0.7 SE, OH US",0.9947,GHCND:US1OHBT0007,METERS,-84.454006
486,292.9,2009-08-01,2011-06-26,39.483745,"OXFORD 1.5 S, OH US",1.0,GHCND:US1OHBT0008,METERS,-84.74672
487,244.4,2011-04-01,2011-12-07,39.30186,"SHARONVILLE 1.6 NNE, OH US",0.9961,GHCND:US1OHBT0014,METERS,-84.394012
488,214.0,2013-05-01,2016-04-02,39.405492,"HAMILTON 1.5 NW, OH US",0.9994,GHCND:US1OHBT0017,METERS,-84.583514
489,296.6,2013-08-01,2019-07-27,39.5515,"SOMERVILLE 3.0 ESE, OH US",1.0,GHCND:US1OHBT0018,METERS,-84.584
490,175.0,2017-11-26,2025-05-17,39.334357,"FAIRFIELD 1.7 W, OH US",0.2278,GHCND:US1OHBT0021,METERS,-84.574672
491,197.2,2018-02-27,2025-12-24,39.4077,"HAMILTON 1.2 NNW, OH US",0.9444,GHCND:US1OHBT0022,METERS,-84.5712
492,253.0,2019-10-01,2022-09-22,39.396477,"MONROE 3.9 SSW, OH US",0.2601,GHCND:US1OHBT0031,METERS,-84.38339
493,221.9,2020-05-14,2025-12-24,39.5386733,"MIDDLETOWN 2.7 NNE, OH US",0.9986,GHCND:US1OHBT0034,METERS,-84.346471
494,200.3,2020-05-28,2025-01-14,39.367417,"HAMILTON 4.3 ESE, OH US",0.5836,GHCND:US1OHBT0035,METERS,-84.488571
495,260.0,2021-03-20,2025-12-19,39.326599,"BECKETT RIDGE 3.3 ESE, OH US",0.9136,GHCND:US1OHBT0037,METERS,-84.3797077
496,213.1,2021-06-08,2025-12-23,39.426251,"HAMILTON 5.3 ENE, OH US",0.9986,GHCND:US1OHBT0039,METERS,-84.476436
497,229.8,2023-03-24,2023-12-18,39.4059313,"MONROE 4.2 SW, OH US",1.0,GHCND:US1OHBT0045,METERS,-84.4078296
498,232.0,2023-03-21,2025-11-12,39.3771235120537,"BECKETT RIDGE 2.2 NNE, OH US",0.5352,GHCND:US1OHBT0046,METERS,-84.4250182352567
499,198.7,2023-03-25,2025-12-21,39.3252511,"OKEANA 1.7 SSE, OH US",0.7836,GHCND:US1OHBT0050,METERS,-84.7568311
500,391.4,2009-02-01,2019-09-07,40.915371,"SALEM 1.0 NNE, OH US",1.0,GHCND:US1OHCB0002,METERS,-80.845711
501,319.4,2010-03-01,2016-02-07,40.6707278,"WELLSVILLE 4.7 N, OH US",0.1666,GHCND:US1OHCB0004,METERS,-80.6564523
502,378.9,2016-03-24,2017-01-26,40.911987,"SALEM 0.8 NW, OH US",0.9925,GHCND:US1OHCB0006,METERS,-80.863835
503,361.5,2017-03-30,2025-12-24,40.756964,"HANOVERTON 0.4 ENE, OH US",0.9998,GHCND:US1OHCB0008,METERS,-80.929192
504,303.6,2019-11-12,2025-12-24,40.77232,"LISBON 0.4 SW, OH US",0.7409,GHCND:US1OHCB0010,METERS,-80.77513
505,325.5,2020-08-23,2025-12-24,40.664363,"WELLSVILLE 4.3 N, OH US",1.0,GHCND:US1OHCB0018,METERS,-80.642367
506,341.1,2021-09-13,2025-11-10,40.8872106,"COLUMBIANA 0.1 NNW, OH US",0.6776,GHCND:US1OHCB0022,METERS,-80.689418
507,345.6,2021-08-01,2025-11-27,40.88761,"COLUMBIANA 0.1 NNE, OH US",0.6225,GHCND:US1OHCB0023,METERS,-80.68777
508,363.0,2023-01-16,2025-12-24,40.852738,"LEETONIA 1.9 SSW, OH US",1.0,GHCND:US1OHCB0029,METERS,-80.775794
509,338.3,2023-03-23,2025-12-24,40.6307275,"WELLSVILLE 1.9 N, OH US",0.9633,GHCND:US1OHCB0031,METERS,-80.6596833
510,257.6,2010-07-01,2022-06-09,40.22007,"COSHOCTON 5.5 WSW, OH US",0.9996,GHCND:US1OHCC0001,METERS,-81.93651
511,295.7,2017-11-30,2025-12-24,40.358255,"FRESNO 2.2 NNE, OH US",0.9991,GHCND:US1OHCC0004,METERS,-81.719258
512,272.5,2024-04-27,2025-12-24,40.287824,"WARSAW 6.0 WSW, OH US",0.9819,GHCND:US1OHCC0008,METERS,-82.096124
513,335.0,2009-02-01,2014-10-21,40.1547924,"ST. PARIS 2.9 NE, OH US",0.8411,GHCND:US1OHCH0001,METERS,-83.9166896
514,323.7,2009-03-01,2014-06-25,40.0903,"URBANA 1.3 SSW, OH US",0.7344,GHCND:US1OHCH0002,METERS,-83.7576
515,359.1,2011-07-01,2014-10-31,40.0410722,"MECHANICSBURG 2.4 SSW, OH US",0.7491,GHCND:US1OHCH0004,METERS,-83.5681398
516,335.3,2011-11-01,2015-07-08,40.169438,"URBANA 4.2 N, OH US",0.6003,GHCND:US1OHCH0006,METERS,-83.747299
517,334.1,1998-06-17,2018-07-22,40.1655556261539,"WOODSTOCK 1.5 WSW, OH US",0.7366,GHCND:US1OHCH0007,METERS,-83.5536217689514
518,363.0,2014-05-01,2018-02-01,40.160165,"ST. PARIS 2.2 N, OH US",0.9987,GHCND:US1OHCH0008,METERS,-83.955034
519,389.2,2016-04-25,2018-05-31,40.096328,"MECHANICSBURG 3.2 WNW, OH US",0.643,GHCND:US1OHCH0010,METERS,-83.611261
520,345.6,2020-05-14,2020-11-30,40.07158217,"URBANA 2.7 SSE, OH US",0.998,GHCND:US1OHCH0013,METERS,-83.73426483
521,328.9,2020-07-29,2020-12-29,40.0412,"MECHANICSBURG 5.0 WSW, OH US",0.998,GHCND:US1OHCH0014,METERS,-83.6415
522,328.0,2020-10-17,2022-05-16,40.18166,"URBANA 6.7 NW, OH US",0.4557,GHCND:US1OHCH0015,METERS,-83.836143
523,338.9,2020-11-04,2025-11-30,40.157013,"ST PARIS 2.8 NE, OH US",0.674,GHCND:US1OHCH0017,METERS,-83.921723
524,322.2,2024-04-07,2025-12-24,40.107979,"URBANA 0.3 E, OH US",0.949,GHCND:US1OHCH0021,METERS,-83.745773
525,303.9,2009-01-01,2018-09-24,39.942034,"SPRINGFIELD 1.1 NNW, OH US",1.0,GHCND:US1OHCK0001,METERS,-83.805126
526,333.8,2011-08-01,2012-09-04,39.863295,"SOUTH CHARLESTON 3.0 NNW, OH US",0.998,GHCND:US1OHCK0003,METERS,-83.6723362
527,318.8,2013-01-01,2014-01-16,39.871768951416,"SPRINGFIELD 4.0 SSW, OH US",0.9992,GHCND:US1OHCK0005,METERS,-83.8183364868164
528,266.4,2013-09-01,2014-10-21,39.8630676269531,"FAIRBORN 4.3 NE, OH US",0.9288,GHCND:US1OHCK0007,METERS,-83.9591445922852
529,322.2,2013-11-01,2015-12-03,39.8805465698242,"SPRINGFIELD 3.5 SSE, OH US",1.0,GHCND:US1OHCK0009,METERS,-83.771598815918
530,319.1,2015-11-01,2018-06-28,39.976051,"SPRINGFIELD 3.5 NNE, OH US",1.0,GHCND:US1OHCK0011,METERS,-83.780134
531,292.6,2018-02-19,2025-12-24,39.85991,"SPRINGFIELD 7.4 SW, OH US",0.8433,GHCND:US1OHCK0013,METERS,-83.90446
532,289.0,2019-03-10,2025-01-03,39.890964,"SPRINGFIELD 7.0 WSW, OH US",0.5327,GHCND:US1OHCK0014,METERS,-83.91924
533,340.8,2021-05-23,2025-03-21,39.826403,"SOUTH CHARLESTON 0.3 ENE, OH US",0.9541,GHCND:US1OHCK0019,METERS,-83.639476
534,305.7,2021-05-21,2025-12-21,39.867079,"SPRINGFIELD 6.4 SW, OH US",0.9986,GHCND:US1OHCK0020,METERS,-83.888423
535,338.0,2022-05-21,2025-12-24,39.8774718,"SOUTH CHARLESTON 3.8 NNW, OH US",0.9995,GHCND:US1OHCK0024,METERS,-83.6620273
536,322.8,2024-05-08,2025-12-24,39.8562,"SOUTH CHARLESTON 3.5 NW, OH US",0.8389,GHCND:US1OHCK0028,METERS,-83.697
537,296.9,2024-05-31,2025-02-27,39.9374,"SPRINGFIELD 0.7 N, OH US",0.7949,GHCND:US1OHCK0029,METERS,-83.7969
538,255.1,2009-02-01,2025-12-23,39.2155,"LOVELAND 5.3 SE, OH US",0.4654,GHCND:US1OHCM0001,METERS,-84.21768
539,260.9,2009-02-01,2023-11-26,39.214178,"GOSHEN 1.2 SW, OH US",1.0,GHCND:US1OHCM0002,METERS,-84.171599
540,271.3,2011-02-01,2011-12-09,38.95626055,"BETHEL 4.4 W, OH US",1.0,GHCND:US1OHCM0005,METERS,-84.16614669
541,253.6,2013-08-01,2014-01-10,39.1036067157984,"SUMMERSIDE 2.1 SE, OH US",1.0,GHCND:US1OHCM0008,METERS,-84.2561050504446
542,276.8,2014-01-01,2021-10-09,38.930208,"BETHEL 3.8 SW, OH US",1.0,GHCND:US1OHCM0009,METERS,-84.14204
543,251.8,2014-04-01,2020-11-11,39.106,"BATAVIA 4.5 WNW, OH US",0.5829,GHCND:US1OHCM0010,METERS,-84.2565
544,263.3,2015-03-01,2016-11-29,39.110050201416,"CINCINNATI 12.3 E, OH US",1.0,GHCND:US1OHCM0011,METERS,-84.2830429077148
545,271.0,2016-05-07,2025-12-23,39.112726,"BATAVIA 3.3 NE, OH US",0.726,GHCND:US1OHCM0014,METERS,-84.138939
546,270.1,2019-06-20,2022-03-22,39.102171,"MOUNT CARMEL 0.5 NW, OH US",1.0,GHCND:US1OHCM0016,METERS,-84.305234
547,279.8,2020-04-28,2025-11-08,39.07155,"WITHAMSVILLE 1.4 NW, OH US",0.9797,GHCND:US1OHCM0018,METERS,-84.29
548,253.0,2020-10-16,2025-12-24,39.236784,"LOVELAND 2.1 S, OH US",0.9462,GHCND:US1OHCM0021,METERS,-84.2668
549,256.3,2021-05-01,2025-12-24,39.233048,"LOVELAND 3.1 SE, OH US",0.9392,GHCND:US1OHCM0025,METERS,-84.237336
550,275.8,2023-04-24,2025-12-20,39.042828,"WILLIAMSBURG 1.4 ESE, OH US",0.9663,GHCND:US1OHCM0031,METERS,-84.029041
551,262.1,2023-09-23,2025-11-13,39.1002973,"MOUNT CARMEL 0.5 WNW, OH US",0.6003,GHCND:US1OHCM0032,METERS,-84.3066885
552,261.2,2024-05-12,2025-12-23,39.22267,"LOVELAND 5.2 SE, OH US",0.8596,GHCND:US1OHCM0033,METERS,-84.19484
553,305.1,2009-02-01,2015-05-19,39.5411,"PORT WILLIAM 6.1 W, OH US",0.9993,GHCND:US1OHCN0001,METERS,-83.8992
554,313.3,2009-02-01,2016-02-01,39.430798,"WILMINGTON 1.2 SW, OH US",0.998,GHCND:US1OHCN0002,METERS,-83.845995
555,301.8,2009-03-01,2013-01-16,39.374667,"WILMINGTON 5.4 SSW, OH US",0.6797,GHCND:US1OHCN0004,METERS,-83.878833
556,324.3,2009-05-01,2010-05-17,39.325314,"MARTINSVILLE 2.0 E, OH US",0.998,GHCND:US1OHCN0005,METERS,-83.773486
557,310.6,2009-09-01,2025-12-23,39.442,"WILMINGTON 3.6 W, OH US",1.0,GHCND:US1OHCN0006,METERS,-83.8988
558,323.7,1999-01-01,2025-12-23,39.474519,"WILMINGTON 2.2 N, OH US",1.0,GHCND:US1OHCN0010,METERS,-83.836053
559,311.2,2010-05-01,2012-07-19,39.476964,"WILMINGTON 2.5 NNW, OH US",1.0,GHCND:US1OHCN0011,METERS,-83.846616
560,303.3,2015-06-01,2025-12-19,39.546075,"WILMINGTON 7.4 NNW, OH US",0.9993,GHCND:US1OHCN0014,METERS,-83.8728
561,298.7,2014-03-21,2025-12-23,39.436533,"WILMINGTON 3.6 W, OH US",0.9991,GHCND:US1OHCN0015,METERS,-83.898264
562,320.6,2015-01-01,2019-09-28,39.421571,"WILMINGTON 1.6 SSE, OH US",1.0,GHCND:US1OHCN0016,METERS,-83.822257
563,295.4,2018-05-31,2025-12-24,39.418378,"CLARKSVILLE 3.9 ENE, OH US",0.8495,GHCND:US1OHCN0017,METERS,-83.912683
564,302.7,2022-08-31,2025-12-23,39.265149,"MIDLAND 2.9 S, OH US",1.0,GHCND:US1OHCN0024,METERS,-83.920202
565,323.1,2009-02-01,2016-01-19,40.713761,"MINERVA 1.3 SE, OH US",1.0,GHCND:US1OHCR0001,METERS,-81.088238
566,351.7,2021-02-01,2025-12-14,40.5908757,"CARROLLTON 0.9 NNE, OH US",0.9994,GHCND:US1OHCR0005,METERS,-81.082711
567,321.6,2023-08-29,2025-12-24,40.6781,"CARROLLTON 7.2 NNE, OH US",0.9998,GHCND:US1OHCR0007,METERS,-81.0449
568,347.5,2009-04-01,2021-04-07,40.7302405,"GALION 1.1 W, OH US",0.6287,GHCND:US1OHCW0001,METERS,-82.811701
569,303.9,2009-02-01,2009-07-03,40.794884,"BUCYRUS 0.5 S, OH US",1.0,GHCND:US1OHCW0002,METERS,-82.974204
570,303.9,2009-02-01,2025-12-24,40.814553,"BUCYRUS 1.0 NW, OH US",1.0,GHCND:US1OHCW0003,METERS,-82.984848
571,310.0,2017-12-19,2024-08-01,40.820049,"BUCYRUS 1.3 NNE, OH US",0.129,GHCND:US1OHCW0005,METERS,-82.962826
572,305.7,2018-01-28,2025-12-24,40.9036,"BUCYRUS 8.7 NE, OH US",0.9898,GHCND:US1OHCW0006,METERS,-82.8745
573,318.2,2020-07-22,2022-12-08,40.7886,"BUCYRUS 1.9 ESE, OH US",0.7502,GHCND:US1OHCW0007,METERS,-82.9426
574,352.7,2024-05-01,2024-12-11,40.758089,"GALION 1.9 NNE, OH US",0.9925,GHCND:US1OHCW0010,METERS,-82.782543
575,222.8,2009-05-01,2009-12-28,41.456787,"FAIRVIEW PARK 1.4 NE, OH US",0.9939,GHCND:US1OHCY0001,METERS,-81.837342
576,209.7,2009-02-01,2009-08-05,41.4819,"LAKEWOOD 1.6 E, OH US",1.0,GHCND:US1OHCY0002,METERS,-81.7703
577,251.2,2010-07-01,2014-09-11,41.327641,"STRONGSVILLE 1.1 NNE, OH US",0.4508,GHCND:US1OHCY0003,METERS,-81.825351
578,256.9,2009-01-01,2016-08-05,41.564,"RICHMOND HEIGHTS 0.4 NNE, OH US",1.0,GHCND:US1OHCY0004,METERS,-81.5009
579,209.1,2009-03-01,2011-12-05,41.4643968,"WESTLAKE 0.7 N, OH US",1.0,GHCND:US1OHCY0006,METERS,-81.9294782
580,185.6,2009-04-01,2009-09-14,41.6287,"EUCLID 3.1 NE, OH US",0.998,GHCND:US1OHCY0007,METERS,-81.4902
581,359.7,2009-05-01,2016-07-14,41.333968,"BROADVIEW HEIGHTS 1.5 NW, OH US",0.772,GHCND:US1OHCY0008,METERS,-81.701589
582,326.1,2009-05-01,2018-12-18,41.43222,"CHAGRIN FALLS 0.7 E, OH US",0.4095,GHCND:US1OHCY0009,METERS,-81.37611
583,281.6,2009-12-01,2013-03-20,41.309268,"NORTH ROYALTON 0.3 SW, OH US",1.0,GHCND:US1OHCY0012,METERS,-81.748373
584,324.9,2010-04-01,2025-04-26,41.443,"MORELAND HILLS 0.6 W, OH US",0.5451,GHCND:US1OHCY0013,METERS,-81.443
585,231.0,2010-09-15,2021-06-20,41.452247,"CLEVELAND 7.0 SW, OH US",0.458,GHCND:US1OHCY0014,METERS,-81.814757
586,335.3,2010-07-01,2024-10-26,41.367664,"PARMA 1.8 SE, OH US",1.0,GHCND:US1OHCY0016,METERS,-81.701823
587,276.1,2014-05-01,2022-11-12,41.47421,"SHAKER HEIGHTS 1.3 E, OH US",0.736,GHCND:US1OHCY0019,METERS,-81.52303
588,246.3,2011-11-01,2022-06-04,41.290945,"BRECKSVILLE 1.7 SE, OH US",0.7548,GHCND:US1OHCY0021,METERS,-81.594754
589,279.8,2012-02-01,2015-12-29,41.555168,"MAYFIELD 0.2 NW, OH US",0.8893,GHCND:US1OHCY0023,METERS,-81.43863
590,254.8,2012-08-01,2025-12-24,41.408813,"PARMA 1.9 NNW, OH US",1.0,GHCND:US1OHCY0024,METERS,-81.744789
591,272.2,2012-08-01,2017-06-21,41.4179458618164,"MAPLE HEIGHTS 0.9 NW, OH US",1.0,GHCND:US1OHCY0027,METERS,-81.5741119384766
592,325.8,2013-04-01,2020-08-06,41.491486,"PEPPER PIKE 1.0 NNE, OH US",1.0,GHCND:US1OHCY0028,METERS,-81.450599
593,303.3,2015-01-01,2016-04-02,41.50073,"UNIVERSITY HEIGHTS 1.0 WNW, OH US",1.0,GHCND:US1OHCY0034,METERS,-81.552556
594,274.9,2015-06-01,2018-11-05,41.4217338562012,"GARFIELD HEIGHTS 0.6 ENE, OH US",0.7984,GHCND:US1OHCY0036,METERS,-81.5925521850586
595,242.3,2016-01-02,2024-06-06,41.374201,"BEREA 1.1 ENE, OH US",0.1569,GHCND:US1OHCY0038,METERS,-81.842516
596,217.9,2016-03-09,2024-09-20,41.447954,"WESTLAKE 0.5 SSW, OH US",0.9995,GHCND:US1OHCY0039,METERS,-81.932602
597,225.2,2016-07-17,2025-12-21,41.466669,"LAKEWOOD 1.3 SSW, OH US",0.9993,GHCND:US1OHCY0041,METERS,-81.811167
598,302.7,2017-04-20,2025-12-23,41.29815,"STRONGSVILLE 1.3 SE, OH US",0.9423,GHCND:US1OHCY0042,METERS,-81.81507
599,323.1,2017-10-22,2020-04-10,41.5227,"LYNDHURST 0.8 NE, OH US",1.0,GHCND:US1OHCY0043,METERS,-81.47958
600,237.7,2017-10-16,2019-11-08,41.39234,"BROOK PARK 0.7 SW, OH US",0.5411,GHCND:US1OHCY0044,METERS,-81.83457
601,182.3,2018-05-22,2025-12-22,41.57964,"CLEVELAND 9.2 NE, OH US",0.5184,GHCND:US1OHCY0047,METERS,-81.55116
602,316.1,2018-06-18,2025-12-23,41.44729,"HIGHLAND HILLS 0.8 W, OH US",0.9991,GHCND:US1OHCY0048,METERS,-81.53368
603,307.2,2019-07-11,2025-11-08,41.481768,"CHAGRIN FALLS 3.9 NNW, OH US",0.6157,GHCND:US1OHCY0052,METERS,-81.422176
604,237.1,2020-03-08,2025-11-28,41.382139,"BEREA 1.1 NW, OH US",0.9603,GHCND:US1OHCY0053,METERS,-81.875795
605,280.7,2020-07-01,2023-08-29,41.388117,"SEVEN HILLS 0.6 NNE, OH US",1.0,GHCND:US1OHCY0054,METERS,-81.670986
606,295.0,2020-11-30,2025-12-22,41.523588,"SOUTH EUCLID 0.2 ESE, OH US",0.5235,GHCND:US1OHCY0058,METERS,-81.521918
607,289.9,2021-02-15,2022-03-27,41.4746413589614,"SHAKER HEIGHTS 1.5 W, OH US",0.8645,GHCND:US1OHCY0062,METERS,-81.576927403011
608,223.7,2021-05-17,2023-08-24,41.450756,"ROCKY RIVER 1.6 SSW, OH US",0.7992,GHCND:US1OHCY0064,METERS,-81.863544
609,193.9,2022-07-17,2025-11-10,41.48523,"BAY VILLAGE 0.7 ESE, OH US",0.629,GHCND:US1OHCY0067,METERS,-81.91716
610,193.9,2023-04-01,2025-12-24,41.48973,"LAKEWOOD 0.7 NW, OH US",0.8117,GHCND:US1OHCY0073,METERS,-81.81326
611,189.9,2023-07-28,2025-11-10,41.616597,"EUCLID 2.2 NE, OH US",0.6822,GHCND:US1OHCY0075,METERS,-81.493063
612,212.1,2009-02-01,2017-12-23,41.281169,"DEFIANCE 0.9 E, OH US",1.0,GHCND:US1OHDF0001,METERS,-84.345375
613,217.3,2013-06-01,2025-11-06,41.383589,"DEFIANCE 9.4 NE, OH US",0.7646,GHCND:US1OHDF0006,METERS,-84.242301
614,211.8,2020-09-28,2021-10-16,41.28144,"DEFIANCE 0.5 E, OH US",1.0,GHCND:US1OHDF0008,METERS,-84.35193
615,274.6,2009-03-01,2015-05-21,40.178973,"WESTERVILLE 4.0 N, OH US",0.5866,GHCND:US1OHDL0002,METERS,-82.925594
616,295.0,2009-03-01,2012-02-20,40.349177,"DELAWARE 3.7 NNW, OH US",0.9165,GHCND:US1OHDL0003,METERS,-83.10642
617,280.4,2013-05-10,2017-08-04,40.15471,"WESTERVILLE 2.3 N, OH US",0.104,GHCND:US1OHDL0007,METERS,-82.921452
618,294.1,2014-07-01,2018-08-06,40.16415,"DUBLIN 3.7 NNW, OH US",1.0,GHCND:US1OHDL0008,METERS,-83.168696
619,332.2,2002-02-01,2025-12-24,40.200143,"SUNBURY 5.7 ESE, OH US",1.0,GHCND:US1OHDL0010,METERS,-82.773205
620,282.2,2015-03-01,2025-12-24,40.196727,"LEWIS CENTER 1.4 E, OH US",0.9967,GHCND:US1OHDL0012,METERS,-82.983531
621,290.2,2015-06-01,2025-12-11,40.2337074279785,"GALENA 3.0 WNW, OH US",0.9986,GHCND:US1OHDL0013,METERS,-82.9362335205078
622,286.8,2017-03-28,2018-05-22,40.237212,"GALENA 3.9 WNW, OH US",0.8534,GHCND:US1OHDL0017,METERS,-82.952871
623,289.6,2018-06-25,2025-12-24,40.17032,"WESTERVILLE 3.4 N, OH US",0.8953,GHCND:US1OHDL0022,METERS,-82.92209
624,280.1,2021-01-01,2025-12-23,40.17194444,"POWELL 0.9 NNW, OH US",1.0,GHCND:US1OHDL0032,METERS,-83.07527778
625,331.9,2012-08-31,2022-11-12,40.318583,"SUNBURY 5.4 NNE, OH US",0.6308,GHCND:US1OHDL0033,METERS,-82.828473
626,340.8,2021-05-19,2025-12-23,40.126503,"NEW ALBANY 4.0 NE, OH US",0.9998,GHCND:US1OHDL0035,METERS,-82.762878
627,283.2,2021-06-07,2025-12-24,40.38126,"MAGNETIC SPRINGS 2.1 NNE, OH US",1.0,GHCND:US1OHDL0036,METERS,-83.24833
628,289.6,2022-03-19,2025-12-23,40.28255,"SUNBURY 4.8 WNW, OH US",0.954,GHCND:US1OHDL0037,METERS,-82.942245
629,281.3,2023-03-01,2024-04-12,40.219083,"LEWIS CENTER 1.8 NW, OH US",0.4267,GHCND:US1OHDL0038,METERS,-83.03075
630,285.9,2022-08-01,2025-12-24,40.223769,"POWELL 5.3 NW, OH US",0.95,GHCND:US1OHDL0039,METERS,-83.123589
631,287.7,2022-08-21,2023-12-14,40.1447066,"WESTERVILLE 1.7 NNE, OH US",0.9898,GHCND:US1OHDL0042,METERS,-82.9064527
632,278.6,2023-07-19,2025-11-26,40.40083,"RADNOR 2.8 WNW, OH US",0.8248,GHCND:US1OHDL0044,METERS,-83.197825
633,277.1,2024-03-29,2025-12-24,40.305274,"DELAWARE 0.7 NE, OH US",0.9996,GHCND:US1OHDL0047,METERS,-83.071115
634,303.9,2009-02-01,2025-12-19,40.15262,"BRADFORD 2.3 NW, OH US",1.0,GHCND:US1OHDR0001,METERS,-84.46127
635,304.8,2013-04-01,2025-12-23,40.2180595397949,"VERSAILLES 1.6 WSW, OH US",0.9998,GHCND:US1OHDR0007,METERS,-84.5138778686523
636,315.5,2013-04-01,2020-12-14,39.9463,"POTSDAM 2.6 WSW, OH US",0.9998,GHCND:US1OHDR0008,METERS,-84.4537
637,314.2,2013-06-01,2025-11-09,40.1670849,"GREENVILLE 4.5 N, OH US",0.7738,GHCND:US1OHDR0009,METERS,-84.6371484
638,307.8,2013-04-01,2025-12-19,40.096,"GREENVILLE 5.6 E, OH US",0.6943,GHCND:US1OHDR0011,METERS,-84.52
639,314.6,2013-04-01,2014-11-07,40.2992782592773,"ROSSBURG 1.6 NE, OH US",0.8497,GHCND:US1OHDR0012,METERS,-84.6207580566406
640,321.9,2014-05-01,2025-12-19,40.277741,"ROSSBURG 3.0 E, OH US",0.825,GHCND:US1OHDR0013,METERS,-84.580482
641,317.6,2013-05-01,2025-12-24,40.2696418762207,"ROSSBURG 3.0 WSW, OH US",1.0,GHCND:US1OHDR0016,METERS,-84.6928100585938
642,310.0,2013-05-01,2021-10-22,39.9935035705566,"PITSBURG 1.4 ENE, OH US",0.9994,GHCND:US1OHDR0017,METERS,-84.4629287719727
643,325.8,2013-05-01,2025-12-24,39.9493789672852,"ARCANUM 3.2 SSW, OH US",0.9708,GHCND:US1OHDR0018,METERS,-84.5795593261719
644,317.0,2013-06-01,2025-12-23,40.173805,"GREENVILLE 5.3 N, OH US",0.9411,GHCND:US1OHDR0019,METERS,-84.637075
645,334.1,2017-07-01,2021-06-04,39.989078,"ARCANUM 3.5 W, OH US",0.1589,GHCND:US1OHDR0023,METERS,-84.618955
646,335.3,2018-06-14,2020-04-09,39.980486,"NEW MADISON 1.0 NNE, OH US",0.9925,GHCND:US1OHDR0024,METERS,-84.698894
647,305.4,2018-10-29,2025-12-24,40.21836667,"VERSAILLES 1.6 WSW, OH US",0.8072,GHCND:US1OHDR0025,METERS,-84.5133
648,327.4,2019-04-01,2025-11-11,40.12493,"GREENVILLE 1.6 NNW, OH US",0.6171,GHCND:US1OHDR0026,METERS,-84.63102
649,309.7,2019-07-31,2025-12-24,40.02254,"ARCANUM 4.1 ENE, OH US",0.9993,GHCND:US1OHDR0029,METERS,-84.48868
650,310.6,2019-12-28,2025-12-24,40.0275,"ARCANUM 4.0 NE, OH US",1.0,GHCND:US1OHDR0031,METERS,-84.4936
651,309.4,2020-05-28,2022-11-28,40.30375,"YORKSHIRE 1.6 SSW, OH US",0.9668,GHCND:US1OHDR0033,METERS,-84.504444
652,310.9,2020-06-10,2025-08-01,40.20179,"ANSONIA 2.8 WSW, OH US",0.9925,GHCND:US1OHDR0034,METERS,-84.68559
653,315.8,2020-12-15,2025-12-22,39.961648,"PITSBURG 1.7 S, OH US",0.9744,GHCND:US1OHDR0035,METERS,-84.489417
654,336.5,2022-06-02,2025-10-19,39.9628867,"NEW MADISON 0.5 SW, OH US",0.3336,GHCND:US1OHDR0036,METERS,-84.713728
655,209.1,2009-02-01,2023-10-14,41.303651,"MILAN 3.2 ENE, OH US",0.733,GHCND:US1OHER0002,METERS,-82.542911
656,221.0,2009-02-01,2010-07-24,41.2952,"BELLEVUE 1.9 NE, OH US",0.998,GHCND:US1OHER0003,METERS,-82.8156
657,215.2,2010-05-01,2025-12-21,41.398775,"CASTALIA 0.9 ESE, OH US",0.3948,GHCND:US1OHER0004,METERS,-82.792459
658,244.4,1998-06-01,2025-12-24,41.31902389,"WAKEMAN 4.6 NNE, OH US",0.7994,GHCND:US1OHER0005,METERS,-82.37726793
659,183.8,2012-03-01,2025-10-31,41.41236,"VERMILION 3.1 W, OH US",0.8473,GHCND:US1OHER0006,METERS,-82.377464
660,191.4,2012-01-01,2017-10-24,41.377262,"SANDUSKY 7.2 SE, OH US",0.9218,GHCND:US1OHER0007,METERS,-82.62429
661,184.4,2012-03-01,2025-12-24,41.422911,"CASTALIA 1.8 NNE, OH US",0.9996,GHCND:US1OHER0008,METERS,-82.790466
662,190.2,2012-03-01,2022-07-07,41.401467,"SANDUSKY 3.8 SSW, OH US",0.7332,GHCND:US1OHER0010,METERS,-82.72902
663,237.7,2012-03-01,2025-12-23,41.32624,"BERLIN HEIGHTS 0.4 N, OH US",0.9996,GHCND:US1OHER0011,METERS,-82.49196
664,180.7,2012-03-01,2021-11-12,41.4262,"SANDUSKY 2.3 SSE, OH US",0.7554,GHCND:US1OHER0012,METERS,-82.6961
665,207.3,2012-04-01,2022-11-09,41.3579978942871,"SANDUSKY 6.8 S, OH US",0.7501,GHCND:US1OHER0013,METERS,-82.7260513305664
666,19.5,2012-01-01,2025-01-28,41.2911491394043,"MILAN 0.4 ENE, OH US",0.9806,GHCND:US1OHER0014,METERS,-82.5934371948242
667,211.8,2012-03-01,2025-11-26,41.357532,"CASTALIA 3.1 SSE, OH US",0.7344,GHCND:US1OHER0015,METERS,-82.794869
668,177.4,2012-05-01,2013-07-27,41.4366226196289,"SANDUSKY 1.9 SE, OH US",1.0,GHCND:US1OHER0016,METERS,-82.6876678466797
669,182.6,2012-03-01,2020-02-17,41.3936386108398,"HURON 0.2 SW, OH US",0.9996,GHCND:US1OHER0017,METERS,-82.5649795532227
670,186.5,2012-03-01,2025-12-24,41.362132,"HURON 2.5 SSW, OH US",0.9996,GHCND:US1OHER0018,METERS,-82.57453
671,179.5,2012-04-01,2014-06-30,41.4202737,"HURON 4.1 WNW, OH US",0.6303,GHCND:US1OHER0019,METERS,-82.6340532
672,213.7,2012-04-01,2025-11-14,41.28789,"MONROEVILLE 3.1 N, OH US",0.7501,GHCND:US1OHER0020,METERS,-82.691345
673,181.4,2012-04-01,2020-10-25,41.3794898986816,"HURON 2.0 SE, OH US",1.0,GHCND:US1OHER0022,METERS,-82.5317230224609
674,199.9,2012-05-01,2025-11-09,41.2999229431152,"MILAN 1.2 NE, OH US",0.7326,GHCND:US1OHER0024,METERS,-82.583610534668
675,183.8,2013-04-01,2013-08-29,41.42635,"SANDUSKY 5.3 WSW, OH US",1.0,GHCND:US1OHER0027,METERS,-82.809881
676,183.5,2013-04-01,2019-11-15,41.3797225803137,"HURON 3.1 ESE, OH US",0.7776,GHCND:US1OHER0029,METERS,-82.5070278346539
677,223.4,2015-08-18,2025-11-08,41.295162,"BELLEVUE 1.9 NE, OH US",0.3643,GHCND:US1OHER0041,METERS,-82.81562
678,189.3,2016-05-29,2016-11-19,41.60501,"KELLEYS ISLAND 0.7 WNW, OH US",1.0,GHCND:US1OHER0042,METERS,-82.71889
679,182.3,2017-07-10,2025-11-24,41.428651,"SANDUSKY 2.1 SSE, OH US",0.135,GHCND:US1OHER0043,METERS,-82.694812
680,199.3,2018-04-25,2025-11-10,41.309273,"MILAN 1.9 NE, OH US",0.4062,GHCND:US1OHER0044,METERS,-82.578014
681,216.7,2018-06-13,2022-04-03,41.30701,"MONROEVILLE 4.4 N, OH US",0.1812,GHCND:US1OHER0045,METERS,-82.70242
682,223.4,2021-03-18,2025-12-23,41.3603165,"VERMILION 6.1 SW, OH US",1.0,GHCND:US1OHER0048,METERS,-82.4126644
683,184.1,2021-05-14,2025-12-24,41.377528,"HURON 3.1 ESE, OH US",0.7776,GHCND:US1OHER0049,METERS,-82.508066
684,179.2,2023-08-31,2025-11-04,41.408257,"HURON 1.3 NW, OH US",0.6939,GHCND:US1OHER0050,METERS,-82.581059
685,184.1,2023-09-01,2025-11-10,41.39097,"SANDUSKY 5.0 SSE, OH US",1.0,GHCND:US1OHER0051,METERS,-82.6726
686,184.1,2023-09-06,2024-02-22,41.4062347,"SANDUSKY 3.7 SSE, OH US",0.998,GHCND:US1OHER0052,METERS,-82.687027
687,171.0,2023-09-12,2025-12-24,41.456224,"SANDUSKY 3.2 E, OH US",0.8599,GHCND:US1OHER0053,METERS,-82.653223
688,188.7,2023-09-18,2024-10-07,41.3969,"SANDUSKY 4.6 SSW, OH US",0.8982,GHCND:US1OHER0055,METERS,-82.755
689,178.9,2023-09-28,2025-12-12,41.39838,"VERMILION 5.7 W, OH US",0.7639,GHCND:US1OHER0056,METERS,-82.42716
690,175.9,2023-10-17,2024-11-22,41.4579197,"SANDUSKY 0.6 ENE, OH US",0.7047,GHCND:US1OHER0057,METERS,-82.702491
691,175.6,2023-10-12,2025-10-18,41.456072,"SANDUSKY 3.2 E, OH US",0.5122,GHCND:US1OHER0059,METERS,-82.653536
692,244.1,2009-02-01,2011-01-10,39.667976,"LANCASTER 4.2 SSE, OH US",1.0,GHCND:US1OHFF0001,METERS,-82.563577
693,303.9,2009-12-01,2022-03-04,39.92629,"PICKERINGTON 2.7 NNE, OH US",1.0,GHCND:US1OHFF0005,METERS,-82.7469
694,276.1,2012-03-01,2014-07-24,39.74990833,"LANCASTER 2.8 NE, OH US",0.6205,GHCND:US1OHFF0008,METERS,-82.56181111
695,281.6,2013-08-01,2016-12-17,39.884741,"BALTIMORE 3.3 NW, OH US",1.0,GHCND:US1OHFF0009,METERS,-82.643082
696,256.6,2015-01-01,2015-07-08,39.8895,"PICKERINGTON 0.1 SSE, OH US",1.0,GHCND:US1OHFF0010,METERS,-82.768
697,327.1,2018-11-07,2025-09-23,39.709361,"LANCASTER 7.2 W, OH US",0.9989,GHCND:US1OHFF0014,METERS,-82.732687
698,284.1,2019-10-21,2025-12-24,39.930319,"PICKERINGTON 2.8 N, OH US",0.5454,GHCND:US1OHFF0018,METERS,-82.774687
699,269.7,2020-07-01,2025-10-01,39.74148,"LANCASTER 1.6 NE, OH US",0.3809,GHCND:US1OHFF0020,METERS,-82.582028
700,272.5,2020-07-23,2022-11-08,39.865491,"BALTIMORE 3.7 WNW, OH US",0.6542,GHCND:US1OHFF0023,METERS,-82.673056
701,239.0,2020-07-16,2025-12-24,39.859127,"CANAL WINCHESTER 1.7 ENE, OH US",1.0,GHCND:US1OHFF0024,METERS,-82.793037
702,247.8,2020-07-20,2025-12-24,39.861897,"PICKERINGTON 2.1 SSE, OH US",0.8548,GHCND:US1OHFF0025,METERS,-82.755255
703,295.4,2020-07-26,2025-12-24,39.915025,"PICKERINGTON 3.5 ENE, OH US",1.0,GHCND:US1OHFF0026,METERS,-82.710331
704,263.7,2020-07-23,2022-03-31,39.8431,"CARROLL 3.0 N, OH US",0.2658,GHCND:US1OHFF0027,METERS,-82.7068
705,285.9,2020-08-01,2023-08-16,39.733657,"LANCASTER 5.7 E, OH US",0.5661,GHCND:US1OHFF0028,METERS,-82.493151
706,274.9,2020-08-30,2025-12-24,39.92527,"PICKERINGTON 2.4 N, OH US",1.0,GHCND:US1OHFF0029,METERS,-82.767385
707,286.8,2021-03-13,2025-12-23,39.80039,"PLEASANTVILLE 2.9 WSW, OH US",0.9136,GHCND:US1OHFF0030,METERS,-82.57698
708,267.0,2021-03-15,2025-11-17,39.92279,"PICKERINGTON 2.3 NNW, OH US",0.6334,GHCND:US1OHFF0031,METERS,-82.777831
709,281.6,2021-05-12,2021-11-18,39.752894,"LANCASTER 5.6 WNW, OH US",0.9898,GHCND:US1OHFF0032,METERS,-82.696556
710,269.1,2021-04-27,2023-11-09,39.801814,"LITHOPOLIS 0.5 WSW, OH US",0.4358,GHCND:US1OHFF0033,METERS,-82.818942
711,280.1,2021-05-07,2022-03-11,39.711588,"LANCASTER 5.5 E, OH US",0.8271,GHCND:US1OHFF0034,METERS,-82.495937
712,257.9,2021-05-07,2022-04-19,39.733872,"LANCASTER 1.1 NW, OH US",0.998,GHCND:US1OHFF0035,METERS,-82.612651
713,336.2,2021-05-09,2022-11-12,39.737325,"LANCASTER 8.2 W, OH US",0.5515,GHCND:US1OHFF0036,METERS,-82.751887
714,316.4,2021-05-14,2025-11-27,39.7593397,"LANCASTER 8.8 WNW, OH US",0.6631,GHCND:US1OHFF0037,METERS,-82.7575323
715,272.8,2021-06-24,2025-11-26,39.899283,"MILLERSPORT 1.4 E, OH US",0.6747,GHCND:US1OHFF0039,METERS,-82.516267
716,325.2,2019-06-03,2025-10-20,39.8325,"THORNVILLE 4.4 S, OH US",0.8036,GHCND:US1OHFF0040,METERS,-82.42889
717,254.8,2021-10-24,2022-09-04,39.715975,"LANCASTER 1.0 ESE, OH US",1.0,GHCND:US1OHFF0042,METERS,-82.581966
718,254.2,2022-03-19,2025-12-24,39.8104311,"CARROLL 1.9 WNW, OH US",0.9991,GHCND:US1OHFF0043,METERS,-82.7355318
719,315.2,2022-04-01,2025-11-24,39.7667069,"LANCASTER 3.1 N, OH US",0.5689,GHCND:US1OHFF0044,METERS,-82.6090159
720,278.3,2022-05-07,2025-11-13,39.917605,"THORNVILLE 3.4 WNW, OH US",0.9819,GHCND:US1OHFF0045,METERS,-82.476689
721,328.3,2022-04-26,2025-11-27,39.575357,"AMANDA 5.3 SSW, OH US",0.5617,GHCND:US1OHFF0046,METERS,-82.767447
722,278.3,2022-04-27,2025-11-10,39.8762321,"BALTIMORE 2.3 NNE, OH US",0.6492,GHCND:US1OHFF0047,METERS,-82.5873341
723,326.4,2022-11-11,2025-11-26,39.649454,"AMANDA 3.4 W, OH US",0.2374,GHCND:US1OHFF0049,METERS,-82.80653
724,326.1,2023-08-22,2025-11-09,39.7388,"LANCASTER 7.2 W, OH US",0.5716,GHCND:US1OHFF0055,METERS,-82.7334
725,295.0,2024-08-13,2025-12-24,39.7333333333,"BREMEN 1.9 N, OH US",0.8417,GHCND:US1OHFF0056,METERS,-82.4291666667
726,234.1,2011-04-01,2013-12-25,41.551501,"WAUSEON 0.2 SE, OH US",0.9984,GHCND:US1OHFL0002,METERS,-84.138747
727,208.5,2014-10-01,2015-06-12,41.521185,"DELTA 4.2 SSE, OH US",0.998,GHCND:US1OHFL0006,METERS,-83.96381
728,220.4,2015-05-28,2025-11-26,41.62249,"FAYETTE 4.3 ESE, OH US",0.292,GHCND:US1OHFL0009,METERS,-84.24973
729,228.3,2018-01-31,2025-12-23,41.528128,"WAUSEON 1.8 S, OH US",0.2188,GHCND:US1OHFL0012,METERS,-84.143807
730,207.0,2019-06-24,2025-12-24,41.527215,"SWANTON 4.0 S, OH US",0.9993,GHCND:US1OHFL0013,METERS,-83.906657
731,206.0,2020-05-14,2021-12-31,41.565223,"SWANTON 1.3 SSW, OH US",0.9988,GHCND:US1OHFL0015,METERS,-83.899695
732,218.5,2020-05-10,2025-12-24,41.567792,"ARCHBOLD 4.7 NW, OH US",1.0,GHCND:US1OHFL0016,METERS,-84.361074
733,233.5,2020-07-11,2022-09-12,41.529006,"WAUSEON 2.4 SW, OH US",0.1474,GHCND:US1OHFL0017,METERS,-84.173812
734,256.0,2009-01-01,2015-06-30,40.027882,"UPPER ARLINGTON 0.9 E, OH US",1.0,GHCND:US1OHFR0001,METERS,-83.054333
735,273.1,2009-01-01,2025-12-23,40.1299,"DUBLIN 3.2 ENE, OH US",1.0,GHCND:US1OHFR0002,METERS,-83.0742
736,234.1,2009-02-01,2025-12-23,39.980958,"GRANDVIEW HEIGHTS 0.1 N, OH US",1.0,GHCND:US1OHFR0003,METERS,-83.040056
737,247.5,2009-06-01,2009-12-27,40.011192,"UPPER ARLINGTON 1.3 SSW, OH US",0.9956,GHCND:US1OHFR0007,METERS,-83.083161
738,314.6,2009-03-01,2025-12-24,40.04029,"NEW ALBANY 2.8 SSE, OH US",1.0,GHCND:US1OHFR0008,METERS,-82.798033
739,270.1,2009-04-01,2020-12-24,40.12261,"WESTERVILLE 0.2 WNW, OH US",0.9996,GHCND:US1OHFR0010,METERS,-82.92132
740,267.9,2009-04-01,2010-08-05,40.0604,"UPPER ARLINGTON 2.4 NNW, OH US",0.7051,GHCND:US1OHFR0012,METERS,-83.0815
741,271.9,2009-12-01,2011-01-21,40.092263,"DUBLIN 3.7 ESE, OH US",0.998,GHCND:US1OHFR0016,METERS,-83.072494
742,229.2,2010-04-01,2011-06-05,39.997665,"COLUMBUS 2.4 WNW, OH US",0.9345,GHCND:US1OHFR0018,METERS,-83.03227
743,253.9,2010-06-01,2012-08-10,40.028731,"COLUMBUS 3.5 NE, OH US",0.5548,GHCND:US1OHFR0020,METERS,-82.94766
744,237.7,2010-09-01,2013-11-11,39.9930678,"MARBLE CLIFF 1.1 WNW, OH US",1.0,GHCND:US1OHFR0021,METERS,-83.0786431
745,282.2,2010-10-01,2017-06-26,39.95613,"GALLOWAY 3.1 N, OH US",0.9545,GHCND:US1OHFR0022,METERS,-83.15918
746,290.2,2011-01-01,2025-11-09,39.837836,"HARRISBURG 3.7 WNW, OH US",0.9844,GHCND:US1OHFR0023,METERS,-83.2321
747,,2011-03-01,2014-08-18,40.092491,"COLUMBUS 9.3 NNE, OH US",0.9987,GHCND:US1OHFR0024,,-82.958236
748,235.0,2011-03-01,2011-06-25,39.980412,"COLUMBUS 2.8 WSW, OH US",1.0,GHCND:US1OHFR0025,METERS,-83.039689
749,287.7,2012-07-01,2022-08-21,40.03444,"HILLIARD 1.8 W, OH US",0.9109,GHCND:US1OHFR0030,METERS,-83.17678
750,247.5,2013-04-01,2025-04-11,40.019149,"COLUMBUS 3.6 NW, OH US",0.5832,GHCND:US1OHFR0034,METERS,-83.04369
751,265.8,2013-08-01,2016-04-01,39.95881,"REYNOLDSBURG 1.6 W, OH US",0.9819,GHCND:US1OHFR0037,METERS,-82.829361
752,246.9,2014-04-01,2015-12-21,40.014254,"COLUMBUS 3.4 WNW, OH US",0.3329,GHCND:US1OHFR0039,METERS,-83.043385
753,301.1,2016-04-11,2020-04-18,40.041505,"GAHANNA 2.9 ENE, OH US",0.6542,GHCND:US1OHFR0045,METERS,-82.824711
754,291.1,2016-06-01,2025-12-23,40.063869,"COLUMBUS 8.2 NE, OH US",0.921,GHCND:US1OHFR0046,METERS,-82.867308
755,232.3,2016-08-28,2016-12-05,39.994647,"COLUMBUS 1.4 WNW, OH US",1.0,GHCND:US1OHFR0048,METERS,-83.013145
756,244.1,2017-07-01,2025-12-23,40.021001,"COLUMBUS 3.7 NW, OH US",0.826,GHCND:US1OHFR0051,METERS,-83.042667
757,257.9,2017-02-01,2018-10-29,40.030808,"COLUMBUS 7.5 NW, OH US",0.1981,GHCND:US1OHFR0052,METERS,-83.107094
758,267.3,2012-06-22,2025-12-22,40.046323,"COLUMBUS 5.4 NW, OH US",0.5097,GHCND:US1OHFR0058,METERS,-83.05594
759,283.8,2017-07-18,2025-12-24,39.975979,"NEW ROME 2.2 NW, OH US",0.9461,GHCND:US1OHFR0059,METERS,-83.16671
760,264.0,2018-05-07,2025-12-24,40.059612,"COLUMBUS 5.0 NNW, OH US",0.9319,GHCND:US1OHFR0075,METERS,-83.009931
761,281.3,2018-07-02,2020-08-24,40.045163,"HILLIARD 0.7 NW, OH US",0.7911,GHCND:US1OHFR0081,METERS,-83.150931
762,273.4,2018-08-24,2025-12-24,40.13056183,"WESTERVILLE 0.7 N, OH US",0.9993,GHCND:US1OHFR0083,METERS,-82.91999817
763,231.3,2018-09-17,2024-07-18,40.09756,"WORTHINGTON 0.7 W, OH US",0.8119,GHCND:US1OHFR0084,METERS,-83.03331
764,271.9,2018-09-22,2023-05-14,40.068258,"DUBLIN 3.5 S, OH US",0.9819,GHCND:US1OHFR0085,METERS,-83.137898
765,297.5,2019-03-01,2022-07-25,40.09415,"WESTERVILLE 4.3 ESE, OH US",0.9986,GHCND:US1OHFR0087,METERS,-82.84499
766,262.7,2019-06-25,2020-11-29,40.03568,"COLUMBUS 3.3 NNW, OH US",0.5802,GHCND:US1OHFR0091,METERS,-83.00339
767,275.2,2019-05-28,2020-12-11,40.121982,"DUBLIN 0.7 WNW, OH US",0.3564,GHCND:US1OHFR0094,METERS,-83.144714
768,258.2,2019-07-11,2021-06-10,40.01793,"COLUMBUS 4.9 WNW, OH US",0.2126,GHCND:US1OHFR0096,METERS,-83.07166
769,306.6,2019-07-27,2021-04-10,39.99515,"BLACKLICK 1.2 E, OH US",0.5613,GHCND:US1OHFR0097,METERS,-82.78882
770,306.0,2020-05-01,2020-11-29,40.008167,"BLACKLICK 1.2 NE, OH US",0.9956,GHCND:US1OHFR0099,METERS,-82.795884
771,243.5,2020-05-22,2025-08-15,39.98410833,"GRANDVIEW HEIGHTS 0.5 NW, OH US",0.998,GHCND:US1OHFR0101,METERS,-83.04694444
772,236.2,2021-06-01,2025-10-06,39.94877,"COLUMBUS 4.3 SE, OH US",0.8542,GHCND:US1OHFR0104,METERS,-82.924206
773,268.5,2020-09-29,2021-09-20,40.0668328,"COLUMBUS 6.7 NW, OH US",0.9086,GHCND:US1OHFR0106,METERS,-83.0640325
774,239.0,2020-11-08,2025-12-24,39.84789,"GROVE CITY 1.9 SSE, OH US",0.9991,GHCND:US1OHFR0111,METERS,-83.060825
775,228.0,2021-01-01,2023-09-05,39.990216732153,"COLUMBUS 1.5 W, OH US",0.364,GHCND:US1OHFR0112,METERS,-83.0160463863458
776,255.1,2021-03-10,2024-03-15,39.9309,"COLUMBUS 7.2 WSW, OH US",0.5726,GHCND:US1OHFR0120,METERS,-83.1012
777,256.0,2021-03-21,2025-09-23,40.12025,"WORTHINGTON 1.8 NNW, OH US",0.6464,GHCND:US1OHFR0121,METERS,-83.037904
778,272.2,2021-03-26,2022-09-22,39.986564,"COLUMBUS 7.7 E, OH US",0.9989,GHCND:US1OHFR0123,METERS,-82.841687
779,226.5,2021-03-18,2023-10-06,39.982435,"COLUMBUS 1.3 WSW, OH US",0.1726,GHCND:US1OHFR0126,METERS,-83.010055
780,246.9,2020-08-01,2025-12-24,39.97876,"BEXLEY 1.0 N, OH US",0.7771,GHCND:US1OHFR0127,METERS,-82.935464
781,244.1,2021-06-07,2025-12-23,39.968041,"COLUMBUS 3.7 ESE, OH US",0.9986,GHCND:US1OHFR0129,METERS,-82.923234
782,,2021-06-10,2025-12-02,40.11067,"WESTERVILLE 3.0 ESE, OH US",0.5791,GHCND:US1OHFR0131,,-82.8622
783,278.3,2022-03-29,2025-02-28,40.107465,"DUBLIN 1.3 SW, OH US",0.4794,GHCND:US1OHFR0138,METERS,-83.153549
784,266.4,2022-03-19,2025-05-21,40.040806,"GAHANNA 1.2 NNE, OH US",0.1371,GHCND:US1OHFR0139,METERS,-82.867973
785,232.6,2022-04-07,2023-08-05,39.962337,"COLUMBUS 2.6 SE, OH US",0.4588,GHCND:US1OHFR0140,METERS,-82.953983
786,224.6,2022-05-15,2025-10-23,39.863,"GROVEPORT 0.1 NNW, OH US",0.3499,GHCND:US1OHFR0143,METERS,-82.8985
787,225.2,2022-06-30,2024-06-14,39.983813,"COLUMBUS 1.7 WSW, OH US",0.5992,GHCND:US1OHFR0144,METERS,-83.019502
788,251.2,2023-03-24,2025-11-29,40.087632,"WORTHINGTON 0.7 S, OH US",0.5906,GHCND:US1OHFR0149,METERS,-83.022618
789,229.2,2022-12-06,2025-12-09,39.97724,"COLUMBUS 1.4 SW, OH US",0.7382,GHCND:US1OHFR0150,METERS,-83.00998
790,278.6,2023-04-01,2025-05-17,40.01929,"COLUMBUS 5.3 WNW, OH US",0.9299,GHCND:US1OHFR0155,METERS,-83.07956
791,283.8,2023-04-10,2025-12-24,40.01765,"HILLIARD 2.4 SW, OH US",0.8909,GHCND:US1OHFR0158,METERS,-83.18027
792,264.9,2023-05-13,2025-12-24,40.0847,"WORTHINGTON 1.3 SW, OH US",0.9248,GHCND:US1OHFR0159,METERS,-83.0381
793,278.3,2023-06-01,2025-12-24,39.915214,"GALLOWAY 4.3 W, OH US",1.0,GHCND:US1OHFR0160,METERS,-83.243141
794,267.6,2024-03-19,2025-06-10,40.1144404,"WESTERVILLE 0.5 S, OH US",0.9956,GHCND:US1OHFR0166,METERS,-82.9193451
795,271.9,2024-07-13,2025-12-24,40.124211,"DUBLIN 3.4 E, OH US",0.8887,GHCND:US1OHFR0172,METERS,-83.069138
796,314.2,2011-02-01,2013-11-16,39.5348,"WASHINGTON 3.4 W, OH US",1.0,GHCND:US1OHFY0003,METERS,-83.4942
797,282.5,2015-03-01,2025-12-23,39.510123,"WASHINGTON 3.9 ESE, OH US",0.9967,GHCND:US1OHFY0005,METERS,-83.366983
798,318.5,2020-03-08,2023-10-05,39.6509,"JEFFERSONVILLE 0.1 SSE, OH US",0.8967,GHCND:US1OHFY0007,METERS,-83.55628
799,291.7,2020-04-23,2025-12-24,39.53278,"WASHINGTON COURT HOUSE 0.6 ESE, OH US",0.9899,GHCND:US1OHFY0008,METERS,-83.4272
800,297.8,2022-08-01,2024-12-19,39.5415322,"WASHINGTON COURT HOUSE 0.3 N, OH US",0.87,GHCND:US1OHFY0010,METERS,-83.4370833
801,329.2,2009-02-01,2017-05-26,41.432322,"SOUTH RUSSELL 2.0 W, OH US",1.0,GHCND:US1OHGG0003,METERS,-81.371598
802,377.3,2009-03-01,2025-12-23,41.5903,"MONTVILLE 1.2 SSE, OH US",0.9998,GHCND:US1OHGG0004,METERS,-81.048
803,35.7,2012-06-01,2025-12-24,41.464377264447,"MIDDLEFIELD 0.6 NE, OH US",1.0,GHCND:US1OHGG0007,METERS,-81.0652023553848
804,333.8,2016-01-21,2017-04-08,41.43242,"SOUTH RUSSELL 2.0 W, OH US",1.0,GHCND:US1OHGG0009,METERS,-81.371114
805,306.0,2017-09-12,2025-12-23,41.7123829,"MADISON 4.2 S, OH US",0.8783,GHCND:US1OHGG0011,METERS,-81.038718
806,365.5,2019-01-01,2025-11-09,41.421765,"CHAGRIN FALLS 3.3 ESE, OH US",0.388,GHCND:US1OHGG0014,METERS,-81.327385
807,353.9,2018-06-24,2019-10-30,41.5537204,"CHESTERLAND 2.3 NNW, OH US",0.583,GHCND:US1OHGG0015,METERS,-81.3653532
808,386.5,2018-09-07,2021-10-29,41.507767,"CHARDON 5.1 SSE, OH US",0.3211,GHCND:US1OHGG0016,METERS,-81.183044
809,369.1,2019-03-29,2020-05-19,41.413522,"CHAGRIN FALLS 5.2 ESE, OH US",0.5766,GHCND:US1OHGG0017,METERS,-81.292553
810,342.6,2022-09-20,2025-11-26,41.3511999,"GARRETTSVILLE 4.8 NNW, OH US",0.9819,GHCND:US1OHGG0020,METERS,-81.1149747
811,348.4,2023-03-11,2025-12-24,41.362669,"AUBURN CORNERS 3.0 WSW, OH US",0.9863,GHCND:US1OHGG0021,METERS,-81.269876
812,197.8,2010-06-01,2014-05-28,38.88365,"THURMAN 2.2 ESE, OH US",0.9819,GHCND:US1OHGL0002,METERS,-82.40995
813,174.3,2021-05-07,2025-12-19,38.84342,"GALLIPOLIS 2.9 NW, OH US",0.3147,GHCND:US1OHGL0006,METERS,-82.23619
814,241.4,2009-04-01,2009-12-09,39.642922,"BELLBROOK 2.4 E, OH US",0.9961,GHCND:US1OHGR0002,METERS,-84.040435
815,284.4,2010-04-01,2010-10-14,39.677983,"XENIA 1.3 WSW, OH US",0.9956,GHCND:US1OHGR0003,METERS,-83.963483
816,279.8,2011-01-01,2019-01-13,39.6646069,"XENIA 2.1 SW, OH US",0.778,GHCND:US1OHGR0006,METERS,-83.970709
817,265.5,2012-09-01,2013-12-06,39.633283,"BELLBROOK 1.1 WSW, OH US",0.9819,GHCND:US1OHGR0009,METERS,-84.104754
818,256.3,2013-07-01,2013-12-22,39.8094749450684,"FAIRBORN 0.4 NNE, OH US",0.9925,GHCND:US1OHGR0010,METERS,-84.0141677856445
819,324.6,2015-04-01,2025-12-23,39.72026,"CEDARVILLE 3.6 ESE, OH US",0.998,GHCND:US1OHGR0011,METERS,-83.750049
820,271.6,2015-06-21,2017-12-23,39.805742,"FAIRBORN 0.1 NNW, OH US",0.9819,GHCND:US1OHGR0012,METERS,-84.01819
821,278.3,2016-08-14,2025-12-24,39.711723,"XENIA 2.1 NNE, OH US",0.848,GHCND:US1OHGR0013,METERS,-83.923512
822,291.1,2016-08-27,2025-04-06,39.767539,"BEAVERCREEK 3.2 NE, OH US",0.7179,GHCND:US1OHGR0014,METERS,-84.027186
823,289.3,2017-05-01,2025-12-23,39.73534,"BEAVERCREEK 1.5 ENE, OH US",0.9991,GHCND:US1OHGR0015,METERS,-84.03552
824,266.4,2017-04-08,2025-10-20,39.827063,"FAIRBORN 2.1 NE, OH US",0.1684,GHCND:US1OHGR0016,METERS,-83.990636
825,277.4,2017-07-08,2018-04-16,39.7745,"FAIRBORN 2.5 SE, OH US",1.0,GHCND:US1OHGR0017,METERS,-83.99116667
826,289.0,2017-12-06,2019-04-07,39.656735,"BELLBROOK 1.2 NNE, OH US",0.9011,GHCND:US1OHGR0018,METERS,-84.07837
827,316.7,2016-07-01,2025-12-23,39.813315,"YELLOW SPRINGS 2.5 ENE, OH US",0.7821,GHCND:US1OHGR0019,METERS,-83.851127
828,295.7,2019-08-26,2025-12-22,39.748577,"BEAVERCREEK 2.0 NE, OH US",0.8966,GHCND:US1OHGR0020,METERS,-84.034064
829,289.0,2018-03-07,2021-05-27,39.632382,"BELLBROOK 1.3 WSW, OH US",0.998,GHCND:US1OHGR0021,METERS,-84.108195
830,311.8,2015-11-26,2021-08-30,39.66835,"XENIA 4.6 ESE, OH US",0.5765,GHCND:US1OHGR0022,METERS,-83.85665
831,333.8,2020-07-31,2025-06-23,39.635903,"JAMESTOWN 2.9 ESE, OH US",1.0,GHCND:US1OHGR0024,METERS,-83.694569
832,278.6,2015-06-01,2025-12-24,39.6595,"XENIA 2.8 SW, OH US",0.9996,GHCND:US1OHGR0026,METERS,-83.9805
833,282.5,2020-02-20,2025-12-23,39.69805,"BEAVERCREEK 2.3 SSE, OH US",0.3693,GHCND:US1OHGR0028,METERS,-84.048587
834,285.6,2020-05-28,2020-12-10,39.78453,"FAIRBORN 1.4 S, OH US",0.9819,GHCND:US1OHGR0034,METERS,-84.01984
835,266.7,2020-10-01,2025-12-24,39.78098,"FAIRBORN 2.0 SW, OH US",1.0,GHCND:US1OHGR0037,METERS,-84.03863
836,295.4,2021-03-17,2023-09-13,39.75351,"BEAVERCREEK 1.8 NNE, OH US",0.2711,GHCND:US1OHGR0039,METERS,-84.0501
837,261.2,2021-01-16,2025-12-19,39.717126,"BEAVERCREEK 1.1 SW, OH US",1.0,GHCND:US1OHGR0041,METERS,-84.07445
838,259.4,2022-04-11,2023-07-20,39.6384912,"BELLBROOK 0.4 ESE, OH US",0.8614,GHCND:US1OHGR0042,METERS,-84.0789016
839,288.6,2023-04-20,2023-11-09,39.6408,"BELLBROOK 0.9 W, OH US",0.998,GHCND:US1OHGR0043,METERS,-84.1028
840,305.1,2023-03-12,2025-12-24,39.76373,"BEAVERCREEK 2.5 NNW, OH US",0.9696,GHCND:US1OHGR0044,METERS,-84.07422
841,261.5,2023-05-13,2025-12-24,39.7205,"BEAVERCREEK 0.9 SW, OH US",0.9297,GHCND:US1OHGR0045,METERS,-84.0744
842,285.0,2024-07-19,2025-11-09,39.705972,"BEAVERCREEK 1.8 SSW, OH US",0.5741,GHCND:US1OHGR0047,METERS,-84.075906
843,243.5,2009-06-01,2011-06-20,40.013404,"CAMBRIDGE 1.6 ESE, OH US",0.6408,GHCND:US1OHGY0002,METERS,-81.56103
844,263.3,2017-04-21,2019-03-17,40.148353,"KIMBOLTON 3.5 W, OH US",0.7026,GHCND:US1OHGY0004,METERS,-81.64071
845,257.9,2021-03-10,2025-10-30,40.043493,"CAMBRIDGE 1.3 N, OH US",0.5012,GHCND:US1OHGY0008,METERS,-81.583593
846,317.0,2021-07-09,2025-10-06,40.060285,"CAMBRIDGE 3.2 NE, OH US",0.9986,GHCND:US1OHGY0010,METERS,-81.5467745
847,243.8,2024-04-12,2025-01-08,40.019364,"CAMBRIDGE 0.4 S, OH US",0.9939,GHCND:US1OHGY0012,METERS,-81.588331
848,265.8,2023-09-29,2025-12-23,40.0294657,"CAMBRIDGE 1.8 E, OH US",0.8696,GHCND:US1OHGY0014,METERS,-81.5536963
849,306.9,2023-12-09,2025-12-24,40.031,"CAMBRIDGE 1.0 ENE, OH US",0.6693,GHCND:US1OHGY0015,METERS,-81.5706
850,245.1,2009-03-01,2025-11-30,40.943309,"FINDLAY 7.2 SSW, OH US",0.9762,GHCND:US1OHHC0002,METERS,-83.669952
851,245.4,2011-05-01,2015-04-21,41.052138,"FINDLAY 3.4 E, OH US",1.0,GHCND:US1OHHC0006,METERS,-83.577309
852,268.5,2013-06-01,2025-12-24,40.8816,"JENERA 1.6 SE, OH US",0.9999,GHCND:US1OHHC0010,METERS,-83.709
853,263.7,2014-04-01,2021-10-29,40.889233,"ARLINGTON 0.4 SW, OH US",0.9993,GHCND:US1OHHC0011,METERS,-83.660277
854,237.1,2017-06-29,2025-12-23,41.0401,"FINDLAY 0.4 WSW, OH US",0.9995,GHCND:US1OHHC0012,METERS,-83.64919
855,248.7,2018-04-01,2019-01-07,40.95827,"RAWSON 1.1 E, OH US",0.998,GHCND:US1OHHC0013,METERS,-83.76541
856,239.9,2020-12-28,2024-08-11,41.027373,"FINDLAY 1.1 SSW, OH US",0.1396,GHCND:US1OHHC0015,METERS,-83.648276
857,264.9,2021-10-31,2025-12-17,40.885219,"ARLINGTON 0.6 SW, OH US",0.4884,GHCND:US1OHHC0019,METERS,-83.661223
858,239.0,2023-10-20,2025-12-24,41.031159,"FINDLAY 1.0 SSW, OH US",0.8821,GHCND:US1OHHC0021,METERS,-83.651462
859,242.3,2024-04-05,2025-12-22,41.1214782,"ARCADIA 0.7 NNW, OH US",0.8937,GHCND:US1OHHC0022,METERS,-83.5160143
860,290.2,2014-04-01,2014-10-13,40.73228,"KENTON 6.3 NNW, OH US",0.9956,GHCND:US1OHHD0005,METERS,-83.64383
861,287.4,2014-04-01,2016-07-28,40.689452,"KENTON 4.5 NE, OH US",0.9956,GHCND:US1OHHD0006,METERS,-83.54724
862,293.8,2014-04-01,2015-09-30,40.647952,"KENTON 1.0 WNW, OH US",0.9442,GHCND:US1OHHD0008,METERS,-83.629669
863,289.0,2014-05-01,2014-11-13,40.59944444,"LA RUE 3.6 WNW, OH US",0.9956,GHCND:US1OHHD0010,METERS,-83.44583333
864,283.2,2014-05-01,2019-04-30,40.70194444,"KENTON 6.9 NE, OH US",0.9987,GHCND:US1OHHD0011,METERS,-83.50277778
865,293.2,2014-05-01,2025-12-23,40.81305556,"ADA 5.4 NE, OH US",0.9997,GHCND:US1OHHD0014,METERS,-83.73833333
866,307.5,2014-05-01,2014-11-08,40.656497,"KENTON 0.9 NNE, OH US",0.9956,GHCND:US1OHHD0015,METERS,-83.6053384
867,287.4,2014-06-01,2019-01-15,40.65534,"KENTON 8.0 E, OH US",0.9994,GHCND:US1OHHD0017,METERS,-83.458622
868,307.8,2014-12-01,2020-10-10,40.6473,"KENTON 1.7 E, OH US",0.998,GHCND:US1OHHD0018,METERS,-83.5779
869,335.0,2015-04-01,2025-11-26,40.52166667,"BELLE CENTER 3.5 ENE, OH US",0.998,GHCND:US1OHHD0019,METERS,-83.68
870,297.5,2017-04-09,2024-10-15,40.693317,"MCGUFFEY 0.2 W, OH US",0.6618,GHCND:US1OHHD0022,METERS,-83.790268
871,287.1,2016-08-18,2025-11-26,40.6721,"KENTON 6.6 ENE, OH US",0.4112,GHCND:US1OHHD0023,METERS,-83.4908
872,287.1,2019-05-16,2022-08-06,40.658878,"KENTON 8.0 E, OH US",0.1628,GHCND:US1OHHD0024,METERS,-83.459855
873,304.5,2020-01-16,2023-08-24,40.659895,"KENTON 1.1 N, OH US",0.1276,GHCND:US1OHHD0025,METERS,-83.607029
874,293.8,2020-05-20,2021-02-09,40.76388,"ADA 0.4 SSW, OH US",0.9939,GHCND:US1OHHD0026,METERS,-83.8263
875,306.3,2012-04-01,2018-06-26,39.1781385987997,"LYNCHBURG 6.1 SW, OH US",1.0,GHCND:US1OHHG0002,METERS,-83.8643918931484
876,334.4,2013-08-01,2021-06-08,39.1982853412628,"HILLSBORO 0.8 SSW, OH US",0.7145,GHCND:US1OHHG0003,METERS,-83.617894873023
877,342.0,2020-01-08,2023-06-13,39.12766,"HILLSBORO 5.7 S, OH US",0.7342,GHCND:US1OHHG0005,METERS,-83.59733
878,292.9,2021-08-21,2025-12-24,39.20299,"BAINBRIDGE 5.7 WSW, OH US",1.0,GHCND:US1OHHG0008,METERS,-83.37271
879,286.5,2023-04-10,2025-12-24,39.3114944,"GREENFIELD 3.6 SW, OH US",0.9303,GHCND:US1OHHG0012,METERS,-83.4267269
880,323.1,2013-03-01,2025-12-17,39.51305556,"ROCKBRIDGE 4.7 SSW, OH US",0.9993,GHCND:US1OHHK0003,METERS,-82.54222222
881,297.8,2016-10-20,2025-12-23,39.6511383056641,"SUGAR GROVE 4.5 ENE, OH US",0.6373,GHCND:US1OHHK0004,METERS,-82.4694366455078
882,320.0,2020-04-21,2021-12-07,39.584929,"ROCKBRIDGE 1.5 WNW, OH US",0.693,GHCND:US1OHHK0005,METERS,-82.548848
883,327.1,2020-07-07,2021-01-04,39.56135,"AMANDA 7.0 SSE, OH US",0.998,GHCND:US1OHHK0006,METERS,-82.6812
884,216.1,2020-10-01,2022-07-06,39.4495,"LAURELVILLE 4.3 ESE, OH US",0.9223,GHCND:US1OHHK0007,METERS,-82.6616
885,222.5,2021-02-02,2025-12-23,39.53976,"LOGAN 0.2 NNE, OH US",0.8438,GHCND:US1OHHK0009,METERS,-82.40047
886,222.8,2009-01-01,2011-01-01,39.1872,"CINCINNATI 7.3 NE, OH US",0.8399,GHCND:US1OHHM0002,METERS,-84.4411
887,244.1,2009-02-01,2025-12-20,39.2407,"WYOMING 1.2 NW, OH US",1.0,GHCND:US1OHHM0003,METERS,-84.4995
888,149.7,2009-01-01,2012-12-29,39.196653,"CLEVES 2.7 NNW, OH US",0.8958,GHCND:US1OHHM0004,METERS,-84.774053
889,267.3,2009-02-01,2016-05-07,39.144789,"CHEVIOT 0.9 SSE, OH US",1.0,GHCND:US1OHHM0005,METERS,-84.607845
890,220.7,2009-04-01,2009-08-17,39.09,"SHERWOOD 0.4 N, OH US",0.9947,GHCND:US1OHHM0007,METERS,-84.361
891,259.7,2009-05-01,2012-09-01,39.2027,"WHITE OAK EAST 0.9 E, OH US",0.7311,GHCND:US1OHHM0009,METERS,-84.57434
892,252.7,2010-03-01,2025-12-23,39.25,"CINCINNATI 8.9 NW, OH US",0.9995,GHCND:US1OHHM0013,METERS,-84.579
893,240.8,2010-03-01,2020-06-23,39.264473,"SHARONVILLE 1.4 SE, OH US",0.8423,GHCND:US1OHHM0014,METERS,-84.391922
894,225.9,2011-04-01,2014-11-17,39.267764,"LOVELAND 0.4 W, OH US",0.795,GHCND:US1OHHM0015,METERS,-84.282106
895,257.6,2011-08-01,2024-10-01,39.1052,"COVEDALE 1.5 SSE, OH US",0.9462,GHCND:US1OHHM0017,METERS,-84.6247
896,187.5,2012-01-01,2015-08-03,39.2953,"N8ASV HARRISON 3.6 NNE, OH US",0.8638,GHCND:US1OHHM0020,METERS,-84.7611
897,189.0,2013-02-01,2013-08-09,39.15346,"CINCINNATI 5.3 NE, OH US",1.0,GHCND:US1OHHM0022,METERS,-84.438556
898,282.5,2015-06-01,2020-04-29,39.199981,"CINCINNATI 8.4 NW, OH US",1.0,GHCND:US1OHHM0023,METERS,-84.60743
899,181.4,2017-03-23,2019-06-20,39.26,"HARRISON 1.0 NW, OH US",1.0,GHCND:US1OHHM0026,METERS,-84.807
900,234.4,2017-09-07,2021-10-30,39.089314,"CINCINNATI 6.7 E, OH US",0.9996,GHCND:US1OHHM0031,METERS,-84.38652
901,244.4,2018-06-29,2025-12-23,39.28283,"HARRISON 2.5 NNE, OH US",0.453,GHCND:US1OHHM0035,METERS,-84.77393
902,262.7,2018-11-18,2025-12-24,39.08405,"CHERRY GROVE 0.4 NW, OH US",0.9999,GHCND:US1OHHM0037,METERS,-84.32803
903,190.8,2018-12-29,2020-09-15,39.126391,"CINCINNATI 4.2 ESE, OH US",0.8756,GHCND:US1OHHM0038,METERS,-84.429922
904,248.4,2019-04-24,2019-11-07,39.21577,"KENWOOD 0.7 N, OH US",0.6717,GHCND:US1OHHM0042,METERS,-84.374615
905,270.4,2019-11-28,2025-03-22,39.100022,"CHEVIOT 4.0 S, OH US",0.7951,GHCND:US1OHHM0045,METERS,-84.609173
906,248.4,2020-03-10,2025-04-12,39.10654,"CINCINNATI 6.7 W, OH US",0.6829,GHCND:US1OHHM0046,METERS,-84.6376
907,253.6,2020-04-14,2020-11-15,39.20856,"CINCINNATI 9.1 NE, OH US",0.713,GHCND:US1OHHM0047,METERS,-84.41032
908,254.5,2020-06-01,2025-07-21,39.257187,"NORTHGATE 2.8 W, OH US",0.998,GHCND:US1OHHM0054,METERS,-84.644963
909,88.1,2020-07-01,2021-09-09,39.225073,"CINCINNATI 8.4 N, OH US",0.998,GHCND:US1OHHM0055,METERS,-84.501855
910,266.7,2020-07-31,2025-12-24,39.206787,"CINCINNATI 7.4 NNW, OH US",0.9993,GHCND:US1OHHM0056,METERS,-84.545949
911,226.5,2019-05-24,2023-09-14,39.261286,"LOVELAND 0.6 SW, OH US",0.667,GHCND:US1OHHM0058,METERS,-84.281823
912,237.4,2020-11-10,2022-03-08,39.2163,"KENWOOD 1.0 NE, OH US",0.9086,GHCND:US1OHHM0059,METERS,-84.3612
913,267.6,2020-07-25,2023-11-18,39.29034,"SHARONVILLE 1.9 ENE, OH US",0.7145,GHCND:US1OHHM0061,METERS,-84.37375
914,223.4,2021-03-09,2025-12-24,39.080768,"CINCINNATI 7.5 E, OH US",0.9997,GHCND:US1OHHM0064,METERS,-84.375201
915,162.8,2021-06-01,2022-02-18,39.11567,"ADDYSTON 1.8 SSE, OH US",0.9956,GHCND:US1OHHM0067,METERS,-84.69479
916,185.3,2021-10-16,2025-12-23,39.201591,"CINCINNATI 7.8 NNE, OH US",0.7248,GHCND:US1OHHM0068,METERS,-84.445906
917,247.5,2021-10-31,2025-12-24,39.067218,"SHERWOOD 1.3 SSW, OH US",1.0,GHCND:US1OHHM0069,METERS,-84.371122
918,198.1,2022-02-21,2025-12-24,39.149955,"CINCINNATI 3.0 ENE, OH US",0.8838,GHCND:US1OHHM0071,METERS,-84.451206
919,203.3,2022-03-31,2025-12-24,39.1715,"CLEVES 0.7 NNE, OH US",0.9744,GHCND:US1OHHM0075,METERS,-84.7446
920,271.6,2023-01-30,2024-09-25,39.095041,"COVEDALE 2.9 SE, OH US",0.7546,GHCND:US1OHHM0077,METERS,-84.601753
921,203.3,2024-04-14,2025-12-07,39.272121,"GLENDALE 0.2 WNW, OH US",0.529,GHCND:US1OHHM0078,METERS,-84.461928
922,242.6,2023-01-01,2025-12-23,39.232301,"WYOMING 0.5 WNW, OH US",0.999,GHCND:US1OHHM0080,METERS,-84.49078
923,264.6,2023-04-10,2025-12-24,39.147802,"MACK SOUTH 0.4 N, OH US",0.9657,GHCND:US1OHHM0086,METERS,-84.672655
924,162.5,2023-03-20,2025-12-15,39.148372,"FAIRFAX 0.5 NE, OH US",0.7155,GHCND:US1OHHM0087,METERS,-84.39035
925,227.7,2023-04-12,2025-12-23,39.084208,"SHERWOOD 1.2 W, OH US",0.77,GHCND:US1OHHM0092,METERS,-84.38374
926,257.6,2023-04-27,2024-03-02,39.20616,"DEER PARK 0.5 WNW, OH US",0.998,GHCND:US1OHHM0093,METERS,-84.40485
927,251.2,2023-07-01,2025-12-24,39.1912,"SILVERTON 0.2 NE, OH US",0.8685,GHCND:US1OHHM0094,METERS,-84.3982
928,251.8,2023-10-01,2025-12-24,39.253901,"NORTHBROOK 1.1 ENE, OH US",0.9718,GHCND:US1OHHM0096,METERS,-84.559518
929,249.9,2024-03-13,2025-12-24,39.21363,"DILLONVALE 0.6 WSW, OH US",0.9525,GHCND:US1OHHM0099,METERS,-84.411734
930,296.0,2009-04-01,2010-10-24,41.0971051,"NEW LONDON 4.4 WNW, OH US",0.9988,GHCND:US1OHHR0001,METERS,-82.4873992
931,226.2,2009-04-01,2025-12-24,41.28385765,"BELLEVUE 0.6 N, OH US",0.9999,GHCND:US1OHHR0002,METERS,-82.84076354
932,263.0,2013-03-01,2014-01-14,41.2646369934082,"WAKEMAN 1.7 WNW, OH US",0.9956,GHCND:US1OHHR0005,METERS,-82.4352569580078
933,300.5,2014-04-29,2025-10-06,41.002834,"PLYMOUTH 1.6 WNW, OH US",0.3145,GHCND:US1OHHR0006,METERS,-82.696724
934,260.0,2014-08-01,2016-10-08,41.1679306030273,"NORWALK 5.1 S, OH US",0.8497,GHCND:US1OHHR0007,METERS,-82.6127014160156
935,224.9,2017-03-26,2025-12-24,41.223109,"NORWALK 2.1 SW, OH US",0.7475,GHCND:US1OHHR0010,METERS,-82.641963
936,232.9,2017-09-05,2025-12-18,41.244548,"NORWALK 1.2 E, OH US",0.9995,GHCND:US1OHHR0011,METERS,-82.588285
937,298.7,2018-12-10,2023-08-24,41.1178,"NEW LONDON 6.1 WNW, OH US",0.8098,GHCND:US1OHHR0014,METERS,-82.5123
938,271.6,2022-10-26,2025-12-19,41.245633,"COLLINS 2.2 ESE, OH US",0.6497,GHCND:US1OHHR0016,METERS,-82.4535998
939,385.9,2016-12-14,2021-02-15,40.404846,"BLOOMINGDALE 5.4 NW, OH US",0.499,GHCND:US1OHHS0003,METERS,-80.878344
940,200.3,2009-08-01,2014-07-24,41.3893,"NAPOLEON 0.7 ESE, OH US",0.8501,GHCND:US1OHHY0002,METERS,-84.115417
941,203.3,2010-07-01,2015-08-10,41.3979337,"NAPOLEON 0.3 NNW, OH US",1.0,GHCND:US1OHHY0003,METERS,-84.1290398
942,208.5,2011-03-01,2017-07-12,41.3396976,"NAPOLEON 3.8 S, OH US",0.5469,GHCND:US1OHHY0004,METERS,-84.1195561
943,207.6,2011-12-01,2023-07-05,41.328221,"MCCLURE 3.4 SSE, OH US",1.0,GHCND:US1OHHY0005,METERS,-83.908776
944,205.7,2013-03-01,2025-12-24,41.391012,"NAPOLEON 0.6 WSW, OH US",0.9993,GHCND:US1OHHY0007,METERS,-84.137842
945,214.9,2015-08-01,2025-12-24,41.4570251852274,"NAPOLEON 4.5 NNW, OH US",0.9998,GHCND:US1OHHY0009,METERS,-84.1496173292398
946,206.7,2020-05-01,2021-06-10,41.3645,"MCCLURE 0.4 SSE, OH US",0.9947,GHCND:US1OHHY0011,METERS,-83.94
947,225.2,2021-06-19,2025-11-25,41.193244,"NEW BAVARIA 2.3 WSW, OH US",0.8566,GHCND:US1OHHY0012,METERS,-84.209544
948,207.0,2022-07-01,2025-10-20,41.446225,"LIBERTY CENTER 0.3 NE, OH US",0.5419,GHCND:US1OHHY0013,METERS,-84.003064
949,204.5,2023-07-01,2025-12-24,41.379503,"NAPOLEON 1.2 SSE, OH US",1.0,GHCND:US1OHHY0014,METERS,-84.116006
950,250.9,2010-03-01,2011-01-06,39.002344,"JACKSON 4.0 SE, OH US",0.9935,GHCND:US1OHJC0002,METERS,-82.579079
951,214.6,2012-09-01,2025-12-16,38.88811,"OAK HILL 0.6 SSW, OH US",1.0,GHCND:US1OHJC0004,METERS,-82.5742
952,232.6,2021-07-01,2022-05-13,39.073845,"JACKSON 4.0 ENE, OH US",0.9819,GHCND:US1OHJC0005,METERS,-82.5649
953,350.8,2016-12-13,2025-12-24,40.3760147094727,"STEUBENVILLE 2.0 WNW, OH US",0.736,GHCND:US1OHJF0006,METERS,-80.6820220947266
954,375.5,2018-11-01,2025-12-24,40.16496667,"MOUNT PLEASANT 1.4 WSW, OH US",0.9295,GHCND:US1OHJF0009,METERS,-80.8229
955,357.5,2020-11-11,2025-12-24,40.3843,"WINTERSVILLE 0.7 WNW, OH US",0.9668,GHCND:US1OHJF0011,METERS,-80.7176
956,335.0,2009-02-01,2019-03-15,40.2748764160904,"CENTERBURG 5.3 ESE, OH US",0.6569,GHCND:US1OHKN0001,METERS,-82.6040124893188
957,365.5,2014-03-01,2025-12-24,40.535542,"FREDERICKTOWN 4.0 NNW, OH US",0.9998,GHCND:US1OHKN0004,METERS,-82.562833
958,379.8,2017-03-27,2018-04-09,40.46761,"FREDERICKTOWN 6.2 E, OH US",0.7505,GHCND:US1OHKN0005,METERS,-82.42923
959,309.4,2021-03-01,2025-12-24,40.392098,"MOUNT VERNON 0.2 WNW, OH US",0.9994,GHCND:US1OHKN0007,METERS,-82.478835
960,338.9,2024-03-15,2025-12-24,40.5048952,"FREDERICKTOWN 2.8 NE, OH US",0.9496,GHCND:US1OHKN0009,METERS,-82.5053215
961,324.0,2009-02-01,2013-10-07,40.0273317,"PATASKALA 4.4 WNW, OH US",0.5541,GHCND:US1OHLC0002,METERS,-82.7489517
962,364.8,2009-03-09,2025-11-08,40.152339,"GRANVILLE 5.7 N, OH US",0.6506,GHCND:US1OHLC0003,METERS,-82.517133
963,261.8,2010-04-01,2011-01-06,40.06794,"NEWARK 0.3 E, OH US",0.9961,GHCND:US1OHLC0005,METERS,-82.41784
964,346.9,2010-03-01,2010-11-24,40.1488,"JOHNSTOWN 2.3 E, OH US",1.0,GHCND:US1OHLC0007,METERS,-82.644
965,339.9,2010-06-01,2025-12-24,40.1282,"GRANVILLE 4.0 N, OH US",0.9998,GHCND:US1OHLC0010,METERS,-82.5158
966,370.9,2012-09-01,2017-11-10,40.0239868164063,"PATASKALA 2.0 NE, OH US",1.0,GHCND:US1OHLC0011,METERS,-82.651123046875
967,361.8,2015-08-01,2025-12-24,40.154243,"GRANVILLE 5.6 N, OH US",0.998,GHCND:US1OHLC0014,METERS,-82.510109
968,324.6,2015-10-14,2018-01-24,40.052727,"GRANVILLE 2.6 WSW, OH US",1.0,GHCND:US1OHLC0015,METERS,-82.544505
969,299.0,2016-01-18,2020-05-29,39.9598350524902,"REYNOLDSBURG 1.1 ENE, OH US",0.9442,GHCND:US1OHLC0016,METERS,-82.7789993286133
970,353.3,2016-02-04,2025-12-17,40.196615,"JOHNSTOWN 3.2 N, OH US",0.2319,GHCND:US1OHLC0018,METERS,-82.679684
971,327.4,2018-07-16,2025-12-23,39.998035,"PATASKALA 3.2 E, OH US",0.9991,GHCND:US1OHLC0022,METERS,-82.613584
972,267.6,2019-04-14,2019-11-07,40.129737,"NEWARK 4.3 N, OH US",0.998,GHCND:US1OHLC0024,METERS,-82.430103
973,277.1,2020-02-13,2025-12-23,40.14487,"NEWARK 9.9 ENE, OH US",1.0,GHCND:US1OHLC0028,METERS,-82.2664
974,310.3,2020-04-28,2025-12-23,40.000817,"PATASKALA 0.2 E, OH US",0.9993,GHCND:US1OHLC0029,METERS,-82.6696
975,357.2,2017-07-21,2025-12-24,40.013032,"PATASKALA 2.1 ENE, OH US",0.9991,GHCND:US1OHLC0030,METERS,-82.638091
976,262.4,2021-03-20,2024-12-25,40.067761,"NEWARK 0.3 E, OH US",0.9767,GHCND:US1OHLC0034,METERS,-82.417811
977,330.1,2022-04-01,2025-12-24,40.0094,"PATASKALA 3.2 W, OH US",0.8434,GHCND:US1OHLC0039,METERS,-82.7333
978,328.3,2023-04-05,2025-12-02,40.0097093452208,"PATASKALA 0.9 NE, OH US",0.9819,GHCND:US1OHLC0044,METERS,-82.662009374075
979,259.1,2024-03-14,2025-12-24,40.01718,"HEATH 0.7 SSW, OH US",0.9785,GHCND:US1OHLC0045,METERS,-82.44284
980,332.8,2009-03-01,2025-12-14,40.273008,"EAST LIBERTY 4.2 SSE, OH US",0.2788,GHCND:US1OHLG0002,METERS,-83.559698
981,331.3,2019-07-13,2019-11-26,40.25470183,"WEST LIBERTY 0.5 E, OH US",0.998,GHCND:US1OHLG0009,METERS,-83.74824517
982,302.1,2020-05-11,2025-12-24,40.4911,"LAKEVIEW 0.2 N, OH US",0.9696,GHCND:US1OHLG0012,METERS,-83.92532
983,417.0,2021-03-28,2025-12-23,40.378611,"BELLEFONTAINE 1.4 NNE, OH US",0.8655,GHCND:US1OHLG0015,METERS,-83.746651
984,323.7,2021-07-25,2025-11-29,40.497679,"BELLE CENTER 1.1 SE, OH US",0.3805,GHCND:US1OHLG0016,METERS,-83.73037
985,224.0,2009-01-01,2014-04-28,41.674519,"PAINESVILLE 3.8 SSW, OH US",1.0,GHCND:US1OHLK0001,METERS,-81.266938
986,253.9,2008-01-14,2009-07-28,41.5885946,"WILLOUGHBY HILLS 0.3 NE, OH US",1.0,GHCND:US1OHLK0003,METERS,-81.4318043
987,242.0,2009-03-01,2009-08-03,41.60322,"WILLOUGHBY HILLS 1.3 NNW, OH US",0.998,GHCND:US1OHLK0004,METERS,-81.443521
988,327.1,2009-03-01,2015-06-30,41.588616,"KIRTLAND 0.9 SW, OH US",1.0,GHCND:US1OHLK0005,METERS,-81.349096
989,217.6,2010-05-01,2018-11-11,41.6095,"WICKLIFFE 0.6 E, OH US",0.9819,GHCND:US1OHLK0006,METERS,-81.45583333
990,218.5,2015-03-01,2024-05-31,41.61506,"WILLOUGHBY 2.9 SW, OH US",1.0,GHCND:US1OHLK0009,METERS,-81.44592
991,224.6,2016-04-22,2025-12-24,41.76833333,"MADISON 0.9 WSW, OH US",0.603,GHCND:US1OHLK0011,METERS,-81.06972222
992,216.7,2020-12-15,2025-12-23,41.6779,"MENTOR 2.1 ESE, OH US",0.9654,GHCND:US1OHLK0018,METERS,-81.2971
993,187.1,2024-05-26,2025-12-24,41.7014,"WILLOUGHBY 3.9 NNE, OH US",0.7474,GHCND:US1OHLK0024,METERS,-81.3912
994,185.9,2024-06-01,2025-12-24,41.6931,"WILLOUGHBY 3.2 N, OH US",1.0,GHCND:US1OHLK0025,METERS,-81.4062
995,284.1,1998-06-17,2025-12-24,41.113436,"WELLINGTON 5.5 SW, OH US",1.0,GHCND:US1OHLR0002,METERS,-82.303572
996,181.1,2009-02-01,2022-02-03,41.49,"SHEFFIELD LAKE 0.5 E, OH US",1.0,GHCND:US1OHLR0003,METERS,-82.0874
997,214.6,2009-05-01,2017-11-08,41.409646,"NORTH RIDGEVILLE 2.4 NW, OH US",0.6075,GHCND:US1OHLR0004,METERS,-82.052026
998,234.7,2009-06-01,2010-06-01,41.29337,"OBERLIN 2.8 E, OH US",1.0,GHCND:US1OHLR0005,METERS,-82.16239
999,229.2,2010-03-01,2021-07-05,41.352905,"NORTH RIDGEVILLE 2.8 SSW, OH US",0.534,GHCND:US1OHLR0006,METERS,-82.040504
1000,216.4,2010-06-01,2025-12-24,41.376281,"ELYRIA 0.4 SE, OH US",0.9998,GHCND:US1OHLR0008,METERS,-82.099184
1001,209.1,2011-09-01,2015-04-06,41.437,"AVON 1.6 SW, OH US",0.9554,GHCND:US1OHLR0010,METERS,-82.0477
1002,229.8,2011-10-01,2012-11-01,41.3435859,"ELYRIA 3.0 SE, OH US",0.998,GHCND:US1OHLR0011,METERS,-82.0732742
1003,246.0,2020-07-23,2025-12-22,41.301631,"OBERLIN 0.9 NNE, OH US",0.6399,GHCND:US1OHLR0024,METERS,-82.208816
1004,214.6,2020-08-19,2025-12-23,41.4155,"NORTH RIDGEVILLE 2.5 NE, OH US",0.9991,GHCND:US1OHLR0025,METERS,-81.9844
1005,214.0,2021-01-01,2023-11-28,41.41624,"NORTH RIDGEVILLE 2.5 NE, OH US",0.9355,GHCND:US1OHLR0026,METERS,-81.9854
1006,181.4,2021-06-07,2025-12-24,41.427487,"VERMILION 1.7 NW, OH US",0.9995,GHCND:US1OHLR0027,METERS,-82.344433
1007,248.1,2022-04-29,2025-12-24,41.32482,"WAKEMAN 6.1 NE, OH US",0.9991,GHCND:US1OHLR0030,METERS,-82.3304
1008,193.2,2022-06-07,2025-12-23,41.46225,"AVON 1.1 NW, OH US",0.9991,GHCND:US1OHLR0032,METERS,-82.03939
1009,187.5,2023-04-08,2025-12-24,41.467561,"LORAIN 2.6 NE, OH US",0.9985,GHCND:US1OHLR0036,METERS,-82.148127
1010,216.7,2023-12-22,2025-12-22,41.388232,"AMHERST 0.9 SSE, OH US",0.8074,GHCND:US1OHLR0040,METERS,-82.2236226
1011,266.1,2024-03-30,2025-11-09,41.218883,"GRAFTON 4.3 S, OH US",0.7639,GHCND:US1OHLR0041,METERS,-82.039949
1012,182.0,2009-01-01,2021-02-15,41.6822787,"TOLEDO 2.4 ENE, OH US",0.9986,GHCND:US1OHLS0001,METERS,-83.5412106
1013,177.7,2009-02-01,2010-01-07,41.71775,"TOLEDO 4.7 NE, OH US",1.0,GHCND:US1OHLS0005,METERS,-83.52604
1014,203.9,2009-02-01,2017-09-10,41.721385,"SYLVANIA 1.4 WNW, OH US",0.8665,GHCND:US1OHLS0009,METERS,-83.732402
1015,183.8,2009-02-01,2009-12-26,41.69157,"TOLEDO 2.1 NNE, OH US",1.0,GHCND:US1OHLS0012,METERS,-83.56718
1016,182.0,2009-03-01,2025-12-24,41.6305,"OREGON 2.8 SSW, OH US",0.9819,GHCND:US1OHLS0014,METERS,-83.4411
1017,178.0,2010-06-01,2018-10-12,41.708023,"TOLEDO 5.7 ENE, OH US",0.998,GHCND:US1OHLS0016,METERS,-83.487756
1018,,2012-09-01,2014-04-15,41.6856,"SYLVANIA 2.2 SSE, OH US",0.9925,GHCND:US1OHLS0018,,-83.6864471435547
1019,189.3,2014-05-01,2021-09-22,41.649845,"TOLEDO 2.2 WSW, OH US",0.9987,GHCND:US1OHLS0021,METERS,-83.620306
1020,196.6,2014-10-01,2025-12-24,41.5308685302734,"WATERVILLE 2.4 NNE, OH US",0.9998,GHCND:US1OHLS0022,METERS,-83.7188262939453
1021,211.8,2015-03-01,2025-12-24,41.670988,"SWANTON 6.7 NNE, OH US",0.9997,GHCND:US1OHLS0023,METERS,-83.835347
1022,199.9,2018-03-13,2021-08-30,41.56214,"MAUMEE 0.8 S, OH US",0.4005,GHCND:US1OHLS0028,METERS,-83.6553
1023,191.7,2015-09-02,2024-12-03,41.583808,"MAUMEE 1.5 ENE, OH US",1.0,GHCND:US1OHLS0034,METERS,-83.627922
1024,188.7,2020-12-11,2022-06-26,41.624865,"TOLEDO 3.8 SE, OH US",1.0,GHCND:US1OHLS0036,METERS,-83.53046
1025,205.1,2021-08-21,2025-12-24,41.66035,"HOLLAND 4.5 NW, OH US",0.7795,GHCND:US1OHLS0038,METERS,-83.77769
1026,185.9,2022-06-29,2024-12-18,41.638332,"TOLEDO 3.3 ESE, OH US",0.9985,GHCND:US1OHLS0040,METERS,-83.528147
1027,193.9,2022-07-19,2025-12-23,41.7018805222019,"TOLEDO 3.9 NW, OH US",0.9466,GHCND:US1OHLS0041,METERS,-83.636630213562
1028,169.2,2012-03-01,2016-01-22,38.4223537892103,"CHESAPEAKE 1.4 WSW, OH US",0.4251,GHCND:US1OHLW0006,METERS,-82.4747601896524
1029,228.0,2024-03-25,2025-02-06,38.454176,"CHESAPEAKE 2.4 NW, OH US",0.3636,GHCND:US1OHLW0015,METERS,-82.483715
1030,304.2,2017-02-22,2017-10-11,39.871408,"LONDON 3.4 ESE, OH US",0.5991,GHCND:US1OHMA0005,METERS,-83.380597
1031,317.6,2020-10-19,2025-12-24,39.90617,"LONDON 1.2 N, OH US",0.9991,GHCND:US1OHMA0009,METERS,-83.43667
1032,295.4,2021-03-18,2023-04-23,40.064,"PLAIN CITY 3.8 SW, OH US",0.998,GHCND:US1OHMA0011,METERS,-83.3163
1033,313.6,2021-04-14,2025-12-19,39.9461688,"LONDON 3.9 N, OH US",0.5389,GHCND:US1OHMA0013,METERS,-83.4419795
1034,313.6,2022-05-22,2025-12-15,39.8986,"LONDON 1.1 NE, OH US",0.1879,GHCND:US1OHMA0014,METERS,-83.42452
1035,264.6,2011-03-01,2016-11-14,40.5671240866159,"CELINA 1.8 ENE, OH US",0.9501,GHCND:US1OHMC0001,METERS,-84.5410045981407
1036,258.5,2011-03-01,2017-11-13,40.5934050416499,"CELINA 3.1 NNE, OH US",0.6497,GHCND:US1OHMC0002,METERS,-84.5415195822716
1037,292.0,2014-07-01,2025-12-23,40.369942,"MARIA STEIN 3.0 SSW, OH US",0.9991,GHCND:US1OHMC0007,METERS,-84.521412
1038,268.5,2022-05-31,2025-12-08,40.56079,"CELINA 0.7 NE, OH US",0.8292,GHCND:US1OHMC0011,METERS,-84.56243
1039,263.0,2023-03-28,2025-12-19,40.539803,"CELINA 1.0 SSW, OH US",0.2655,GHCND:US1OHMC0012,METERS,-84.57813
1040,400.2,2009-02-01,2025-12-24,41.04276,"WADSWORTH 4.7 WNW, OH US",1.0,GHCND:US1OHMD0001,METERS,-81.819276
1041,342.0,2009-01-01,2025-12-23,41.2498,"BRUNSWICK 0.5 NE, OH US",1.0,GHCND:US1OHMD0002,METERS,-81.8133
1042,369.1,2011-06-01,2019-10-12,41.1807534824924,"MEDINA 7.6 ENE, OH US",0.9996,GHCND:US1OHMD0004,METERS,-81.7297410964966
1043,269.1,2011-06-01,2014-05-12,41.244129,"VALLEY CITY 1.6 ENE, OH US",0.2499,GHCND:US1OHMD0005,METERS,-81.902374
1044,290.2,2014-03-01,2014-11-01,41.1555,"MEDINA 1.7 NE, OH US",1.0,GHCND:US1OHMD0006,METERS,-81.8477
1045,335.9,2017-04-01,2020-04-11,41.148741,"MEDINA 1.5 NW, OH US",0.9956,GHCND:US1OHMD0009,METERS,-81.890479
1046,319.1,2017-11-22,2025-12-24,41.1412,"MEDINA 0.8 ENE, OH US",1.0,GHCND:US1OHMD0010,METERS,-81.8534
1047,371.9,2020-12-20,2025-11-26,41.053323,"SEVILLE 2.9 NE, OH US",0.7665,GHCND:US1OHMD0014,METERS,-81.828748
1048,271.3,2022-04-25,2025-12-24,41.0989,"SPENCER 1.5 E, OH US",0.9993,GHCND:US1OHMD0016,METERS,-82.0938
1049,305.4,2022-08-11,2025-12-23,41.0242991,"SEVILLE 0.2 NW, OH US",0.9986,GHCND:US1OHMD0019,METERS,-81.8704153
1050,331.9,2024-04-01,2025-12-23,41.130786,"MEDINA 0.4 SSE, OH US",0.8621,GHCND:US1OHMD0021,METERS,-81.864384
1051,219.8,2011-06-01,2012-02-07,39.656299,"MCCONNELSVILLE 0.5 WNW, OH US",0.9998,GHCND:US1OHMG0001,METERS,-81.852598
1052,289.0,2020-10-28,2025-12-23,39.55292,"GLOUSTER 5.7 NE, OH US",0.9772,GHCND:US1OHMG0003,METERS,-82.00011
1053,312.1,2009-07-01,2013-07-31,41.009172,"POLAND 1.0 S, OH US",0.9819,GHCND:US1OHMH0002,METERS,-80.617635
1054,336.8,2012-08-01,2012-11-26,41.05955,"YOUNGSTOWN 2.8 S, OH US",0.998,GHCND:US1OHMH0007,METERS,-80.65493
1055,363.6,2015-03-01,2017-05-01,40.956733,"CANFIELD 5.1 S, OH US",0.8434,GHCND:US1OHMH0009,METERS,-80.773069
1056,378.3,2016-06-21,2025-12-24,40.953167,"SALEM 4.5 NE, OH US",1.0,GHCND:US1OHMH0010,METERS,-80.799213
1057,332.5,2017-10-22,2025-12-23,41.036440399,"CANFIELD 0.5 N, OH US",1.0,GHCND:US1OHMH0011,METERS,-80.7658596
1058,341.1,2023-01-29,2025-12-23,40.9473,"NORTH LIMA 1.9 W, OH US",1.0,GHCND:US1OHMH0021,METERS,-80.6966
1059,225.2,2018-11-14,2024-09-23,40.13702,"DRESDEN 1.1 N, OH US",0.1853,GHCND:US1OHMK0011,METERS,-82.010169
1060,339.2,2018-11-29,2025-12-18,39.975261,"NORWICH 1.1 SE, OH US",0.6605,GHCND:US1OHMK0012,METERS,-81.776663
1061,327.7,2019-01-13,2025-12-24,39.9235,"NEW CONCORD 5.2 SSW, OH US",0.9488,GHCND:US1OHMK0013,METERS,-81.7578
1062,274.0,2009-02-01,2023-02-28,40.135843,"PIQUA 0.8 SSE, OH US",1.0,GHCND:US1OHMM0001,METERS,-84.247631
1063,286.2,2009-03-01,2015-11-28,40.118084,"PIQUA 3.4 SE, OH US",0.7282,GHCND:US1OHMM0002,METERS,-84.199149
1064,281.3,2009-05-01,2009-11-24,39.979658,"WEST MILTON 2.9 NE, OH US",0.9956,GHCND:US1OHMM0003,METERS,-84.282197
1065,271.0,2017-04-01,2023-08-29,39.99181,"TROY 3.7 S, OH US",0.9999,GHCND:US1OHMM0011,METERS,-84.20953
1066,268.5,2017-11-01,2025-12-24,39.99982,"TROY 3.1 S, OH US",0.9989,GHCND:US1OHMM0013,METERS,-84.21136
1067,256.0,2018-12-31,2025-12-24,39.9573,"TIPP CITY 0.6 SE, OH US",0.9757,GHCND:US1OHMM0014,METERS,-84.17494
1068,295.4,2019-06-08,2025-11-09,40.057155,"PLEASANT HILL 1.9 WNW, OH US",1.0,GHCND:US1OHMM0015,METERS,-84.380447
1069,284.7,2020-07-23,2025-12-12,40.12119,"COVINGTON 0.2 NE, OH US",0.2113,GHCND:US1OHMM0018,METERS,-84.34817
1070,279.2,2020-12-12,2025-05-05,40.04499,"TROY 1.8 W, OH US",0.6986,GHCND:US1OHMM0019,METERS,-84.252304
1071,280.7,2021-04-03,2025-11-09,39.9294015,"TIPP CITY 2.4 S, OH US",0.4233,GHCND:US1OHMM0020,METERS,-84.1762665
1072,268.5,2021-04-09,2025-08-24,40.053076,"TROY 2.3 ENE, OH US",0.5641,GHCND:US1OHMM0021,METERS,-84.177139
1073,299.6,2020-08-02,2022-03-08,39.891882,"TIPP CITY 6.3 SE, OH US",0.7958,GHCND:US1OHMM0022,METERS,-84.111018
1074,260.3,2022-03-13,2025-10-19,39.9413,"TIPP CITY 1.6 SSE, OH US",0.538,GHCND:US1OHMM0023,METERS,-84.17652
1075,289.6,2022-03-29,2023-01-08,40.14073,"PIQUA 0.8 WSW, OH US",0.998,GHCND:US1OHMM0024,METERS,-84.26479
1076,258.5,2023-03-17,2023-09-02,40.0462041,"TROY 2.1 E, OH US",1.0,GHCND:US1OHMM0026,METERS,-84.1795506
1077,297.2,2023-04-01,2025-12-24,39.9707731,"WEST MILTON 1.7 NW, OH US",0.974,GHCND:US1OHMM0027,METERS,-84.34831
1078,287.7,2023-03-01,2025-12-24,40.128743,"PIQUA 1.4 SSW, OH US",0.999,GHCND:US1OHMM0029,METERS,-84.264354
1079,267.3,2022-11-20,2025-12-23,39.5982,"LOWER SALEM 9.0 ENE, OH US",0.9998,GHCND:US1OHMN0003,METERS,-81.23095
1080,292.0,2009-02-01,2009-09-22,40.5697,"MARION 1.9 ESE, OH US",1.0,GHCND:US1OHMR0001,METERS,-83.0969
1081,281.0,2009-02-01,2025-12-24,40.531238,"MARION 4.2 SSE, OH US",1.0,GHCND:US1OHMR0003,METERS,-83.088508
1082,275.8,2012-03-01,2019-09-07,40.68861111,"MORRAL 0.1 S, OH US",1.0,GHCND:US1OHMR0006,METERS,-83.21277778
1083,286.5,2015-03-01,2025-11-19,40.584557,"NEW BLOOMINGTON 0.9 W, OH US",0.9967,GHCND:US1OHMR0009,METERS,-83.3315875
1084,300.8,2019-06-01,2025-05-17,40.593143,"MARION 1.3 ENE, OH US",0.202,GHCND:US1OHMR0010,METERS,-83.10633
1085,217.3,2013-12-01,2021-07-25,39.1949547082186,"ALBANY 2.1 SSE, OH US",1.0,GHCND:US1OHMS0002,METERS,-82.1869256347418
1086,183.2,2020-10-12,2023-12-27,38.97426,"CHESHIRE 2.3 NNE, OH US",0.5837,GHCND:US1OHMS0006,METERS,-82.09336
1087,411.2,2009-06-01,2014-11-13,40.6672,"LEXINGTON 3.2 WSW, OH US",0.909,GHCND:US1OHMW0002,METERS,-82.6469
1088,395.3,2012-03-01,2015-08-06,40.3585298359394,"CENTERBURG 4.1 NNW, OH US",0.998,GHCND:US1OHMW0003,METERS,-82.7250753343105
1089,361.8,2015-10-01,2025-12-24,40.514267,"MOUNT GILEAD 4.9 ESE, OH US",1.0,GHCND:US1OHMW0004,METERS,-82.755614
1090,365.2,2017-03-21,2019-01-01,40.711508,"GALION 1.8 SE, OH US",1.0,GHCND:US1OHMW0005,METERS,-82.767831
1091,306.0,2021-11-01,2023-12-31,40.47277,"CARDINGTON 1.9 SSW, OH US",0.9619,GHCND:US1OHMW0006,METERS,-82.90407
1092,294.1,2009-02-01,2016-03-13,39.631389,"CENTERVILLE 1.7 WSW, OH US",0.4836,GHCND:US1OHMY0004,METERS,-84.169722
1093,251.8,1998-06-17,2025-12-24,39.680672,"FARMERSVILLE 1.7 E, OH US",0.9998,GHCND:US1OHMY0005,METERS,-84.395424
1094,295.7,2009-03-01,2012-09-08,39.6252,"CENTERVILLE 1.4 SW, OH US",0.8365,GHCND:US1OHMY0006,METERS,-84.1548
1095,298.1,2009-08-01,2025-10-20,39.806978,"FORT MCKINLEY 0.3 ENE, OH US",1.0,GHCND:US1OHMY0007,METERS,-84.251336
1096,304.5,2010-04-01,2025-12-23,39.694915,"KETTERING 0.2 ESE, OH US",0.9989,GHCND:US1OHMY0009,METERS,-84.146415
1097,301.4,2012-07-01,2025-12-24,39.879536,"HUBER HEIGHTS 1.8 NNW, OH US",1.0,GHCND:US1OHMY0018,METERS,-84.127826
1098,317.3,2012-09-01,2020-01-12,39.832926,"BROOKVILLE 0.6 ESE, OH US",0.9541,GHCND:US1OHMY0019,METERS,-84.405227
1099,298.1,2012-09-01,2017-07-15,39.624702,"GERMANTOWN 5.4 W, OH US",1.0,GHCND:US1OHMY0020,METERS,-84.462434
1100,250.5,2012-09-01,2023-08-24,39.71797,"KETTERING 2.8 WNW, OH US",0.9512,GHCND:US1OHMY0021,METERS,-84.19394
1101,295.7,2012-12-01,2025-08-01,39.7170524597168,"DAYTON 3.2 SSE, OH US",1.0,GHCND:US1OHMY0023,METERS,-84.1668243408203
1102,290.5,2013-05-01,2019-09-21,39.854641,"DAYTON 6.7 NNW, OH US",0.9994,GHCND:US1OHMY0025,METERS,-84.211168
1103,274.9,2014-07-01,2017-12-23,39.708262,"FARMERSVILLE 2.4 NNE, OH US",0.9987,GHCND:US1OHMY0033,METERS,-84.404082
1104,299.0,2015-01-01,2025-12-24,39.897945,"UNION 1.0 WSW, OH US",1.0,GHCND:US1OHMY0034,METERS,-84.3284
1105,282.2,2015-03-01,2018-05-22,39.850265,"NORTHVIEW 0.5 N, OH US",1.0,GHCND:US1OHMY0036,METERS,-84.281036
1106,305.4,2015-07-01,2025-12-24,39.585429,"CENTERVILLE 3.9 S, OH US",0.9998,GHCND:US1OHMY0039,METERS,-84.149543
1107,241.7,2017-03-20,2017-12-06,39.76595,"RIVERSIDE 1.1 SSE, OH US",1.0,GHCND:US1OHMY0045,METERS,-84.11798
1108,292.3,2017-03-20,2025-12-20,39.622712,"MIAMISBURG 1.5 SE, OH US",0.9043,GHCND:US1OHMY0046,METERS,-84.252881
1109,305.4,2017-03-31,2025-06-15,39.600496,"CENTERVILLE 3.1 SSW, OH US",0.1094,GHCND:US1OHMY0048,METERS,-84.162471
1110,276.5,2018-02-22,2018-12-03,39.74236,"DAYTON 3.6 SE, OH US",0.8696,GHCND:US1OHMY0051,METERS,-84.14919
1111,314.2,2018-02-27,2025-10-26,39.831189,"BROOKVILLE 0.4 SSW, OH US",0.0836,GHCND:US1OHMY0052,METERS,-84.418201
1112,239.3,2018-02-19,2019-10-12,39.8642296,"HUBER HEIGHTS 2.9 WNW, OH US",0.4267,GHCND:US1OHMY0053,METERS,-84.1656314
1113,279.8,2019-03-24,2025-12-23,39.74192,"DAYTON 3.7 SE, OH US",0.5479,GHCND:US1OHMY0056,METERS,-84.14727
1114,249.0,2019-04-18,2025-12-22,39.629461,"GERMANTOWN 0.8 WSW, OH US",0.3881,GHCND:US1OHMY0059,METERS,-84.375189
1115,301.1,2019-06-24,2025-12-23,39.8604183,"DAYTON 5.8 NNW, OH US",0.8737,GHCND:US1OHMY0061,METERS,-84.223413
1116,276.1,2019-08-24,2022-02-25,39.6403,"CENTERVILLE 2.8 W, OH US",0.6619,GHCND:US1OHMY0062,METERS,-84.1931
1117,305.1,2019-09-23,2020-10-24,39.58805,"FIVE POINTS 1.9 NNE, OH US",0.9819,GHCND:US1OHMY0064,METERS,-84.18799
1118,241.4,2020-05-11,2021-05-18,39.7712,"RIVERSIDE 0.8 SSE, OH US",0.998,GHCND:US1OHMY0069,METERS,-84.11649
1119,289.9,2020-05-24,2020-11-13,39.795755,"DAYTON 1.8 NW, OH US",0.9947,GHCND:US1OHMY0070,METERS,-84.222451
1120,296.3,2021-03-22,2025-11-30,39.7172,"DAYTON 4.7 SSE, OH US",0.4886,GHCND:US1OHMY0075,METERS,-84.1627
1121,280.1,2021-03-16,2025-12-24,39.85927,"DAYTON 6.0 NNW, OH US",0.9536,GHCND:US1OHMY0076,METERS,-84.24298
1122,303.9,2021-09-22,2025-12-24,39.8611,"CLAYTON 0.6 E, OH US",0.8804,GHCND:US1OHMY0079,METERS,-84.34417
1123,288.6,2022-04-01,2024-11-12,39.859326,"ENGLEWOOD 0.7 E, OH US",0.9985,GHCND:US1OHMY0083,METERS,-84.2942
1124,281.3,2024-04-10,2025-12-23,39.885189,"VANDALIA 1.1 ENE, OH US",0.8186,GHCND:US1OHMY0086,METERS,-84.175129
1125,274.0,2022-05-17,2022-12-22,39.7068,"KETTERING 1.9 ENE, OH US",0.998,GHCND:US1OHMY0087,METERS,-84.1165
1126,285.6,2022-06-23,2025-12-14,39.6683674,"DAYTON 6.1 S, OH US",0.9898,GHCND:US1OHMY0088,METERS,-84.176339
1127,236.5,2022-07-20,2025-12-24,39.797487,"RIVERSIDE 1.9 NW, OH US",0.9744,GHCND:US1OHMY0091,METERS,-84.151188
1128,257.9,2023-03-24,2025-12-24,39.8677,"HUBER HEIGHTS 2.3 WNW, OH US",0.9782,GHCND:US1OHMY0095,METERS,-84.15378
1129,296.0,2023-03-26,2025-12-22,39.639445,"CENTERVILLE 0.7 E, OH US",0.9482,GHCND:US1OHMY0096,METERS,-84.127265
1130,329.8,2023-11-10,2025-11-22,39.581879,"FIVE POINTS 1.9 NE, OH US",0.6519,GHCND:US1OHMY0097,METERS,-84.171959
1131,286.5,2023-09-12,2024-09-28,39.7513,"DAYTON 5.5 ESE, OH US",0.9898,GHCND:US1OHMY0098,METERS,-84.1013
1132,285.3,2024-01-01,2025-12-18,39.694418,"KETTERING 2.0 W, OH US",0.8696,GHCND:US1OHMY0099,METERS,-84.187243
1133,314.9,2024-05-20,2025-12-24,39.897,"BROOKVILLE 5.0 NNW, OH US",1.0,GHCND:US1OHMY0106,METERS,-84.465
1134,312.4,2022-04-12,2025-12-23,39.8915464,"SENECAVILLE 4.0 SE, OH US",0.9991,GHCND:US1OHNB0004,METERS,-81.4097631
1135,275.5,2023-04-15,2025-10-31,39.919201,"SENECAVILLE 3.5 ESE, OH US",0.6037,GHCND:US1OHNB0005,METERS,-81.397484
1136,175.0,2009-01-01,2025-06-01,41.503,"PORT CLINTON 2.5 W, OH US",1.0,GHCND:US1OHOT0002,METERS,-82.9864
1137,187.1,2009-01-01,2011-03-31,41.5217755,"GENOA 1.1 ENE, OH US",1.0,GHCND:US1OHOT0003,METERS,-83.3392632
1138,179.8,2012-07-01,2025-12-23,41.6389722,"PUT IN BAY 1.1 SSW, OH US",0.9998,GHCND:US1OHOT0004,METERS,-82.8248362
1139,176.2,2013-04-13,2016-10-21,41.5127029418945,"PORT CLINTON 0.6 ENE, OH US",0.08,GHCND:US1OHOT0005,METERS,-82.9278335571289
1140,179.8,2014-04-01,2016-02-24,41.527944,"MARBLEHEAD 5.3 W, OH US",0.7424,GHCND:US1OHOT0006,METERS,-82.823976
1141,178.6,2017-03-31,2025-12-22,41.548034,"PORT CLINTON 5.5 ENE, OH US",0.2628,GHCND:US1OHOT0008,METERS,-82.846279
1142,176.5,2018-10-28,2025-12-24,41.52388889,"PORT CLINTON 6.8 W, OH US",0.8876,GHCND:US1OHOT0009,METERS,-83.06833333
1143,178.9,2023-08-31,2025-12-23,41.510804,"OAK HARBOR 0.4 W, OH US",0.9716,GHCND:US1OHOT0011,METERS,-83.15514
1144,321.9,2009-02-01,2025-12-24,39.764721,"EATON 1.0 N, OH US",1.0,GHCND:US1OHPB0001,METERS,-84.633806
1145,325.2,2012-09-01,2025-11-28,39.743692,"EATON 1.1 WSW, OH US",1.0,GHCND:US1OHPB0004,METERS,-84.65429
1146,277.4,2013-06-01,2018-11-30,39.743893,"WEST ALEXANDRIA 0.5 W, OH US",0.9999,GHCND:US1OHPB0006,METERS,-84.5427349
1147,323.7,2019-02-24,2019-07-22,39.7684,"EATON 1.4 N, OH US",0.998,GHCND:US1OHPB0009,METERS,-84.6383
1148,319.4,2019-07-23,2020-12-17,39.755302,"EATON 0.5 NNE, OH US",0.998,GHCND:US1OHPB0010,METERS,-84.629742
1149,356.3,2022-06-01,2025-11-24,39.8296977,"NEW PARIS 1.9 S, OH US",0.3853,GHCND:US1OHPB0012,METERS,-84.7933648
1150,249.9,2009-06-01,2021-08-31,39.710884,"ASHVILLE 6.3 E, OH US",0.2502,GHCND:US1OHPC0001,METERS,-82.837472
1151,236.8,2014-06-05,2025-11-22,39.593128,"WILLIAMSPORT 0.7 N, OH US",0.1394,GHCND:US1OHPC0004,METERS,-83.114885
1152,217.9,2021-04-15,2025-12-24,39.6193475,"CIRCLEVILLE 1.5 NE, OH US",0.891,GHCND:US1OHPC0007,METERS,-82.9240004
1153,219.8,2022-03-31,2022-09-10,39.6192033,"CIRCLEVILLE 1.2 NNE, OH US",0.9947,GHCND:US1OHPC0008,METERS,-82.9335517
1154,258.2,2022-01-31,2025-12-23,39.75854,"ORIENT 4.1 SE, OH US",0.3144,GHCND:US1OHPC0009,METERS,-83.10299
1155,234.7,2023-01-01,2025-12-24,39.721517,"ASHVILLE 4.9 W, OH US",1.0,GHCND:US1OHPC0010,METERS,-83.047658
1156,262.7,2023-03-24,2025-12-15,39.6509924,"CIRCLEVILLE 4.3 NE, OH US",0.7776,GHCND:US1OHPC0012,METERS,-82.8897801
1157,211.5,2020-04-13,2021-09-14,39.0525,"PIKETON 1.3 SSE, OH US",0.9981,GHCND:US1OHPK0001,METERS,-82.98806
1158,206.0,2022-04-24,2025-12-24,39.173537,"WAVERLY 4.2 NE, OH US",0.8374,GHCND:US1OHPK0002,METERS,-82.934884
1159,192.6,2024-04-27,2024-11-08,39.1084619,"WAVERLY 2.3 WSW, OH US",1.0,GHCND:US1OHPK0003,METERS,-83.0202426
1160,212.4,2009-03-01,2019-04-27,41.2240162,"CECIL 0.3 N, OH US",0.7936,GHCND:US1OHPL0001,METERS,-84.6021553
1161,219.2,2018-05-11,2025-11-25,41.09193,"PAULDING 5.6 ESE, OH US",0.6364,GHCND:US1OHPL0004,METERS,-84.49202
1162,220.1,2018-08-25,2024-07-15,41.154572,"PAULDING 1.4 NNE, OH US",0.2472,GHCND:US1OHPL0005,METERS,-84.569123
1163,225.6,2017-03-15,2025-12-24,41.03562,"OTTAWA 1.0 N, OH US",0.8094,GHCND:US1OHPN0010,METERS,-84.04323
1164,226.5,2023-04-01,2025-12-24,41.108062,"LEIPSIC 5.4 W, OH US",0.999,GHCND:US1OHPN0014,METERS,-84.088268
1165,225.2,2024-04-10,2025-11-26,41.02797,"OTTAWA 1.2 ENE, OH US",0.7207,GHCND:US1OHPN0016,METERS,-84.02112
1166,330.1,2009-05-01,2010-08-13,41.147902,"KENT 2.0 E, OH US",1.0,GHCND:US1OHPT0001,METERS,-81.323981
1167,341.1,2009-02-01,2025-12-24,41.1598518,"RAVENNA 0.5 E, OH US",0.6113,GHCND:US1OHPT0002,METERS,-81.2321081
1168,321.9,2009-06-01,2010-11-09,41.155176,"RAVENNA 2.2 E, OH US",0.9998,GHCND:US1OHPT0003,METERS,-81.200791
1169,342.0,2009-02-01,2010-07-26,41.154794,"RAVENNA 1.4 ESE, OH US",1.0,GHCND:US1OHPT0005,METERS,-81.216661
1170,349.0,2009-02-01,2009-12-09,41.20735,"RAVENNA 4.9 NE, OH US",1.0,GHCND:US1OHPT0006,METERS,-81.17377
1171,338.6,2009-05-01,2018-05-24,41.2113263,"RAVENNA 3.9 NNE, OH US",0.9995,GHCND:US1OHPT0007,METERS,-81.2133347
1172,331.0,2009-03-01,2025-12-24,41.2097634,"STREETSBORO 2.1 SSW, OH US",0.9997,GHCND:US1OHPT0008,METERS,-81.3548141
1173,353.6,2009-03-01,2025-12-24,41.31595089,"HIRAM 0.4 N, OH US",0.9992,GHCND:US1OHPT0009,METERS,-81.14342598
1174,330.4,2009-02-01,2025-12-23,41.20083,"KENT 3.6 NE, OH US",1.0,GHCND:US1OHPT0010,METERS,-81.33889
1175,357.8,2010-01-01,2025-12-22,41.008488,"MOGADORE 4.7 SE, OH US",1.0,GHCND:US1OHPT0012,METERS,-81.329049
1176,390.8,2011-03-01,2025-12-24,41.2942081,"MANTUA 1.0 NNW, OH US",0.9993,GHCND:US1OHPT0013,METERS,-81.2316384
1177,309.1,2014-11-14,2021-04-22,41.312248,"AURORA 2.0 W, OH US",0.0446,GHCND:US1OHPT0015,METERS,-81.38221
1178,322.5,2009-02-21,2025-12-24,41.14718,"KENT 1.5 W, OH US",0.9999,GHCND:US1OHPT0017,METERS,-81.390797
1179,333.5,2021-08-01,2025-12-24,41.259925,"STREETSBORO 1.8 NW, OH US",0.9991,GHCND:US1OHPT0023,METERS,-81.3667446
1180,331.9,2022-05-16,2025-12-24,41.103831,"ROOTSTOWN 0.5 NW, OH US",0.9629,GHCND:US1OHPT0024,METERS,-81.250475
1181,338.3,2023-07-28,2025-12-24,41.1119,"KENT 4.2 SE, OH US",0.9546,GHCND:US1OHPT0025,METERS,-81.2978
1182,274.3,2014-01-01,2017-03-06,39.726123,"NEW LEXINGTON 0.9 NNE, OH US",1.0,GHCND:US1OHPY0001,METERS,-82.204532
1183,345.0,2021-07-08,2022-05-28,39.822778,"SOMERSET 1.7 NW, OH US",0.7485,GHCND:US1OHPY0004,METERS,-82.323056
1184,373.4,2009-03-01,2025-12-23,40.686397,"LEXINGTON 0.9 NW, OH US",0.9997,GHCND:US1OHRC0003,METERS,-82.599442
1185,333.5,2015-11-18,2025-12-23,40.890047,"SHELBY 0.6 NNE, OH US",0.9999,GHCND:US1OHRC0007,METERS,-82.655814
1186,393.2,2016-01-11,2025-12-23,40.7751922607422,"MANSFIELD 2.0 WNW, OH US",0.139,GHCND:US1OHRC0008,METERS,-82.5623397827148
1187,438.0,2017-02-28,2025-12-24,40.7383499,"MANSFIELD 5.1 WSW, OH US",0.9992,GHCND:US1OHRC0009,METERS,-82.61833
1188,417.0,2017-03-24,2017-07-12,40.755733,"ONTARIO 1.1 SE, OH US",0.998,GHCND:US1OHRC0011,METERS,-82.592177
1189,341.7,2018-09-30,2025-11-08,40.873493,"SHELBY 0.8 SE, OH US",0.2122,GHCND:US1OHRC0012,METERS,-82.651215
1190,313.9,2021-03-01,2025-12-24,40.783885,"MANSFIELD 7.3 ENE, OH US",0.8001,GHCND:US1OHRC0014,METERS,-82.389802
1191,,2020-04-09,2025-12-24,40.68587,"LEXINGTON 1.4 ENE, OH US",0.839,GHCND:US1OHRC0015,,-82.56144
1192,376.4,2022-05-17,2025-12-23,40.746811,"GALION 3.7 ENE, OH US",0.9995,GHCND:US1OHRC0017,METERS,-82.722633
1193,385.0,2023-03-26,2025-12-24,40.708214,"LEXINGTON 2.3 NNW, OH US",0.993,GHCND:US1OHRC0018,METERS,-82.606018
1194,256.3,2009-02-01,2018-01-28,39.2825,"CHILLICOTHE 3.7 S, OH US",1.0,GHCND:US1OHRS0001,METERS,-82.99446
1195,223.1,2021-03-30,2024-11-19,39.229233,"BAINBRIDGE 0.5 ENE, OH US",0.3531,GHCND:US1OHRS0010,METERS,-83.261167
1196,258.8,2023-03-23,2025-12-24,39.4188772,"CHILLICOTHE 7.1 NE, OH US",0.8929,GHCND:US1OHRS0014,METERS,-82.9101389
1197,226.8,2023-04-04,2025-12-24,39.41522,"FRANKFORT 0.7 NE, OH US",0.9985,GHCND:US1OHRS0017,METERS,-83.17352
1198,298.1,2023-09-01,2025-12-09,39.267806,"BAINBRIDGE 6.1 NNW, OH US",0.71,GHCND:US1OHRS0018,METERS,-83.364571
1199,162.8,2009-02-01,2018-09-27,38.758412,"SCIOTODALE 1.2 W, OH US",0.7679,GHCND:US1OHSC0001,METERS,-82.883169
1200,189.6,2010-10-01,2025-12-20,38.787274,"ROSEMOUNT 0.3 W, OH US",0.9999,GHCND:US1OHSC0004,METERS,-82.977865
1201,254.2,2012-06-01,2015-10-15,38.8295587152243,"LUCASVILLE 4.5 SE, OH US",0.9999,GHCND:US1OHSC0006,METERS,-82.9411051422358
1202,208.2,2017-01-20,2023-01-11,38.8845,"LUCASVILLE 0.9 ENE, OH US",0.9991,GHCND:US1OHSC0008,METERS,-82.980176
1203,247.5,2020-03-13,2025-12-23,38.80242,"PORTSMOUTH 3.3 N, OH US",0.8617,GHCND:US1OHSC0013,METERS,-82.95679
1204,185.6,2009-02-01,2025-12-24,41.365826,"FREMONT 2.2 ENE, OH US",1.0,GHCND:US1OHSD0002,METERS,-83.075386
1205,197.8,2009-02-01,2012-08-20,41.3148042,"CLYDE 0.7 N, OH US",1.0,GHCND:US1OHSD0003,METERS,-82.9761113
1206,209.4,2012-04-01,2012-11-05,41.2924455106258,"CLYDE 1.8 WSW, OH US",0.998,GHCND:US1OHSD0007,METERS,-83.0078291147947
1207,191.7,2012-08-01,2014-10-31,41.3447799682617,"FREMONT 0.5 SW, OH US",0.9998,GHCND:US1OHSD0009,METERS,-83.1200637817383
1208,318.8,2009-02-01,2012-07-20,40.344924,"SIDNEY 5.3 NE, OH US",0.9534,GHCND:US1OHSH0001,METERS,-84.093883
1209,303.9,2009-03-01,2009-09-21,40.515785,"LAKEVIEW 2.6 NE, OH US",0.9956,GHCND:US1OHSH0002,METERS,-83.893159
1210,302.7,2009-03-01,2025-11-09,40.43708,"ANNA 3.1 NNW, OH US",0.9993,GHCND:US1OHSH0004,METERS,-84.177844
1211,286.5,2009-04-01,2016-12-14,40.248911,"HOUSTON 0.5 SE, OH US",0.988,GHCND:US1OHSH0005,METERS,-84.330786
1212,322.2,2009-05-01,2015-10-29,40.283,"SIDNEY 4.3 E, OH US",0.5254,GHCND:US1OHSH0007,METERS,-84.0816
1213,299.3,1998-06-01,2021-12-16,40.329138,"FORT LORAMIE 2.1 SE, OH US",0.3148,GHCND:US1OHSH0009,METERS,-84.337489
1214,306.0,2003-08-24,2025-12-24,40.2504853,"RUSSIA 1.3 NNE, OH US",0.9996,GHCND:US1OHSH0010,METERS,-84.4052586
1215,298.1,2011-04-01,2025-12-24,40.2708906,"HOUSTON 1.3 NNE, OH US",0.9996,GHCND:US1OHSH0011,METERS,-84.3246597
1216,313.9,2011-04-01,2012-07-28,40.3018751,"SIDNEY 1.9 ENE, OH US",0.7485,GHCND:US1OHSH0012,METERS,-84.1317202
1217,299.3,2011-05-01,2025-12-24,40.3153157,"FORT LORAMIE 3.2 SW, OH US",0.9993,GHCND:US1OHSH0013,METERS,-84.4154331
1218,289.9,2011-08-01,2025-12-24,40.356285,"FORT LORAMIE 2.1 WNW, OH US",0.964,GHCND:US1OHSH0014,METERS,-84.407598
1219,287.4,2012-02-01,2025-12-24,40.35694444,"FORT LORAMIE 0.8 NNW, OH US",1.0,GHCND:US1OHSH0015,METERS,-84.37361111
1220,317.6,2014-04-01,2018-09-28,40.3147152811289,"SIDNEY 1.9 NNE, OH US",0.9993,GHCND:US1OHSH0016,METERS,-84.151903912425
1221,311.5,2017-06-24,2025-09-25,40.324811,"SIDNEY 2.9 NNE, OH US",0.6272,GHCND:US1OHSH0018,METERS,-84.135083
1222,282.9,2018-04-01,2025-12-24,40.237079,"SIDNEY 5.4 SW, OH US",0.9997,GHCND:US1OHSH0020,METERS,-84.24076
1223,348.4,2009-02-01,2010-12-10,41.072344,"AKRON 3.1 E, OH US",0.7838,GHCND:US1OHSM0002,METERS,-81.463511
1224,311.2,2009-02-01,2011-11-05,41.3196,"MACEDONIA 1.2 WNW, OH US",1.0,GHCND:US1OHSM0003,METERS,-81.5185
1225,312.7,2009-03-01,2017-07-28,41.320279,"MACEDONIA 0.7 NNW, OH US",0.9998,GHCND:US1OHSM0004,METERS,-81.501224
1226,303.0,2009-03-01,2025-12-24,41.16227722,"CUYAHOGA FALLS 1.1 ESE, OH US",0.9999,GHCND:US1OHSM0005,METERS,-81.50374603
1227,355.7,2009-03-01,2011-09-17,41.091761,"TALLMADGE 0.8 S, OH US",0.3869,GHCND:US1OHSM0006,METERS,-81.42408
1228,345.3,2009-03-01,2009-10-20,41.1667085,"STOW 0.8 SE, OH US",0.9939,GHCND:US1OHSM0007,METERS,-81.4268674
1229,317.6,2009-03-01,2025-10-15,41.176522,"CUYAHOGA FALLS 0.7 NE, OH US",0.998,GHCND:US1OHSM0008,METERS,-81.514314
1230,340.5,2009-04-01,2011-10-20,40.960402,"CLINTON 3.5 NE, OH US",0.6449,GHCND:US1OHSM0009,METERS,-81.578803
1231,293.5,2009-04-01,2012-02-21,40.919681,"CLINTON 3.2 ESE, OH US",0.9146,GHCND:US1OHSM0010,METERS,-81.570514
1232,310.0,2010-04-01,2012-01-20,40.953363,"AKRON 8.9 S, OH US",0.9988,GHCND:US1OHSM0014,METERS,-81.523914
1233,339.5,2010-04-01,2014-04-20,41.065181,"AKRON 3.6 ESE, OH US",0.8166,GHCND:US1OHSM0015,METERS,-81.455697
1234,337.7,2010-12-01,2015-08-20,41.160253,"STOW 1.6 SE, OH US",1.0,GHCND:US1OHSM0016,METERS,-81.415596
1235,336.2,2011-04-01,2014-01-17,41.1499,"MUNROE FALLS 0.7 NNW, OH US",0.998,GHCND:US1OHSM0017,METERS,-81.439
1236,306.0,2013-11-01,2025-12-24,41.122936,"FAIRLAWN 0.2 SW, OH US",0.9991,GHCND:US1OHSM0022,METERS,-81.625194
1237,310.9,2014-03-01,2017-08-19,41.038825,"AKRON 2.9 S, OH US",0.8534,GHCND:US1OHSM0025,METERS,-81.524778
1238,338.6,2014-04-01,2025-11-26,41.1486667,"MUNROE FALLS 0.7 NNE, OH US",0.916,GHCND:US1OHSM0026,METERS,-81.4306667
1239,272.5,2014-06-18,2021-04-11,41.114451,"AKRON 2.4 NNW, OH US",0.9819,GHCND:US1OHSM0027,METERS,-81.534418
1240,307.2,2015-09-08,2016-05-26,40.98121,"AKRON 7.0 S, OH US",0.4275,GHCND:US1OHSM0028,METERS,-81.540686
1241,337.1,2017-04-29,2025-11-27,41.07979,"AKRON 2.6 E, OH US",0.7097,GHCND:US1OHSM0032,METERS,-81.47098
1242,304.2,2020-04-20,2022-05-10,41.08008,"AKRON 2.4 W, OH US",0.8815,GHCND:US1OHSM0038,METERS,-81.56801
1243,371.9,2020-04-17,2025-12-23,41.114027,"TALLMADGE 0.8 NNE, OH US",0.9986,GHCND:US1OHSM0039,METERS,-81.419702
1244,296.6,2020-12-31,2021-11-13,41.040576,"BARBERTON 2.4 NE, OH US",0.9939,GHCND:US1OHSM0040,METERS,-81.578391
1245,366.4,2022-05-18,2025-11-26,41.2552,"RICHFIELD 1.7 NNW, OH US",0.998,GHCND:US1OHSM0044,METERS,-81.6495
1246,304.8,2023-04-24,2025-12-24,41.330744,"REMINDERVILLE 0.3 NNE, OH US",0.8289,GHCND:US1OHSM0046,METERS,-81.394969
1247,347.5,2023-07-27,2025-10-20,41.31817,"MACEDONIA 0.7 NE, OH US",0.9819,GHCND:US1OHSM0047,METERS,-81.48773
1248,244.1,2009-02-01,2015-09-09,41.205,"BELLEVUE 4.9 S, OH US",1.0,GHCND:US1OHSN0001,METERS,-82.838
1249,236.8,1998-06-17,2025-10-31,41.13143,"BASCOM 0.3 ESE, OH US",0.6922,GHCND:US1OHSN0002,METERS,-83.28077
1250,254.2,2002-02-01,2025-12-23,41.0589354,"TIFFIN 5.2 SE, OH US",1.0,GHCND:US1OHSN0003,METERS,-83.1126723
1251,324.0,2013-05-01,2020-10-30,40.8415,"CANTON 2.8 NE, OH US",0.998,GHCND:US1OHST0002,METERS,-81.3367
1252,318.2,2018-11-27,2019-12-30,40.832211,"CANTON 5.8 WNW, OH US",0.9011,GHCND:US1OHST0006,METERS,-81.480857
1253,353.9,2023-03-27,2025-12-24,40.8224,"CANTON 2.0 ENE, OH US",0.9678,GHCND:US1OHST0011,METERS,-81.33738
1254,385.0,2023-03-21,2025-12-24,40.8517,"ALLIANCE 4.8 SSW, OH US",0.999,GHCND:US1OHST0012,METERS,-81.1631
1255,303.3,2009-03-01,2013-11-08,41.39,"KINSMAN 4.3 SW, OH US",0.9468,GHCND:US1OHTR0001,METERS,-80.63
1256,275.2,2010-09-01,2025-12-24,41.197735,"NEWTON FALLS 0.6 N, OH US",1.0,GHCND:US1OHTR0004,METERS,-80.972115
1257,302.1,2018-03-11,2018-11-04,41.16135,"HUBBARD 0.4 ENE, OH US",0.9956,GHCND:US1OHTR0010,METERS,-80.56164
1258,284.7,2018-09-22,2025-10-08,41.32616,"WARREN 6.1 N, OH US",0.324,GHCND:US1OHTR0011,METERS,-80.82683167
1259,322.2,2022-04-23,2025-12-24,41.343012,"CORTLAND 1.2 NE, OH US",0.7846,GHCND:US1OHTR0013,METERS,-80.705935
1260,346.6,2022-03-16,2025-12-24,41.1955968,"GIRARD 3.9 NE, OH US",0.9313,GHCND:US1OHTR0014,METERS,-80.6453042
1261,322.8,2023-03-04,2025-12-23,41.353038,"CORTLAND 1.7 NNE, OH US",0.194,GHCND:US1OHTR0017,METERS,-80.707003
1262,285.0,2009-02-01,2025-12-24,40.5507,"DOVER 4.6 WNW, OH US",1.0,GHCND:US1OHTS0001,METERS,-81.564
1263,287.1,2009-04-01,2009-10-31,40.630398,"BOLIVAR 1.9 SE, OH US",0.998,GHCND:US1OHTS0002,METERS,-81.430427
1264,279.5,1998-06-17,2019-06-02,40.530177,"DOVER 1.0 E, OH US",0.9997,GHCND:US1OHTS0004,METERS,-81.461096
1265,280.1,2013-03-01,2017-04-29,40.6020164489746,"STRASBURG 0.1 ESE, OH US",0.9993,GHCND:US1OHTS0006,METERS,-81.5283660888672
1266,284.4,2015-07-01,2016-07-11,40.5495,"DOVER 1.5 NNW, OH US",0.998,GHCND:US1OHTS0007,METERS,-81.4904
1267,303.9,2016-07-12,2025-12-24,40.51136,"SUGARCREEK 0.9 ENE, OH US",0.9736,GHCND:US1OHTS0008,METERS,-81.625728
1268,260.6,2018-08-21,2025-12-24,40.409887,"UHRICHSVILLE 0.7 N, OH US",0.954,GHCND:US1OHTS0014,METERS,-81.353197
1269,266.7,2019-05-13,2021-07-17,40.486043,"NEW PHILADELPHIA 2.4 W, OH US",0.9898,GHCND:US1OHTS0015,METERS,-81.486105
1270,294.1,2020-10-05,2024-02-17,40.5205,"MINERAL CITY 7.2 SE, OH US",0.9925,GHCND:US1OHTS0019,METERS,-81.27689
1271,279.5,2022-08-31,2025-12-24,40.4445424,"NEW PHILADELPHIA 5.6 WSW, OH US",0.9175,GHCND:US1OHTS0024,METERS,-81.531691
1272,299.0,2009-04-01,2009-10-29,40.256432,"MARYSVILLE 1.5 NNE, OH US",0.9956,GHCND:US1OHUN0001,METERS,-83.35962
1273,307.2,2010-05-01,2010-11-27,40.2220903,"MARYSVILLE 1.1 SSE, OH US",0.998,GHCND:US1OHUN0003,METERS,-83.3674912
1274,309.4,2020-10-08,2023-08-24,40.255666,"MARYSVILLE 1.4 NNW, OH US",0.669,GHCND:US1OHUN0015,METERS,-83.387327
1275,300.8,2021-04-11,2021-11-22,40.24388889,"MARYSVILLE 1.9 ENE, OH US",0.5221,GHCND:US1OHUN0017,METERS,-83.33916667
1276,301.8,2021-07-01,2025-12-21,40.272664,"MARYSVILLE 6.1 ENE, OH US",1.0,GHCND:US1OHUN0018,METERS,-83.267966
1277,313.0,2022-04-25,2023-02-07,40.213279,"MARYSVILLE 1.7 S, OH US",0.5536,GHCND:US1OHUN0019,METERS,-83.370334
1278,307.5,2023-03-01,2025-12-24,40.153333184552,"PLAIN CITY 4.1 NE, OH US",0.9154,GHCND:US1OHUN0020,METERS,-83.2231868103345
1279,303.6,2023-12-30,2025-12-24,40.242459,"MARYSVILLE 1.3 ENE, OH US",1.0,GHCND:US1OHUN0021,METERS,-83.35077
1280,289.0,2009-08-01,2012-02-01,39.249,"MCARTHUR 2.4 W, OH US",0.936,GHCND:US1OHVN0001,METERS,-82.523
1281,271.9,2018-01-29,2025-11-27,39.251218,"ALBANY 4.5 WNW, OH US",0.9986,GHCND:US1OHVN0003,METERS,-82.274717
1282,227.7,2024-04-09,2025-12-23,39.263254,"MCARTHUR 7.0 W, OH US",0.9462,GHCND:US1OHVN0005,METERS,-82.606954
1283,189.9,2009-01-01,2009-07-01,41.559933,"PERRYSBURG 4.5 E, OH US",1.0,GHCND:US1OHWD0001,METERS,-83.537914
1284,203.9,2009-01-01,2015-01-06,41.39121,"BOWLING GREEN 1.7 NW, OH US",0.8493,GHCND:US1OHWD0002,METERS,-83.675149
1285,184.7,2009-02-01,2014-03-11,41.618586,"NORTHWOOD 2.8 ENE, OH US",1.0,GHCND:US1OHWD0003,METERS,-83.427694
1286,207.9,2009-04-01,2025-12-21,41.384963,"BRADNER 4.2 N, OH US",0.998,GHCND:US1OHWD0008,METERS,-83.438156
1287,188.4,2009-07-01,2016-12-10,41.58776,"WALBRIDGE 0.2 NNW, OH US",0.3946,GHCND:US1OHWD0009,METERS,-83.4911
1288,196.6,2010-03-01,2014-02-13,41.49251,"PERRYSBURG 6.0 SE, OH US",1.0,GHCND:US1OHWD0010,METERS,-83.540645
1289,205.7,2011-01-01,2025-12-24,41.408239,"BOWLING GREEN 2.7 NW, OH US",0.9993,GHCND:US1OHWD0012,METERS,-83.671614
1290,194.2,2013-04-01,2025-12-24,41.54114,"PERRYSBURG 1.6 WSW, OH US",0.9998,GHCND:US1OHWD0014,METERS,-83.64973
1291,208.2,2014-03-01,2014-09-11,41.3722479343414,"BOWLING GREEN 1.5 W, OH US",1.0,GHCND:US1OHWD0015,METERS,-83.6776947230101
1292,189.0,2014-04-14,2025-09-23,41.581751,"PERRYSBURG 5.2 ENE, OH US",0.9819,GHCND:US1OHWD0016,METERS,-83.530708
1293,205.7,2015-08-01,2020-09-27,41.387302,"BOWLING GREEN 1.7 WNW, OH US",0.9998,GHCND:US1OHWD0019,METERS,-83.678497
1294,210.9,2018-03-29,2025-12-24,41.375707,"BOWLING GREEN 0.8 W, OH US",0.9991,GHCND:US1OHWD0023,METERS,-83.664068
1295,211.2,2021-06-08,2025-12-19,41.3002,"WAYNE 0.3 ESE, OH US",1.0,GHCND:US1OHWD0026,METERS,-83.467
1296,188.4,2023-03-27,2025-12-24,41.5918594657036,"NORTHWOOD 1.8 SE, OH US",0.9313,GHCND:US1OHWD0027,METERS,-83.454885079498
1297,223.7,2023-04-13,2025-12-23,41.21471,"FOSTORIA 4.1 NNW, OH US",0.3935,GHCND:US1OHWD0028,METERS,-83.440958
1298,195.7,2023-05-11,2025-04-25,41.507358,"PERRYSBURG 4.5 SW, OH US",0.5265,GHCND:US1OHWD0030,METERS,-83.685031
1299,223.1,2009-02-01,2015-12-29,41.47241,"BRYAN 1.3 E, OH US",0.8559,GHCND:US1OHWL0002,METERS,-84.522881
1300,287.7,2009-11-01,2015-10-24,41.694272,"PIONEER 4.6 WNW, OH US",0.5696,GHCND:US1OHWL0003,METERS,-84.637828
1301,253.0,2010-05-01,2025-12-23,41.6654,"ALVORDTON 0.5 E, OH US",0.9996,GHCND:US1OHWL0005,METERS,-84.4244
1302,267.9,2010-06-01,2013-11-23,41.68171,"PIONEER 0.3 NE, OH US",0.9519,GHCND:US1OHWL0006,METERS,-84.54752
1303,287.4,2014-03-01,2016-09-26,41.6942256689072,"PIONEER 4.6 WNW, OH US",0.7051,GHCND:US1OHWL0007,METERS,-84.6378745883703
1304,266.4,2014-04-01,2025-11-26,41.644969,"PIONEER 2.3 S, OH US",0.8744,GHCND:US1OHWL0008,METERS,-84.55218
1305,244.1,2022-05-24,2025-08-27,41.4874117,"BRYAN 2.1 NW, OH US",0.499,GHCND:US1OHWL0010,METERS,-84.5816405
1306,360.0,2009-02-01,2019-12-24,40.75209,"KIDRON 0.7 N, OH US",0.942,GHCND:US1OHWN0001,METERS,-81.745947
1307,278.0,2012-04-01,2025-10-22,40.761131,"WOOSTER 4.8 SW, OH US",0.7441,GHCND:US1OHWN0003,METERS,-81.984922
1308,345.0,2013-02-01,2018-12-14,40.894591,"WOOSTER 5.4 NNE, OH US",0.9487,GHCND:US1OHWN0004,METERS,-81.906609
1309,339.2,2018-11-19,2025-12-24,40.77189,"APPLE CREEK 2.3 NE, OH US",0.6487,GHCND:US1OHWN0008,METERS,-81.80253
1310,363.3,2019-01-19,2022-01-16,40.91638889,"WEST SALEM 4.1 SSE, OH US",0.1554,GHCND:US1OHWN0010,METERS,-82.07388889
1311,332.5,2023-09-06,2025-12-23,40.951263,"WEST SALEM 1.3 SSE, OH US",0.9608,GHCND:US1OHWN0012,METERS,-82.101521
1312,363.9,2020-11-15,2025-12-24,40.695403,"MOUNT EATON 0.2 W, OH US",1.0,GHCND:US1OHWN0014,METERS,-81.705944
1313,302.1,2022-03-21,2025-12-02,40.9494491,"RITTMAN 1.7 SSE, OH US",0.3917,GHCND:US1OHWN0018,METERS,-81.7690837
1314,335.3,2022-05-19,2025-10-20,40.84039,"SMITHVILLE 1.7 SSE, OH US",0.998,GHCND:US1OHWN0019,METERS,-81.84853
1315,354.5,2022-04-20,2025-12-24,40.863844,"WEST SALEM 7.4 S, OH US",0.9145,GHCND:US1OHWN0020,METERS,-82.084226
1316,351.4,2023-03-16,2025-12-24,40.957466,"DOYLESTOWN 2.0 ESE, OH US",0.931,GHCND:US1OHWN0021,METERS,-81.662445
1317,210.9,2009-03-01,2012-09-22,39.4307,"LEBANON 0.3 NW, OH US",0.697,GHCND:US1OHWR0002,METERS,-84.2166
1318,220.4,2010-08-01,2012-08-27,39.280103,"LOVELAND 1.6 NE, OH US",0.9819,GHCND:US1OHWR0007,METERS,-84.249608
1319,296.0,2011-01-01,2014-04-04,39.5735,"SPRINGBORO 2.3 ENE, OH US",1.0,GHCND:US1OHWR0008,METERS,-84.1966
1320,289.3,2011-08-01,2022-02-27,39.4094,"CLARKSVILLE 2.3 WNW, OH US",0.9997,GHCND:US1OHWR0010,METERS,-84.0248
1321,239.3,2012-03-01,2012-11-01,39.31811,"MAINEVILLE 0.2 NNW, OH US",0.9961,GHCND:US1OHWR0013,METERS,-84.22482
1322,283.2,2010-09-01,2025-12-23,39.4201614462316,"LEBANON 3.4 E, OH US",0.9997,GHCND:US1OHWR0014,METERS,-84.1492974758148
1323,260.6,2012-04-01,2016-12-26,39.416413,"LEBANON 0.7 S, OH US",1.0,GHCND:US1OHWR0015,METERS,-84.210582
1324,243.8,2015-05-01,2018-05-24,39.327233,"MAINEVILLE 0.8 NNE, OH US",0.9965,GHCND:US1OHWR0019,METERS,-84.218205
1325,251.5,2017-03-15,2019-09-12,39.310034,"MASON 3.5 S, OH US",0.4113,GHCND:US1OHWR0024,METERS,-84.294357
1326,281.9,2017-03-28,2018-12-02,39.408835,"CLARKSVILLE 1.3 WNW, OH US",0.2521,GHCND:US1OHWR0026,METERS,-84.006056
1327,265.5,2018-03-27,2025-12-19,39.300429,"MASON 4.3 SSW, OH US",0.2361,GHCND:US1OHWR0030,METERS,-84.329996
1328,309.7,2018-10-27,2022-10-13,39.563356,"WAYNESVILLE 2.1 NNW, OH US",0.2445,GHCND:US1OHWR0031,METERS,-84.094718
1329,253.6,2019-04-14,2021-10-30,39.515988,"FRANKLIN 2.9 SSE, OH US",0.5773,GHCND:US1OHWR0032,METERS,-84.276773
1330,277.1,2020-04-25,2025-12-23,39.440172,"LEBANON 3.7 ENE, OH US",1.0,GHCND:US1OHWR0035,METERS,-84.145618
1331,255.7,2020-05-11,2025-12-23,39.530033,"SPRINGBORO 3.7 SE, OH US",0.9518,GHCND:US1OHWR0036,METERS,-84.18408
1332,266.4,2020-05-29,2023-10-09,39.5219,"WAYNESVILLE 1.8 WSW, OH US",1.0,GHCND:US1OHWR0038,METERS,-84.1167
1333,264.6,2020-05-30,2021-11-13,39.57476,"SPRINGBORO 0.8 NNW, OH US",1.0,GHCND:US1OHWR0039,METERS,-84.2434
1334,240.8,2020-06-21,2025-12-24,39.2929,"LOVELAND 3.6 ENE, OH US",0.9986,GHCND:US1OHWR0040,METERS,-84.2163
1335,253.6,2020-07-19,2022-10-13,39.3102035,"MORROW 2.7 S, OH US",0.6414,GHCND:US1OHWR0041,METERS,-84.116641
1336,274.6,2022-04-30,2025-12-14,39.3258427,"MASON 2.6 SSW, OH US",0.2173,GHCND:US1OHWR0051,METERS,-84.3278586
1337,284.4,2022-12-30,2025-12-09,39.323959,"BLANCHESTER 3.0 NW, OH US",0.8225,GHCND:US1OHWR0053,METERS,-84.012794
1338,247.2,2014-02-11,2025-12-01,39.359557,"MASON 0.9 E, OH US",0.736,GHCND:US1OHWR0057,METERS,-84.289559
1339,243.8,2023-04-07,2025-12-09,39.546285,"SPRINGBORO 1.3 SSE, OH US",0.6933,GHCND:US1OHWR0060,METERS,-84.2259365
1340,213.7,2024-04-01,2025-11-10,39.351944,"MORROW 2.4 W, OH US",1.0,GHCND:US1OHWR0064,METERS,-84.17111
1341,260.0,2012-08-01,2015-02-11,39.5376,"WATERFORD 2.3 W, OH US",1.0,GHCND:US1OHWS0003,METERS,-81.6832
1342,241.4,2013-10-01,2019-10-20,39.3917846679688,"FLEMING 0.0 E, OH US",1.0,GHCND:US1OHWS0004,METERS,-81.6102752685547
1343,196.0,2021-10-01,2022-10-05,39.281284,"BELPRE 0.3 NE, OH US",1.0,GHCND:US1OHWS0009,METERS,-81.585771
1344,208.2,2023-05-01,2025-12-22,39.4951548,"WATERFORD 3.4 SSW, OH US",0.9617,GHCND:US1OHWS0012,METERS,-81.6640181
1345,193.9,2023-06-01,2025-12-24,39.46782,"MARIETTA 3.5 NNW, OH US",0.999,GHCND:US1OHWS0014,METERS,-81.47297
1346,261.5,2024-04-07,2025-12-24,39.2971,"COOLVILLE 5.3 N, OH US",0.7911,GHCND:US1OHWS0016,METERS,-81.8042
1347,262.1,2009-04-01,2012-07-12,40.8255,"UPPER SANDUSKY 0.4 SSW, OH US",0.9496,GHCND:US1OHWY0001,METERS,-83.2852
1348,277.1,2014-06-01,2019-07-30,40.817323,"NEVADA 0.2 WSW, OH US",0.9925,GHCND:US1OHWY0002,METERS,-83.133989
1349,299.0,1906-04-01,1976-03-31,40.38333,"SALAMONIA, IN US",0.9869,GHCND:USC00127747,METERS,-84.86667
1350,337.7,1893-01-01,1894-04-30,40.2,"UNION CITY, OH US",0.8786,GHCND:USC00128956,METERS,-84.8
1351,170.7,1896-01-01,2025-11-30,38.45367,"ASHLAND, KY US",1.0,GHCND:USC00150254,METERS,-82.61299
1352,153.0,1925-10-01,1963-01-13,39.05,"BRENT DAM 36, OH US",0.8861,GHCND:USC00150978,METERS,-84.41667
1353,165.8,1887-07-01,1916-12-31,38.46667,"CATLETTSBURG, OH US",0.9999,GHCND:USC00151386,METERS,-82.58333
1354,160.9,1919-10-01,1961-07-31,38.64812,"GREENUP LOCKS AND DAM, KY US",0.9462,GHCND:USC00153443,METERS,-82.86115
1355,160.9,1961-03-01,2025-12-24,38.64812,"GREENUP LOCKS AND DAM, KY US",1.0,GHCND:USC00154848,METERS,-82.86115
1356,253.0,1893-01-01,1916-04-30,40.66667,"CLINTON, OH US",1.0,GHCND:USC00201634,METERS,-83.96667
1357,329.2,1970-10-01,2010-12-31,41.08028,"AKRON, OH US",1.0,GHCND:USC00330061,METERS,-81.51694
1358,329.2,2020-09-01,2025-12-22,40.11814,"ALEXANDRIA 2 NNW, OH US",1.0,GHCND:USC00330082,METERS,-82.62696
1359,371.9,1893-01-01,1988-08-31,40.08333,"ALEXANDRIA 4 WSW, OH US",0.8293,GHCND:USC00330083,METERS,-82.68333
1360,320.0,1926-10-01,1949-01-31,40.93333,"ALLIANCE, OH US",0.9993,GHCND:USC00330102,METERS,-81.1
1361,321.6,1948-08-01,1951-09-30,40.9551,"ALLIANCE 3 NNW, OH US",1.0,GHCND:USC00330107,METERS,-81.1167
1362,,1948-08-01,1949-09-24,39.21667,"ALMA SCIOTO TRAILS F, OH US",1.0,GHCND:USC00330115,,-82.96667
1363,270.7,2020-01-01,2025-12-23,39.0213,"AMELIA, OH US",0.9991,GHCND:USC00330140,METERS,-84.2185
1364,201.2,1953-06-01,2020-07-08,39.4,"AMESVILLE, OH US",0.9976,GHCND:USC00330141,METERS,-81.96667
1365,320.0,1981-01-01,1997-08-25,41.62111,"ANDOVER 2 NE, OH US",0.9994,GHCND:USC00330165,METERS,-80.55556
1366,305.1,1948-01-01,1966-12-31,41.16667,"APCO RAVENNA ARSENAL, OH US",0.9999,GHCND:USC00330195,METERS,-81.08333
1367,320.0,1893-01-01,1967-12-31,40.86667,"ASHLAND, OH US",0.8378,GHCND:USC00330251,METERS,-82.3
1368,385.6,1936-01-01,2010-12-31,40.83333,"ASHLAND 2 SW, OH US",1.0,GHCND:USC00330256,METERS,-82.35
1369,210.3,1951-01-01,2013-09-01,41.85,"ASHTABULA, OH US",1.0,GHCND:USC00330264,METERS,-80.8
1370,208.8,1893-06-01,1980-12-24,39.38333,"ATHENS 5 NW, OH US",0.7911,GHCND:USC00330274,METERS,-82.18333
1371,208.5,1948-01-01,2025-12-24,39.3224,"ATHENS OU, OH US",1.0,GHCND:USC00330279,METERS,-82.0995
1372,345.0,1894-05-01,1949-01-31,41.01667,"ATWATER CENTER, OH US",0.8747,GHCND:USC00330290,METERS,-81.16667
1373,289.6,1949-01-01,1987-06-30,40.51667,"ATWOOD LAKE, OH US",0.9872,GHCND:USC00330298,METERS,-81.28333
1374,365.8,1893-01-01,1897-07-31,41.383333,"AUBURN, OH US",1.0,GHCND:USC00330315,METERS,-81.3
1375,323.1,1946-06-01,1974-10-31,40.43333,"BALTIC, OH US",0.1613,GHCND:USC00330386,METERS,-81.7
1376,390.1,1939-08-01,2010-12-31,39.9916,"BARNESVILLE, OH US",1.0,GHCND:USC00330430,METERS,-81.185
1377,259.1,1948-01-01,1951-01-31,39.11667,"BATAVIA 4 N, OH US",0.9991,GHCND:USC00330460,METERS,-84.16667
1378,300.2,1948-08-01,1987-06-30,40.6335,"BEACH CITY LAKE, OH US",0.9937,GHCND:USC00330493,METERS,-81.5577
1379,274.9,1950-04-01,1951-09-30,40.01667,"BELLAIRE, OH US",1.0,GHCND:USC00330556,METERS,-80.75
1380,358.4,1894-01-01,2025-12-24,40.3535,"BELLEFONTAINE, OH US",1.0,GHCND:USC00330563,METERS,-83.7754
1381,184.1,1968-08-01,2025-11-30,39.11665,"BELLEVILLE LOCK AND DAM, OH US",1.0,GHCND:USC00330573,METERS,-81.74284
1382,406.0,1948-01-01,1949-06-24,39.98333,"BELMONT 4 SE, OH US",1.0,GHCND:USC00330581,METERS,-80.98333
1383,348.1,1911-09-01,1949-01-31,40.91667,"BELOIT, OH US",0.2561,GHCND:USC00330600,METERS,-81.0
1384,225.9,1893-01-01,1903-10-31,41.51667,"BEMENT, OH US",0.9466,GHCND:USC00330610,METERS,-81.01667
1385,243.8,1893-02-01,1926-12-20,41.016667,"BENTON RIDGE, OH US",0.9805,GHCND:USC00330622,METERS,-83.816667
1386,317.0,1951-01-01,1953-12-31,41.0,"BERLIN CENTER 2 SW, OH US",1.0,GHCND:USC00330637,METERS,-80.98333
1387,317.0,1948-08-01,2025-12-23,41.04307,"BERLIN LAKE, OH US",0.218,GHCND:USC00330639,METERS,-81.00913
1388,301.8,1893-01-01,1903-01-31,39.4,"BETHANY, OH US",0.992,GHCND:USC00330663,METERS,-84.4
1389,190.2,1905-01-01,2025-12-24,39.54747,"BEVERLY STP, OH US",1.0,GHCND:USC00330676,METERS,-81.62835
1390,288.3,1893-01-01,1901-09-30,40.683333,"BIG PRAIRIE, OH US",0.9625,GHCND:USC00330715,METERS,-82.1
1391,245.4,1893-01-01,1902-12-31,41.433333,"BINOLA, OH US",1.0,GHCND:USC00330728,METERS,-81.766667
1392,340.2,1893-01-01,1898-05-31,41.4,"BISSELLS, OH US",0.9853,GHCND:USC00330745,METERS,-81.366667
1393,335.3,1893-05-01,1916-02-29,40.3,"BLADENSBURG, OH US",0.8322,GHCND:USC00330775,METERS,-82.3
1394,299.0,1949-01-01,1987-07-31,40.65,"BOLIVAR DAM, OH US",0.9807,GHCND:USC00330823,METERS,-81.43333
1395,228.6,1948-08-01,1951-09-30,41.1573,"AKRON WPCS, OH US",1.0,GHCND:USC00330847,METERS,-81.5664
1396,214.9,1949-06-01,1986-07-31,39.26667,"BOURNEVILLE 1 SSW, OH US",0.9731,GHCND:USC00330854,METERS,-83.16667
1397,205.7,1893-06-01,2025-12-23,41.3831,"BOWLING GREEN WWTP, OH US",1.0,GHCND:USC00330862,METERS,-83.6111
1398,213.4,1912-11-01,1922-11-30,40.283333,"BRILLIANT, OH US",1.0,GHCND:USC00330950,METERS,-80.666667
1399,222.5,2006-01-01,2025-12-24,41.4619,"BRYAN 2 SE, OH US",1.0,GHCND:USC00331042,METERS,-84.5272
1400,270.7,1956-02-01,2025-12-24,39.9522,"BUCKEYE LAKE 1 N, OH US",1.0,GHCND:USC00331057,METERS,-82.482
1401,291.1,1893-05-01,2025-12-21,40.8126,"BUCYRUS, OH US",1.0,GHCND:USC00331072,METERS,-82.9698
1402,228.3,1951-01-01,1953-06-30,39.54444,"TOM JENKINS DAM BURR OAK, OH US",1.0,GHCND:USC00331105,METERS,-82.05812
1403,353.6,1950-07-01,1951-09-30,41.46667,"BURTON 1 W, OH US",0.999,GHCND:USC00331113,METERS,-81.16667
1404,384.0,1893-06-01,2010-12-31,40.26861,"CADIZ, OH US",1.0,GHCND:USC00331152,METERS,-80.99806
1405,366.1,1948-05-01,1950-04-30,40.26667,"CADIZ 2, OH US",1.0,GHCND:USC00331162,METERS,-81.0
1406,268.2,2000-12-01,2013-10-17,39.7161,"CALDWELL 3 SE, OH US",1.0,GHCND:USC00331175,METERS,-81.4642
1407,305.1,1934-09-01,1955-05-31,39.73333,"CALDWELL 4 W, OH US",0.9881,GHCND:USC00331177,METERS,-81.58333
1408,298.7,1936-01-01,1990-09-30,39.81667,"CALDWELL 6 NW, OH US",0.8661,GHCND:USC00331178,METERS,-81.6
1409,225.6,1948-08-01,1951-09-30,39.75,"CALDWELL WATER WORKS, OH US",0.8952,GHCND:USC00331182,METERS,-81.53333
1410,303.6,1892-12-01,1896-06-30,40.65,"CALEDONIA, OH US",1.0,GHCND:USC00331185,METERS,-82.983333
1411,243.8,1948-08-01,2021-03-31,40.0111,"CAMBRIDGE, OH US",1.0,GHCND:USC00331197,METERS,-81.5794
1412,259.1,1893-01-01,1963-12-31,40.08333,"CAMBRIDGE STATE HOSPITAL, OH US",1.0,GHCND:USC00331202,METERS,-81.58333
1413,173.7,1893-01-01,1915-01-31,39.216667,"CAMP DENISON, OH US",0.985,GHCND:USC00331220,METERS,-84.283333
1414,317.0,1956-01-01,1961-06-30,39.75,"CANAL WINCHERSTER 6, OH US",0.9835,GHCND:USC00331240,METERS,-82.76667
1415,347.5,1896-02-01,2014-05-01,41.01667,"CANFIELD 1 S, OH US",1.0,GHCND:USC00331245,METERS,-80.76667
1416,320.0,1953-01-01,1969-11-30,40.8,"CANTON REPOSITORY, OH US",0.7996,GHCND:USC00331250,METERS,-81.38333
1417,345.0,1948-05-01,1948-09-30,40.86667,"CANTON 5 N, OH US",1.0,GHCND:USC00331254,METERS,-81.4
1418,310.9,1948-09-01,1951-09-30,40.76667,"CANTON HIGHWAY DEPARTMENT, OH US",1.0,GHCND:USC00331259,METERS,-81.38333
1419,308.2,1893-01-01,1917-10-31,40.5,"CARDINGTON, OH US",0.8256,GHCND:USC00331278,METERS,-82.9
1420,250.5,1963-11-01,2010-12-31,39.14694,"CARPENTER 2 S, OH US",1.0,GHCND:USC00331288,METERS,-82.21944
1421,267.9,1956-01-01,1961-06-30,39.76667,"CARROLL 2 SSE, OH US",0.9501,GHCND:USC00331297,METERS,-82.68333
1422,348.1,1956-01-01,1961-06-30,39.76667,"CARROLL 3 SW, OH US",0.9835,GHCND:USC00331299,METERS,-82.75
1423,351.1,1948-08-01,1950-04-30,40.56667,"CARROLLTON, OH US",0.8125,GHCND:USC00331310,METERS,-81.08333
1424,362.7,1893-01-01,1987-10-31,40.61667,"CARROLLTON 3 NNE, OH US",0.5659,GHCND:USC00331315,METERS,-81.06667
1425,182.9,1916-04-01,1959-06-30,41.55,"CATAWBA ISLAND 1 SW, OH US",0.9769,GHCND:USC00331353,METERS,-82.85
1426,315.5,1893-01-01,1903-10-31,39.76667,"CEDARVILLE NUMBER 1, OH US",0.9389,GHCND:USC00331383,METERS,-83.81667
1427,264.0,1956-01-01,2025-11-30,40.56899,"CELINA 3 NE, OH US",1.0,GHCND:USC00331390,METERS,-84.537
1428,365.8,1902-06-01,1981-08-31,40.3,"CENTERBURG, OH US",0.9405,GHCND:USC00331399,METERS,-82.7
1429,367.3,1950-01-01,2025-12-24,40.2913,"CENTERBURG 2 SE, OH US",1.0,GHCND:USC00331404,METERS,-82.6546
1430,344.4,1945-06-01,2025-12-24,41.58732,"CHARDON, OH US",1.0,GHCND:USC00331458,METERS,-81.19138
1431,320.0,1939-01-01,1987-07-31,40.74028,"CHARLES MILL LAKE, OH US",1.0,GHCND:USC00331466,METERS,-82.35735
1432,359.7,1926-08-01,1938-09-30,41.16667,"CHARLESTOWN, OH US",0.9992,GHCND:USC00331470,METERS,-81.15
1433,320.0,1948-08-01,1949-12-31,40.5,"CHARM, OH US",0.9989,GHCND:USC00331474,METERS,-81.78333
1434,301.8,1943-02-01,1948-01-31,40.95,"CHATFIELD, OH US",0.9835,GHCND:USC00331492,METERS,-82.933333
1435,286.2,1893-01-01,1946-12-31,38.83333,"CHERRY FORK, OH US",0.2099,GHCND:USC00331497,METERS,-83.56667
1436,271.6,1965-01-01,2017-09-30,39.1547,"CHEVIOT, OH US",1.0,GHCND:USC00331515,METERS,-84.6233
1437,260.0,2019-01-01,2025-12-24,39.15141,"CHEVIOT 3 W, OH US",0.9999,GHCND:USC00331516,METERS,-84.67699
1438,189.0,1897-11-01,1972-02-29,39.33333,"CHILLICOTHE, OH US",0.9785,GHCND:USC00331523,METERS,-82.96667
1439,232.0,2018-10-10,2025-12-24,39.38354,"CHILLICOTHE 6 NW, OH US",0.9647,GHCND:USC00331524,METERS,-83.07734
1440,198.1,1972-01-01,2010-12-31,39.37444,"CHILLICOTHE MND CITY, OH US",1.0,GHCND:USC00331528,METERS,-83.00361
1441,146.3,1920-01-01,2025-11-30,38.79741,"CHILO MELDAHL LOCKS AND DAM, KY US",1.0,GHCND:USC00331536,METERS,-84.17314
1442,359.7,1895-01-01,2015-05-01,41.0517,"CHIPPEWA LAKE, OH US",1.0,GHCND:USC00331541,METERS,-81.9361
1443,317.0,1948-08-01,1951-05-31,41.06667,"CHIPPEWA LAKE W WKS, OH US",1.0,GHCND:USC00331544,METERS,-81.9
1444,152.4,1974-05-01,2014-01-31,39.1169,"CINCINNATI FERNBANK, OH US",1.0,GHCND:USC00331550,METERS,-84.6961
1445,235.0,1942-03-01,1957-05-31,39.13333,"CINCINNATI AULT PARK, OH US",0.9343,GHCND:USC00331566,METERS,-84.41667
1446,161.8,1951-01-01,1961-07-31,39.21667,"CINCINNATI HARTWELL, OH US",0.9993,GHCND:USC00331568,METERS,-84.48333
1447,182.9,1951-01-01,1961-07-31,39.15,"CINCINNATI OAKLEY, OH US",0.9993,GHCND:USC00331569,METERS,-84.41667
1448,267.9,1951-01-01,1961-03-31,39.1,"CINCINNATI PRICE HIL, OH US",0.9568,GHCND:USC00331570,METERS,-84.55
1449,,1905-01-01,1948-08-31,39.1,"CINCINNATI SUS BRIDG, OH US",0.9924,GHCND:USC00331571,,-84.5
1450,228.9,1953-08-01,1954-12-31,39.08333,"CINCINNATI MOUNT WASH, OH US",0.9989,GHCND:USC00331572,METERS,-84.38333
1451,246.9,1965-04-01,1974-08-31,39.06667,"CINCINNATI CHERRY GR, OH US",0.9821,GHCND:USC00331573,METERS,-84.33333
1452,271.0,1965-01-01,1968-02-29,39.2,"CINCINNATI WHITE OAK, OH US",0.9993,GHCND:USC00331574,METERS,-84.61667
1453,205.7,1894-11-01,2025-12-24,39.6104,"CIRCLEVILLE, OH US",1.0,GHCND:USC00331592,METERS,-82.9555
1454,195.1,1901-07-01,1974-08-31,39.8,"CLARINGTON LOCK 14, OH US",0.7187,GHCND:USC00331600,METERS,-80.83333
1455,280.4,1976-03-01,1994-06-30,41.15,"CLARKSFIELD 1 SE, OH US",0.95,GHCND:USC00331612,METERS,-82.38333
1456,310.9,1893-06-01,1909-08-31,39.433333,"CLARKSVILLE, OH US",1.0,GHCND:USC00331618,METERS,-83.983333
1457,281.6,1948-08-01,1987-07-31,40.26667,"CLENDENING LAKE, OH US",0.9872,GHCND:USC00331642,METERS,-81.28333
1458,229.8,1924-01-01,1930-12-31,41.48333,"CLEVELAND CARROLL UNIVERSITY, OH US",0.988,GHCND:USC00331644,METERS,-81.7
1459,351.1,1948-01-01,1949-06-30,41.36667,"CLEVELAND SEVEN HILL, OH US",0.9986,GHCND:USC00331650,METERS,-81.66667
1460,210.0,1971-01-01,1978-05-31,41.48333,"CLEVELAND LUTHERAN M, OH US",0.9991,GHCND:USC00331652,METERS,-81.71667
1461,299.0,1942-12-01,1953-11-30,41.46667,"CLEVELAND SHAKER HEI, OH US",0.9242,GHCND:USC00331653,METERS,-81.56667
1462,200.9,1871-01-01,1957-11-12,41.5,"CLEVELAND WEATHER BUREAU CITY, OH US",0.9022,GHCND:USC00331662,METERS,-81.66667
1463,305.1,1893-01-01,1949-01-31,41.53333,"COLEBROOK, OH US",0.3076,GHCND:USC00331755,METERS,-80.76667
1464,338.9,1913-10-01,1951-09-13,40.88333,"COLUMBIANA, OH US",0.1447,GHCND:USC00331770,METERS,-80.68333
1465,253.3,1975-10-01,2025-12-23,40.0604,"COLUMBUS HAP CREMEAN WP, OH US",1.0,GHCND:USC00331777,METERS,-82.8941
1466,232.0,1893-06-01,1957-09-30,40.0,"COLUMBUS OHIO STATE, OH US",0.9987,GHCND:USC00331778,METERS,-83.01667
1467,225.2,2009-05-01,2025-12-23,39.8469,"COLUMBUS PARSONS AVENUE, OH US",1.0,GHCND:USC00331779,METERS,-82.9872
1468,267.9,1952-01-01,1983-06-30,39.95,"COLUMBUS SULLIVANT A, OH US",0.9895,GHCND:USC00331781,METERS,-83.11667
1469,244.1,1957-01-01,1970-02-28,40.0,"COLUMBUS UNIVERSITY, OH US",1.0,GHCND:USC00331782,METERS,-83.05
1470,231.6,1946-01-01,2015-01-31,39.9047,"COLUMBUS VLY CROSSING, OH US",1.0,GHCND:USC00331783,METERS,-82.9199
1471,225.6,2011-01-01,2025-12-14,40.0251,"COLUMBUS WCMH, OH US",1.0,GHCND:USC00331785,METERS,-83.027
1472,344.4,1982-01-01,1994-12-31,40.93421,"CONGRESS 1 NE, OH US",0.8597,GHCND:USC00331805,METERS,-82.04016
1473,195.1,1910-07-01,1951-09-30,41.96022,"CONNEAUT, OH US",0.7495,GHCND:USC00331818,METERS,-80.57279
1474,237.7,1948-09-01,2011-12-31,40.22111,"COOPERDALE, OH US",1.0,GHCND:USC00331858,METERS,-82.06667
1475,305.1,1948-08-01,1951-09-30,41.31667,"CORTLAND HIGHWAY DEPARTMENT, OH US",0.9742,GHCND:USC00331882,METERS,-80.73333
1476,231.6,1908-02-01,2024-02-29,40.2403,"COSHOCTON WPC PLANT, OH US",1.0,GHCND:USC00331890,METERS,-81.871
1477,228.9,1948-08-01,1951-05-31,40.3,"COSHOCTON 2 N, OH US",1.0,GHCND:USC00331900,METERS,-81.86667
1478,347.5,1956-04-01,2015-12-18,40.37083,"COSHOCTON ARGICULTURAL RESEARCH STATION, OH US",1.0,GHCND:USC00331905,METERS,-81.79083
1479,295.7,1963-01-01,2022-11-11,40.43894,"DANVILLE 2 W, OH US",1.0,GHCND:USC00332044,METERS,-82.30423
1480,226.5,1893-06-01,2025-12-02,39.78175,"DAYTON MCD, OH US",1.0,GHCND:USC00332067,METERS,-84.19025
1481,262.1,1970-07-01,1987-06-30,39.6254,"DEER CREEK LAKE, OH US",0.9853,GHCND:USC00332090,METERS,-83.2132
1482,213.4,1893-01-01,2025-12-11,41.2783,"DEFIANCE, OH US",1.0,GHCND:USC00332098,METERS,-84.3847
1483,201.2,1948-08-01,1962-12-19,41.23694,"DEFIANCE POWER PLANT, OH US",0.8843,GHCND:USC00332103,METERS,-84.39944
1484,280.4,1896-02-01,2010-12-31,40.3175,"DELAWARE, OH US",1.0,GHCND:USC00332119,METERS,-83.07389
1485,281.6,2022-04-01,2025-12-22,40.2886,"DELAWARE 2 ESE, OH US",1.0,GHCND:USC00332120,METERS,-83.0486
1486,281.6,1949-01-01,2025-12-19,40.35834,"DELAWARE LAKE, OH US",0.9935,GHCND:USC00332124,METERS,-83.07026
1487,262.1,1909-08-01,1981-12-31,40.4056,"DENNISON WATER WORKS, OH US",0.7825,GHCND:USC00332156,METERS,-81.3435
1488,262.1,1982-09-01,2025-12-24,40.4056,"DENNISON WATER WORKS, OH US",1.0,GHCND:USC00332160,METERS,-81.3435
1489,278.0,1975-10-01,1988-09-30,39.76667,"DERBY, OH US",0.9558,GHCND:USC00332170,METERS,-83.2
1490,249.9,1968-01-01,1987-07-31,40.0,"DILLON LAKE, OH US",0.7618,GHCND:USC00332205,METERS,-82.08333
1491,298.7,1956-01-01,2018-05-31,41.6764,"DORSET, OH US",1.0,GHCND:USC00332251,METERS,-80.6663
1492,269.4,1893-06-01,1937-06-30,40.53333,"DOVER, OH US",0.9491,GHCND:USC00332270,METERS,-81.48333
1493,283.5,1949-01-01,1987-07-31,40.5622,"DOVER DAM, OH US",0.9828,GHCND:USC00332272,METERS,-81.4092
1494,245.4,1917-01-01,1928-07-31,40.083333,"DUBLIN, OH US",0.9993,GHCND:USC00332298,METERS,-83.133333
1495,192.0,1948-08-01,1951-05-05,39.63333,"DUFFY DAM 15, OH US",0.8537,GHCND:USC00332305,METERS,-80.88333
1496,305.4,1915-01-01,2025-12-24,39.7328,"EATON, OH US",1.0,GHCND:USC00332485,METERS,-84.6353
1497,253.0,1948-08-01,1951-09-30,41.45,"EDGERTON WATER WORKS, OH US",0.9479,GHCND:USC00332512,METERS,-84.73333
1498,264.3,2016-12-01,2025-12-23,41.4981,"EDON 4 S, OH US",1.0,GHCND:USC00332513,METERS,-84.7744
1499,317.0,1893-01-01,1959-06-30,41.0247,"ELLSWORTH, OH US",0.5364,GHCND:USC00332580,METERS,-80.854
1500,182.9,2011-01-01,2025-11-30,41.49139,"ELMORE 5 E, OH US",1.0,GHCND:USC00332585,METERS,-83.21472
1501,222.5,1949-01-01,2014-10-31,41.3815,"ELYRIA 3 E, OH US",1.0,GHCND:USC00332599,METERS,-82.0558
1502,235.3,1975-05-01,2025-12-19,41.3048,"ELYRIA 4 S, OH US",1.0,GHCND:USC00332603,METERS,-82.1174
1503,249.9,1948-05-01,2010-12-31,39.55861,"ENTERPRISE, OH US",1.0,GHCND:USC00332626,METERS,-82.48417
1504,175.3,1985-10-01,2025-12-23,39.3477,"FAIRFIELD, OH US",1.0,GHCND:USC00332651,METERS,-84.5897
1505,227.1,2021-01-11,2021-02-17,41.6596,"FAYETTE 5 E, OH US",0.5,GHCND:USC00332725,METERS,-84.2488
1506,300.5,1976-09-01,2010-12-31,39.21222,"FAYETTEVILLE, OH US",1.0,GHCND:USC00332727,METERS,-83.87778
1507,152.4,1920-01-01,1974-04-30,39.1169,"CINCINNATI FERNBANK, OH US",0.9985,GHCND:USC00332766,METERS,-84.6961
1508,234.1,1893-06-01,2025-11-30,41.0461,"FINDLAY WPCC, OH US",1.0,GHCND:USC00332791,METERS,-83.6622
1509,256.0,1975-05-01,2010-12-31,41.2814,"FLORENCE 3 SSE, OH US",1.0,GHCND:USC00332847,METERS,-82.403
1510,289.9,2020-02-01,2025-12-24,40.3568,"FORT LORAMIE, OH US",1.0,GHCND:USC00332872,METERS,-84.3734
1511,285.0,1997-07-01,2025-12-23,40.41,"FORT RECOVERY, OH US",1.0,GHCND:USC00332895,METERS,-84.7856
1512,238.0,1948-08-01,1951-09-30,41.15,"FOSTORIA WEST END SU, OH US",1.0,GHCND:USC00332905,METERS,-83.43333
1513,227.1,1893-01-01,1922-07-31,39.416667,"FRANKFORT, OH US",0.989,GHCND:USC00332920,METERS,-83.166667
1514,207.0,1923-01-01,2025-12-24,39.5536,"FRANKLIN, OH US",1.0,GHCND:USC00332928,METERS,-84.319
1515,204.2,2019-03-01,2025-11-30,39.5528,"FRANKLIN MCD, OH US",0.9992,GHCND:USC00332929,METERS,-84.3146
1516,320.0,1939-08-01,2012-03-31,40.41667,"FREDERICKTOWN 4 S, OH US",1.0,GHCND:USC00332956,METERS,-82.53333
1517,182.9,1901-07-01,2025-12-19,41.33353,"FREMONT, OH US",1.0,GHCND:USC00332974,METERS,-83.11959
1518,202.4,1996-01-01,2012-04-30,41.31194,"FREMONT AG STATION, OH US",1.0,GHCND:USC00332976,METERS,-83.17194
1519,356.6,1948-08-01,2025-12-24,40.7231,"GALION WATER WORKS, OH US",1.0,GHCND:USC00333021,METERS,-82.7999
1520,176.2,1928-06-01,2025-12-24,38.82075,"GALLIPOLIS, OH US",1.0,GHCND:USC00333029,METERS,-82.18171
1521,,1911-01-01,1925-11-13,38.81667,"GALLIPOLIS, OH US",0.9991,GHCND:USC00333034,,-82.18333
1522,331.9,1948-08-01,1951-09-30,40.38333,"GAMBIER, OH US",1.0,GHCND:USC00333042,METERS,-82.4
1523,284.1,1971-01-01,1978-03-31,41.41667,"GARFIELD HEIGHTS, OH US",0.9504,GHCND:USC00333071,METERS,-81.6
1524,306.3,1893-01-01,1915-09-30,41.3,"GARRETTSVILLE, OH US",0.9893,GHCND:USC00333085,METERS,-81.116667
1525,228.9,1915-05-01,1965-12-31,41.75,"GENEVA 3 S, OH US",0.5345,GHCND:USC00333094,METERS,-80.95
1526,228.9,1970-01-01,1983-11-22,41.75,"GENEVA 3 S, OH US",0.9444,GHCND:USC00333095,METERS,-80.95
1527,287.1,1893-06-01,1895-04-30,38.883333,"GEORGETOWN, OH US",0.7838,GHCND:USC00333100,METERS,-83.883333
1528,224.9,1948-08-01,2025-11-30,39.6361,"GERMANTOWN DAM, OH US",0.9993,GHCND:USC00333120,METERS,-84.4015
1529,241.1,1914-04-01,1952-12-31,39.66667,"GERMANTOWN 3 NE, OH US",0.9934,GHCND:USC00333125,METERS,-84.33333
1530,176.8,1953-01-01,1959-07-31,41.65,"PUT IN BAY, OH US",0.9996,GHCND:USC00333144,METERS,-82.8
1531,225.9,1953-08-01,1967-02-09,41.03333,"GLANDORF, OH US",0.988,GHCND:USC00333180,METERS,-84.08333
1532,190.8,1945-05-17,2025-10-20,41.41786,"GRAND RAPIDS, OH US",1.0,GHCND:USC00333292,METERS,-83.87172
1533,292.6,1893-06-01,1934-10-31,40.1,"GRANVILLE, OH US",0.994,GHCND:USC00333315,METERS,-82.516667
1534,304.8,1893-01-01,1913-09-30,39.966667,"GRATIOT, OH US",1.0,GHCND:USC00333326,METERS,-82.2
1535,152.4,1893-06-01,1924-12-31,39.65,"GREEN, OH US",0.9921,GHCND:USC00333345,METERS,-84.65
1536,261.5,1893-01-01,2025-11-30,39.3418,"GREENFIELD WWTP, OH US",0.3632,GHCND:USC00333356,METERS,-83.3766
1537,345.9,1893-01-01,1925-06-30,40.73333,"GREEN HILL, OH US",0.9977,GHCND:USC00333362,METERS,-81.01667
1538,313.9,1893-01-01,2025-12-18,40.1032,"GREENVILLE WATER PLANT, OH US",1.0,GHCND:USC00333375,METERS,-84.6504
1539,274.9,1948-08-01,1951-02-23,40.1,"GREENVILLE HIGHWAY DEP, OH US",0.8078,GHCND:USC00333380,METERS,-84.61667
1540,280.4,1946-03-01,2025-12-19,40.5518,"GREER, OH US",1.0,GHCND:USC00333393,METERS,-82.2015
1541,222.5,1955-06-01,2021-12-27,41.01906,"GROVER HILL, OH US",0.9931,GHCND:USC00333421,METERS,-84.46561
1542,191.1,1893-01-01,1899-09-30,40.65,"HACKNEY, OH US",1.0,GHCND:USC00333460,METERS,-82.65
1543,280.7,2021-05-01,2021-11-30,39.17564,"HAMDEN, OH US",0.995,GHCND:USC00333477,METERS,-82.46151
1544,179.8,1909-05-09,1971-09-30,39.4,"HAMILTON 2, OH US",0.9403,GHCND:USC00333478,METERS,-84.56667
1545,179.8,1971-10-01,2010-12-31,39.4,"HAMILTON 2, OH US",1.0,GHCND:USC00333482,METERS,-84.56667
1546,175.3,1913-01-01,1985-09-30,39.3477,"FAIRFIELD, OH US",0.9286,GHCND:USC00333483,METERS,-84.5897
1547,189.0,1975-04-01,2025-12-24,39.6667,"HANNIBAL LOCKS AND DAM, OH US",1.0,GHCND:USC00333500,METERS,-80.8667
1548,228.6,1965-07-01,2025-11-10,41.28743,"HICKSVILLE, OH US",1.0,GHCND:USC00333722,METERS,-84.75967
1549,303.9,1893-01-01,1920-12-31,41.733333,"HILL HOUSE, OH US",0.9971,GHCND:USC00333750,METERS,-81.016667
1550,290.5,1893-01-01,2025-12-21,39.2334,"HILLSBORO, OH US",1.0,GHCND:USC00333758,METERS,-83.6091
1551,287.1,1948-08-01,1951-09-30,39.23333,"HILLSBORO WATER WORK, OH US",1.0,GHCND:USC00333763,METERS,-83.61667
1552,374.9,1893-06-01,2025-10-31,41.30718,"HIRAM, OH US",1.0,GHCND:USC00333780,METERS,-81.14759
1553,217.0,1929-06-01,1951-09-30,41.25,"HOLGATE, OH US",0.9478,GHCND:USC00333801,METERS,-84.15
1554,371.9,1974-03-01,2010-12-31,40.32389,"HOPEDALE, OH US",1.0,GHCND:USC00333838,METERS,-80.89917
1555,213.4,1952-01-01,2012-05-31,41.21667,"HOYTVILLE 2 NE, OH US",1.0,GHCND:USC00333874,METERS,-83.76667
1556,342.9,1895-07-01,1922-04-30,41.25,"HUDSON, OH US",0.9908,GHCND:USC00333876,METERS,-81.25
1557,292.9,1975-05-01,1978-11-30,41.11667,"HUNTINGTON, OH US",0.5809,GHCND:USC00333908,METERS,-82.23333
1558,302.1,1948-12-01,2025-12-24,40.4911,"LAKEVIEW, OH US",1.0,GHCND:USC00333915,METERS,-83.92532
1559,164.9,1900-01-01,1982-06-30,38.53333,"IRONTON, OH US",0.9879,GHCND:USC00333971,METERS,-82.68333
1560,204.2,1982-07-01,1985-12-31,38.53333,"IRONTON 1 NE, OH US",0.9987,GHCND:USC00333975,METERS,-82.66667
1561,307.8,1941-04-01,2010-12-31,40.11667,"IRWIN, OH US",1.0,GHCND:USC00333987,METERS,-83.48333
1562,257.6,1914-03-01,2025-12-24,39.07909,"JACKSON 3 NW, OH US",1.0,GHCND:USC00334004,METERS,-82.70651
1563,297.2,1893-01-01,1912-03-31,39.5,"JACKSONBURG, OH US",0.944,GHCND:USC00334006,METERS,-84.16667
1564,214.0,1948-08-01,1951-07-20,39.05,"JACKSON HIGHWAY DEPARTMENT, OH US",0.8061,GHCND:USC00334009,METERS,-82.65
1565,318.5,1998-06-01,2010-12-31,39.6369,"JEFFERSONVILLE 1 S, OH US",1.0,GHCND:USC00334038,METERS,-83.5564
1566,294.1,1929-01-01,1947-09-30,41.73333,"JEFFERSON, OH US",0.9721,GHCND:USC00334047,METERS,-80.76667
1567,305.1,1948-08-01,1951-09-30,40.63333,"KENTON OHIO POWER CO, OH US",1.0,GHCND:USC00334184,METERS,-83.61667
1568,303.9,1893-01-01,2025-12-19,40.64851,"KENTON, OH US",1.0,GHCND:USC00334189,METERS,-83.606
1569,331.3,1893-01-01,1919-02-28,40.516667,"KILLBUCK, OH US",0.9717,GHCND:USC00334220,METERS,-81.983333
1570,232.3,1912-07-01,2025-12-24,39.3531,"KINGS MILLS, OH US",1.0,GHCND:USC00334238,METERS,-84.2602
1571,213.4,1914-09-01,1917-03-31,41.9,"KINGSVILLE, OH US",1.0,GHCND:USC00334242,METERS,-80.71667
1572,301.8,1920-03-01,1949-05-26,41.45,"KINSMAN, OH US",0.9088,GHCND:USC00334248,METERS,-80.58333
1573,327.7,2021-03-01,2025-12-24,39.99803,"KIRKERSVILLE 3 N, OH US",0.9994,GHCND:USC00334249,METERS,-82.59864
1574,228.0,1988-01-01,2014-05-01,41.61667,"KIRTLAND HOLDEN, OH US",1.0,GHCND:USC00334258,METERS,-81.3
1575,313.9,1994-01-01,2010-12-31,41.61667,"KIRTLAND HOLDEN 2, OH US",1.0,GHCND:USC00334260,METERS,-81.3
1576,310.0,2022-01-01,2025-12-23,41.14329,"KIRWAN DAM, OH US",0.9991,GHCND:USC00334261,METERS,-81.07892
1577,249.3,1975-11-01,2012-12-31,41.25,"LAGRANGE 1 NE, OH US",1.0,GHCND:USC00334319,METERS,-82.1
1578,287.1,1920-01-01,1949-01-31,41.11667,"LAKE MILTON, OH US",0.6647,GHCND:USC00334340,METERS,-80.98333
1579,310.9,1914-03-01,1983-03-31,40.51667,"LAKEVIEW 3 NE, OH US",0.9867,GHCND:USC00334363,METERS,-83.88333
1580,262.1,1895-09-01,1952-10-31,39.73333,"LANCASTER 2 NW, OH US",0.9913,GHCND:USC00334378,METERS,-82.63333
1581,262.1,1936-01-01,2010-12-31,39.73333,"LANCASTER 2 NW, OH US",1.0,GHCND:USC00334383,METERS,-82.63333
1582,307.8,1956-07-01,1961-06-30,39.68333,"LANCASTER, OH US",1.0,GHCND:USC00334387,METERS,-82.66667
1583,278.0,1956-01-01,1961-06-30,39.71667,"LANCASTER 3 W, OH US",0.9991,GHCND:USC00334389,METERS,-82.65
1584,287.1,1956-07-01,1961-06-30,39.73333,"LANCASTER 5 WNW, OH US",0.9995,GHCND:USC00334393,METERS,-82.7
1585,305.1,1956-07-01,1961-06-30,39.8,"LANCASTER 6 N, OH US",0.8835,GHCND:USC00334397,METERS,-82.61667
1586,335.9,1956-01-01,1961-06-30,39.71667,"LANCASTER 6 W, OH US",1.0,GHCND:USC00334399,METERS,-82.71667
1587,252.1,1974-04-01,2025-12-23,39.7156,"LANCASTER, OH US",1.0,GHCND:USC00334403,METERS,-82.6073
1588,283.5,1917-01-01,1991-06-30,40.57216,"LA RUE, OH US",0.9392,GHCND:USC00334409,METERS,-83.38429
1589,231.6,1951-10-01,2025-09-05,39.4706,"LAURELVILLE, OH US",1.0,GHCND:USC00334434,METERS,-82.7344
1590,274.3,1908-01-01,1910-09-30,38.966667,"LAWSHE, OH US",1.0,GHCND:USC00334440,METERS,-83.483333
1591,223.1,1948-08-01,1971-03-22,39.43333,"LEBANON HIGHWAY DEPARTMENT, OH US",0.9479,GHCND:USC00334461,METERS,-84.2
1592,298.7,1949-01-01,1987-06-30,40.4709,"LEESVILLE LAKE, OH US",0.9872,GHCND:USC00334473,METERS,-81.1955
1593,259.1,1901-04-01,2025-12-22,40.7247,"LIMA WWTP, OH US",1.0,GHCND:USC00334551,METERS,-84.1294
1594,265.2,1948-08-01,1951-09-30,40.75,"LIMA WATER WORKS, OH US",1.0,GHCND:USC00334556,METERS,-84.08333
1595,253.0,1905-01-01,1936-06-30,39.93333,"LINDEN HEIGHTS, OH US",0.5609,GHCND:USC00334581,METERS,-83.35
1596,301.8,1951-12-01,1988-09-30,39.78333,"LITHOPOLIS 2 S, OH US",0.9909,GHCND:USC00334616,METERS,-82.81667
1597,225.9,1951-01-01,1953-12-31,39.76667,"LOCKBURNE AFB, OH US",1.0,GHCND:USC00334632,METERS,-82.93333
1598,220.1,1948-08-01,2025-12-24,39.5326,"LOGAN, OH US",1.0,GHCND:USC00334672,METERS,-82.3939
1599,341.4,1918-04-01,2025-12-24,39.8972,"LONDON STATE FISH HATCHERY, OH US",1.0,GHCND:USC00334681,METERS,-83.5096
1600,310.9,1951-01-01,1953-12-31,39.95,"LONDON 5 N, OH US",0.9442,GHCND:USC00334683,METERS,-83.43333
1601,335.3,1974-05-01,1988-11-30,39.88333,"LONDON WWTP, OH US",0.9995,GHCND:USC00334686,METERS,-83.43333
1602,304.8,1893-01-01,1901-04-30,41.15,"LORDSTOWN, OH US",0.9996,GHCND:USC00334700,METERS,-80.866667
1603,356.6,1946-01-01,2011-12-31,40.83333,"LOUISVILLE, OH US",1.0,GHCND:USC00334728,METERS,-81.25
1604,189.0,1893-01-01,1952-06-30,39.53333,"LOWELL LOCK 3, OH US",0.1429,GHCND:USC00334736,METERS,-81.51667
1605,173.1,2015-01-01,2025-12-24,38.8845,"LUCASVILLE, OH US",0.998,GHCND:USC00334770,METERS,-82.9955
1606,235.0,1948-08-01,1951-06-18,41.7,"LYONS HIGH SCHOOL, OH US",0.6866,GHCND:USC00334789,METERS,-84.06667
1607,185.9,1920-03-01,1929-10-24,41.76667,"MADISON, OH US",0.9307,GHCND:USC00334815,METERS,-81.08333
1608,171.0,1951-04-01,1951-12-20,39.15,"MADISONVILLE, OH US",0.8855,GHCND:USC00334824,METERS,-84.38333
1609,302.1,1974-02-01,1979-11-30,40.65,"MAGNOLIA, OH US",0.9579,GHCND:USC00334826,METERS,-81.3
1610,164.6,2018-10-23,2025-12-24,38.70951,"MANCHESTER 5 ENE, OH US",0.9993,GHCND:USC00334830,METERS,-83.51862
1611,411.5,1899-03-01,2025-11-19,40.76047,"MANSFIELD 5 W, OH US",1.0,GHCND:USC00334874,METERS,-82.61668
1612,338.9,1975-10-01,1981-11-02,40.41667,"MARENGO 1 NW, OH US",0.7565,GHCND:USC00334915,METERS,-82.81667
1613,185.9,1931-07-01,2013-12-31,39.4108,"MARIETTA LOCK 1, OH US",1.0,GHCND:USC00334924,METERS,-81.4536
1614,207.3,1896-04-01,1928-06-30,39.48333,"MARIETTA EXPERIMENT FARM, OH US",0.9279,GHCND:USC00334926,METERS,-82.48333
1615,185.9,1963-01-01,2025-12-23,39.4087,"MARIETTA WWTP, OH US",1.0,GHCND:USC00334927,METERS,-81.4329
1616,253.0,1893-01-01,1963-02-17,39.43333,"MARIETTA WATER WORKS, OH US",0.8973,GHCND:USC00334929,METERS,-81.46667
1617,299.0,1893-06-01,1949-11-30,40.58333,"MARION, OH US",0.9986,GHCND:USC00334937,METERS,-83.13333
1618,294.1,1936-01-01,2020-01-01,40.6142,"MARION 2 N, OH US",1.0,GHCND:USC00334942,METERS,-83.13001
1619,341.4,1946-03-01,2010-12-31,40.88333,"MARSHALLVILLE 1 SSW, OH US",1.0,GHCND:USC00334967,METERS,-81.73333
1620,295.7,1917-01-01,2025-12-23,40.19382,"MARYSVILLE, OH US",1.0,GHCND:USC00334979,METERS,-83.26751
1621,305.1,1948-09-01,1951-09-30,40.23333,"MARYSVILLE HIGHWAY DEP, OH US",1.0,GHCND:USC00334984,METERS,-83.36667
1622,189.0,1948-08-01,1950-12-31,41.61667,"MAUMEE EXPERIMENTAL FARM, OH US",1.0,GHCND:USC00335007,METERS,-83.65
1623,360.0,1948-01-01,1973-09-30,40.88333,"MAXIMO, OH US",0.1485,GHCND:USC00335015,METERS,-81.18333
1624,225.6,1893-01-01,1944-10-31,39.25,"MCARTHUR, OH US",0.6602,GHCND:USC00335021,METERS,-82.48333
1625,235.0,1948-08-01,1953-12-31,39.25,"MC ARTHUR HIGHWAY DEPARTMENT, OH US",0.9843,GHCND:USC00335024,METERS,-82.46667
1626,239.3,1957-05-01,2011-08-31,39.2503,"MC ARTHUR, OH US",1.0,GHCND:USC00335029,METERS,-82.4822
1627,231.6,1893-06-01,2015-10-01,39.6521,"MCCONNELSVILLE LOCK7, OH US",1.0,GHCND:USC00335041,METERS,-81.8561
1628,281.0,1948-07-01,1949-03-31,40.4,"MECCA, OH US",0.6715,GHCND:USC00335090,METERS,-80.73333
1629,212.4,1923-07-01,1985-01-31,39.61667,"MIAMISBURG, OH US",0.9985,GHCND:USC00335185,METERS,-84.28333
1630,146.9,1987-07-01,2025-12-23,39.2159,"MIAMITOWN, OH US",1.0,GHCND:USC00335188,METERS,-84.6948
1631,268.2,1948-01-01,1987-10-31,40.05,"MIDDLEBOURNE, OH US",0.9936,GHCND:USC00335199,METERS,-81.33333
1632,175.3,1920-07-01,1930-12-31,39.08333,"MIDDLEPORT, OH US",0.9998,GHCND:USC00335215,METERS,-82.06667
1633,196.9,1923-07-01,2025-11-30,39.5161,"MIDDLETOWN, OH US",1.0,GHCND:USC00335220,METERS,-84.4071
1634,174.7,2021-09-11,2021-09-30,41.30485,"MILAN 1 SE, OH US",1.0,GHCND:USC00335235,METERS,-82.6032
1635,174.0,1916-03-01,1969-02-28,39.16667,"MILFORD, OH US",0.9437,GHCND:USC00335265,METERS,-84.3
1636,158.5,1969-04-01,2010-12-31,39.18139,"MILFORD, OH US",1.0,GHCND:USC00335268,METERS,-84.28667
1637,246.9,1948-01-01,1953-03-09,40.56667,"MILLERSBURG, OH US",0.8982,GHCND:USC00335296,METERS,-81.91667
1638,249.6,1916-11-01,2025-10-31,40.5375,"MILLERSBURG, OH US",1.0,GHCND:USC00335297,METERS,-81.9197
1639,266.7,1893-08-01,1923-06-30,39.75,"MILLIGAN, OH US",0.8915,GHCND:USC00335310,METERS,-82.1
1640,356.6,1893-06-01,2013-01-31,40.7692,"MILLPORT 2 NW, OH US",1.0,GHCND:USC00335315,METERS,-80.8562
1641,271.3,1929-06-01,2010-12-31,41.15,"MINERAL RIDGE W WKS, OH US",1.0,GHCND:USC00335356,METERS,-80.78333
1642,263.7,1949-01-01,1987-07-31,40.3486,"MOHAWK DAM, OH US",0.985,GHCND:USC00335398,METERS,-82.0908
1643,296.0,1949-01-01,1987-06-30,40.73333,"MOHICANVILLE DAM, OH US",0.9828,GHCND:USC00335406,METERS,-82.15
1644,266.1,1893-06-01,2025-12-24,41.58924,"MONTPELIER, OH US",1.0,GHCND:USC00335438,METERS,-84.5858
1645,277.4,1944-01-01,2025-12-24,41.29853,"MOSQUITO CREEK LAKE, OH US",1.0,GHCND:USC00335505,METERS,-80.76418
1646,332.2,1949-05-01,1952-03-31,40.55,"MOUNT GILEAD LAKES P, OH US",1.0,GHCND:USC00335532,METERS,-82.81667
1647,332.2,1952-05-01,2010-12-31,40.55,"MOUNT GILEAD LAKES P, OH US",1.0,GHCND:USC00335535,METERS,-82.81667
1648,259.1,1914-03-01,1955-11-30,39.28333,"MOUNT HEALTHY EXPERIMENTAL FA, OH US",0.994,GHCND:USC00335543,METERS,-84.56667
1649,281.0,1948-08-01,1951-09-30,39.73333,"MOUNT STERLING GAS P, OH US",1.0,GHCND:USC00335573,METERS,-83.28333
1650,298.7,1916-04-01,1944-06-29,40.37915,"MOUNT VERNON, OH US",0.7493,GHCND:USC00335585,METERS,-82.4685
1651,228.9,1951-04-01,1953-07-31,39.08333,"CINCINNATI MOUNT WASH, OH US",0.9634,GHCND:USC00335590,METERS,-84.38333
1652,243.8,1917-07-01,1921-08-31,39.2,"MULBERRY, OH US",0.9393,GHCND:USC00335610,METERS,-84.75
1653,317.0,1948-08-01,1951-09-30,40.93333,"NANKIN, OH US",0.8689,GHCND:USC00335656,METERS,-82.28333
1654,207.9,1893-04-01,1962-05-31,41.3939,"NAPOLEON, OH US",0.9988,GHCND:USC00335664,METERS,-84.1144
1655,204.2,2009-10-01,2025-12-24,41.3816,"NAPOLEON 1 SW, OH US",1.0,GHCND:USC00335667,METERS,-84.1513
1656,207.9,1962-05-01,2010-12-31,41.3939,"NAPOLEON, OH US",1.0,GHCND:USC00335669,METERS,-84.1144
1657,205.7,1896-03-01,1900-10-31,41.516667,"NEAPOLIS EXPERIMENT FARM, OH US",0.9283,GHCND:USC00335700,METERS,-83.883333
1658,243.8,1894-08-01,1915-04-30,40.416667,"NELLIE, OH US",0.944,GHCND:USC00335708,METERS,-82.1
1659,216.1,1951-10-01,2025-12-24,39.50143,"NELSONVILLE, OH US",1.0,GHCND:USC00335718,METERS,-82.24376
1660,256.0,1948-08-01,1951-09-30,40.05,"NEWARK POWER PLANT, OH US",1.0,GHCND:USC00335742,METERS,-82.4
1661,254.5,1934-11-01,2025-12-18,40.0875,"NEWARK WATER WORKS, OH US",1.0,GHCND:USC00335747,METERS,-82.4128
1662,335.3,1893-01-01,1913-08-31,40.9,"NEW BERLIN, OH US",1.0,GHCND:USC00335750,METERS,-81.45
1663,316.4,1894-01-01,1943-12-31,40.45,"NEW BREMEN, OH US",0.9117,GHCND:USC00335752,METERS,-84.36667
1664,266.4,1914-01-01,2025-12-24,39.9317,"NEW CARLISLE, OH US",1.0,GHCND:USC00335786,METERS,-84.0329
1665,244.1,1893-06-01,2010-12-31,40.26667,"NEWCOMERSTOWN, OH US",1.0,GHCND:USC00335794,METERS,-81.6
1666,292.9,1959-10-01,1972-10-31,40.28333,"NEWCOMERSTOWN 1 NNE, OH US",0.9806,GHCND:USC00335795,METERS,-81.6
1667,244.1,1948-07-01,1948-12-31,40.26667,"NEWCOMERSTOWN HIGHWAY, OH US",0.837,GHCND:USC00335797,METERS,-81.61667
1668,241.4,1948-05-01,1999-10-31,40.27194,"NEWCOMERSTOWN, OH US",1.0,GHCND:USC00335799,METERS,-81.6075
1669,264.6,1893-01-01,1901-05-31,39.566667,"NEW HOLLAND, OH US",1.0,GHCND:USC00335830,METERS,-83.25
1670,326.1,1975-10-01,1977-03-18,39.833333,"NEWPORT, OH US",0.8887,GHCND:USC00335837,METERS,-83.466667
1671,284.4,2020-01-01,2025-12-24,39.7371,"NEW LEBANON, OH US",0.9998,GHCND:USC00335851,METERS,-84.39563
1672,267.3,1942-01-01,2025-12-24,39.73315,"NEW LEXINGTON 2 NW, OH US",1.0,GHCND:USC00335857,METERS,-82.21559
1673,189.0,1948-08-01,1951-09-30,39.46667,"NEW MATAMORAS DAM 16, OH US",1.0,GHCND:USC00335878,METERS,-81.11667
1674,281.9,1948-01-01,2010-12-31,40.48778,"NEW PHILADELPHIA, OH US",1.0,GHCND:USC00335894,METERS,-81.43167
1675,296.0,1939-08-01,1946-06-30,40.48333,"NEW PHILADELPHIA 3 E, OH US",0.8917,GHCND:USC00335899,METERS,-81.38333
1676,280.4,1949-01-01,1990-05-31,40.5,"NEW PHILADELPHIA 1 A, OH US",0.9478,GHCND:USC00335904,METERS,-81.45
1677,240.2,1899-02-01,1909-08-31,38.966667,"NEW RICHMOND, OH US",1.0,GHCND:USC00335908,METERS,-84.283333
1678,331.9,1974-01-01,1982-04-30,40.85,"NEW WATERFORD, OH US",0.9994,GHCND:USC00335924,METERS,-80.61667
1679,206.0,1985-01-01,2023-10-31,39.39328,"NEWPORT, OH US",1.0,GHCND:USC00335939,METERS,-81.21932
1680,237.7,1951-11-01,1990-09-30,39.58333,"NEW STRAITSVILLE, OH US",0.9893,GHCND:USC00335947,METERS,-82.25
1681,348.1,1948-07-01,1949-01-31,40.85,"NORTH GEORGETOWN, OH US",0.7078,GHCND:USC00336050,METERS,-80.98333
1682,172.2,1948-01-01,1961-07-31,38.41667,"NORTH KENOVA, OH US",0.9999,GHCND:USC00336061,METERS,-82.5
1683,333.8,1893-01-01,1909-06-30,40.683333,"NORTH LEWISBURG, OH US",0.9499,GHCND:USC00336075,METERS,-83.566667
1684,304.8,1893-01-01,1923-03-31,41.216667,"NORTH ROYALTON, OH US",0.981,GHCND:USC00336085,METERS,-81.75
1685,296.9,2022-01-01,2025-11-30,41.05697,"NORTON 3 NE, OH US",1.0,GHCND:USC00336089,METERS,-81.61335
1686,204.2,1894-01-01,2025-11-30,41.26342,"NORWALK WWTP, OH US",1.0,GHCND:USC00336118,METERS,-82.61462
1687,281.9,1948-08-01,1951-09-30,41.17654,"NORWALK 5 SE, OH US",0.9742,GHCND:USC00336123,METERS,-82.56185
1688,298.7,1948-01-01,1986-03-31,39.98333,"NORWICH 1 E, OH US",0.9604,GHCND:USC00336136,METERS,-81.78333
1689,179.8,1916-03-01,1917-12-31,41.516667,"OAK HARBOR, OH US",0.998,GHCND:USC00336170,METERS,-83.3
1690,217.0,1952-10-01,1955-05-31,41.08333,"OAKWOOD, OH US",0.885,GHCND:USC00336188,METERS,-84.38333
1691,248.7,1893-06-01,2025-12-23,41.2802,"OBERLIN, OH US",1.0,GHCND:USC00336196,METERS,-82.2187
1692,320.0,1975-10-01,1983-10-31,39.6,"OCTA, OH US",0.9993,GHCND:USC00336230,METERS,-83.61667
1693,318.2,1921-06-01,1926-07-31,39.5,"OCTA 1, OH US",1.0,GHCND:USC00336231,METERS,-83.616667
1694,288.0,1893-01-01,1909-04-17,41.333333,"ORANGEVILLE, OH US",0.9596,GHCND:USC00336333,METERS,-80.55
1695,220.1,1948-01-01,1949-11-30,41.01667,"OTTAWA, OH US",0.9988,GHCND:USC00336337,METERS,-84.05
1696,222.5,1948-08-01,2025-11-30,41.0324,"OTTAWA, OH US",1.0,GHCND:USC00336342,METERS,-84.0543
1697,176.8,1972-01-01,1989-04-30,41.61203,"OTTAWA NWR, OH US",0.9755,GHCND:USC00336346,METERS,-83.2013
1698,274.9,1948-01-01,1951-01-31,39.51667,"OXFORD, OH US",0.9991,GHCND:USC00336371,METERS,-84.75
1699,238.7,1948-08-01,2025-12-24,39.5068,"OXFORD, OH US",0.9993,GHCND:USC00336375,METERS,-84.7185
1700,214.0,1948-08-01,1951-09-30,41.71667,"PAINESVILLE HIGHWAY DE, OH US",0.9216,GHCND:USC00336384,METERS,-81.21667
1701,182.9,1950-01-01,2025-10-31,41.75288,"PAINESVILLE 4 NW, OH US",1.0,GHCND:USC00336389,METERS,-81.29533
1702,234.7,1949-01-01,2025-11-26,40.9462,"PANDORA, OH US",1.0,GHCND:USC00336405,METERS,-83.9614
1703,225.6,1998-01-01,2002-02-28,38.78639,"PATRIOT 7 W, OH US",1.0,GHCND:USC00336441,METERS,-82.51333
1704,221.0,1914-09-01,2025-12-24,41.1247,"PAULDING, OH US",1.0,GHCND:USC00336465,METERS,-84.5919
1705,228.9,1948-08-01,1950-08-29,41.08333,"PAYNE W WKS, OH US",0.9999,GHCND:USC00336475,METERS,-84.73333
1706,248.4,1940-01-01,2025-12-18,38.94689,"PEEBLES, OH US",0.7537,GHCND:USC00336493,METERS,-83.41611
1707,253.0,1910-10-01,1962-07-31,38.93333,"PEEBLES 1 S, OH US",0.9968,GHCND:USC00336498,METERS,-83.41667
1708,262.1,1980-04-01,1983-09-30,41.1536,"PENFIELD 1 SE, OH US",0.643,GHCND:USC00336512,METERS,-82.1018
1709,156.1,1975-11-01,1994-12-31,39.13333,"PERINTOWN, OH US",0.9608,GHCND:USC00336537,METERS,-84.23333
1710,278.0,1926-08-01,1949-01-31,41.26667,"PHALANX STATION, OH US",0.5554,GHCND:USC00336554,METERS,-80.95
1711,228.9,1901-09-01,1965-09-30,39.86667,"PHILO, OH US",0.9844,GHCND:USC00336590,METERS,-81.9
1712,310.9,1895-06-01,2013-11-24,39.8386,"PHILO 3 SW, OH US",1.0,GHCND:USC00336600,METERS,-81.9166
1713,286.5,1949-03-01,2016-03-01,40.19201,"PIEDMONT LAKE, OH US",1.0,GHCND:USC00336616,METERS,-81.21469
1714,173.7,1942-07-01,2025-12-22,39.07011,"PIKETON, OH US",1.0,GHCND:USC00336630,METERS,-83.01956
1715,262.4,1893-01-01,2025-12-22,40.1525,"PIQUA, OH US",1.0,GHCND:USC00336645,METERS,-84.2372
1716,260.0,1948-01-01,2025-12-16,40.1311,"PIQUA WWTP, OH US",1.0,GHCND:USC00336650,METERS,-84.2344
1717,344.4,1893-01-01,1918-03-31,39.416667,"PLATTSBURG, OH US",0.9673,GHCND:USC00336675,METERS,-83.116667
1718,261.2,1922-03-01,2025-12-23,40.0553,"PLEASANT HILL, OH US",1.0,GHCND:USC00336697,METERS,-84.3581
1719,342.9,1949-01-01,1987-07-31,40.6245,"PLEASANT HILL LAKE, OH US",0.9807,GHCND:USC00336702,METERS,-82.3271
1720,292.9,1935-07-01,1982-09-30,40.98333,"PLYMOUTH 2 WSW, OH US",0.9894,GHCND:USC00336729,METERS,-82.7
1721,171.0,1893-03-01,1910-06-30,39.03333,"POMEROY WATER WORKS, OH US",0.9761,GHCND:USC00336759,METERS,-82.0
1722,180.1,1947-01-01,1969-09-30,39.01667,"PORTLAND DAM 21, OH US",1.0,GHCND:USC00336773,METERS,-81.76667
1723,164.6,1893-02-01,2025-12-24,38.7569,"PORTSMOUTH SCIOTOVILLE, OH US",1.0,GHCND:USC00336781,METERS,-82.8872
1724,173.7,1948-01-01,1997-01-31,38.73139,"PORTSMOUTH US GRANT, OH US",0.9606,GHCND:USC00336786,METERS,-82.99694
1725,164.9,1948-08-01,1951-09-30,38.735,"PORTSMOUTH WATER WOR, OH US",1.0,GHCND:USC00336791,METERS,-82.99861
1726,203.9,1953-07-01,1955-06-30,39.0,"PORTSMOUTH AREA WEATHER BUREAU, OH US",1.0,GHCND:USC00336796,METERS,-83.0
1727,278.9,1907-01-01,2012-02-20,40.48333,"PROSPECT, OH US",1.0,GHCND:USC00336861,METERS,-83.2
1728,304.8,1899-01-01,1907-11-30,39.233333,"PULSE, OH US",1.0,GHCND:USC00336872,METERS,-83.85
1729,176.8,1916-04-01,2010-12-31,41.65,"PUT IN BAY, OH US",1.0,GHCND:USC00336882,METERS,-82.8
1730,232.0,1954-01-01,1957-04-30,39.13333,"RADCLIFF 1 E, OH US",1.0,GHCND:USC00336917,METERS,-82.38333
1731,337.4,1948-08-01,2025-11-30,41.13664,"RAVENNA 2 S, OH US",1.0,GHCND:USC00336949,METERS,-81.28437
1732,328.9,1948-07-01,1950-02-28,41.13333,"RAVENNA PUMP STATION, OH US",0.3504,GHCND:USC00336954,METERS,-81.23333
1733,329.2,2020-07-01,2025-12-24,40.35111,"RAYMOND 4 NW, OH US",1.0,GHCND:USC00336955,METERS,-83.48491
1734,287.7,1894-09-01,1904-05-31,40.433333,"RICHWOOD, OH US",1.0,GHCND:USC00337065,METERS,-83.3
1735,281.9,1997-08-01,2006-04-30,40.4183,"RICHWOOD 2, OH US",0.905,GHCND:USC00337069,METERS,-83.295
1736,225.9,1893-01-01,1900-09-30,41.45,"RIDGEVILLE CORNERS, OH US",0.9791,GHCND:USC00337080,METERS,-84.266667
1737,310.9,1953-06-01,1984-03-31,39.6,"RINGGOLD, OH US",0.833,GHCND:USC00337107,METERS,-81.95
1738,268.2,1959-01-01,2010-12-31,38.78722,"RIPLEY EXPERIMENTAL FARM, OH US",1.0,GHCND:USC00337120,METERS,-83.79722
1739,301.8,1893-01-01,1912-02-29,40.966667,"RITTMAN, OH US",0.9873,GHCND:USC00337145,METERS,-81.733333
1740,256.9,1979-01-01,1981-08-31,41.63333,"ROCK CREEK 2 S, OH US",1.0,GHCND:USC00337175,METERS,-80.86667
1741,245.4,1948-08-01,1951-09-30,40.68333,"ROCKFORD WATER DEPARTMENT, OH US",0.6056,GHCND:USC00337179,METERS,-84.65
1742,329.2,1962-08-01,1984-10-31,40.78333,"ROGERS, OH US",0.9991,GHCND:USC00337207,METERS,-80.63333
1743,270.7,1907-03-01,1909-12-31,41.6,"ROME, OH US",0.9686,GHCND:USC00337231,METERS,-80.883333
1744,225.6,1961-11-01,2024-01-31,39.8161,"ROSEVILLE, OH US",1.0,GHCND:USC00337255,METERS,-82.0732
1745,346.6,1894-04-01,1901-12-31,40.133333,"ROSEWOOD, OH US",0.9995,GHCND:USC00337265,METERS,-83.983333
1746,338.3,1974-03-01,2010-12-31,41.05,"RUGGLES 2 NE, OH US",1.0,GHCND:USC00337303,METERS,-82.35
1747,304.8,1985-01-01,1988-03-31,39.83333,"RUSHVILLE 5 NE, OH US",1.0,GHCND:USC00337326,METERS,-82.38333
1748,309.4,1948-08-01,1951-09-30,40.51667,"RUSSELLS POINT LAKEV, OH US",0.6319,GHCND:USC00337333,METERS,-83.9
1749,300.2,1948-08-01,1951-09-30,39.21667,"ST MARTIN URSULINE S, OH US",0.9742,GHCND:USC00337375,METERS,-83.88333
1750,266.4,1937-11-01,2025-12-11,40.5449,"ST. MARYS 3 W, OH US",1.0,GHCND:USC00337383,METERS,-84.4374
1751,264.9,1949-04-01,1951-09-30,40.53333,"ST MARYS WATER WORKS, OH US",1.0,GHCND:USC00337388,METERS,-84.4
1752,366.1,1914-01-01,1951-09-30,40.13333,"ST PARIS, OH US",0.6311,GHCND:USC00337396,METERS,-83.96667
1753,377.6,1977-01-01,2025-12-24,40.1391,"ST PARIS 2 NE, OH US",1.0,GHCND:USC00337400,METERS,-83.9288
1754,232.0,1974-01-01,2025-12-24,39.07009,"SALEM CENTER 2 E, OH US",1.0,GHCND:USC00337410,METERS,-82.29089
1755,384.0,1972-11-01,1985-09-30,40.6,"SALINEVILLE 2 SSW, OH US",0.9994,GHCND:USC00337417,METERS,-80.85
1756,271.3,1951-09-01,1989-11-30,39.68333,"SAYRE, OH US",0.9913,GHCND:USC00337476,METERS,-82.05
1757,326.1,1940-01-01,2010-12-31,39.73389,"SEDALIA, OH US",1.0,GHCND:USC00337538,METERS,-83.4775
1758,266.7,1939-05-01,2016-03-01,39.9222,"SENECAVILLE LAKE, OH US",1.0,GHCND:USC00337559,METERS,-81.4347
1759,335.3,1893-02-01,1912-08-31,40.916667,"SHENANDOAH, OH US",1.0,GHCND:USC00337650,METERS,-82.5
1760,286.5,1948-01-01,2025-12-24,40.2705,"SIDNEY 1 S, OH US",1.0,GHCND:USC00337693,METERS,-84.1507
1761,313.9,1948-08-01,1951-09-30,40.2983,"SIDNEY HIGHWAY DEPARTMENT, OH US",1.0,GHCND:USC00337698,METERS,-84.1633
1762,317.0,1893-01-01,1978-02-28,40.31667,"SIDNEY 2 N, OH US",0.9395,GHCND:USC00337700,METERS,-84.16667
1763,329.2,1897-10-01,1919-03-31,39.83333,"SOMERSET, OH US",0.9305,GHCND:USC00337800,METERS,-82.01667
1764,274.9,1950-10-01,1951-09-30,41.58333,"SOUTH NEW LYME, OH US",1.0,GHCND:USC00337854,METERS,-80.8
1765,168.6,1990-01-01,2025-12-24,38.42375,"SOUTH POINT, OH US",1.0,GHCND:USC00337857,METERS,-82.59307
1766,195.1,1975-10-01,1982-05-31,38.78333,"SOUTH WEBSTER 3 SE, OH US",0.9993,GHCND:USC00337884,METERS,-82.7
1767,243.8,1893-01-01,1901-03-31,39.55,"SPRINGBORO, OH US",0.9806,GHCND:USC00337920,METERS,-84.25
1768,310.9,1943-07-01,1969-11-30,39.91667,"SPRINGFIELD, OH US",0.9999,GHCND:USC00337925,METERS,-83.81667
1769,274.3,2011-01-01,2025-12-01,39.91639,"SPRINGFIELD 2 WSW, OH US",1.0,GHCND:USC00337926,METERS,-83.8468
1770,310.9,1900-09-01,1950-07-31,39.91667,"SPRINGFIELD ELMWOOD, OH US",0.9984,GHCND:USC00337927,METERS,-83.78333
1771,284.1,1914-02-01,1951-12-31,39.91667,"SPRINGFIELD MAD RIVE, OH US",0.9429,GHCND:USC00337930,METERS,-83.85
1772,274.9,1952-01-01,1988-06-30,39.91667,"SPRINGFIELD WWTP, OH US",0.9681,GHCND:USC00337932,METERS,-83.85
1773,289.9,1948-08-01,2025-12-24,39.9735,"SPRINGFIELD WATER TREATMENT PLANT, OH US",1.0,GHCND:USC00337935,METERS,-83.8072
1774,302.4,1941-04-01,2025-12-24,40.3765,"STEUBENVILLE, OH US",1.0,GHCND:USC00338025,METERS,-80.6283
1775,323.1,2011-01-01,2025-12-24,41.1315,"STOW 4 SE, OH US",0.9993,GHCND:USC00338062,METERS,-81.4491
1776,283.5,1896-04-01,1903-10-31,41.233333,"STRONGSVILLE, OH US",1.0,GHCND:USC00338095,METERS,-81.866667
1777,225.6,1962-01-01,2016-11-28,41.5364,"STRYKER, OH US",1.0,GHCND:USC00338110,METERS,-84.4216
1778,298.7,1906-02-01,1987-10-31,39.81667,"SUMMERFIELD 2 NE, OH US",0.841,GHCND:USC00338148,METERS,-81.3
1779,338.9,1975-09-01,1988-09-30,39.93333,"SUMMERFORD, OH US",0.9554,GHCND:USC00338158,METERS,-83.5
1780,312.4,1997-01-01,1998-06-30,40.34306,"SUNBURY 6 N, OH US",1.0,GHCND:USC00338170,METERS,-82.84889
1781,194.8,1893-02-01,1899-05-31,41.716667,"SYLVANIA, OH US",0.9746,GHCND:USC00338180,METERS,-83.7
1782,237.7,1914-01-01,1920-07-06,39.9,"TADMOR, OH US",0.9986,GHCND:USC00338200,METERS,-84.2
1783,289.6,1949-01-01,1987-08-31,40.3562,"TAPPAN DAM, OH US",0.9871,GHCND:USC00338240,METERS,-81.2279
1784,292.9,1946-01-01,1955-07-31,39.9,"THORNVILLE, OH US",0.991,GHCND:USC00338303,METERS,-82.41667
1785,212.1,1893-01-01,1917-10-29,38.933333,"THURMAN, OH US",1.0,GHCND:USC00338308,METERS,-82.45
1786,225.6,1893-06-01,2012-01-31,41.10451,"TIFFIN, OH US",1.0,GHCND:USC00338313,METERS,-83.18786
1787,228.6,1960-05-01,1960-09-30,41.1,"TIFFIN W WKS, OH US",1.0,GHCND:USC00338318,METERS,-83.18333
1788,201.2,1920-01-01,1927-11-30,40.216667,"TILTONVILLE, OH US",1.0,GHCND:USC00338325,METERS,-80.766667
1789,256.0,1939-01-01,2025-12-24,39.9573,"TIPP CITY, OH US",1.0,GHCND:USC00338332,METERS,-84.17491
1790,240.5,1912-12-01,1930-12-31,40.083333,"TOBOSO, OH US",1.0,GHCND:USC00338342,METERS,-82.233333
1791,189.0,1950-02-01,1951-12-31,41.65,"TOLEDO ACME STATION, OH US",1.0,GHCND:USC00338351,METERS,-83.51667
1792,176.2,1950-08-01,1971-06-30,40.68333,"TOLEDO COAST GUARD S, OH US",0.9642,GHCND:USC00338353,METERS,-83.48333
1793,182.9,1871-01-01,2010-12-31,41.65,"TOLEDO BLADE, OH US",1.0,GHCND:USC00338366,METERS,-83.53333
1794,228.3,1953-07-01,1987-07-31,39.54444,"TOM JENKINS DAM BURR OAK, OH US",1.0,GHCND:USC00338378,METERS,-82.05812
1795,249.9,2011-01-01,2015-02-28,40.025,"TROY, OH US",0.3404,GHCND:USC00338430,METERS,-84.1925
1796,329.8,2019-05-01,2025-12-24,40.2063,"UNION CITY, OH US",0.9992,GHCND:USC00338502,METERS,-84.7945
1797,253.0,1951-01-01,1963-03-26,40.0,"UPPER ARLINGTON, OH US",1.0,GHCND:USC00338526,METERS,-83.06667
1798,260.3,1893-06-01,2013-09-30,40.83333,"UPPER SANDUSKY, OH US",1.0,GHCND:USC00338534,METERS,-83.28333
1799,256.0,1948-08-01,1951-09-30,40.84278,"UPPER SANDUSKY WATER WK, OH US",0.9742,GHCND:USC00338539,METERS,-83.2767
1800,310.6,1895-11-01,2025-12-22,40.0991,"URBANA WRF, OH US",1.0,GHCND:USC00338552,METERS,-83.7823
1801,306.3,1944-11-01,2014-05-01,40.21667,"UTICA, OH US",1.0,GHCND:USC00338560,METERS,-82.43333
1802,345.9,1995-12-01,2012-03-31,40.20611,"UTICA 4 WSW, OH US",1.0,GHCND:USC00338565,METERS,-82.52
1803,240.8,1893-01-01,2025-12-24,40.8494,"VAN WERT 1 S, OH US",1.0,GHCND:USC00338609,METERS,-84.5808
1804,183.8,1893-04-01,1901-11-30,41.416667,"VERMILLION, OH US",1.0,GHCND:USC00338630,METERS,-82.383333
1805,180.4,1993-01-01,1994-12-31,41.3833,"VERMILION RIVER, OH US",1.0,GHCND:USC00338634,METERS,-82.3167
1806,294.4,1914-01-01,2025-11-30,40.2211,"VERSAILLES, OH US",1.0,GHCND:USC00338642,METERS,-84.4955
1807,180.1,1893-04-01,1953-03-31,41.36667,"VICKERY 2 NW, OH US",0.9931,GHCND:USC00338656,METERS,-82.96667
1808,256.9,1914-12-04,1939-06-30,40.366667,"WALHONDING, OH US",0.9966,GHCND:USC00338725,METERS,-82.133333
1809,246.6,1893-01-01,1903-10-31,39.75,"WALNUT, OH US",1.0,GHCND:USC00338730,METERS,-82.85
1810,273.7,1912-01-01,1930-12-31,40.566667,"WAPAKONETA 1, OH US",1.0,GHCND:USC00338746,METERS,-84.2
1811,275.5,1984-01-01,1993-12-31,41.23333,"WARREN, OH US",0.9998,GHCND:USC00338764,METERS,-80.81667
1812,274.3,1893-01-01,2025-12-23,41.2019,"WARREN 3 S, OH US",1.0,GHCND:USC00338769,METERS,-80.8105
1813,274.9,1914-11-01,1971-06-30,41.21667,"WARREN OHIO EDISON, OH US",0.8255,GHCND:USC00338774,METERS,-80.8
1814,269.7,2024-01-01,2025-12-24,40.28777,"WARSAW 6 WSW, OH US",0.9989,GHCND:USC00338775,METERS,-82.09654
1815,291.7,1916-01-01,2025-12-23,39.5353,"WASHINGTON COURT HOUSE, OH US",1.0,GHCND:USC00338794,METERS,-83.4239
1816,189.6,1960-08-01,2021-11-15,38.70081,"WATERLOO, OH US",1.0,GHCND:USC00338810,METERS,-82.47304
1817,228.6,1893-02-01,2025-12-24,41.5183,"WAUSEON WATER PLANT, OH US",1.0,GHCND:USC00338822,METERS,-84.1452
1818,174.3,1893-06-01,2025-12-24,39.1114,"WAVERLY, OH US",1.0,GHCND:USC00338830,METERS,-82.9797
1819,213.4,1893-02-01,1928-02-29,39.533333,"WAYNESVILLE, OH US",1.0,GHCND:USC00338870,METERS,-84.066667
1820,260.9,1893-04-01,1911-01-31,41.166667,"WELLINGTON, OH US",0.9532,GHCND:USC00338915,METERS,-82.25
1821,244.4,1952-01-01,2025-12-23,40.1268,"WESTERVILLE, OH US",1.0,GHCND:USC00338951,METERS,-82.9441
1822,223.1,1965-01-01,1978-03-31,39.26667,"WEST FORK MILL CREEK, OH US",1.0,GHCND:USC00338960,METERS,-84.5
1823,349.9,2020-06-01,2025-12-24,40.2679,"WEST LIBERTY, OH US",0.9999,GHCND:USC00338965,METERS,-83.7711
1824,338.0,1916-01-01,2025-11-30,39.8731,"WEST MANCHESTER 3 WSW, OH US",1.0,GHCND:USC00338990,METERS,-84.6556
1825,283.5,1914-01-01,1922-02-28,39.966667,"WEST MILTON, OH US",1.0,GHCND:USC00339000,METERS,-84.35
1826,224.9,1975-10-01,2025-12-24,38.8053,"WEST UNION 6 ENE, OH US",1.0,GHCND:USC00339050,METERS,-83.4353
1827,225.6,1913-01-01,1922-12-31,41.616667,"WICKLIFFE, OH US",1.0,GHCND:USC00339115,METERS,-81.516667
1828,274.9,1965-04-01,1976-06-30,39.06667,"WILLIAMSBURG 1 ENE, OH US",0.9852,GHCND:USC00339161,METERS,-84.03333
1829,335.3,1920-03-01,1923-08-31,41.533333,"WILLIAMSFIELD, OH US",1.0,GHCND:USC00339163,METERS,-80.583333
1830,235.0,1975-09-01,1981-11-30,39.58333,"WILLIAMSPORT, OH US",0.9995,GHCND:USC00339166,METERS,-83.11667
1831,192.0,1948-01-01,1953-04-30,41.68333,"WILLOUGHBY, OH US",0.8326,GHCND:USC00339185,METERS,-81.38333
1832,195.1,1894-07-01,1976-11-30,41.66667,"WILLOWGHBY EAST LAKE, OH US",0.8605,GHCND:USC00339190,METERS,-81.43333
1833,187.8,1987-01-01,2015-10-01,39.36667,"WILLOW ISLAND LOCK AND DAM, OH US",1.0,GHCND:USC00339197,METERS,-81.31667
1834,301.1,1998-01-01,2000-10-31,38.59028,"WILLOW WOOD 3 NE, OH US",1.0,GHCND:USC00339209,METERS,-82.44417
1835,237.7,1949-01-01,1987-07-31,40.1563,"WILLS CREEK LAKE, OH US",0.985,GHCND:USC00339211,METERS,-81.8437
1836,314.9,1915-01-01,2019-01-29,39.49118,"WILMINGTON 3 N, OH US",1.0,GHCND:USC00339219,METERS,-83.82005
1837,321.0,1995-01-01,2025-12-23,39.42157,"WEATHER FORECAST OFFICE WILMINGTON, OH US",1.0,GHCND:USC00339220,METERS,-83.82225
1838,299.0,1948-08-01,1951-09-30,39.4391,"WILMINGTON, OH US",0.9742,GHCND:USC00339224,METERS,-83.8527
1839,309.4,2023-05-01,2025-12-24,39.0413,"WINCHESTER 7 NNW, OH US",0.9985,GHCND:USC00339293,METERS,-83.7047
1840,371.9,1948-08-01,1951-09-30,39.78333,"WOODSFIELD, OH US",1.0,GHCND:USC00339298,METERS,-81.1
1841,365.8,2001-01-01,2018-09-30,39.7787,"WOODSFIELD 2 N, OH US",1.0,GHCND:USC00339299,METERS,-81.1009
1842,310.9,1893-06-01,2021-10-31,40.78126,"WOOSTER EXPERIMENTAL STATION, OH US",1.0,GHCND:USC00339312,METERS,-81.91986
1843,335.9,1914-03-01,1959-06-30,40.78333,"WOOSTER 2 SE, OH US",0.9743,GHCND:USC00339322,METERS,-81.93333
1844,289.9,1951-10-01,1952-01-31,40.16667,"WORTHINGTON 5 N, OH US",0.9898,GHCND:USC00339332,METERS,-83.01667
1845,256.0,1948-08-01,1951-09-23,39.73333,"XENIA, OH US",1.0,GHCND:USC00339356,METERS,-83.93333
1846,249.9,1974-08-01,1994-12-31,39.71667,"XENIA TREATMENT PLAN, OH US",0.9836,GHCND:USC00339357,METERS,-83.96667
1847,253.0,2019-04-01,2025-12-24,39.7369,"XENIA 3 N, OH US",0.9996,GHCND:USC00339358,METERS,-83.9368
1848,289.6,1916-11-01,2025-12-24,39.613,"XENIA 6 SSE, OH US",1.0,GHCND:USC00339361,METERS,-83.9058
1849,213.4,1887-08-01,1962-04-30,39.9125,"ZANESVILLE WWTP, OH US",0.8384,GHCND:USC00339422,METERS,-82.0042
1850,182.9,1917-06-01,1968-04-30,39.15,"BELLEVILLE DAM 2O, OH US",1.0,GHCND:USC00460645,METERS,-81.75
1851,207.0,1891-12-01,1957-09-30,38.41667,"HUNTINGTON 1, WV US",0.9279,GHCND:USC00464378,METERS,-82.36667
1852,158.5,1967-07-01,2016-07-30,38.4014,"HUNTINGTON SWG PLANT, WV US",1.0,GHCND:USC00464397,METERS,-82.5266
1853,,1901-10-01,1926-11-16,39.933333,"MOUNDSVILLE 1, OH US",0.9537,GHCND:USC00466250,,-80.766667
1854,205.7,1892-09-01,2025-12-24,40.5261,"NEW CUMBERLAND L D, OH US",1.0,GHCND:USC00466442,METERS,-80.6275
1855,170.7,1927-01-01,1934-12-31,38.91667,"POINT PLEASANT DAM 25, OH US",0.9999,GHCND:USC00467109,METERS,-82.13333
1856,182.9,1916-11-13,1968-06-30,39.25,"WASHINGTON DAM 19, OH US",0.9984,GHCND:USC00469309,METERS,-81.7
1857,201.2,1878-02-01,2004-04-30,40.27528,"WELLSBURG WATER TREATMENT P, WV US",0.7697,GHCND:USC00469368,METERS,-80.61194
1858,196.6,1987-09-01,2025-12-23,40.0567,"WHEELING, WV US",1.0,GHCND:USC00469482,METERS,-80.7283
1859,192.0,2002-09-01,2025-12-24,39.3858,"CHILLICOTHE OHIO, OH US",0.9817,GHCND:USR0000OCHL,METERS,-82.985
1860,222.5,2002-11-01,2025-12-24,39.2753,"ZALESKI OHIO, OH US",0.9877,GHCND:USR0000OZAL,METERS,-82.385
1861,323.1,1961-10-01,1970-12-31,39.85,"SPRINGFIELD AF, OH US",0.9819,GHCND:USW00003867,METERS,-83.83333
1862,193.9,1948-01-01,1971-03-31,39.1,"CINCINNATI WEATHER SERVICE OFFICE CITY, OH US",1.0,GHCND:USW00003871,METERS,-84.51667
1863,275.0,1997-11-01,2025-12-23,40.078406,"COLUMBUS OHIO STATE UNIVERSITY AIRPORT, OH US",1.0,GHCND:USW00004804,METERS,-83.078332
1864,336.8,1997-01-01,2025-12-23,40.87324,"WOOSTER WAYNE CO AIRPORT, OH US",1.0,GHCND:USW00004842,METERS,-81.88864
1865,189.0,1998-01-01,2025-08-26,41.56327,"TOLEDO EXECUTIVE AIRPORT, OH US",1.0,GHCND:USW00004848,METERS,-83.47671
1866,241.0,1998-01-01,2025-12-23,41.34628,"ELYRIA LORAIN CO AIRPORT, OH US",1.0,GHCND:USW00004849,METERS,-82.17885
1867,293.0,1998-02-01,2025-12-23,40.70806,"LIMA ALLEN CO AIRPORT, OH US",1.0,GHCND:USW00004850,METERS,-84.0214
1868,215.0,1998-01-01,2025-12-23,41.3357,"DEFIANCE AIRPORT, OH US",1.0,GHCND:USW00004851,METERS,-84.4285
1869,271.7,1998-02-01,2025-12-23,40.47031,"NEW PHILADELPHIA CLEVER FIELD, OH US",1.0,GHCND:USW00004852,METERS,-81.42176
1870,177.5,1998-02-01,2025-12-23,41.52568,"CLEVELAND BURKE LAKEFRONT AIRPORT, OH US",1.0,GHCND:USW00004853,METERS,-81.66908
1871,300.3,1998-05-01,2025-08-26,40.61576,"MARION MUNICIPAL AIRPORT, OH US",1.0,GHCND:USW00004855,METERS,-83.06731
1872,278.3,1998-12-01,2025-12-23,41.7794,"ASHTABULA CO AIRPORT, OH US",1.0,GHCND:USW00004857,METERS,-80.69683
1873,267.6,1999-02-01,2025-12-23,40.02635,"NEWARK HEATH AIRPORT, OH US",1.0,GHCND:USW00004858,METERS,-82.46346
1874,226.8,1946-11-01,1970-12-31,39.81667,"COLUMBUS RICKENBACKER, OH US",0.954,GHCND:USW00013812,METERS,-82.93333
1875,245.1,1953-01-01,1962-06-30,39.78333,"WRIGHT PATTERSON AFB, OH US",1.0,GHCND:USW00013813,METERS,-84.1
1876,249.9,1946-10-01,1970-12-31,39.83333,"DAYTON WRIGHT PATTERSON AFB, OH US",0.9994,GHCND:USW00013840,METERS,-84.05
1877,324.9,1949-01-01,2025-12-23,39.43084,"WILMINGTON AIR PARK, OH US",1.0,GHCND:USW00013841,METERS,-83.777
1878,318.1,1948-01-01,2025-12-23,41.03732,"AKRON FULTON INTERNATIONAL AIRPORT, OH US",1.0,GHCND:USW00014813,METERS,-81.46341
1879,236.8,1938-05-01,2025-12-23,41.40568,"CLEVELAND HOPKINS INTERNATIONAL AIRPORT, OH US",1.0,GHCND:USW00014820,METERS,-81.85191
1880,246.8,1945-04-01,2025-12-23,39.99068,"JOHN GLENN INTERNATIONAL AIRPORT, OH US",1.0,GHCND:USW00014821,METERS,-82.87703
1881,355.1,1948-01-01,1948-08-31,40.68333,"EAST LIVERPOOL WEATHER BUREAU AIRPORT, OH US",1.0,GHCND:USW00014823,METERS,-80.63333
1882,246.5,1942-01-01,2025-12-23,41.01369,"FINDLAY AIRPORT, OH US",1.0,GHCND:USW00014825,METERS,-83.66814
1883,210.9,1948-01-01,1950-01-21,41.78333,"PERRY CAA AIRPORT, OH US",0.9991,GHCND:USW00014843,METERS,-81.1
1884,178.0,1936-01-01,2025-10-31,41.452,"SANDUSKY, OH US",1.0,GHCND:USW00014846,METERS,-82.723
1885,189.0,1939-07-01,2025-12-23,41.56327,"TOLEDO EXECUTIVE AIRPORT, OH US",0.9996,GHCND:USW00014849,METERS,-83.47671
1886,355.6,1934-08-01,2025-12-23,41.25478,"YOUNGSTOWN WARREN REGIONAL AIRPORT, OH US",1.0,GHCND:USW00014852,METERS,-80.67361
1887,392.8,1948-08-01,2025-12-23,40.8204,"MANSFIELD LAHM REGIONAL AIRPORT, OH US",1.0,GHCND:USW00014891,METERS,-82.51769
1888,368.8,1948-01-01,2025-12-23,40.91811,"AKRON CANTON AIRPORT, OH US",1.0,GHCND:USW00014895,METERS,-81.44342
1889,323.1,1952-01-01,1957-10-15,41.03333,"AKRON NAS, OH US",1.0,GHCND:USW00014896,METERS,-81.48333
1890,258.7,1996-07-01,2025-12-19,39.75725,"LANCASTER FAIRFIELD CO AIRPORT, OH US",1.0,GHCND:USW00053844,METERS,-82.66333
1891,184.7,1997-06-01,2025-12-19,39.36119,"HAMILTON BUTLER CO REGIONAL AIRPORT, OH US",1.0,GHCND:USW00053855,METERS,-84.52063
1892,290.4,1997-11-01,2025-12-19,39.5918,"DAYTON WRIGHT BROTHERS AIRPORT, OH US",1.0,GHCND:USW00053859,METERS,-84.2263
1893,341.4,2006-11-01,2016-09-18,40.3667,"COSHOCTON 8 NNE, OH US",1.0,GHCND:USW00054851,METERS,-81.7829
1894,335.9,2016-11-12,2025-12-19,40.7641,"WOOSTER 3 SSE, OH US",1.0,GHCND:USW00054856,METERS,-81.9104
1895,320.3,2017-01-01,2025-12-18,39.84028,"SPRINGFIELD BECKLEY MUNICIPAL AIRPORT, OH US",0.9994,GHCND:USW00063888,METERS,-83.84
1896,144.8,1948-08-01,2025-12-19,39.106,"CINCINNATI MUNICIPAL AIRPORT LUNKEN FIELD, OH US",1.0,GHCND:USW00093812,METERS,-84.41609
1897,302.6,1948-01-01,2025-12-19,39.90638,"DAYTON INTERNATIONAL AIRPORT, OH US",1.0,GHCND:USW00093815,METERS,-84.21853
1898,170.7,1941-04-01,1960-12-31,38.41667,"CHESAPEAKE HUNTINGTON AIRPORT, OH US",0.9915,GHCND:USW00093818,METERS,-82.5
1899,268.6,1946-01-01,2025-12-19,39.94609,"ZANESVILLE MUNICIPAL AIRPORT, OH US",1.0,GHCND:USW00093824,METERS,-81.89315
1900,249.0,1945-01-01,1954-12-31,39.98333,"COLUMBUS NAS, OH US",0.658,GHCND:USW00093834,METERS,-82.88333
1901,231.6,1916-01-01,1982-12-31,39.15,"CINCINNATI ABBE WEATHER SERVICE OFFICE, OH US",1.0,GHCND:USW00093890,METERS,-84.51667
1902,221.0,1948-01-01,1973-04-30,39.96667,"COLUMBUS, OH US",1.0,GHCND:USW00093891,METERS,-83.0
1903,205.5,1955-01-01,2025-12-19,41.58705,"TOLEDO EXPRESS AIRPORT, OH US",1.0,GHCND:USW00094830,METERS,-83.80538
1904,240.9,1996-02-23,2025-12-25,42.948789,"BUFFALO, NY US",0.95,NEXRAD:KBUF,METERS,-78.736781
1905,757.7,1995-05-09,2025-12-25,40.923167,"STATE COLLEGE, PA US",0.95,NEXRAD:KCCX,METERS,-78.003722
1906,262.3,1995-01-05,2025-12-25,41.413217,"CLEVELAND, OH US",0.95,NEXRAD:KCLE,METERS,-81.859867
1907,370.7,1995-05-09,2025-12-25,42.7,"DETROIT, MI US",0.95,NEXRAD:KDTX,METERS,-83.471667
1908,266.8,1995-09-21,2025-12-25,42.893889,"GRAND RAPIDS, MI US",0.95,NEXRAD:KGRR,METERS,-85.544889
1909,356.6,1995-05-17,2025-12-25,39.420483,"CINCINNATI, OH US",0.95,NEXRAD:KILN,METERS,-83.82145
1910,270.5,1995-04-24,2025-12-25,39.7075,"INDIANAPOLIS, IN US",0.95,NEXRAD:KIND,METERS,-86.280278
1911,322.0,1997-12-09,2025-12-25,41.358611,"FORT WAYNE, IN US",0.95,NEXRAD:KIWX,METERS,-85.7
1912,445.5,1996-08-14,2025-12-25,37.590833,"JACKSON, KY US",0.95,NEXRAD:KJKL,METERS,-83.313056
1913,253.9,1995-05-09,2025-12-25,37.975278,"LOUISVILLE, KY US",0.95,NEXRAD:KLVX,METERS,-85.943889
1914,385.9,1995-01-19,2025-12-25,40.531717,"PITTSBURGH, PA US",0.95,NEXRAD:KPBZ,METERS,-80.217967
1915,369.7,1995-05-09,2025-12-25,38.311111,"CHARLESTON, WV US",0.95,NEXRAD:KRLX,METERS,-81.722778
1916,349.9,2009-04-08,2025-12-25,40.006111,"COLUMBUS, OH US",0.95,NEXRAD:TCMH,METERS,-82.715
1917,321.0,2009-04-08,2025-12-25,38.898056,"COVINGTON, KY US",0.95,NEXRAD:TCVG,METERS,-84.58
1918,310.9,2009-04-08,2025-12-25,40.021944,"DAYTON, OH US",0.95,NEXRAD:TDAY,METERS,-84.123056
1919,235.0,2008-12-02,2025-12-06,42.111111,"DETROIT, MI US",0.95,NEXRAD:TDTW,METERS,-83.515
1920,257.9,2009-03-31,2025-12-25,39.636944,"INDIANAPOLIS, IN US",0.95,NEXRAD:TIDS,METERS,-86.436111
1921,284.1,2008-11-20,2025-12-25,41.29,"CLEVELAND, OH US",0.95,NEXRAD:TLVE,METERS,-82.008056
1922,422.1,2009-03-24,2025-12-25,40.501111,"PITTSBURGH, PA US",0.95,NEXRAD:TPIT,METERS,-80.486111
1923,223.1,2009-04-14,2025-12-25,38.046111,"LOUISVILLE, KY US",0.95,NEXRAD:TSDF,METERS,-85.61
1924,233.2,2007-05-21,2025-08-25,39.217,"OHIO UNIVERSITY AIRPORT SNYDER FIELD, OH US",1.0,WBAN:00131,METERS,-82.233
1925,363.0,2009-01-01,2025-08-24,40.333,"KNOX CO AIRPORT, OH US",1.0,WBAN:00139,METERS,-82.517
1926,311.2,2009-07-21,2025-08-25,40.225,"UNION CO AIRPORT, OH US",1.0,WBAN:00232,METERS,-83.352
1927,307.2,2010-03-08,2025-08-21,40.204,"DARKE CO AIRPORT, OH US",1.0,WBAN:00251,METERS,-84.532
1928,288.0,2011-03-15,2025-08-25,40.28,"DELAWARE MUNICIPAL JIM MOORE FIELD AIRPORT, OH US",1.0,WBAN:00315,METERS,-83.115
1929,342.3,2011-05-12,2025-08-23,40.367,"BELLEFONTAINE REGIONAL AIRPORT, OH US",1.0,WBAN:00324,METERS,-83.817
1930,365.2,2009-03-18,2025-08-25,41.217,"PORTAGE CO AIRPORT, OH US",1.0,WBAN:00380,METERS,-81.25
1931,256.9,2014-07-31,2025-08-25,39.07838,"CLERMONT CO AIRPORT, OH US",1.0,WBAN:00458,METERS,-84.21022
1932,179.8,2014-07-31,2025-08-25,41.51627,"CARL R KELLER FIELD AIRPORT, OH US",1.0,WBAN:00468,METERS,-82.86948
1933,275.0,2005-01-01,2025-08-27,40.078406,"COLUMBUS OHIO STATE UNIVERSITY AIRPORT, OH US",1.0,WBAN:04804,METERS,-83.078332
1934,267.9,2005-03-11,2025-08-25,41.56667,"CLEVELAND CUYAHOGA CO AIRPORT, OH US",0.94,WBAN:04805,METERS,-81.48333
1935,198.1,2020-08-03,2025-08-24,41.68333,"WILLOUGHBY, OH US",1.0,WBAN:04809,METERS,-81.4
1936,336.8,2005-01-01,2025-08-27,40.87324,"WOOSTER WAYNE CO AIRPORT, OH US",1.0,WBAN:04842,METERS,-81.88864
1937,189.0,2005-01-01,2025-08-27,41.56327,"TOLEDO EXECUTIVE AIRPORT, OH US",1.0,WBAN:04848,METERS,-83.47671
1938,241.0,2005-01-01,2025-08-27,41.34628,"ELYRIA LORAIN CO AIRPORT, OH US",1.0,WBAN:04849,METERS,-82.17885
1939,293.0,2005-01-01,2025-08-27,40.70806,"LIMA ALLEN CO AIRPORT, OH US",1.0,WBAN:04850,METERS,-84.0214
1940,215.0,2005-01-01,2025-08-27,41.3357,"DEFIANCE AIRPORT, OH US",1.0,WBAN:04851,METERS,-84.4285
1941,271.7,2005-01-01,2025-08-27,40.47031,"NEW PHILADELPHIA CLEVER FIELD, OH US",1.0,WBAN:04852,METERS,-81.42176
1942,177.5,2005-01-01,2025-08-27,41.52568,"CLEVELAND BURKE LAKEFRONT AIRPORT, OH US",1.0,WBAN:04853,METERS,-81.66908
1943,300.3,2005-01-01,2025-08-27,40.61576,"MARION MUNICIPAL AIRPORT, OH US",1.0,WBAN:04855,METERS,-83.06731
1944,278.3,2005-01-01,2025-08-27,41.7794,"ASHTABULA CO AIRPORT, OH US",1.0,WBAN:04857,METERS,-80.69683
1945,267.6,2005-01-01,2025-08-27,40.02635,"NEWARK HEATH AIRPORT, OH US",1.0,WBAN:04858,METERS,-82.46346
1946,226.8,1942-08-01,2025-08-25,39.81667,"COLUMBUS RICKENBACKER, OH US",1.0,WBAN:13812,METERS,-82.93333
1947,249.9,1936-05-01,2025-08-25,39.83333,"DAYTON WRIGHT PATTERSON AFB, OH US",1.0,WBAN:13840,METERS,-84.05
1948,324.9,1943-08-01,2025-08-27,39.43084,"WILMINGTON AIR PARK, OH US",0.67,WBAN:13841,METERS,-83.777
1949,318.1,1948-01-01,2025-08-27,41.03732,"AKRON FULTON INTERNATIONAL AIRPORT, OH US",0.43,WBAN:14813,METERS,-81.46341
1950,236.8,1948-01-01,2025-08-26,41.40568,"CLEVELAND HOPKINS INTERNATIONAL AIRPORT, OH US",1.0,WBAN:14820,METERS,-81.85191
1951,246.8,1945-04-01,2025-08-27,39.99068,"JOHN GLENN INTERNATIONAL AIRPORT, OH US",1.0,WBAN:14821,METERS,-82.87703
1952,246.5,1948-12-01,2025-08-27,41.01369,"FINDLAY AIRPORT, OH US",0.94,WBAN:14825,METERS,-83.66814
1953,355.6,1948-01-01,2025-08-27,41.25478,"YOUNGSTOWN WARREN REGIONAL AIRPORT, OH US",1.0,WBAN:14852,METERS,-80.67361
1954,392.8,1948-12-01,2025-08-27,40.8204,"MANSFIELD LAHM REGIONAL AIRPORT, OH US",1.0,WBAN:14891,METERS,-82.51769
1955,368.8,1948-07-01,2025-08-27,40.91811,"AKRON CANTON AIRPORT, OH US",1.0,WBAN:14895,METERS,-81.44342
1956,258.7,2005-01-01,2025-08-27,39.75725,"LANCASTER FAIRFIELD CO AIRPORT, OH US",1.0,WBAN:53844,METERS,-82.66333
1957,184.7,2005-01-01,2025-08-27,39.36119,"HAMILTON BUTLER CO REGIONAL AIRPORT, OH US",1.0,WBAN:53855,METERS,-84.52063
1958,290.4,2005-01-01,2025-08-27,39.5918,"DAYTON WRIGHT BROTHERS AIRPORT, OH US",1.0,WBAN:53859,METERS,-84.2263
1959,341.4,2006-11-09,2016-09-19,40.3667,"COSHOCTON 8 NNE, OH US",1.0,WBAN:54851,METERS,-81.7829
1960,335.9,2016-11-10,2025-08-28,40.7641,"WOOSTER 3 SSE, OH US",1.0,WBAN:54856,METERS,-81.9104
1961,275.8,2005-01-01,2025-08-25,39.9,"COLUMBUS BOLTON FIELD, OH US",1.0,WBAN:63825,METERS,-83.13333
1962,198.1,2006-10-24,2025-08-25,39.53111,"MIDDLETOWN HOOK FIELD MUNICIPAL AIRPORT, OH US",1.0,WBAN:63887,METERS,-84.39528
1963,320.3,2006-01-03,2025-08-25,39.84028,"SPRINGFIELD BECKLEY MUNICIPAL AIRPORT, OH US",1.0,WBAN:63888,METERS,-83.84
1964,144.8,1973-01-01,2025-08-27,39.106,"CINCINNATI MUNICIPAL AIRPORT LUNKEN FIELD, OH US",1.0,WBAN:93812,METERS,-84.41609
1965,302.6,1948-01-01,2025-08-27,39.90638,"DAYTON INTERNATIONAL AIRPORT, OH US",1.0,WBAN:93815,METERS,-84.21853
1966,268.6,1948-12-01,2025-08-27,39.94609,"ZANESVILLE MUNICIPAL AIRPORT, OH US",1.0,WBAN:93824,METERS,-81.89315
1967,205.5,1955-02-01,2025-08-27,41.58705,"TOLEDO EXPRESS AIRPORT, OH US",1.0,WBAN:94830,METERS,-83.80538
